name	group	k4me1	k4me2	k4me3	k9ac	k27ac	h4k16ac	ntac	k56ac	k64ac	k122ac	igg
atac_L28307	k4me1_enh	3.94	3.289	1.124	1.575	1.735	1.744	2.116	0	1.068	1.313	1.822
atac_L28471	k4me1_enh	4.183	2.552	0.363	1.832	1.884	1.371	1.696	3.671	3.003	0.782	0.969
atac_L28516	k4me1_enh	4.305	1.629	1.684	2.279	2.481	1.39	1.44	1.288	2.815	1.515	1.122
atac_L28517	k4me1_enh	4.812	1.386	0.814	2.429	2.321	1.714	2.246	0	2.772	2.065	1.667
atac_L28531	k4me1_enh	5.232	1.156	1.488	2.548	2.723	1.072	1.327	2.134	3.416	1.826	0.871
atac_L28592	k4me1_enh	4.173	1.186	0.678	2.177	1.824	1.623	3.226	2.176	3.435	1.707	0.78
atac_L28630	k4me1_enh	3.577	1.52	0.852	1.569	1.181	1.214	1.928	2.149	1.566	1.683	1.084
atac_L28643	k4me1_enh	3.547	1.541	1.276	1.812	1.571	1.44	1.625	0	1.69	2.135	1.364
atac_L28663	k4me1_enh	3.379	1.696	0.84	1.39	1.163	1.217	1.102	2.032	2.298	1.218	0.589
atac_L28677	k4me1_enh	3.664	0.611	1.203	2.115	2.229	1.222	0.721	3.049	3.002	0.392	0.56
atac_L28693	k4me1_enh	3.607	0	1.185	1.12	2.036	1.646	1.499	0	1.878	1.327	0.895
atac_L28757	k4me1_enh	4.135	1.187	1.186	2.124	1.935	1.549	1.628	0	2.564	1.866	1.103
atac_L28758	k4me1_enh	3.4	0.701	1.073	2.86	2.149	1.929	2.115	0	2.305	1.079	1.571
atac_L28763	k4me1_enh	3.542	1.146	1.049	1.462	1.772	1.598	1.578	2.589	1.043	1.483	1.241
atac_L28788	k4me1_enh	3.432	2.17	1.366	1.723	1.921	1.361	1.541	2.543	1.604	0.757	0.608
atac_L28839	k4me1_enh	4.423	1.439	1.097	2.202	1.52	1.753	1.927	0	1.923	2.014	1.018
atac_L28850	k4me1_enh	4.338	2.256	0.671	2.052	1.356	0.905	1.488	2.161	1.95	0.457	1.185
atac_L28891	k4me1_enh	3.823	1.722	1.191	1.708	1.601	1.7	2.102	2.525	2.894	2.022	1.49
atac_L28895	k4me1_enh	3.959	0	1.134	1.81	1.972	1.925	1.029	0	1.474	0	1.28
atac_L28936	k4me1_enh	4.748	1.812	0.971	1.728	1.96	0.691	2.03	3.272	2.597	1.515	0.771
atac_L28946	k4me1_enh	5.171	3.347	1.691	2.694	1.735	1.742	2.002	0	2.667	1.491	1.615
atac_L28979	k4me1_enh	3.379	1.159	0.786	1.39	1.718	1.326	2.097	0	2.9	1.298	1.254
atac_L28982	k4me1_enh	5.67	3.306	1.519	3.395	2.544	1.944	3.049	2.171	2.502	1.089	1.362
atac_L28984	k4me1_enh	4.995	1.167	0.91	2.564	2.45	2.187	2.668	2.149	2.639	2.229	1.177
atac_L28991	k4me1_enh	4.368	0	1.075	2.16	2.928	2.131	1.346	3.714	2.747	1.849	1.704
atac_L29028	k4me1_enh	3.852	3.764	0.859	1.11	1.258	1.456	1.487	0	1.214	1.693	0.647
atac_L29036	k4me1_enh	4.843	1.185	1.483	2.175	2.255	1.907	1.625	2.174	1.356	1.863	0.894
atac_L29056	k4me1_enh	3.939	1.097	1.266	1.136	1.493	1.286	1.736	2.514	1.375	0.743	1.724
atac_L29077	k4me1_enh	5.634	2.721	0.99	3.421	2.969	2.451	2.749	2.03	4.04	2.214	1.465
atac_L29078	k4me1_enh	3.85	1.174	1.471	2.405	1.688	1.608	1.193	2.158	1.463	1.849	0.646
atac_L29080	k4me1_enh	4.464	0	0.669	2.725	2.488	2.025	2.734	0	3.384	1.514	1.182
atac_L29081	k4me1_enh	3.427	0	1.234	1.746	1.779	1.17	1.746	3.737	3.281	1.867	0.364
atac_L29100	k4me1_enh	3.345	0	1.13	3.319	2.658	2.267	3.292	0	3.127	2.127	1.276
atac_L29102	k4me1_enh	4.766	1.088	1.296	1.931	1.922	1.908	1.724	2.037	2.36	1.874	1.009
atac_L29103	k4me1_enh	3.6	0	0.863	0.415	1.928	1.196	1.2	3.284	0.736	2	1.191
atac_L29154	k4me1_enh	3.589	1.14	0.941	1.613	2.336	1.362	2.627	2.581	2.323	0.44	0.962
atac_L29157	k4me1_enh	3.594	1.144	0.714	2.17	1.96	1.025	0.801	3.664	1.823	1.48	1.604
atac_L29170	k4me1_enh	3.961	0	0.925	1.507	1.677	1.804	1.03	0	0.531	1.326	1.364
atac_L29176	k4me1_enh	5.016	1.179	0.92	2.319	2.264	1.539	2.565	2.165	2.11	1.521	0.649
atac_L29188	k4me1_enh	5.868	2.039	1.211	3.599	2.851	2.068	2.666	2.619	3.941	1.682	1.631
atac_L29210	k4me1_enh	3.741	0.659	1.32	2.171	1.971	1.788	1.943	0	2.448	1.02	1.03
atac_L29211	k4me1_enh	3.776	1.13	1.458	2.045	2.381	1.295	2.14	2.097	1.296	0.435	0.849
atac_L29217	k4me1_enh	3.369	1.784	1.055	2.46	2.192	1.844	1.701	0	2.073	0	1.329
atac_L29218	k4me1_enh	4.122	2.136	1.339	2.669	2.551	1.765	2.609	3.912	3.058	1.004	1.184
atac_L29221	k4me1_enh	3.949	2.869	0.375	0	1.043	1.16	1.024	2.163	2.437	1.084	0.888
atac_L29307	k4me1_enh	4.416	1.799	1.254	2.912	2.543	1.859	1.923	2.144	2.822	1.071	0.639
atac_L29323	k4me1_enh	3.914	0.691	1.412	2.663	2.637	2.09	2.329	2.96	2.978	2.691	1.41
atac_L29351	k4me1_enh	4.326	1.149	0.838	2.126	1.633	1.316	3.245	2.948	2.612	0.783	1.067
atac_L29361	k4me1_enh	3.879	1.163	0.849	2.433	2.063	1.898	1.715	0	2.473	1.303	1.259
atac_L29365	k4me1_enh	4.432	1.137	0.99	2.259	2.391	1.563	2.227	2.575	2.947	2.068	1.312
atac_L29376	k4me1_enh	4.174	0.592	1.011	2.117	1.832	1.598	2.307	2.723	2.851	1.323	0.652
atac_L29388	k4me1_enh	3.737	1.802	1.165	2.3	2.177	1.669	2.269	0	2.092	0	0
atac_L29434	k4me1_enh	5.931	0	1.161	2.971	2.868	2.046	2.185	4.032	3.454	2.616	1.34
atac_L29436	k4me1_enh	4.135	0	1.036	1.815	2.224	1.574	0.607	2.177	2.045	1.329	1.003
atac_L29437	k4me1_enh	4.041	0	0.74	2.058	2.283	2.105	1.945	2.167	1.956	1.523	1.097
atac_L29441	k4me1_enh	3.873	0	1.279	1.593	2.374	1.102	2.221	0	1.966	0.813	0.781
atac_L29442	k4me1_enh	3.973	1.769	0.887	2.4	2.674	2.101	2.072	3.218	2.872	1.805	0.624
atac_L29452	k4me1_enh	3.536	0	0.604	1.113	1.12	1.564	1.024	0	2.551	0	0.774
atac_L29504	k4me1_enh	3.557	1.506	0.366	1.386	0.859	0.585	1.464	0	0.515	0	0.5
atac_L29537	k4me1_enh	3.637	1.807	1.215	2.527	2.439	1.907	2.419	2.152	3.284	0.799	1.76
atac_L29598	k4me1_enh	3.408	2.256	0.374	0.582	1.764	1.223	2.033	0	0.912	0	0.36
atac_L29605	k4me1_enh	4.322	0	0.73	0.863	1.704	1.473	0.819	2.148	1.205	1.074	0.765
atac_L29787	k4me1_enh	3.724	0	0	0.743	0.155	0.834	1.035	2.655	1.883	0	0.365
atac_L29845	k4me1_enh	4.292	2.016	1.282	1.833	1.73	1.554	2.641	2.124	2.508	0.783	0.63
atac_L29846	k4me1_enh	5.351	1.54	0.924	2.227	1.91	1.737	2.572	0	3.275	1.325	0.894
atac_L29849	k4me1_enh	3.712	1.151	0.654	1.549	0.898	0.431	0.999	1.424	1.319	0	0.185
atac_L29858	k4me1_enh	4.253	1.545	0.105	0	0.36	0.747	0.836	0	1.228	0	0.517
atac_L29874	k4me1_enh	3.506	0	0	0.406	0.819	0.811	1.008	0	1.199	0	0
atac_L30031	k4me1_enh	3.585	0	0	1.214	1.61	1.052	0.598	0	2.542	1.313	0.358
atac_P05307	k4me1_enh	5.567	2.456	1.863	3.232	2.723	2.86	3.196	4.011	3.885	1.308	2.162
atac_L30064	k4me1_enh	3.607	0	0.186	0	0.744	0.364	0	2.082	0	0	0.338
atac_P05328	k4me1_enh	3.711	0	0.697	1.257	1.739	1.224	1.757	0	1.984	0.955	0.44
atac_L30312	k4me1_enh	3.402	2.92	0.576	0.703	1.428	0.908	1.563	0	2.588	1.043	0.488
atac_L30326	k4me1_enh	4.272	2.231	1.06	2.628	2.234	1.659	0.589	2.962	3.165	1.672	1.745
atac_L30375	k4me1_enh	3.885	0.629	1.065	1.369	2.101	0.92	1.592	0	3.014	1.707	1.157
atac_L30376	k4me1_enh	4.038	2.402	0.841	1.629	2.012	1.291	2.396	2.955	2.514	0	0
atac_L34836	k4me1_enh	3.424	1.828	0.536	2.123	1.934	1.827	1.032	0	2.261	2.137	0
atac_L34900	k4me1_enh	3.379	1.159	1.01	1.709	1.694	1.613	1.177	0	2.349	1.673	1.413
atac_L34923	k4me1_enh	5.13	1.797	1.532	3.029	2.633	2.559	2.717	3.873	4.262	1.677	0.981
atac_L34938	k4me1_enh	3.614	1.789	1.56	1.555	2.091	1.808	2.328	0	1.839	1.295	1.251
atac_L34999	k4me1_enh	4.58	3.912	1.037	2.283	2.451	2.468	2.811	2.178	3.027	1.329	1.004
atac_L35010	k4me1_enh	3.402	2.251	1.58	1.863	1.735	1.606	1.484	0	2.429	0.801	1.639
atac_L35100	k4me1_enh	4.581	0	1.177	2.464	2.359	1.892	2.544	0	3.24	1.372	1.291
atac_L35117	k4me1_enh	3.654	0.625	0.654	2.361	1.991	1.074	1.959	0	2.318	1.96	0.982
atac_L35118	k4me1_enh	3.628	0	0.932	2.017	1.882	1.414	1.891	0	2.161	1.396	0.902
atac_L35159	k4me1_enh	3.744	0	0.348	1.151	1.402	0.961	1.13	0	1.276	0.755	0.335
atac_L35263	k4me1_enh	3.766	1.097	0.796	1.034	1.329	1.34	0.552	2.05	0.997	0.419	1.017
atac_L35314	k4me1_enh	4.119	0	1.486	2.623	2.402	2.277	2.648	0	3.383	2.21	1.481
atac_L35365	k4me1_enh	4.314	0	1.208	1.64	2.646	1.71	2.102	2.142	2.087	1.302	1.171
atac_L35440	k4me1_enh	4.914	1.826	0.925	2.508	1.822	1.846	2.441	1.462	2.715	2.005	1.95
atac_L35481	k4me1_enh	4.481	2.85	1.299	3.746	2.828	2.05	2.776	3.496	3.919	1.305	2.026
atac_L35501	k4me1_enh	3.541	0	0.921	0.415	2.107	0.987	2.63	2.169	1.872	0	1.191
atac_L35502	k4me1_enh	5.19	1.185	1.035	2.122	2.59	2.13	2.218	3.529	3.373	0.811	0.654
atac_L35565	k4me1_enh	3.512	0	0.849	2.598	1.946	1.619	1.823	0	1.452	1.977	1.628
atac_L35570	k4me1_enh	3.776	1.793	1.415	1.779	1.485	1.326	1.33	0	0.517	0.79	1.254
atac_L35628	k4me1_enh	5.006	3.671	0.989	1.978	1.895	1.587	2.356	0	2.557	0.732	1.004
atac_L35645	k4me1_enh	4.024	0	1.072	2.684	1.892	2.142	2.349	2.153	1.768	1.511	1.499
atac_L35676	k4me1_enh	4.825	1.096	0.795	1.558	2.344	2.054	1.518	3.145	2.196	0.743	1.017
atac_P06248	k4me1_enh	3.6	1.423	1.039	2.085	2.079	2.022	2.293	2.495	2.901	1.219	0.812
atac_L35695	k4me1_enh	4.365	1.153	1.286	0.975	1.096	0.886	1.001	3.476	2.279	2.418	0.868
atac_L35704	k4me1_enh	4.012	0	1.235	2.556	2.079	1.444	2.641	0	2.453	1.33	1.521
atac_L35706	k4me1_enh	3.706	0	1.55	0.847	1.631	1.877	1.802	3.466	1.433	2.309	1.065
atac_L35707	k4me1_enh	3.927	1.045	0.907	2.028	1.805	1.644	2.093	2.433	2.677	1.176	0.309
atac_L35712	k4me1_enh	3.43	1.833	0.985	1.674	1.239	1.269	1.749	2.181	1.361	0	0.518
atac_L35713	k4me1_enh	4.111	0	0.911	2.691	2.301	2.222	2.106	2.063	2.974	2.025	1.278
atac_L35715	k4me1_enh	3.454	0	0.963	1.397	1.406	1.523	2.019	2.973	1.761	1.505	1.42
atac_L35722	k4me1_enh	3.535	0	0.531	0.734	1.858	1.287	1.35	3.516	2.18	0.805	1.187
atac_L35723	k4me1_enh	3.924	1.732	0.916	1.578	2.478	1.811	2.032	3.17	2.696	0.426	0.606
atac_L35726	k4me1_enh	4.159	1.156	1.155	0.977	1.482	1.138	2.006	2.133	1.839	1.669	1.073
atac_L35727	k4me1_enh	3.867	1.184	1.085	1.506	1.931	1.199	1.03	0	1.786	1.325	1.281
atac_L35786	k4me1_enh	4.021	1.169	0.731	1.57	1.682	1.308	1.016	0	2.83	0.798	1.086
atac_L35824	k4me1_enh	4.775	0	1.025	2.213	1.876	1.68	1.347	0	2.839	0.456	1.353
atac_L35829	k4me1_enh	4.417	1.146	1.191	2.067	2.04	1.598	2.515	2.119	1.826	1.813	0.862
atac_L35842	k4me1_enh	4.513	2.579	1.256	2.437	2.433	2.408	1.602	2.147	2.953	1.306	0.879
atac_L35883	k4me1_enh	5.361	1.47	1.297	2.241	2.613	1.808	2.603	3.192	3.211	0.764	1.134
atac_L35896	k4me1_enh	4.7	0	1.4	1.462	1.794	1.55	2.577	2.589	1.826	1.483	0.967
atac_L35897	k4me1_enh	3.66	1.824	1.134	1.225	1.749	1.595	1.496	2.646	2.257	0.809	1.515
atac_L35900	k4me1_enh	3.743	1.169	0.527	0.99	1.036	0.544	1.342	0	2.302	1.31	0.507
atac_L35920	k4me1_enh	4.909	1.522	1.214	1.104	1.497	0.687	1.341	2.151	1.064	1.842	0.643
atac_L35940	k4me1_enh	4.158	0	1.301	1.399	1.538	1.485	2.235	1.357	2.252	0	1.184
atac_L35962	k4me1_enh	4.585	1.191	1.142	0.744	1.783	1.173	1.505	0	1.362	0.815	1.107
atac_L35982	k4me1_enh	4.158	1.003	1.124	2.557	1.838	1.645	2.353	0	2.764	1.313	1.752
atac_L36039	k4me1_enh	3.475	0	1.397	0.872	1.044	1.161	0.601	2.164	2.378	1.085	1.579
atac_L36062	k4me1_enh	4.335	0	1.22	1.495	1.94	1.19	2.281	0	2.599	1.315	1.767
atac_L36072	k4me1_enh	3.938	0.683	1.437	0.711	1.961	1.794	1.577	0	1.64	1.811	0.749
atac_L36094	k4me1_enh	3.797	1.736	0.693	1.426	1.901	1.439	1.858	2.893	2.092	2.037	1.288
atac_L36114	k4me1_enh	4.364	0	0.681	1.126	1.607	1.14	1.366	2.183	0.743	0	1.45
atac_L36115	k4me1_enh	4.123	2.252	0.865	1.576	1.389	1.211	0.732	2.446	0.957	2.065	1.553
atac_L36121	k4me1_enh	4.862	1.168	0.287	1.4	1.754	1.012	2.023	0	0.905	1.508	1.346
atac_L36124	k4me1_enh	5.074	0	1.467	2.681	2.746	2.306	2.066	2.024	3.286	0.991	1.248
atac_L36134	k4me1_enh	3.958	1.758	1.036	2.511	2.146	2.463	2.724	0	2.369	1.041	0.739
atac_L36163	k4me1_enh	3.406	0.652	0.798	1.324	1.69	1.814	2.015	2.054	2.585	0	1.485
atac_L36165	k4me1_enh	3.724	0	0.931	2.292	1.939	1.927	1.671	0	1.026	1.789	1.647
atac_P06349	k4me1_enh	3.759	1.093	1.137	1.031	1.851	1.012	2.554	0	1.576	0.74	0.327
atac_L36214	k4me1_enh	3.732	1.446	1.148	1.774	2.124	1.858	1.528	0	2.077	2.023	1.491
atac_L36219	k4me1_enh	3.583	1.525	0.968	1.925	2.671	2.388	1.833	2.627	3.114	1.845	1.762
atac_L36228	k4me1_enh	4.088	2.063	1.084	2.173	2.459	2.21	2.571	0	2.445	1.861	1.363
atac_L36234	k4me1_enh	3.323	1.165	0.963	0.575	0.22	1.691	2.106	0	1.935	1.305	0.64
atac_P06363	k4me1_enh	3.741	1.057	1.601	1.942	1.916	1.598	1.581	0	1.329	0.713	0.98
atac_P06364	k4me1_enh	3.794	0	1.278	1.169	1.961	2.003	1.056	1.295	1.841	1.356	1.345
atac_L36266	k4me1_enh	4.493	0	0.589	0.853	1.639	1.887	2.759	2.956	0.893	1.964	1.331
atac_P06370	k4me1_enh	3.678	0.653	1.529	1.41	1.714	1.52	2.248	0	2.38	1.754	1.73
atac_L36283	k4me1_enh	3.802	1.145	1.319	2.12	2.925	1.368	2.514	0	2.446	2.407	1.398
atac_L36287	k4me1_enh	4.07	0.99	1.705	2.903	2.287	2.033	3.011	2.686	3.413	1.97	1.528
atac_L36302	k4me1_enh	5.055	1.142	1.646	2.969	2.309	1.445	1.796	2.114	3.334	1.479	1.237
atac_L36305	k4me1_enh	5.346	0.986	0.943	2.394	2.722	2.083	2.77	2.339	2.537	1.964	1.68
atac_L36306	k4me1_enh	4.306	2.258	0.103	0.734	0.787	1.092	1.616	0	1.467	0.805	0.648
atac_L36308	k4me1_enh	4.195	0	1.016	3.108	2.302	1.909	2.188	3.84	2.891	1.441	2.052
atac_L36329	k4me1_enh	4.097	1.119	1.25	1.346	1.966	1.677	1.956	0	1.874	0.43	0.73
atac_L36330	k4me1_enh	4.621	1.116	1.115	2.079	2.848	2.192	2.197	2.077	2.748	1.62	0.336
atac_P06382	k4me1_enh	3.668	0	1.395	2.044	2.213	1.825	2.552	0	1.701	2.078	1.355
atac_L36335	k4me1_enh	4.539	0.652	1.006	1.948	1.799	1.37	1.266	2.054	1.765	1.235	0.599
atac_L36337	k4me1_enh	3.732	0	0.642	1.993	2.456	2.139	2.925	3.646	2.684	1.042	0.955
atac_P06384	k4me1_enh	3.96	1.398	1.19	2.055	1.961	1.943	2.508	2.002	1.876	0.977	0.894
atac_L36356	k4me1_enh	4.756	1.209	1.224	2.486	2.329	2.048	2.588	1.77	2.922	1.491	1.249
atac_L36362	k4me1_enh	3.634	1.805	1.425	1.791	1.348	1.365	1.605	0	1.064	2.111	0.642
atac_L36364	k4me1_enh	3.459	1.131	1.036	1.445	1.454	1.557	1.3	0	1.415	0	0.619
atac_L36368	k4me1_enh	4.891	1.494	1.097	2.01	2.148	1.71	1.315	2.588	2.063	1.284	0.749
atac_P06399	k4me1_enh	3.784	1.056	0.917	1.941	1.84	1.394	1.349	1.316	1.328	0.97	0.887
atac_L36418	k4me1_enh	4.83	0.651	1.684	2.745	2.645	2.042	2.444	0	2.676	2.13	1.484
atac_L36433	k4me1_enh	4.261	0.702	1.172	1.107	2.255	1.341	2.555	2.629	2.922	0.455	1.428
atac_L36462	k4me1_enh	4.495	0	1.372	2.135	2.359	1.486	1.59	0	2.622	2.69	0.87
atac_L36470	k4me1_enh	5.014	0	1.313	3.055	2.657	1.938	2.685	3.517	3.616	1.854	0.361
atac_L36471	k4me1_enh	4.961	0	1.596	3.177	2.355	1.967	2.575	4.346	3.548	1.864	1.002
atac_L36477	k4me1_enh	4.695	0	1.408	2.471	2.209	1.83	2.05	1.467	3.214	1.33	1.368
atac_L36509	k4me1_enh	4.706	0.697	0.85	2.712	2.489	1.522	1.717	2.972	2.161	0.795	1.693
atac_L36513	k4me1_enh	4.209	2.297	0.941	2.585	2.221	1.847	2.844	0	3.204	1.73	1.327
atac_L36527	k4me1_enh	3.761	2.391	0.906	2.167	2.177	1.775	1.936	2.431	2.496	1.362	0.441
atac_L36533	k4me1_enh	4.189	0	1.172	2.404	2.384	1.312	2.734	2.157	3.004	0	0.645
atac_L36544	k4me1_enh	5.12	1.191	1.451	3.362	2.811	2.627	3.15	2.182	3.809	2.013	1.846
atac_L36551	k4me1_enh	4.906	0	1.006	2.33	2.568	1.484	2.251	0	2.934	0.787	1.55
atac_L36553	k4me1_enh	4.216	0	1.5	1.898	1.868	2.084	2.024	0	2.008	1.435	0.72
atac_L36559	k4me1_enh	4.559	0.693	0.902	0.856	2.84	1.77	1.594	0	2.153	0.79	1.486
atac_L36570	k4me1_enh	3.366	1.191	1.191	1.676	0.649	1.475	0.609	0	0.925	1.098	1.007
atac_L36586	k4me1_enh	5.082	0.648	1.34	2.799	2.948	2.128	2.435	2.044	3.774	1.42	1.338
atac_L36590	k4me1_enh	3.907	0	1.171	2.379	2.447	2.146	2.286	2.092	3.531	1.927	1.221
atac_L36591	k4me1_enh	4.016	0	1.256	1.718	2.141	1.445	1.926	2.974	2.016	0.796	1.694
atac_L36603	k4me1_enh	3.463	0	1.578	1.986	1.527	2.075	2.026	0	2.645	1.078	0.768
atac_L36604	k4me1_enh	5.117	0.714	1.527	2.75	2.328	1.953	1.957	3.919	3.249	1.869	1.66
atac_L36614	k4me1_enh	3.774	0	0.885	2.345	2.048	1.059	1.604	2.481	2.809	1.72	1.581
atac_L36615	k4me1_enh	3.998	0	1.03	2.624	2.143	1.591	2.289	2.167	3.334	1.321	1.437
atac_L36617	k4me1_enh	4.011	0	0.745	1.671	2.078	1.443	2.446	0	2.67	1.094	0.781
atac_L36623	k4me1_enh	5.811	2.724	0.91	2.642	2.727	1.98	2.483	0	2.479	0.797	1.422
atac_L36627	k4me1_enh	4.068	1.125	0.818	2.333	2.387	1.572	1.429	0	1.407	2.559	0.734
atac_L36632	k4me1_enh	5.685	1.168	0.666	3.227	2.298	1.962	2.417	2.978	3.52	1.684	0.88
atac_P06487	k4me1_enh	4.619	1.034	1.344	1.68	2.433	1.268	0.893	0	2.103	2.14	0.867
atac_L36641	k4me1_enh	5.021	1.935	1.219	1.989	2.498	2.062	2.606	2.041	3.02	1.588	1.716
atac_L36650	k4me1_enh	4.26	1.809	0.969	1.795	1.977	1.25	2.198	0	2.428	0	1.088
atac_L36656	k4me1_enh	3.65	0	1.129	0.997	2.102	1.459	1.733	0	1.777	0	0.648
atac_L36679	k4me1_enh	3.502	2.23	1.631	1.968	2.074	2.251	1.915	0	2.004	2.323	1.411
atac_L36698	k4me1_enh	5.037	0	0.92	1.66	2.392	1.958	1.618	2.165	3.453	2.127	1.436
atac_L36731	k4me1_enh	4.3	1.08	1.166	0.665	1.911	1.295	2.286	0	2.646	1.726	1.171
atac_L36738	k4me1_enh	4.339	1.138	1.311	2.901	2.829	2.029	3.022	2.93	3.673	2.186	1.056
atac_L36739	k4me1_enh	5.289	1.732	1.507	2.89	2.617	2.857	2.844	3.17	4.206	2.357	1.499
atac_L36768	k4me1_enh	3.344	1.818	0.861	2.166	2.065	1.347	1.49	2.164	1.217	1.697	0.995
atac_P06507	k4me1_enh	3.491	0	0.172	2.038	1.628	0.873	1.575	0	2.602	0	0.975
atac_L36810	k4me1_enh	4.695	1.143	1.317	2.063	2.017	1.729	2.31	3.459	1.182	2.077	1.152
atac_P06538	k4me1_enh	3.503	2.604	1.043	1.224	2.12	1.661	1.824	0	3.305	2.324	1.182
atac_L36852	k4me1_enh	4.122	0	1.314	1.661	2.161	1.319	1.492	0	2.035	1.856	0.361
atac_L36858	k4me1_enh	3.954	0.981	0.297	0.823	1.696	0.674	1.923	1.882	0.889	0.365	0.728
atac_L36859	k4me1_enh	3.756	0.646	0.735	0.532	1.926	0.797	2.003	1.356	0.992	0	1.183
atac_L36896	k4me1_enh	4.571	2.579	0.908	2.095	1.969	1.758	2.83	2.147	1.667	1.306	0.641
atac_L36906	k4me1_enh	3.637	1.523	1.466	2.043	1.891	1.308	2.671	1.445	2.482	0.799	1.179
atac_L36920	k4me1_enh	3.601	1.148	1.281	2.124	1.473	1.936	0.997	0	1.543	1.815	2.051
atac_L36955	k4me1_enh	4.887	1.725	1.236	1.839	1.869	1.823	1.938	1.373	3.181	0.424	0.474
atac_P05368	k4me1_enh	3.352	1.675	1.349	1.289	1.533	1.633	1.484	2.009	2.384	0.406	1.511
atac_L30750	k4me1_enh	4.035	0	1.367	1.615	1.692	1.476	1.381	2.032	1.466	0	1.176
atac_L30771	k4me1_enh	3.437	0.62	1.256	1.503	1.249	0.524	0.525	1.985	2.13	0.965	0.568
atac_L30870	k4me1_enh	4.441	0	1.187	1.777	2.247	1.704	1.474	2.457	3.135	1.55	0.687
atac_L30924	k4me1_enh	3.412	0	0.739	0.584	1.591	0.947	1.735	0	2.605	0	0.512
atac_P05386	k4me1_enh	4.099	0	0.854	2.587	1.237	1.771	2.864	0	3.763	0.955	1.05
atac_L30947	k4me1_enh	4.13	0	0.796	1.943	1.568	1.34	0.95	0	2.48	1.748	0.597
atac_L30971	k4me1_enh	3.52	1.48	0.987	1.069	1.588	1.534	1.151	2.101	2.185	1.27	1.227
atac_P05397	k4me1_enh	3.924	1.088	1.087	1.473	2.228	1.504	2.229	1.352	1.75	1.584	1.535
atac_L30999	k4me1_enh	4.392	1.131	0.824	1.873	1.903	1.432	2.06	0	1.807	0.77	1.306
atac_L31000	k4me1_enh	3.6	1.822	1.479	2.223	1.511	1.592	1.946	0	1.583	0.808	1.278
atac_L31003	k4me1_enh	3.828	1.759	1.222	1.604	2.003	1.878	1.438	0	3.318	1.042	1.052
atac_L31011	k4me1_enh	3.861	0	0.761	1.736	1.915	1.202	0.787	0	2.239	1.262	0.615
atac_L31017	k4me1_enh	3.342	1.177	1.027	1.317	1.506	1.815	2.123	0	2.313	1.083	1.355
atac_L31193	k4me1_enh	4.699	0	1.547	2.576	2.402	2.215	2.992	3.716	3.559	2.121	1.826
atac_L31195	k4me1_enh	4.356	0	1.035	2.816	2.804	2.114	2.443	0	3.435	2.256	1.444
atac_L31270	k4me1_enh	3.632	2.625	0.685	1.329	2.173	1.658	1.843	2.06	1.141	0	1.351
atac_L31273	k4me1_enh	5.127	1.931	1.174	2.321	2.303	2.059	2.229	0	3.33	2.414	1.535
atac_L31274	k4me1_enh	5.226	0.643	1.085	2.318	2.648	1.833	1.618	2.847	3.327	1.22	1.33
atac_P05458	k4me1_enh	4.022	1.633	0.319	1.913	1.419	1.463	1.054	1.293	3.45	0.391	1.343
atac_P05463	k4me1_enh	3.384	2.845	0.674	2.038	1.581	1.872	2.155	0	1.569	1.999	0.915
atac_L31323	k4me1_enh	4.639	1.81	0.856	1.863	2.529	2.226	2.352	3.27	2.025	1.514	0.99
atac_L31363	k4me1_enh	4.405	2.234	0.521	3.159	2.303	1.619	1.848	1.97	3.278	1.36	1.349
atac_L31368	k4me1_enh	4.956	2.01	1.006	2.627	2.52	1.404	1.961	3.425	3.348	1.628	1.308
atac_L31378	k4me1_enh	3.895	1.145	0.835	0.968	1.413	1.666	0.581	0	1.184	1.284	1.24
atac_L31397	k4me1_enh	4.261	1.526	1.307	2.572	2.203	2.226	1.935	0	2.542	0.801	0.358
atac_L31435	k4me1_enh	4.082	2.058	1.081	2.661	2.028	1.615	2.127	0	2.553	1.321	1.359
atac_L31470	k4me1_enh	4.056	0	0.984	2.597	2.001	1.651	1.631	0	2.394	1.711	1.005
atac_L31471	k4me1_enh	3.427	0	0.667	1.917	2.086	0.896	1.608	2.023	2.106	0	1
atac_L31480	k4me1_enh	3.862	1.153	1.328	1.838	2.541	1.979	2.909	3.476	3.086	1.491	1.071
atac_P05490	k4me1_enh	5.251	2.551	1.506	3.577	3.063	2.298	3.423	2.798	4.229	2.534	1.725
atac_L31486	k4me1_enh	4.908	1.142	0.832	2.909	2.399	1.812	2.157	2.584	3.393	1.479	1.318
atac_L31487	k4me1_enh	5.224	2.4	1.484	2.955	2.946	2.15	3.001	2.128	3.288	1.665	1.248
atac_L31488	k4me1_enh	4.944	1.15	1.719	2.578	2.64	2.147	2.458	2.125	3.117	0	1.675
atac_L31505	k4me1_enh	3.926	0	0.986	1.514	1.94	1.676	2.142	2.182	1.594	2.013	1.726
atac_L31524	k4me1_enh	3.612	0	1.324	2.01	2.209	1.892	2.579	2.179	1.695	0.813	1.784
atac_L31525	k4me1_enh	3.468	0	1.265	2.796	2.625	2.349	1.485	0	1.947	1.99	1.824
atac_L31546	k4me1_enh	3.954	3.084	0.745	1.837	1.806	1.056	1.937	2.062	1.591	1.24	0.93
atac_L31585	k4me1_enh	4.956	1.48	1.424	2.894	3.113	2.373	2.365	2.922	3.757	2.288	1.714
atac_L31618	k4me1_enh	4.245	0	0.988	2.105	2.131	1.366	1.999	2.414	3.207	1.349	0.556
atac_L31629	k4me1_enh	4.502	0	1.048	2.493	2.253	1.952	2.908	3.377	3.253	2.124	1.34
atac_L31664	k4me1_enh	5.13	0.591	1.092	2.568	2.546	1.96	2.676	1.261	2.659	1.999	0.65
atac_L31665	k4me1_enh	3.62	1.159	1.111	2.592	2.364	1.75	2.098	0	2.771	1.498	0.637
atac_L31683	k4me1_enh	4.999	0.652	1.006	2.339	2.563	1.795	2.446	2.519	3.585	2.132	1.02
atac_L31684	k4me1_enh	4.999	2.086	1.143	2.047	2.09	1.578	1.871	0	2.519	1.19	1.067
atac_L31709	k4me1_enh	3.393	0	0.999	2.635	2.587	1.785	1.828	0	1.915	2.509	1.409
atac_L31716	k4me1_enh	4.273	0	0.862	2.113	2.361	1.638	1.843	2.639	2.439	0	1.436
atac_L31724	k4me1_enh	4.052	1.829	1.036	2.067	2.077	1.327	2.299	3.008	1.88	0	2.105
atac_L31728	k4me1_enh	3.782	1.08	1.208	2.351	1.966	1.47	3.012	2.026	2.505	1.726	1.323
atac_L31736	k4me1_enh	3.609	1.43	1.177	1.989	1.963	1.946	1.916	0	2.249	1.225	1.099
atac_L31739	k4me1_enh	3.662	1.744	0.757	2.327	1.717	2.184	2.277	0	2.568	1.78	1.13
atac_L31757	k4me1_enh	5.567	2.251	1.544	3.259	2.486	2.042	3.282	1.448	3.823	2.236	1.933
atac_L31761	k4me1_enh	5.132	1.744	0.757	3.15	3.012	2.214	2.81	4.463	4.107	2.162	1.04
atac_L31769	k4me1_enh	4.026	1.809	1.022	2.209	1.805	1.829	2.198	0	2.835	1.513	1.571
atac_L31777	k4me1_enh	4.163	2.231	0.659	1.778	1.764	1.489	1.916	3.866	3.019	1.497	1.335
atac_L31799	k4me1_enh	4.863	2.12	1.035	2.223	2.039	1.916	2.07	2.489	3.005	0.412	1.325
atac_P05539	k4me1_enh	4.011	2.229	1.362	2.322	2.344	2.081	2.736	1.825	2.732	2.095	0.787
atac_L31870	k4me1_enh	3.503	0	1.248	1.093	1.512	1.852	1.709	3.484	1.555	2.097	1.804
atac_L31876	k4me1_enh	4.022	1.494	1.19	1.374	2.019	1.191	1.692	3.225	0.509	0	1.239
atac_L31878	k4me1_enh	4.912	2.585	1.467	1.86	2.285	1.651	2.275	0	1.066	0.799	0.988
atac_L31910	k4me1_enh	3.917	1.185	1.087	2.006	1.776	1.413	1.743	0	1.225	1.706	0.779
atac_L31914	k4me1_enh	4.342	1.51	1.292	1.39	1.567	1.791	2.655	3.689	2.77	1.97	0.636
atac_L31921	k4me1_enh	3.468	0	0.798	0.412	0.784	1.088	1.836	0	2.175	0	0.771
atac_L31942	k4me1_enh	4.061	1.774	0.944	2.448	2.279	1.159	2.237	0	1.823	0.779	1.604
atac_L31947	k4me1_enh	3.679	0.584	0.955	2.379	2.236	1.914	1.016	2.702	3.203	1.472	0.535
atac_L31949	k4me1_enh	4.437	1.791	0.956	1.296	2.017	1.381	2.532	1.431	1.196	0	0.758
atac_L31955	k4me1_enh	3.379	1.159	1.01	0.405	0.818	0.487	1.177	2.137	1.446	0.79	0.873
atac_L31960	k4me1_enh	4.293	1.524	1.261	2.101	1.892	1.742	2.349	0	2.238	0.454	0.988
atac_L31981	k4me1_enh	4.392	1.149	1.195	2.759	2.222	1.649	2.245	2.948	2.927	1.958	0.63
atac_L31988	k4me1_enh	4.283	0	0.292	1.003	0.537	0.501	1.358	3.528	2.324	0	0.363
atac_L32008	k4me1_enh	3.613	1.189	0.87	1.331	0.843	1.33	1.363	2.18	2.331	2.141	1.522
atac_L32062	k4me1_enh	3.487	0	0.925	1.881	2.52	1.826	2.371	2.175	2.448	1.864	1.283
atac_L32077	k4me1_enh	4.22	1.549	0.93	3.265	2.332	2.446	2.762	2.183	4.36	2.263	1.007
atac_L32078	k4me1_enh	4.655	1.355	1.111	3.019	2.212	1.842	1.992	0	2.268	0.387	1.192
atac_L32082	k4me1_enh	3.344	0	1.177	2.318	2.084	1.752	2.036	0	2.109	0.458	1.275
atac_L32084	k4me1_enh	4.544	1.102	1.232	2.343	2.25	2.095	2.25	2.873	2.811	1.432	0.472
atac_L32091	k4me1_enh	3.668	2.025	1.155	1.091	1.482	0.888	2.254	0	2.078	2.69	0.634
atac_L32099	k4me1_enh	3.757	1.147	1	0.4	1.126	1.225	1.901	1.42	1.044	1.286	0.629
atac_L32124	k4me1_enh	4.058	0	1.072	2.411	1.439	1.915	2.412	2.082	2.351	1.029	2.309
atac_L32127	k4me1_enh	4.312	0	1.334	1.921	2.369	1.592	1.868	2.086	2.102	2.048	1.64
atac_L32130	k4me1_enh	3.396	2.314	0.678	1.134	1.613	1.645	1.83	0	1.758	1.592	1.605
atac_L32148	k4me1_enh	4.44	2.196	0.834	2.294	2.06	1.171	2.376	1.935	3.179	0.933	1.447
atac_L32149	k4me1_enh	4.442	0	0.862	1.32	2.007	1.838	2.126	2.995	1.954	0.806	1.51
atac_L32157	k4me1_enh	3.365	1.834	1.326	1.426	2.043	1.579	1.633	0	2.396	0.815	1.2
atac_L32180	k4me1_enh	4.651	1.179	1.08	1.66	2.159	1.796	2.626	0	2.25	1.32	0.649
atac_L32227	k4me1_enh	5.026	0	0.98	2.164	2.175	1.68	1.977	2.015	2.99	0.725	1.315
atac_L32231	k4me1_enh	4.651	1.819	1.08	1.5	1.791	1.539	1.025	0	2.182	1.32	1.276
atac_L32232	k4me1_enh	3.69	0	0.853	2.042	1.778	1.626	2.611	1.444	2.481	0	0.881
atac_L32234	k4me1_enh	4.642	0	0.68	1.332	2.527	1.603	1.035	3.012	2.863	1.332	1.106
atac_L32245	k4me1_enh	3.389	1.09	1.374	2.236	2.471	1.458	2.232	0	1.912	1.001	1.406
atac_L32261	k4me1_enh	4.301	1.098	1.622	2.053	2.212	1.585	2.562	0	3.43	2.237	1.19
atac_L32263	k4me1_enh	3.857	0	1.149	1.625	1.447	1.555	2.39	2.125	2.454	0.784	0.753
atac_L32264	k4me1_enh	4.564	1.734	1.364	2.801	1.539	1.852	2.116	3.791	3.093	0.756	1.362
atac_L32301	k4me1_enh	5.439	1.772	1.275	2.878	2.414	2.07	2.63	2.584	3.608	2.302	1.536
atac_L32303	k4me1_enh	3.517	1.166	1.5	2.202	2.16	2.154	1.927	2.148	1.937	1.839	1.422
atac_L32305	k4me1_enh	4.414	1.708	1.137	2.371	1.929	1.933	2.305	2.508	2.368	1.881	1.409
atac_P05666	k4me1_enh	4.746	1.703	0.897	2.731	2.363	2.093	2.231	4.05	3.468	1.417	0.917
atac_L32310	k4me1_enh	3.599	2.058	0.291	2.772	1.861	2.07	1.845	2.997	2.253	1.321	0.65
atac_L32316	k4me1_enh	3.879	1.484	1.04	2.107	2.203	1.72	2.37	0	3.095	0	1.311
atac_L32379	k4me1_enh	5.132	1.174	1.025	1.799	2.171	1.747	1.613	0	1.773	1.315	1.091
atac_L32381	k4me1_enh	4.375	2.232	1.204	2.29	2.589	1.791	2.258	3.247	2.9	1.829	0.978
atac_L32382	k4me1_enh	4.732	2.375	1.344	2.791	2.482	1.779	2.619	3.473	3.516	1.35	1.271
atac_L32383	k4me1_enh	4.294	2.458	0.681	2.13	2.652	2.155	1.859	0	3.473	1.536	0.9
atac_L32388	k4me1_enh	3.496	1.086	0.731	1.685	2.504	1.737	2.226	1.35	2.865	1.582	1.256
atac_L32402	k4me1_enh	4.056	0	1.381	2.298	2.356	1.496	2.188	3.698	2.583	1.304	0.983
atac_L32405	k4me1_enh	4.652	0	1.275	2.787	2.958	2.066	3.093	1.371	3.358	0.749	0.175
atac_L32415	k4me1_enh	4.834	1.519	0.664	1.644	2.6	1.524	2.777	0	1.936	0.796	1.564
atac_L32422	k4me1_enh	4.116	0	0.972	2.537	2.062	1.658	1.731	0	2.885	1.317	1.093
atac_L32436	k4me1_enh	4.173	0	1.406	2.552	2.563	1.827	2.372	2.176	3.025	2.467	2.004
atac_L32454	k4me1_enh	4.535	0.672	1.173	0.953	1.837	1.349	1.778	2.563	1.715	0	0.951
atac_L32511	k4me1_enh	4.65	1.103	1.426	2.963	2.478	1.657	2.45	2.059	3.207	1.014	1.489
atac_L32512	k4me1_enh	4.41	1.124	1.077	2.538	1.675	2.11	1.552	3.428	3.303	1.63	0.614
atac_L32598	k4me1_enh	4.354	2.392	1.236	1.463	2.041	1.712	2.315	0	1.044	1.954	1.065
atac_L32610	k4me1_enh	3.38	2.411	0.725	1.095	1.026	0.488	0.814	0	1.447	0	0.637
atac_L32617	k4me1_enh	3.832	1.515	0.789	2.558	2.473	2.56	2.264	0	3.511	2.104	0.639
atac_L32622	k4me1_enh	5.231	1.08	1.123	3.202	2.626	1.825	3.403	2.026	3.688	1.863	2.089
atac_L26169	k4me1_enh	3.804	1.175	0.799	1.867	1.504	0.981	2.282	0	1.214	0.803	1.092
atac_L26170	k4me1_enh	3.648	1.389	1.63	1.646	1.366	1.597	1.218	0	2.468	0.4	1.147
atac_L26244	k4me1_enh	3.791	2.204	1.138	1.535	2.319	1.089	1.791	0	3.297	1.277	1.148
atac_L26284	k4me1_enh	3.465	0	0.936	0.837	1.845	1.118	1.565	0	2.12	1.798	1.656
atac_L26316	k4me1_enh	4.057	0	0.611	1.674	1.55	2.17	2.141	2.181	2.568	1.332	1.786
atac_L26325	k4me1_enh	4.012	0	1.089	1.884	1.979	1.576	1.63	0	2.264	0	1.005
atac_L26342	k4me1_enh	3.843	0.645	0.948	2.142	1.905	2.093	1.622	0	3.054	0	1.537
atac_L26376	k4me1_enh	3.827	2.031	1.112	1.972	1.37	1.894	2.012	1.434	2.524	1.831	1.256
atac_L26403	k4me1_enh	3.639	2.209	1.299	2.384	2.277	1.514	1.431	0	3.59	1.34	0.764
atac_L26407	k4me1_enh	4.145	1.807	1.021	1.924	1.848	1.395	1.832	1.446	2.592	0.799	0.768
atac_L26557	k4me1_enh	4.43	1.04	0.751	1.488	2.062	0.993	1.448	2.771	0.798	0	0.963
atac_L26558	k4me1_enh	4.425	2.123	0.178	1.746	1.755	1.45	0.938	0	2.821	0.413	1.175
atac_L26652	k4me1_enh	5.121	0	1.213	3.233	2.916	1.428	2.483	2.033	4.57	2.217	1.4
atac_L26700	k4me1_enh	3.543	1.538	0.978	2.061	2.012	1.904	2.367	2.171	2.039	1.86	0.999
atac_L26709	k4me1_enh	5.721	2.995	0.74	2.585	3.051	1.882	2.212	2.642	3.904	2.248	2.277
atac_L26710	k4me1_enh	4.221	0	0.667	2.983	2.454	1.627	1.481	2.981	2.238	1.077	1.982
atac_L26723	k4me1_enh	4.63	1.707	1.377	2.24	2.265	1.983	2.086	0	3.393	0	1.926
atac_L26739	k4me1_enh	4.711	1.138	0.829	2.52	2.188	1.564	2.228	2.93	3.549	1.942	1.313
atac_L26839	k4me1_enh	3.676	1.476	1.302	2.098	1.96	2.052	1.878	3.2	3.186	1.791	1.977
atac_L26840	k4me1_enh	3.348	1.14	1.092	1.18	2.122	1.637	1.571	1.411	2.195	1.944	0.345
atac_L26849	k4me1_enh	4.471	1.794	1.335	2.029	1.961	1.854	1.331	3.249	2.677	0.791	2.203
atac_L26893	k4me1_enh	4.759	2.677	1.182	2.351	2.391	1.7	2.149	2.929	2.69	1.275	1.146
atac_P04876	k4me1_enh	4.106	2.872	0.909	1.492	1.448	1.499	1.935	0	2.269	0	1.49
atac_L26925	k4me1_enh	3.93	0	1.068	2.319	1.798	1.629	2.53	0	2.509	0	1.035
atac_L26948	k4me1_enh	4.204	2.444	0.922	1.504	1.95	1.593	1.622	2.643	2.61	1.525	0.777
atac_L26965	k4me1_enh	4.449	1.824	1.36	1.117	1.048	0.742	1.028	0	1.687	0.809	1.192
atac_L26980	k4me1_enh	4.409	0	1.355	2.54	2.103	1.637	2.432	2.994	1.953	0.805	0.774
atac_L26989	k4me1_enh	4.424	2.884	1.036	0.741	1.628	1.763	1.628	2.651	2.328	1.329	1.103
atac_L26992	k4me1_enh	3.516	1.166	1.017	1.485	1.465	0.935	1.926	2.974	2.092	1.306	1.494
atac_L26999	k4me1_enh	4.873	0	0.537	2.181	1.894	1.83	0	0	1.695	0.813	0.656
atac_L27000	k4me1_enh	4.628	0	1.481	1.768	2.172	1.881	1.806	2.125	2.337	0.445	1.675
atac_L27004	k4me1_enh	4.064	1.468	1.335	2.088	1.951	1.682	1.291	2.087	2.297	1.259	1.372
atac_L27006	k4me1_enh	5.184	1.161	0.788	1.712	1.942	1.041	1.008	2.612	1.448	1.5	0.761
atac_L27028	k4me1_enh	3.375	0	1.248	0.387	0.602	1.068	0.564	0	1.607	0	0.839
atac_L27052	k4me1_enh	4.167	1.866	1.041	1.417	0.768	1.424	1.848	0	1.768	1.675	0.562
atac_L27074	k4me1_enh	5.258	0	0.95	2.579	2.577	1.695	2.523	2.126	3.008	1.059	0.971
atac_L27117	k4me1_enh	4.647	1.478	1.726	3.399	2.819	2.243	2.493	2.098	4.224	1.932	1.454
atac_L27128	k4me1_enh	3.779	2.76	1.19	1.887	1.684	1.527	2.582	0	2.126	1.333	1.2
atac_L27168	k4me1_enh	4.289	1.831	1.367	2.333	2.099	1.99	2.965	3.296	2.947	1.868	1.286
atac_L27176	k4me1_enh	4.798	0	0.908	2.561	2.584	2.229	2.915	3.06	3.11	2.054	1.544
atac_L27179	k4me1_enh	4.624	0.707	0.673	2.057	2.607	1.818	2.501	0	2.756	1.522	1.437
atac_L27190	k4me1_enh	3.347	1.82	1.438	2.114	0.923	1.461	1.198	2.166	0.288	1.321	0.89
atac_L27231	k4me1_enh	3.522	0	1.611	1.31	0.827	1.741	1.831	0	2.021	0.799	1.498
atac_L27234	k4me1_enh	5.125	2.129	1.699	2.759	2.302	2.026	2.545	2.036	3.357	2.221	1.403
atac_L27260	k4me1_enh	4.164	0.678	1.537	1.999	2.762	2.129	1.888	0	1.814	0.774	1.658
atac_L27261	k4me1_enh	3.36	0	0.999	0.969	1.499	0.801	1.901	0	1.185	0	0.863
atac_L27286	k4me1_enh	4.077	2.525	0.641	1.742	1.533	1.237	1.674	1.4	1.413	2.176	1.049
atac_L27287	k4me1_enh	3.574	2.242	1.068	1.918	1.602	1.498	1.476	0	2.686	2.784	0.356
atac_L27308	k4me1_enh	3.907	0	1.179	1.937	2.282	0.784	2.127	0	2.035	1.086	0.775
atac_P04940	k4me1_enh	3.929	2.009	1.411	1.642	1.545	1.611	1.709	3.599	1.041	0.922	1.492
atac_L27404	k4me1_enh	4.215	2.852	0.665	1.399	1.843	1.446	2.344	0	2.533	1.507	1.344
atac_L27428	k4me1_enh	5.391	1.522	1.168	2.397	2.393	1.649	2.834	0	2.739	2.709	1.424
atac_P04957	k4me1_enh	3.357	2.118	0.875	0.632	1.51	0.991	1.438	2.156	2.467	0.992	1.211
atac_L27454	k4me1_enh	5.212	0	1.342	1.855	2.086	1.622	1.926	0	2.585	0.796	0
atac_L27460	k4me1_enh	4.637	0	1.218	2.084	1.843	1.704	2.192	0	2.633	0.934	1.182
atac_L27475	k4me1_enh	4.544	0	1.085	1.667	1.267	1.166	1.203	0	1.355	0	0.894
atac_L27479	k4me1_enh	4.291	1.822	1.132	2.243	2.002	1.577	2.111	2.721	3.017	1.322	0.651
atac_L27481	k4me1_enh	4.203	1.159	1.293	2.14	2.114	1.438	1.917	2.138	2.902	1.067	0.76
atac_L27508	k4me1_enh	4.211	1.543	0.678	2.281	2.434	1.869	2.047	0	2.45	2.007	1.366
atac_P04968	k4me1_enh	3.798	1.833	1.55	2.373	2.384	1.926	2.124	0	2.253	1.496	0.657
atac_L27511	k4me1_enh	4.178	1.832	1.235	2.127	2.08	2.01	1.957	0	2.512	1.331	0.898
atac_L27512	k4me1_enh	5.96	0	1.467	2.624	2.242	1.353	2.518	0	2.86	2.027	0.831
atac_L27516	k4me1_enh	4.095	1.188	1.525	1.51	1.681	1.85	2.138	2.652	1.479	0.463	1.004
atac_L27535	k4me1_enh	4.401	1.085	1.254	2.624	2.692	2.039	3.212	2.846	3.113	0.997	1.094
atac_P04972	k4me1_enh	3.974	1.407	0.776	2.338	1.861	1.573	1.234	0	1.886	1.395	1.635
atac_L27624	k4me1_enh	5.322	0.638	1.285	2.348	2.373	2.045	1.984	2.485	3.498	1.572	1.523
atac_L27647	k4me1_enh	4.351	2.491	1.238	2.308	2.258	1.845	2.109	0	2.498	0.752	1.201
atac_L27695	k4me1_enh	4.812	0	0.803	1.939	2.61	2.124	1.2	2.169	2.037	1.524	1.098
atac_L27700	k4me1_enh	4.455	0	0.516	1.191	2.008	1.133	1.321	2.125	1.546	1.289	0.631
atac_L27701	k4me1_enh	4.417	1.128	0.821	1.598	1.857	1.143	1.557	0	2.364	0	1.45
atac_L27715	k4me1_enh	4.323	1.092	0.95	1.316	1.68	1.6	2.813	2.044	2.71	1.227	1.409
atac_L27724	k4me1_enh	4.428	1.784	1.104	2.076	2.14	1.719	1.171	0	2.76	1.291	1.548
atac_L27725	k4me1_enh	3.432	1.459	1.287	2.025	2.053	1.606	1.951	2.076	3.025	1.252	1.504
atac_L27749	k4me1_enh	3.822	2.271	1.406	2.51	2.152	2.024	2.576	2.176	2.507	1.093	1.366
atac_L27751	k4me1_enh	4.316	1.47	1.376	3.026	2.563	2.503	1.964	0	3.675	2.642	1.643
atac_L27756	k4me1_enh	4.668	0	1.235	2.515	2.392	1.698	2.813	2.18	2.99	0.814	1.522
atac_L27758	k4me1_enh	5.653	1.735	0.425	2.833	2.521	1.582	2.587	2.892	3.287	1.445	1.855
atac_L27759	k4me1_enh	5.404	2.041	0.965	3.037	2.908	1.693	2.483	4.041	3.674	1.982	1.496
atac_L27760	k4me1_enh	4.566	1.115	0.866	3.09	3.066	2.306	2.849	2.542	4.026	1.025	1.435
atac_L27761	k4me1_enh	4.756	1.364	1.274	3.214	3.091	2.013	2.405	3.042	3.496	1.801	1.044
atac_L27768	k4me1_enh	3.935	0	1.071	1.158	1.802	1.654	1.862	0	2.025	1.776	1.127
atac_L27803	k4me1_enh	4.118	2.882	0.915	1.246	1.429	1.301	1.535	2.069	0	1.612	0.476
atac_P05037	k4me1_enh	3.872	1.694	0.891	2.225	2.058	2.158	1.905	0	1.975	0.994	0.81
atac_L27814	k4me1_enh	3.467	0.703	1.124	2.048	2.444	1.607	2.117	2.157	2.881	0.456	1.765
atac_L27818	k4me1_enh	4.666	0	1.089	1.948	1.893	1.298	2.578	3.009	2.392	2.009	0.897
atac_L27819	k4me1_enh	3.67	1.156	1.156	2.626	2.329	1.966	2.866	2.134	2.463	1.826	0.758
atac_P05038	k4me1_enh	3.905	3.183	1.404	3.015	2.442	1.844	2.179	3.688	3.328	1.828	0.788
atac_L27835	k4me1_enh	3.963	2.03	0.592	0.722	1.458	1.004	2.011	0	2.467	1.83	1.686
atac_P05041	k4me1_enh	4.484	0	1.421	2.162	1.91	1.926	2.413	0	2.537	1.808	1.049
atac_L27852	k4me1_enh	3.754	0	0.946	1.543	1.817	0.841	1.694	0	1.642	0.781	0.628
atac_L27901	k4me1_enh	3.992	1.104	0.802	1.143	1.048	1.022	1.122	0	1.267	1.433	0.175
atac_L27931	k4me1_enh	3.788	1.137	0.645	1.366	2.119	1.331	1.306	2.107	2.123	0.774	0.855
atac_L27966	k4me1_enh	4.765	1.505	1.287	2.897	2.212	1.632	2.004	2.131	3.524	2.093	0.756
atac_L27968	k4me1_enh	3.554	2.461	1.088	1.474	1.923	1.357	1.725	0	2.945	1.585	1.333
atac_L27988	k4me1_enh	4.351	1.108	0.561	1.842	2.195	1.882	2.328	0	3.118	2.144	1.201
atac_L28010	k4me1_enh	5.401	2.166	0.864	2.442	2.412	1.248	1.855	2.539	2.089	0	1.033
atac_L28025	k4me1_enh	4.83	0	0.894	1.813	1.958	1.718	2.362	2.035	2.182	1.221	0.914
atac_L28028	k4me1_enh	5.019	1.122	1.121	2.034	2.115	1.168	1.96	0	2.667	0.763	0.482
atac_L28030	k4me1_enh	4.801	2.235	1.493	1.096	1.922	1.592	2.183	0	2.085	0.792	0.875
atac_L28046	k4me1_enh	4.045	1.183	0.865	2.627	2.269	1.801	2.632	0	2.938	1.86	1.279
atac_L28067	k4me1_enh	5.642	1.373	1.245	2.374	2.634	1.862	2.99	0	2.117	1.811	0.441
atac_L28243	k4me1_enh	4.902	1.846	0.842	3.283	2.971	2.239	3.59	3.462	4.069	0.942	1.632
atac_L28264	k4me1_enh	3.527	3.091	1.43	1.214	1.529	1.341	1.345	1.448	1.771	2.794	1.089
atac_L32856	k4me1_enh	3.443	1.255	1.134	1.225	1.33	1.237	1.094	0	1.843	0.864	1.233
atac_L32860	k4me1_enh	3.518	0	1.228	1.829	1.495	1.342	2.444	2.053	2.32	1.427	0.47
atac_L33022	k4me1_enh	4.157	0	0.29	0.996	0.639	0.738	0	0	0	1.083	0.36
atac_L33050	k4me1_enh	4.667	0	0.773	2.641	2.688	1.927	1.894	0	2.832	0	0.747
atac_L33137	k4me1_enh	4.391	1.362	1.309	2.875	2.803	1.916	2.619	3.273	3.605	2.238	0.668
atac_L33160	k4me1_enh	3.625	0	1.252	0.983	1.77	0.813	2.185	0	0.722	0.793	0.762
atac_L33172	k4me1_enh	3.55	0	1.666	2.51	2.24	1.869	1.953	2.176	2.12	1.53	1.103
atac_L33201	k4me1_enh	3.449	1.514	1.208	1.563	1.461	1.387	1.921	2.614	1.56	0	1.079
atac_P05831	k4me1_enh	4.128	2.935	0.723	0	1.185	0.346	0.54	0	1.733	0.727	0.458
atac_L33213	k4me1_enh	4.572	0	1.369	2.367	2.755	1.839	2.593	0	3.065	1.45	0.729
atac_L33230	k4me1_enh	3.705	2.42	1.413	2.517	2.235	1.625	1.877	3.088	3.107	0.976	1.504
atac_L33242	k4me1_enh	4.338	0.57	0.891	2.308	2.343	2.33	2.526	1.877	2.564	1.952	1.206
atac_L33249	k4me1_enh	3.876	2.492	0.748	1.245	1.189	1.3	2.396	2.067	2.499	1.611	1.029
atac_L33263	k4me1_enh	4.821	1.81	0.6	3.156	3.067	2.059	2.49	4.443	4.359	1.69	1.269
atac_L33265	k4me1_enh	3.922	1.022	0.933	2.959	2.611	1.883	2.65	2.741	3.627	1.905	0.857
atac_L33276	k4me1_enh	4.87	1.794	0.521	1.477	1.92	1.614	1.818	0	1.928	0.791	0.979
atac_L33280	k4me1_enh	3.591	1.08	0.668	1.677	1.948	1.184	2.068	2.026	3.037	1.574	1.171
atac_L33281	k4me1_enh	3.545	2.998	0.201	1.666	1.952	1.713	2.633	2.172	2.04	0	1.441
atac_L33296	k4me1_enh	4.937	1.826	1.231	2.375	2.447	1.846	2.959	3.004	2.666	0	0.894
atac_L33302	k4me1_enh	4.589	0	0.74	2.053	2.01	1.492	2.013	2.052	2.068	1.888	1.019
atac_L33328	k4me1_enh	4.062	1.121	0.698	0.695	1.202	0.86	2.348	0	0.866	0	0
atac_L33344	k4me1_enh	4.296	1.012	0.924	2.866	2.627	2.124	2.481	3.91	3.77	2.004	1.175
atac_P05874	k4me1_enh	4.231	1.059	1.058	1.89	1.862	1.373	2.113	0	2.858	1.548	1.149
atac_L33351	k4me1_enh	4.387	0	1.753	2.466	2.692	2.269	2.289	2.916	3.836	1.463	1.303
atac_L33377	k4me1_enh	5.127	2.219	1.239	3.197	2.365	1.8	2.456	1.422	4.011	1.487	1.067
atac_L33378	k4me1_enh	4.946	1.151	1.483	3.149	2.258	2.212	2.393	3.473	3.492	1.06	0.867
atac_L33384	k4me1_enh	3.716	1.404	1.584	1.662	2.259	2.092	1.971	0	2.216	1.391	1.077
atac_L33407	k4me1_enh	4.95	1.462	1.117	2.132	2.073	1.717	0.781	0	3.099	1.027	0.941
atac_L33444	k4me1_enh	3.491	1.188	1.089	1.671	2.19	1.443	2.513	0	1.79	1.532	1.197
atac_L33451	k4me1_enh	5.317	0	0.835	2.753	2.976	2.204	2.746	3.227	2.704	1.657	1.322
atac_L33477	k4me1_enh	3.879	1.515	1.297	2.296	1.49	1.754	2.773	2.143	3.241	0.451	0.876
atac_L33478	k4me1_enh	4.148	1.525	1.022	2.571	2.22	1.91	2.422	0	2.305	1.689	1.427
atac_P05909	k4me1_enh	4.323	1.641	1.456	2.835	3.023	2.302	2.634	3.666	3.411	1.811	1.132
atac_L33500	k4me1_enh	3.986	2.049	0.97	2.311	2.019	1.122	2.491	2.157	2.792	0	1.269
atac_L33504	k4me1_enh	3.789	1.166	1.257	1.399	2.263	1.446	2.191	0	2.164	1.839	1.815
atac_L33510	k4me1_enh	5.178	0	0.456	2.66	2.696	2.357	2.743	2.165	3.163	2.88	0.774
atac_L33512	k4me1_enh	4.258	0	1.504	2.399	2.235	1.395	2.552	0	3.076	2.114	1.266
atac_P05911	k4me1_enh	3.659	0	1.219	2.367	2.137	2.03	2.492	0	2.57	1.588	1.6
atac_L33515	k4me1_enh	3.344	0	1.08	2.112	2.814	2.691	3.087	2.994	3.536	1.697	0.889
atac_L33544	k4me1_enh	3.822	1.186	1.446	2.671	2.403	1.694	2.754	3.007	2.718	1.53	0.654
atac_L33545	k4me1_enh	4.76	2.058	1.726	3.115	3.276	2.315	3.176	3.904	4.639	1.087	1.19
atac_L33558	k4me1_enh	4.002	1.183	1.402	0.876	1.908	1.822	2.748	0	2.384	1.526	0.999
atac_L33581	k4me1_enh	3.58	0.7	0.911	0.729	1.252	1.049	1.342	0	1.208	1.31	0.19
atac_L33605	k4me1_enh	5.091	1.119	1.55	2.96	2.489	1.781	1.955	2.081	2.165	0.429	1.368
atac_L33606	k4me1_enh	5.157	2.228	1.246	2.135	2.231	2.218	2.254	3.48	2.671	0	2.062
atac_L33626	k4me1_enh	3.686	1.956	1.276	1.711	2.285	1.985	2.255	0	1.385	0	1.557
atac_P05938	k4me1_enh	3.828	1.922	1.691	2.223	1.62	1.808	1.245	2.489	3.374	0.412	1.647
atac_L33638	k4me1_enh	3.971	0	1.637	0	1.056	1.105	1.505	0	1.594	1.713	1.107
atac_L33649	k4me1_enh	4.666	1.156	1.156	1.843	2.092	0.927	1.465	2.134	2.463	0	1.166
atac_L33704	k4me1_enh	5.563	1.756	1.261	2.795	2.438	1.531	2.217	2.097	3.283	1.637	1.522
atac_L33735	k4me1_enh	3.805	0	1.077	2.052	2.209	1.896	2.283	2.161	2.246	2.452	1.355
atac_L33739	k4me1_enh	4.687	3.482	0.676	2.004	2.288	1.691	1.625	3.003	2.446	1.527	1.364
atac_L33740	k4me1_enh	4.532	0	1.376	2.429	1.941	1.989	1.711	0	2.411	0	1.414
atac_L33746	k4me1_enh	5.308	1.769	1.314	2.356	2.574	2.181	1.985	0	2.741	1.65	1.15
atac_L33750	k4me1_enh	4.283	0.682	1.096	2.75	2.43	1.949	1.162	0	2.604	1.654	1.538
atac_P05977	k4me1_enh	4.024	0	1.521	1.72	2.594	1.418	1.899	1.272	2.502	0.685	1.107
atac_L33771	k4me1_enh	4.871	0.658	1.153	0.936	1.427	1.327	1.752	2.884	2.692	2.617	0.934
atac_L33782	k4me1_enh	4.003	0	1.134	1.505	2.27	2.289	2.215	0	2.445	1.526	1.363
atac_L33822	k4me1_enh	4.326	2.454	1.14	1.595	1.682	1.205	1.856	0	2.394	2.011	0.898
atac_L33879	k4me1_enh	4.318	1.541	0.98	2.005	2.742	2.212	2.441	1.462	2.715	2.005	1.194
atac_P05996	k4me1_enh	3.629	0.928	0.928	1.536	1.764	1.698	1.767	1.803	2.707	1.522	1.082
atac_L33894	k4me1_enh	4.563	1.129	1.217	1.93	1.75	1.429	1.672	2.095	2.53	1.636	1.379
atac_L33896	k4me1_enh	4.322	1.11	1.28	2.121	2.827	1.707	1.276	2.068	3.367	1.904	1.95
atac_L33910	k4me1_enh	3.473	0	0.58	0.963	1.463	1.022	1.309	0	1.037	0	0.345
atac_L33912	k4me1_enh	3.356	1.827	1.185	1.004	2.095	1.597	1.204	0	1.878	2.562	0.895
atac_L33935	k4me1_enh	3.427	0	0.869	1.329	1.166	0.993	2.138	0	2.046	1.709	1.004
atac_L33949	k4me1_enh	4.284	0	1.121	2.326	1.959	2.017	2.466	3.046	3.157	1.804	0.871
atac_L33950	k4me1_enh	3.8	0	0.797	1.928	2.133	1.767	2.788	2.986	2.923	1.848	0.645
atac_L33962	k4me1_enh	4.108	3.25	1.051	1.956	2.062	2.009	1.167	0	2.334	1.815	0.969
atac_L33985	k4me1_enh	3.96	1.825	0.805	1.506	2.185	1.354	1.203	0	1.961	0.461	1.653
atac_L33995	k4me1_enh	3.992	1.784	1.151	2.327	1.094	1.696	1.701	0	1.744	0	0.972
atac_L34051	k4me1_enh	3.953	2.262	1.029	0.414	1.194	0.784	1.492	0	1.47	0	0.361
atac_L34056	k4me1_enh	4.332	0	0.669	2.687	1.937	2.005	2.199	2.156	1.945	0.801	0.645
atac_L34067	k4me1_enh	3.665	0	1.278	2.007	1.399	1.647	0.606	3.007	1.692	1.328	1.102
atac_L34068	k4me1_enh	4.433	2.253	1.024	1.215	1.415	1.454	1.612	0	2.175	1.314	1.183
atac_L34083	k4me1_enh	3.862	1.126	0.638	1.668	1.629	1.502	1.294	0	1.712	0.433	0.735
atac_L34089	k4me1_enh	3.99	2.66	1.489	2.335	2.734	1.346	2.134	0	3.213	1.787	1.22
atac_L34090	k4me1_enh	3.761	1.688	0.748	3.065	2.337	1.909	2.608	1.154	3.453	1.961	1.263
atac_L34091	k4me1_enh	4.353	0	1.216	3.11	2.937	2.282	3.006	2.093	3.748	1.634	1.647
atac_L34100	k4me1_enh	4.197	1.915	1.358	1.381	2.015	1.705	1.897	0	2.499	1.57	1.39
atac_L34106	k4me1_enh	3.832	1.163	1.419	2.247	2.025	1.776	2.264	0	2.73	0	1.866
atac_L34110	k4me1_enh	4.158	1.506	0.954	1.841	1.872	1.406	0.81	2.957	1.838	0.788	0.5
atac_L34112	k4me1_enh	5.424	2.48	1.188	3.583	2.894	2.454	3.087	0	3.908	0	1.272
atac_L34116	k4me1_enh	3.651	0	0.861	0.998	1.227	1.161	1.197	2.164	0	0	0.774
atac_P06062	k4me1_enh	3.352	0	1.023	1.524	2.055	1.654	2.571	0	2.155	2.193	0.799
atac_L34122	k4me1_enh	4.101	2.009	0.834	2.911	2.43	1.892	2.159	4.001	4.112	0	1.239
atac_L34127	k4me1_enh	3.926	2.036	1.38	1.564	2.138	1.331	2.34	1.438	2.822	1.071	0.877
atac_L34176	k4me1_enh	5.305	3.084	0.793	3.038	2.422	2.172	2.11	2.15	3.882	1.075	1.633
atac_L34185	k4me1_enh	4.155	1.053	0.865	2.639	2.439	1.634	2.651	3.306	3.352	0.967	1.22
atac_L34196	k4me1_enh	3.821	0.637	0.985	2.577	2.034	1.37	2.639	2.022	2.811	0.729	1.321
atac_L34213	k4me1_enh	3.322	0	0.873	1.351	2.083	1.788	1.552	1.393	2.67	0.764	1.133
atac_L34214	k4me1_enh	3.862	0	1.489	1.354	1.875	1.62	2.546	1.396	2.764	1.036	1.3
atac_L34277	k4me1_enh	4.77	2.271	0.926	2.593	2.5	2.056	2.298	1.864	3.529	1.827	0.81
atac_L34300	k4me1_enh	3.614	1.336	0.877	2.162	2.516	1.559	3.013	3.908	3.876	0.679	1.44
atac_L34391	k4me1_enh	4.063	1.021	0.788	2.133	2.285	1.762	1.903	1.275	2.085	1.15	0.761
atac_L34404	k4me1_enh	3.869	1.525	0.527	1.987	1.935	1.67	2.537	2.288	2.485	1.415	0.611
atac_L34432	k4me1_enh	3.705	1.702	1.175	2.14	2.275	1.55	1.999	2.038	2.83	1.415	1.259
atac_L34477	k4me1_enh	4.337	1.673	0.772	1.66	1.775	1.14	1.793	2.467	3.376	0.721	0.896
atac_L16086	k4me1_enh	3.735	3.45	1.64	2.6	2.157	2.117	2.664	2.145	2.161	2.334	1.342
atac_L16090	k4me1_enh	3.632	1.166	1.537	0.863	1.437	1.363	1.719	0	2.478	1.306	0.641
atac_L16103	k4me1_enh	3.551	0.643	0.788	1.393	1.317	0.903	0.757	0	1.83	0.736	0.325
atac_L16106	k4me1_enh	3.433	0	0.609	1.215	1.549	1.882	1.5	1.345	1.655	1.577	1.396
atac_L16131	k4me1_enh	3.858	1.819	1.13	1.413	1.509	1.093	1.618	0	2.552	0.806	1.095
atac_L16132	k4me1_enh	3.719	1.47	0.76	2.288	1.934	1.828	2.05	0	2.106	0.765	1.374
atac_L16184	k4me1_enh	3.621	1.794	0.958	2.03	2.41	1.542	1.711	2.139	2.628	1.3	1.169
atac_L16191	k4me1_enh	3.867	0	1.426	2.088	2.212	1.807	2.084	3.199	2.212	0.37	1.153
atac_L16207	k4me1_enh	3.705	1.777	0.836	2.122	1.964	1.551	2.452	0	2.449	0.443	1.065
atac_L16214	k4me1_enh	3.341	2.256	1.511	2.109	1.418	1.43	2.121	0	1.679	1.852	0.511
atac_L16246	k4me1_enh	3.44	0	1.292	1.66	1.355	0.61	0.972	0	0.269	0.761	0
atac_P03123	k4me1_enh	3.404	2.145	0.797	1.323	1.007	0.949	1.521	0	1.484	2.238	0.824
atac_L16282	k4me1_enh	3.513	1.671	0.33	0.781	1.143	0.391	1.359	0	0.467	0.978	0
atac_L16288	k4me1_enh	3.844	0	0.451	1.403	1.036	1.05	1.932	0	1.672	0.799	0.357
atac_L16290	k4me1_enh	4.122	0	0.976	2.367	2.161	1.54	2.501	3.281	2.251	1.998	1.276
atac_L16307	k4me1_enh	3.352	0	1.471	0.398	2.034	1.249	0.991	2.113	1.536	1.05	1.06
atac_L16327	k4me1_enh	4.953	1.959	1.195	2.307	2.094	2.119	2.518	0	3.013	2.768	1.495
atac_L16339	k4me1_enh	4.217	0	1.05	2.012	1.727	1.341	2.241	0	2.839	1.055	1.156
atac_L16353	k4me1_enh	3.338	0	0.717	0.836	1.597	0.889	0.688	0	0.762	0.913	1.005
atac_L16357	k4me1_enh	4.449	0	0.876	2.626	2.796	1.911	2.33	0	3.292	1.556	0.987
atac_L16398	k4me1_enh	3.969	0	0.939	1.074	2.047	1.54	0.577	0	1.422	1.802	1.659
atac_L16401	k4me1_enh	3.655	0	0.2	1.321	1.229	1.541	1.845	0	2.318	1.523	0.65
atac_L16497	k4me1_enh	3.65	0	0.918	2.275	2.152	1.102	1.581	0	2.779	0.714	0.79
atac_L16509	k4me1_enh	4.466	1.139	1.313	2.354	1.693	1.745	0.317	0	3.525	1.944	1.234
atac_L16527	k4me1_enh	3.709	0	1.194	2.576	2.534	1.399	2.318	2.593	3.115	0.783	0.752
atac_L16530	k4me1_enh	4.125	0.692	1.06	2.336	1.897	2.221	2.765	0	2.857	1.969	0.872
atac_L16563	k4me1_enh	5.148	0	0.923	2.778	2.436	2.088	2.903	0	3.712	1.452	0.73
atac_L16580	k4me1_enh	4.813	1.786	0.898	1.552	2.34	1.846	1.81	2.13	2.716	1.293	1.407
atac_P03185	k4me1_enh	3.343	0	1.268	1.323	1.301	1.261	0.766	0	0.485	1.01	0.715
atac_P03188	k4me1_enh	4.26	1.075	0.982	1.458	1.216	1.416	1.371	0	0.472	0.987	0.698
atac_L16607	k4me1_enh	5.495	1.191	0.93	1.676	1.876	1.174	0.609	0	1.699	1.333	1.595
atac_L16616	k4me1_enh	4.663	1.39	0.817	0.512	1.542	1.009	1.684	0	1.531	0	1.616
atac_L16620	k4me1_enh	4.756	1.164	0.523	1.205	2.208	1.571	2.478	0	2.474	1.503	1.811
atac_L16646	k4me1_enh	3.552	0.665	0.814	1.793	2.528	1.655	1.286	0	2.026	2.159	0.84
atac_L16651	k4me1_enh	3.783	0	1.435	1.539	1.421	1.54	0.542	1.343	1.653	1.406	1.172
atac_L16661	k4me1_enh	3.605	0	1.403	1.226	1.333	1.199	1.95	0	1.223	1.704	0.193
atac_L16727	k4me1_enh	4.624	2.262	0.802	1.937	2.553	2.034	2.434	3.519	3.091	1.086	1.943
atac_L16753	k4me1_enh	3.33	1.169	1.02	1.104	1.317	1.338	1.188	2.152	1.208	0.799	0.19
atac_L16766	k4me1_enh	3.64	0.62	1.256	2.388	1.488	1.692	1.344	0	2.191	0.709	0.786
atac_P03225	k4me1_enh	3.676	1.717	1.187	0.928	1.522	1.756	2.173	0	1.926	1.235	1.55
atac_L16787	k4me1_enh	5.074	1.11	0.965	2.07	1.79	1.599	1.753	0	0.856	1.02	1.119
atac_L16788	k4me1_enh	4.58	1.108	0.688	1.333	1.911	1.27	1.94	0	1.495	0	0.603
atac_L16855	k4me1_enh	4.994	2.475	0.904	1.632	2.469	1.752	1.926	2.051	2.429	2.129	0.924
atac_L16863	k4me1_enh	3.348	1.18	0.674	0	0.965	0.445	0	0	1.351	0	0.361
atac_L16874	k4me1_enh	3.418	2.445	0.804	2.627	2.473	2.091	2.131	3.729	2.938	0.809	1.279
atac_L16875	k4me1_enh	5.155	0	1.474	2.835	2.603	1.316	2.429	2.991	2.549	2.242	1.507
atac_L16885	k4me1_enh	3.342	1.177	1.027	1.498	1.119	1.091	0.6	0	0.527	0	0.994
atac_L16903	k4me1_enh	3.86	0.688	0.896	2.372	2.067	1.318	2.524	0	3.72	1.06	1.161
atac_L16904	k4me1_enh	4.402	1.657	1.471	2.937	2.492	2.102	3.124	4.631	3.506	1.828	0.313
atac_L16932	k4me1_enh	3.712	0.709	0.978	1.001	1.747	1.618	1.028	0	0.53	0	0.777
atac_L16936	k4me1_enh	3.485	1.184	1.23	1.325	1.543	1.62	1.03	2.173	2.56	0	0.894
atac_L16940	k4me1_enh	4.856	1.733	0.917	2.126	2.169	1.219	1.652	0	1.695	0.755	0.937
atac_L16943	k4me1_enh	3.906	0	0.532	1.583	1.564	1.539	1.943	2.165	1.869	0.806	1.358
atac_L16950	k4me1_enh	4.007	1.185	1.277	3.007	2.616	2.095	2.371	0	3.654	2.136	1.365
atac_L16952	k4me1_enh	3.706	1.533	1.224	2.455	2.452	2.032	2.741	2.638	2.845	1.697	0.889
atac_L16953	k4me1_enh	4.543	0	1.552	2.456	2.688	1.88	3.456	2.948	3.829	0	1.402
atac_L16962	k4me1_enh	3.765	1.943	1.002	1.997	1.238	0.912	2.01	0	2.065	1.595	0.596
atac_P03282	k4me1_enh	4.002	1.353	1.068	2.184	2.516	1.472	1.826	2.402	1.182	1.155	1.262
atac_P03283	k4me1_enh	5.187	1.851	0.796	2.355	2.513	1.644	2.211	2.41	2.326	1.512	0.955
atac_L16971	k4me1_enh	5.799	1.188	0.537	2.556	2.36	1.83	2.514	2.179	2.769	1.71	1.105
atac_L16973	k4me1_enh	5.838	1.806	0.966	2.981	2.481	1.762	1.341	0	2.096	1.984	1.98
atac_L16974	k4me1_enh	5.382	2.589	0.797	2.688	2.687	1.745	2.734	2.157	3.414	0.801	1.269
atac_L16976	k4me1_enh	5.42	2.408	0.957	2.933	2.521	1.79	1.916	2.136	3.13	0	1.335
atac_L16993	k4me1_enh	3.512	2.239	1.066	1.715	1.904	2.1	2.017	0	0.901	1.071	1.692
atac_L17003	k4me1_enh	4.714	0	1.386	2.606	2.163	2.037	1.722	2.979	2.641	1.842	0.881
atac_L17004	k4me1_enh	4.015	0	1.508	1.798	2.176	1.899	1.92	1.958	3.29	1.163	1.795
atac_L17013	k4me1_enh	4.353	1.146	1.278	2.492	2.344	2.157	2.451	2.589	2.607	1.813	1.607
atac_L17020	k4me1_enh	4.03	2.591	1.125	0.221	1.116	0.863	1.02	2.158	2.371	1.314	0.885
atac_L17045	k4me1_enh	3.362	2.071	1.14	2.127	1.631	1.417	2.052	1.468	2.454	1.869	1.105
atac_L17057	k4me1_enh	3.821	1.156	0.723	1.296	1.366	1.408	1.465	2.134	0.895	0.789	0.871
atac_L17063	k4me1_enh	5.249	2.636	1.442	2.393	2.416	1.564	2.664	1.955	3.232	0.946	1.336
atac_L17079	k4me1_enh	4.322	1.187	0.536	2.71	2.115	1.785	1.954	0	2.193	0.812	1.103
atac_L17106	k4me1_enh	3.416	0	1.316	2.116	2.126	1.664	2.503	0	2.977	1.858	1.36
atac_P03334	k4me1_enh	3.898	1.097	1.141	1.559	2.226	1.259	0.552	0	2.531	1.748	0
atac_L17179	k4me1_enh	3.886	1.401	1.729	1.785	2.523	1.731	2.817	2.815	2.532	0.721	1.157
atac_L17198	k4me1_enh	5.009	0	0.972	2.93	2.324	2.081	2.12	2.989	3.736	1.992	0.647
atac_L17217	k4me1_enh	4.831	1.178	1.313	0.998	1.694	1.318	2.125	4.059	2.495	1.319	1.275
atac_L17220	k4me1_enh	3.334	0	1.022	1.725	1.734	1.505	1.609	2.155	1.674	1.846	1.088
atac_L17227	k4me1_enh	3.616	1.94	1.138	0.675	1.173	0.637	2.374	1.359	1.918	1.229	1.664
atac_L17251	k4me1_enh	3.872	1.132	1.132	2.298	1.863	1.818	2.364	2.568	3.016	2.179	1.455
atac_L17282	k4me1_enh	4.647	3.175	0.726	1.973	2.204	1.492	1.596	0	2.679	1.3	0.761
atac_L17301	k4me1_enh	4.312	0.708	1.359	3.393	2.649	1.688	2.129	2.642	4.007	1.858	1.438
atac_L17317	k4me1_enh	5.078	1.407	0.776	1.962	2.376	1.885	1.599	2.014	2.677	0	1.08
atac_L17319	k4me1_enh	5.109	0	1.35	2.262	2.019	1.655	2.117	2.157	3.257	2.795	1.182
atac_L17321	k4me1_enh	4.055	0	0.928	1.747	2.02	1.471	1.956	0	1.228	1.095	0.782
atac_L17322	k4me1_enh	3.932	1.141	0.888	2.265	2.052	1.592	2.073	2.113	2.129	1.279	0.625
atac_L17390	k4me1_enh	3.609	1.667	1.188	1.516	2.062	1.351	2.118	0	2.863	0	1.622
atac_L17401	k4me1_enh	3.4	0	0.969	2.571	2.254	1.605	1.726	0	2.962	2.116	1.181
atac_L17430	k4me1_enh	3.841	1.399	0.658	2.484	1.731	1.475	1.479	0	2.75	1.555	0.796
atac_L17442	k4me1_enh	3.946	2.256	0.917	0.996	2.403	1.814	1.349	2.161	1.865	1.083	1.272
atac_L17463	k4me1_enh	4.884	1.154	0.954	2.505	2.089	1.981	2.174	2.602	2.001	0.787	0.869
atac_L17529	k4me1_enh	3.717	1.826	0.677	2.121	2.221	1.167	1.851	0	2.259	2.005	0.653
atac_P03395	k4me1_enh	3.49	2.077	0.961	0.509	1.559	1.066	1.463	1.985	2.001	1.372	1.291
atac_L17705	k4me1_enh	3.673	3.122	0.93	0.745	1.735	2.172	2.143	0	3.033	0.816	0.658
atac_P03404	k4me1_enh	3.618	0.63	1.418	2.008	1.601	1.454	1.481	2.007	3.176	1.199	1.235
atac_L17824	k4me1_enh	4.188	1.09	1.643	3.242	2.642	2.093	2.76	2.503	4.84	1.417	1.099
atac_L00091	k4me1_enh	4.272	2.231	1.452	2.336	1.484	1.382	0.589	2.136	1.842	1.066	0.977
atac_L00111	k4me1_enh	3.902	3.2	1.128	1.218	1.562	2.011	2.034	0	2.031	1.317	0.888
atac_L00140	k4me1_enh	4.352	1.621	1.151	2.565	2.153	1.716	1.644	2.405	2.031	0.691	0.663
atac_L00172	k4me1_enh	3.406	0	1.225	0.838	1.373	1.358	1.305	2.106	2.19	1.645	1.388
atac_L00178	k4me1_enh	3.35	2.207	0.437	1.537	0.617	1.023	0.579	0	0.882	0	0.625
atac_L00182	k4me1_enh	3.82	0	1.052	1.882	2.236	2.1	2.491	0	2.992	1.184	0.312
atac_L00187	k4me1_enh	3.495	2.038	0.686	1.998	1.871	1.556	1.54	0	3.135	1.505	1.034
atac_L00191	k4me1_enh	3.453	1.433	0.793	2.286	1.266	1.388	1.627	2.045	2.312	1.228	1.014
atac_L00221	k4me1_enh	5.085	1.71	1.182	3.338	3.077	1.864	3.428	3.581	4.437	0.418	1.722
atac_L00223	k4me1_enh	5.75	2.434	1.175	3.535	2.74	2.463	2.944	2.16	4.394	0	1.432
atac_P00048	k4me1_enh	3.721	2.534	1.089	1.872	2.24	1.541	1.337	1.977	2.592	1.532	0.878
atac_P00061	k4me1_enh	3.683	0	1.057	1.143	1.117	0.954	1.843	0	2.638	1.604	1.024
atac_L00287	k4me1_enh	4.249	0	1.067	1.787	1.948	1.597	1.184	0	1.563	1.505	1.42
atac_L00298	k4me1_enh	4.925	2.399	0.758	2.175	3.025	2.41	2.484	3.835	3.835	2.262	1.288
atac_L00338	k4me1_enh	3.376	1.156	1.332	0.216	0.676	1.106	0	2.134	1.553	1.67	1.333
atac_L00354	k4me1_enh	3.441	1.744	0.976	0.946	1.784	1.367	2.204	0	0.497	0.761	0.612
atac_L00357	k4me1_enh	4.032	1.695	0.891	1.305	1.989	1.474	1.101	0	2.51	0	1.398
atac_L00408	k4me1_enh	3.95	1.178	1.129	1.582	2.046	1.288	0.828	0	1.579	0.805	0.889
atac_L00433	k4me1_enh	4.288	2.069	1.598	2.068	2.436	1.989	1.955	2.178	3.066	1.329	0.897
atac_P00119	k4me1_enh	3.436	0.546	1.42	1.823	1.959	1.321	1.862	0	2.232	0.347	0.785
atac_L00434	k4me1_enh	3.727	1.794	0.903	1.559	1.766	1.411	0.814	0	1.754	1.299	1.806
atac_L00453	k4me1_enh	4.136	0	1.139	1.51	2.243	0.993	1.362	0	1.694	0.813	0.364
atac_L00489	k4me1_enh	5.262	0.696	1.254	2.344	1.883	1.469	1.474	1.438	2.529	1.303	1.418
atac_L00491	k4me1_enh	4.432	2.023	0.657	1.903	1.783	1.232	1.173	2.131	2.216	1.293	0.633
atac_L00496	k4me1_enh	4.764	1.805	1.425	2.041	2.616	1.803	1.929	0	3.464	2.535	0.506
atac_P00133	k4me1_enh	4.191	0	1.526	2.671	2.482	1.485	2.522	2.476	3.332	1.978	1.081
atac_L00508	k4me1_enh	3.902	1.781	1.002	1.624	1.633	0.995	2.245	0	3.006	1.661	0.865
atac_L00512	k4me1_enh	4.18	2.245	1.385	2.303	2.494	1.601	2.548	0	2.48	0.797	0.642
atac_L00546	k4me1_enh	3.819	0	1.08	2.582	2.223	1.503	0.978	2.093	2.851	0.767	1.302
atac_L00582	k4me1_enh	3.444	2.357	1.374	1.515	1.415	1.229	1.141	0	2.17	0.763	1.217
atac_L00583	k4me1_enh	4.138	2.42	1.383	0.862	2.067	1.622	1.184	2.147	1.852	1.682	1.175
atac_L00591	k4me1_enh	5.025	1.125	1.377	2.652	2.486	1.476	1.774	0	3.744	0	1.704
atac_L00600	k4me1_enh	5.372	0.662	1.158	2.443	2.37	1.604	1.948	2.54	2.986	0.756	1.207
atac_L00624	k4me1_enh	4.554	0	1.123	1.164	1.697	1.423	1.291	2.907	1.958	1.456	1.217
atac_L00637	k4me1_enh	4.135	1.142	1.471	3.438	2.712	2.167	2.843	3.22	4.351	1.478	0.963
atac_L00638	k4me1_enh	4.665	1.439	1.525	3.233	2.756	2.224	2.171	2.516	4.134	1.233	1.19
atac_L00655	k4me1_enh	3.722	0	1.234	0.742	1.401	0.701	1.362	0	1.082	0	0
atac_L00677	k4me1_enh	3.369	0	1.591	1.961	2.104	2.229	2.249	0	1.834	2.207	1.248
atac_L00680	k4me1_enh	5.3	1.165	1.016	2.299	2.559	2.421	3.192	2.146	3.595	2.62	1.174
atac_L00682	k4me1_enh	3.976	1.804	1.119	2.04	1.888	1.884	2.271	2.149	2.737	0	1.422
atac_L00700	k4me1_enh	3.655	1.18	1.516	1.807	1.769	1.96	1.354	2.167	2.036	1.321	0.65
atac_L00704	k4me1_enh	4.247	0	1.277	2.78	1.776	1.761	1.204	0	2.942	1.327	1.283
atac_L00725	k4me1_enh	5.075	2.209	1.396	2.782	2.771	2.104	1.988	3.221	3.504	2.193	1.318
atac_L00726	k4me1_enh	5.255	1.674	0.717	1.522	1.734	1.751	1.362	3.096	2.872	1.2	0.798
atac_L00729	k4me1_enh	4.755	1.012	0.829	2.784	2.399	1.6	2.309	2.725	3.112	0	0.937
atac_L00730	k4me1_enh	4.98	1.662	1.101	2.615	2.184	1.661	2.608	2.454	3.162	1.379	1.067
atac_L00736	k4me1_enh	3.593	1.816	0.671	1.732	1.857	1.346	1.941	2.636	2.179	1.695	1.433
atac_L00737	k4me1_enh	4.778	1.161	1.378	2.634	2.188	2.097	2.474	2.613	3.063	2.615	1.626
atac_P00196	k4me1_enh	3.568	0	0.825	1.724	1.554	1.14	1.481	0	1.635	0	1.445
atac_L00786	k4me1_enh	5.335	1.128	1.173	2.246	2.918	2.297	1.876	0	3.398	1.789	1.378
atac_L00795	k4me1_enh	4.512	0	0.566	0.386	1.196	0.651	1.283	2.076	1.869	0.757	0.608
atac_L00838	k4me1_enh	4.34	1.177	0.738	2.268	2.328	1.404	1.733	0	2.799	0	1.187
atac_L00846	k4me1_enh	3.728	1.835	1.04	1.427	2.14	1.105	0.337	0	1.795	1.714	1.289
atac_L00852	k4me1_enh	4.357	1.755	1.382	2.728	2.621	1.754	2.491	2.096	3.153	0.435	1.977
atac_L00872	k4me1_enh	5.122	1.085	0.731	1.928	2.045	1.501	2.152	2.496	1.746	0.997	1.33
atac_L00884	k4me1_enh	4.33	0	1.578	2.272	2.4	1.463	1.653	2.892	2.607	1.445	1.434
atac_L00887	k4me1_enh	4.066	1.394	0.921	1.585	2.077	1.515	2.445	2.805	2.144	1.55	1.069
atac_L00895	k4me1_enh	4.518	1.682	0.777	2.118	2.16	2.31	2.684	0	3.414	0.986	1.242
atac_L00900	k4me1_enh	4.293	1.548	1.369	2.336	2.229	1.874	2.518	0	2.992	1.871	0.899
atac_L00919	k4me1_enh	4.237	0	1.314	1.806	2.086	1.289	2.038	2.166	1.47	1.699	1.648
atac_L00982	k4me1_enh	4.22	1.127	1.172	2.69	1.996	1.479	2.213	0	3.247	1.634	0.616
atac_L00987	k4me1_enh	4.084	1.051	0.863	2.348	2.546	2.097	2.026	1.985	3.119	0.965	0.445
atac_L01050	k4me1_enh	5.669	0	1.433	2.406	2.274	2.045	2.791	3.273	3.12	2.12	1.705
atac_L01054	k4me1_enh	5.257	1.835	1.327	2.789	2.411	2.031	2.87	3.539	1.795	0.816	1.289
atac_L01060	k4me1_enh	4.058	1.771	1.141	2.444	2.576	1.639	1.894	2.113	1.983	1.05	1.466
atac_L01064	k4me1_enh	3.481	1.452	0.965	0.936	1.123	1.093	1.753	2.068	0.491	1.612	0
atac_P00291	k4me1_enh	4.295	0	0.968	2.191	1.546	1.559	1.688	0	2.743	0.716	1.069
atac_L01100	k4me1_enh	4.137	2.274	1.324	1.594	1.849	0.791	0.608	3.01	2.453	0	0.656
atac_L01104	k4me1_enh	3.687	0	1.167	0.863	1.495	1.474	0.595	0	2.234	1.075	0.88
atac_L01116	k4me1_enh	5.228	0.69	1.329	2.284	2.372	1.35	1.704	0	2.403	1.493	1.331
atac_L01173	k4me1_enh	3.892	1.808	0.733	1.794	1.634	1.698	1.833	0	1.769	1.986	1.5
atac_L01206	k4me1_enh	3.993	1.177	1.355	1.411	1.156	1.706	0.601	0	1.681	1.318	1.434
atac_L01240	k4me1_enh	3.667	1.155	1.33	2.285	2.213	1.351	1.589	3.861	3.442	0.788	1.164
atac_P00349	k4me1_enh	3.754	0.612	1.204	1.415	2.046	1.636	2.412	1.968	2.442	1.672	1.278
atac_L01403	k4me1_enh	4.466	2.433	0.735	2.05	1.738	1.812	1.347	0	2.028	1.315	1.271
atac_L01424	k4me1_enh	3.498	0	1.371	2.186	2.263	2.053	1.812	2.132	2.976	1.294	0.634
atac_L38826	k4me1_enh	4.034	0	1.077	2.052	1.356	1.61	1.731	0	1.95	1.694	1.185
atac_L38861	k4me1_enh	3.343	2.596	1.436	1.733	1.59	1.588	0.828	2.993	2.032	1.084	0.995
atac_P06872	k4me1_enh	3.795	2.058	1.315	1.169	1.019	1.713	2.009	1.296	2.826	1.169	1.346
atac_L38905	k4me1_enh	3.765	1.152	0.897	1.771	1.91	1.675	1.46	2.128	2.213	1.665	1.406
atac_L39067	k4me1_enh	4.246	2.269	1.856	1.507	1.974	1.738	1.625	0	2.387	1.705	0.894
atac_L39074	k4me1_enh	3.358	0.684	1.513	2.451	1.525	1.55	1.453	0	1.642	0.781	1.241
atac_L39101	k4me1_enh	4.925	1.446	0.802	2.21	2.156	1.569	2.924	0	3.144	1.604	0.332
atac_L39102	k4me1_enh	4.435	1.174	1.126	1.866	2.461	2.148	1.938	0	2.028	0.456	1.705
atac_L39106	k4me1_enh	5.821	1.159	1.062	2.553	1.961	1.684	2.098	0	2.627	1.498	0.76
atac_L39119	k4me1_enh	4.419	0	1.319	2.374	1.973	1.714	1.95	3.91	2.664	0.461	0.653
atac_L39137	k4me1_enh	4.749	1.145	1.048	2.066	2.199	1.666	2.383	2.118	2.502	0.78	1.063
atac_L39156	k4me1_enh	3.94	0	0.664	2.301	1.959	1.817	1.894	2.479	2.682	0.987	0.996
atac_L39168	k4me1_enh	4.163	0.611	1.385	1.969	1.737	1.787	1.929	1.296	3.035	1.169	1.277
atac_L39183	k4me1_enh	4.199	0	0.645	1.816	1.909	1.699	2.437	0	2.376	0.773	0.743
atac_L39208	k4me1_enh	3.943	0	1.117	2.28	2.357	1.779	2.343	0	2.526	0.696	1.198
atac_L39209	k4me1_enh	3.681	1.479	0.506	1.874	1.454	1.65	2.294	1.403	2.773	1.041	1.226
atac_L39225	k4me1_enh	3.561	1.158	0.957	2.628	2.13	1.811	1.816	0	2.465	2.324	0.872
atac_L39255	k4me1_enh	3.694	0	1.388	2.208	1.66	1.086	2.114	3.267	1.57	1.078	1.18
atac_L39265	k4me1_enh	3.888	0.587	1.309	2.106	1.976	2.083	2.169	1.255	2.766	2.192	1.43
atac_L39292	k4me1_enh	3.766	0	1.198	1.089	1.848	0.806	1.171	3.476	0.892	0	1.162
atac_L39293	k4me1_enh	3.84	0	1.325	1.58	1.752	0.927	1.539	2.074	2.787	1.249	0.478
atac_L39294	k4me1_enh	4.696	1.476	1.174	2.098	2.143	1.911	2.139	2.564	1.521	1.039	1.304
atac_L39306	k4me1_enh	3.914	1.478	0.823	1.268	1.775	1.532	1.436	0	2.309	0	1.454
atac_L39313	k4me1_enh	3.802	0	1.265	1.495	1.532	1.054	1.837	0	1.214	0	1.504
atac_L39325	k4me1_enh	3.621	0	0.904	1.711	2.395	1.933	1.711	3.487	1.755	0.791	0.188
atac_L39336	k4me1_enh	4.406	0	1.128	2.618	2.449	1.936	2.623	0	3.049	0.804	0.648
atac_L39340	k4me1_enh	4.476	0	1.292	2.036	2.157	1.729	1.771	1.984	2.507	0.964	0.567
atac_L39343	k4me1_enh	5.477	2.43	0.928	2.204	2.438	2.122	2.2	2.009	2.836	2.193	1.572
atac_L39362	k4me1_enh	5.484	2.257	1.027	2.932	1.964	2.168	1.616	0	3.328	1.994	1.355
atac_L39384	k4me1_enh	3.659	1.15	0.839	0.401	0.767	0.804	1.458	1.423	2.71	1.289	1.068
atac_L39401	k4me1_enh	4.854	1.835	1.092	2.518	1.876	1.855	1.506	3.301	2.676	1.872	1.595
atac_L39411	k4me1_enh	5.275	3.147	0.842	2.819	2.736	2.148	2.704	4.599	4.367	1.582	1.469
atac_L39458	k4me1_enh	4.615	2.209	0.649	2.678	3.231	2.136	2.235	3.458	3.207	1.479	1.394
atac_L39468	k4me1_enh	4.922	1.018	0.973	3.14	2.947	2.238	2.947	3.011	3.316	1.643	1.565
atac_L39474	k4me1_enh	4.358	1.168	1.344	1.858	1.681	1.336	2.346	2.622	1.855	1.075	0.766
atac_L39477	k4me1_enh	3.393	1.52	1.069	1.857	1.729	1.306	1.186	2.977	2.165	1.307	1.177
atac_P07008	k4me1_enh	4.519	2.153	1.103	2.302	2.072	1.838	1.745	3.158	1.931	1.604	0.929
atac_L39507	k4me1_enh	3.449	0	1.419	1.394	1.965	1.52	1.334	0	1.758	2.432	2.071
atac_L39520	k4me1_enh	3.822	0	0.678	1.228	1.976	1.327	1.032	3.007	1.692	1.865	1.003
atac_L39545	k4me1_enh	5.569	0	1.351	2.049	2.43	1.533	2.354	2.631	2.489	1.515	1.504
atac_L39546	k4me1_enh	5.343	0	1.284	1.468	2.653	1.506	2.087	0	1.832	1.663	1.404
atac_L39564	k4me1_enh	3.475	0	0.888	1.946	2.142	1.999	1.986	0	1.731	1.651	1.601
atac_L39573	k4me1_enh	5.297	2.879	1.275	3.034	2.752	2.378	1.202	2.172	2.558	2.003	2.051
atac_P07022	k4me1_enh	3.99	1.444	0.855	2.385	2.25	1.759	2.625	0	2.437	1.603	1.488
atac_P07027	k4me1_enh	4.214	2.992	1.65	0.769	1.127	1.093	1.46	2.787	1.698	1.536	0.444
atac_L39587	k4me1_enh	3.823	2.028	1.248	2.027	2.627	2.267	2.179	0	2.94	1.969	1.253
atac_P07035	k4me1_enh	3.897	0.65	0.903	2.199	1.729	1.626	2.01	0	2.672	1.231	0.922
atac_L39602	k4me1_enh	4.312	2.875	1.727	2.17	1.817	1.777	1.354	2.169	3.541	2.46	1.278
atac_P07042	k4me1_enh	4.516	0.605	1.34	1.956	1.841	2.283	1.832	1.954	2.158	1.16	0.768
atac_L39607	k4me1_enh	4.833	2.184	0.928	1.166	2.204	2.063	2.767	0	3.18	1.631	1.135
atac_L39609	k4me1_enh	4.894	1.173	1.075	2.988	2.938	2.078	2.734	2.986	3.384	1.313	1.573
atac_L39627	k4me1_enh	5.084	1.182	0.864	1.94	2.011	2.055	2.041	2.17	2.937	0.808	0.999
atac_P07056	k4me1_enh	3.322	1.086	1.51	1.928	1.841	1.328	1.996	0	1.469	0	1.533
atac_P07077	k4me1_enh	3.773	1.684	0.406	1.671	1.332	1.027	1.238	1.337	2.284	1.208	0.583
atac_L39677	k4me1_enh	4.739	3.109	1.318	2.704	2.639	2.528	1.949	0	3.517	2.003	1.28
atac_L39729	k4me1_enh	3.837	1.166	1.211	1.98	2.228	1.997	1.719	2.147	2.232	2.532	1.494
atac_L39732	k4me1_enh	4.17	1.826	1.404	2.279	2.416	1.985	1.625	0	3.309	1.863	1.001
atac_L39734	k4me1_enh	4.482	0.685	1.281	2.687	2.436	1.798	2.695	0	2.965	1.485	1.672
atac_P07097	k4me1_enh	3.418	0	0.825	1.448	2.022	0.807	1.481	1.772	1.154	2.127	1.125
atac_P07098	k4me1_enh	3.63	1.444	0.622	1.706	1.904	1.293	1.269	0	2.326	1.013	0.718
atac_L39767	k4me1_enh	3.943	3.052	0.515	0.713	0.937	0.882	1.456	0	1.187	0.782	0.349
atac_L39772	k4me1_enh	4.327	1.5	0.839	2.073	1.8	0.959	1.458	0	1.189	0	1.245
atac_L39774	k4me1_enh	4.093	0	1.532	1.85	2.321	1.468	2.408	2.614	2.292	1.07	1.34
atac_L39783	k4me1_enh	3.592	0	1.646	2.006	1.38	1.189	1.574	0	2.55	1.948	0.493
atac_L39805	k4me1_enh	4.281	0	0.849	1.714	2.025	1.858	1.182	2.97	2.988	2.332	0.763
atac_L39833	k4me1_enh	4.876	0.686	1.149	2.759	2.508	1.821	3.084	0	3.933	1.288	0.865
atac_L39837	k4me1_enh	4.386	0	1.299	2.436	1.927	1.958	2.606	2.146	2.825	0	0.878
atac_L39846	k4me1_enh	4.854	0	0.872	2.64	2.315	1.528	2.38	0	2.268	1.333	0.366
atac_L39848	k4me1_enh	5.08	1.156	0.59	2.287	2.281	1.538	2.177	2.605	2.766	1.296	0.976
atac_L39904	k4me1_enh	4.971	0.607	1.272	1.909	2.506	1.628	2.147	0	2.889	0.948	1.468
atac_L39915	k4me1_enh	4.714	2.164	1.156	3.345	2.665	1.976	2.524	2.071	4.653	2.033	0.606
atac_L39935	k4me1_enh	4.644	0	1.233	0.563	2.163	1.751	1.897	2.116	2.552	2.405	0.861
atac_L39950	k4me1_enh	5.186	1.32	0.818	2.184	2.389	1.73	2.287	3.586	3.256	0.67	0.836
atac_L39951	k4me1_enh	4.504	0	1.401	2.483	2.436	1.865	2.51	0	3.281	1.982	1.593
atac_L39983	k4me1_enh	3.561	1.631	0.454	3.055	2.372	1.918	2.671	4.198	3.607	0.697	0.868
atac_L40060	k4me1_enh	4.03	0	0.67	1.494	1.415	0.78	1.346	0	2.175	1.081	0
atac_L40072	k4me1_enh	3.405	1.716	1.053	1.139	1.899	1.018	1.117	0	1.925	1.01	0.716
atac_L40136	k4me1_enh	4.788	0	1.119	3.347	2.908	2.281	2.668	2.149	3.624	1.307	1.177
atac_L40176	k4me1_enh	3.636	2.583	1.019	2.718	1.868	1.184	2.111	0	3.626	0.798	0.643
atac_L40320	k4me1_enh	3.387	3.077	1.604	1.916	1.861	0.895	2.017	0	2.582	1.303	0.355
atac_L09866	k4me1_enh	3.442	0	0.326	1.433	1.631	1.157	1.347	0	1.863	0	0.57
atac_L09884	k4me1_enh	4.118	2.494	1.016	1.336	1.344	1.531	1.648	0	2.449	0	0.334
atac_L09921	k4me1_enh	3.425	0	0.334	1.535	1.306	1.467	1.494	2.832	1.114	0.728	0.998
atac_L09934	k4me1_enh	3.921	0	0.869	1.006	1.547	1.358	1.033	2.178	0.922	2.009	1.004
atac_L09957	k4me1_enh	4.132	0	0.667	2.025	1.889	1.21	2.065	3.115	2.169	0	0.322
atac_L10014	k4me1_enh	3.807	2.217	1.441	1.189	1.775	1.898	1.696	2.122	2.139	1.056	1.243
atac_L10030	k4me1_enh	3.374	2.893	0.921	1.428	1.229	1.336	0.969	2.078	1.7	0.429	1.21
atac_L10037	k4me1_enh	4.177	1.188	0.809	2.01	1.979	1.952	2.05	0	2.566	0.813	1.368
atac_L10054	k4me1_enh	5.126	1.824	1.36	1.117	1.772	1.465	1.356	2.171	2.187	1.703	1.279
atac_P01995	k4me1_enh	3.967	1.62	0.513	0.75	1.549	1.127	2.204	1.948	2.03	1.342	1.035
atac_L10056	k4me1_enh	3.701	1.814	0.53	2.162	2.242	1.792	2.621	3.512	2.651	1.316	0.993
atac_L10061	k4me1_enh	4.711	1.784	1.327	2.076	1.889	1.652	2.249	0	2.616	1.291	1.406
atac_L10087	k4me1_enh	3.97	0	0.663	0.218	1.178	0.933	1.6	0	1.203	1.836	0.877
atac_L10097	k4me1_enh	4.204	1.439	0.905	2.777	2.319	1.793	2.672	0	2.72	1.233	0.925
atac_L10098	k4me1_enh	3.386	0	1.077	1.061	1.577	1.548	1.552	0	2.105	0.764	1.043
atac_L10099	k4me1_enh	4.23	1.175	0.67	1.409	2.022	0.943	1.022	0	1.345	1.316	1.354
atac_L10172	k4me1_enh	3.663	1.707	1.551	1.132	1.657	1.705	2.305	0	2.059	1.004	1.263
atac_L10176	k4me1_enh	3.955	1.181	1.479	1	1.862	1.163	2.365	1.458	1.22	1.524	0.362
atac_L10266	k4me1_enh	4.641	1.085	1.636	2.516	2.563	2.205	1.616	2.033	3.353	2.41	1.531
atac_L10267	k4me1_enh	5.246	2.418	1.015	2.6	2.309	1.242	1.824	0	2.417	0	1.082
atac_P02027	k4me1_enh	3.721	2.068	0.763	1.956	2.286	1.978	2.455	2.593	3.004	0.856	1.285
atac_L10273	k4me1_enh	3.544	1.147	1.322	2.755	2.202	1.669	1.802	3.466	3.215	1.286	0.751
atac_L10377	k4me1_enh	4.132	0	1.399	2.417	2.353	1.764	2.13	3.253	3.425	1.649	0.857
atac_L10402	k4me1_enh	4.758	1.136	1.04	2.304	2.33	1.882	2.562	0	3.74	2.067	1.718
atac_L10411	k4me1_enh	4.05	1.185	1.796	1.669	1.488	1.355	1.743	0	1.691	1.092	1.195
atac_P02053	k4me1_enh	3.346	0.548	0.984	1.727	1.754	1.259	1.94	0	1.092	1.401	0.789
atac_L10460	k4me1_enh	4.544	0.698	0.37	0.863	2.124	1.182	1.927	0	1.937	0.796	0.879
atac_L10461	k4me1_enh	4.048	0.694	0.787	1.847	2.497	1.439	1.918	0	3.301	1.3	1.624
atac_L10465	k4me1_enh	4.677	1.178	0.801	1.935	2.158	1.127	2.036	4.203	1.953	1.52	0.361
atac_L10491	k4me1_enh	4.558	3.492	1.045	2.217	2.413	1.639	2.074	3.457	2.697	1.807	0.859
atac_L10544	k4me1_enh	4.748	0	1.083	2.979	2.573	2.152	1.675	0	2.897	1.793	1.305
atac_L10551	k4me1_enh	4.087	3.52	0.521	1.909	1.788	1.267	2.258	3.485	1.927	0	1.076
atac_L10557	k4me1_enh	4.859	1.43	1.134	1.877	2.232	2.17	2.946	2.041	2.984	2.225	1.406
atac_L10576	k4me1_enh	4.889	1.131	1.084	1.526	1.798	1.777	1.781	0	1.719	0.77	1.306
atac_L10622	k4me1_enh	3.777	1.917	0.886	2.305	1.869	1.37	1.495	0	2.168	0.99	0.584
atac_L10631	k4me1_enh	3.483	0	0.923	1.118	0.838	1.199	1.357	0	1.875	1.325	1.837
atac_L10632	k4me1_enh	3.916	1.449	0.804	1.496	1.89	1.917	1.939	2.064	1.494	1.762	1.354
atac_L10633	k4me1_enh	4.155	1.176	1.267	1.409	2.357	1.61	1.195	0	2.106	1.694	1.272
atac_L10635	k4me1_enh	3.828	1.795	1.377	1.848	1.459	1.492	1.819	0	2.578	2.43	1.17
atac_L10637	k4me1_enh	3.424	1.186	1.137	1.121	1.934	1.717	1.853	0	0.739	0.812	1.003
atac_P02102	k4me1_enh	3.35	1.72	0.801	0.539	1.149	1.178	1.269	2.523	1.769	0.748	0.718
atac_L10645	k4me1_enh	4.798	1.188	1.323	2.068	2.19	1.673	2.138	4.076	1.966	2.565	0.897
atac_L10649	k4me1_enh	4.245	0	0	1.976	2.119	1.733	1.599	0	0.901	0	1.34
atac_L10650	k4me1_enh	4.086	0	1.01	1.97	1.96	1.637	1.71	2.137	1.753	2.216	1.254
atac_L10651	k4me1_enh	3.406	1.175	0.67	1.867	1.786	1.285	1.73	2.16	1.864	1.693	1.505
atac_L10683	k4me1_enh	4.578	0.7	1.679	2.857	2.538	2.269	3.239	2.625	3.284	1.985	1.498
atac_P02115	k4me1_enh	4.16	1.094	1.137	2.705	2.04	1.534	1.921	2.045	2.254	0	1.103
atac_L10747	k4me1_enh	3.884	0	1.342	2.347	2.194	1.921	2.88	2.147	2.092	1.073	1.343
atac_L10764	k4me1_enh	3.583	0	1.041	2.395	2.53	1.743	1.98	2.929	2.191	1.046	1.146
atac_L10782	k4me1_enh	4.836	0.58	1.26	1.741	2.007	1.774	1.597	0	1.7	0.909	0.918
atac_L10811	k4me1_enh	4.129	0	1.385	2.018	2.093	1.574	1.328	0	2.825	0.953	1.128
atac_P02142	k4me1_enh	3.357	0.95	0.908	1.566	1.726	1.097	2.148	1.836	1.714	0.351	0.958
atac_L10817	k4me1_enh	3.591	0	0.888	2.526	2.455	1.908	2.445	0	3.476	1.652	1.151
atac_L10818	k4me1_enh	5.213	0.67	1.339	2.462	2.688	2.207	3.004	2.911	3.873	1.926	0.615
atac_L10819	k4me1_enh	4.308	0	1.11	2.666	2.773	1.968	3.182	2.963	3.531	1.673	1.336
atac_L10821	k4me1_enh	4.79	1.183	0.676	1.418	2.368	1.166	2.132	2.172	2.257	1.703	1.716
atac_L10823	k4me1_enh	6.329	2.244	1.574	2.604	2.421	1.392	2.109	0	3.214	2.11	1.345
atac_L10824	k4me1_enh	5.022	1.807	0.967	2.155	2.58	1.674	2.42	0	2.592	1.31	1.569
atac_L10835	k4me1_enh	5.151	1.152	1.327	2.729	2.354	2.049	2.586	1.425	2.76	2.601	1.07
atac_L10843	k4me1_enh	3.728	1.191	0.872	1.427	2.024	1.419	1.859	2.183	1.484	2.263	0.658
atac_L10903	k4me1_enh	6.642	7.134	2.749	3.97	3.213	3.297	3.379	4.562	4.411	2.963	2.407
atac_L10929	k4me1_enh	3.997	2.058	1.029	0.999	2.378	1.565	3.215	0	2.891	0.806	0.997
atac_L10930	k4me1_enh	5.125	1.823	0.978	1.809	2.543	1.778	3.605	0	3.515	2.729	1.513
atac_L11004	k4me1_enh	3.988	0	1.451	1.666	2.471	2.174	1.773	2.09	1.71	1.631	1.134
atac_L11021	k4me1_enh	4.427	3.17	1.422	2.056	2.215	2.283	2.446	0	2.678	0.746	0.825
atac_L11041	k4me1_enh	4.231	1.761	1.266	2.156	2.512	1.781	1.564	0	2.903	2.064	0.489
atac_L11058	k4me1_enh	4.729	1.627	1.115	3.026	2.638	2.024	3.01	2.758	3.176	1.919	1.337
atac_L11062	k4me1_enh	3.55	2.609	1.406	2.467	2.17	2.396	2.511	0	1.788	1.707	1.366
atac_L11083	k4me1_enh	4.225	1.757	1.22	1.743	2.382	2.087	1.879	2.566	3.05	1.465	1.225
atac_L11102	k4me1_enh	4.183	1.169	0.854	1.859	1.954	1.945	2.551	2.152	2.538	1.077	1.266
atac_L11129	k4me1_enh	4.784	1.111	0.495	2.072	2.028	1.94	2.189	2.07	2.153	0.754	0.936
atac_L11142	k4me1_enh	3.408	0	0.737	1.111	2.209	1.223	0.827	3.275	1.346	1.518	1.093
atac_L11183	k4me1_enh	3.328	1.521	0.526	1.721	1.681	0.937	1.34	2.15	1.855	1.308	1.567
atac_L11218	k4me1_enh	3.87	1.827	1.035	2.122	0.97	1.908	1.359	0	2.717	2.364	1.102
atac_L11276	k4me1_enh	3.721	1.126	1.03	1.668	1.994	1.043	1.965	0	2.89	2.17	0
atac_L11293	k4me1_enh	4.203	1.079	0.782	3.178	2.275	2.225	2.414	3.117	3.343	1.725	1.171
atac_L11347	k4me1_enh	3.39	2.909	1.079	1.596	1.333	1.551	1.145	0	2.109	0.766	0.847
atac_L11412	k4me1_enh	3.429	1.189	0.928	2.127	2.08	2.065	0.608	0	2.621	1.331	1.785
atac_L11424	k4me1_enh	3.412	1.179	1.724	2.056	1.881	1.977	2.126	0	3.163	1.086	1.51
atac_L11590	k4me1_enh	4.25	0	0.518	2.154	2.279	1.65	2.766	3.653	3.651	1.801	0.772
atac_L11591	k4me1_enh	4.174	1.187	1.186	2.178	2.038	1.807	2.81	1.465	3.802	0.812	0.78
atac_L18006	k4me1_enh	3.837	2.203	0.579	1.179	1.807	1.332	0.797	2.109	1.423	1.276	0.491
atac_L18018	k4me1_enh	3.455	1.129	1.128	1.266	1.176	1.265	2.289	0	1.027	1.266	0.951
atac_L18078	k4me1_enh	4.464	1.155	1.245	2.661	2.373	1.926	2.175	2.132	3.228	1.493	0.975
atac_L18080	k4me1_enh	4.296	1.171	0.969	2.61	2.167	1.765	2.115	2.628	3.221	0.8	0.769
atac_P03436	k4me1_enh	3.61	1.821	0.827	2.282	2.11	1.898	2.853	3.23	3.166	1.322	1.609
atac_L18108	k4me1_enh	3.787	0.697	0.664	0.726	1.653	1.304	1.925	0	1.334	1.305	1.343
atac_L18143	k4me1_enh	3.613	1.189	0.928	2.381	1.757	1.237	2.051	3.535	2.454	1.711	0.656
atac_L18152	k4me1_enh	4.638	0	1.03	2.144	1.579	1.232	1.965	0	1.711	0	1.045
atac_L18153	k4me1_enh	4.498	0	1.467	1.645	1.788	1.551	1.532	2.065	2.011	0.752	1.028
atac_L18162	k4me1_enh	3.709	0.708	1.131	1.662	2.068	0.986	1.62	2.167	2.934	1.321	0.997
atac_P03459	k4me1_enh	3.985	1.365	1.036	1.62	2.057	1.297	2.004	2.765	1.837	1.519	1.045
atac_L18228	k4me1_enh	5.144	0	0.787	2.291	2.15	1.268	2.404	2.964	2.576	2.217	1.336
atac_L18230	k4me1_enh	3.493	1.189	1.189	1.424	2.245	1.627	1.748	2.18	2.048	2.011	0.898
atac_L18244	k4me1_enh	4.913	1.171	1.021	2.045	1.685	1.555	1.482	2.154	2.54	2.115	0.19
atac_L18252	k4me1_enh	4.008	1.07	1.586	2.528	2.465	1.811	2.399	2.011	3.834	0.406	1.743
atac_L18273	k4me1_enh	3.993	1.42	1.082	0.795	0.956	1.066	1.501	2.491	1.824	0.732	0.587
atac_L18291	k4me1_enh	4.018	1.436	1.266	3.059	1.989	1.937	2.44	2.863	3.649	1.007	1.188
atac_L18312	k4me1_enh	4.1	2.073	0.871	1.426	2.176	1.833	1.75	0	2.569	1.333	0.366
atac_L18313	k4me1_enh	3.868	0	0.901	1.843	2.055	1.172	1.005	0	1.84	0.789	1.166
atac_L18314	k4me1_enh	3.65	2.258	1.129	1.411	2.175	0.906	1.733	0	2.314	1.519	1.094
atac_L18321	k4me1_enh	3.405	1.4	1.232	1.004	1.553	0.885	0.922	2.813	0.968	0.978	0.797
atac_L18327	k4me1_enh	5.075	0	1.261	2.091	1.756	1.635	1.823	2.399	3.378	0.939	0.858
atac_L18332	k4me1_enh	4.59	2.321	1.525	2.537	2.082	1.923	1.634	2.053	1.998	2.015	1.108
atac_P03497	k4me1_enh	3.778	1.722	1.103	2.008	1.277	1.149	1.64	0	1.49	0.749	0.175
atac_L18403	k4me1_enh	4.076	1.129	1.261	1.267	1.109	1.456	0	2.096	1.622	1.463	1.38
atac_L18424	k4me1_enh	4.165	0.99	0.712	1.2	1.48	1.06	2.081	0	2.362	0	0.636
atac_L18428	k4me1_enh	4.763	2.244	1.258	2.786	2.929	2.07	3.55	0	3.145	2.11	1.263
atac_P03506	k4me1_enh	3.499	1.931	1.408	1.931	1.605	1.504	1.724	0	1.832	1	0.591
atac_L18460	k4me1_enh	4.727	1.835	0.539	2.337	2.543	2.068	3.017	2.183	3.473	2.144	1.007
atac_L18489	k4me1_enh	3.487	0	0.893	1.696	1.681	1.285	1.456	2.592	1.645	0.782	1.157
atac_L18491	k4me1_enh	3.497	0	1.006	2.331	1.097	1.292	1.811	0	2.001	0.447	1.331
atac_L18493	k4me1_enh	3.666	0	0.873	1.665	1.851	1.449	2.418	0	1.797	0.764	1.217
atac_P03520	k4me1_enh	3.975	1.011	0.829	1.521	2.255	1.818	2.479	1.263	2.242	1.889	0.936
atac_L18494	k4me1_enh	3.963	0	1.185	2.376	2.132	1.826	2.046	2.175	1.787	1.706	1.951
atac_L18500	k4me1_enh	4.405	1.531	1.175	1.731	1.259	1.457	1.839	0	2.178	0.804	0.887
atac_L18528	k4me1_enh	4.107	0	1.261	2.4	2.35	2.092	2.35	0	2.099	0.8	1.5
atac_L18538	k4me1_enh	5.154	1.862	1.123	2.246	2.514	1.674	2.468	2.769	2.171	1.806	1.204
atac_L18624	k4me1_enh	3.362	0	1.235	1.231	0.887	1.809	1.957	2.655	2.722	0.814	0
atac_L18674	k4me1_enh	4.395	0.714	1.368	1.512	2.1	1.472	1.631	2.18	2.124	1.331	0.518
atac_L18676	k4me1_enh	5.038	0	1.712	1.184	2.163	1.523	2.237	2.586	1.538	0.441	0.861
atac_L18679	k4me1_enh	3.733	1.133	1.424	1.174	1.113	1.535	1.883	0	1.417	2.064	0.852
atac_L18691	k4me1_enh	5.361	2.865	1.005	3.115	2.377	2.137	2.673	2.053	3.608	2.432	1.671
atac_L18696	k4me1_enh	4.42	1.185	1.231	1.812	2.322	2.163	2.635	0	2.042	2.135	0.363
atac_L18699	k4me1_enh	4.21	1.185	1.405	2.509	2.779	2.322	3.099	1.463	3.063	3.329	1.365
atac_L18714	k4me1_enh	3.529	1.812	1.392	1.798	1.531	1.632	2.03	2.158	1.677	1.692	1.183
atac_L18716	k4me1_enh	3.768	1.825	0.742	2.464	1.931	1.232	2.44	2.173	3.021	0.461	0.778
atac_L18763	k4me1_enh	4.726	1.161	1.456	1.912	1.963	1.794	1.332	0	1.93	2.328	0.98
atac_L18765	k4me1_enh	3.468	0	0.879	1.663	1.65	1.084	2.129	0	1.23	0.723	1.16
atac_L18780	k4me1_enh	3.79	1.167	0.371	1.208	2.213	1.551	2.109	0	2.018	0	1.566
atac_L18784	k4me1_enh	4.142	1.355	1.372	1.847	1.91	1.621	2.067	1.951	2.606	1.509	1.117
atac_L18800	k4me1_enh	4.323	0	1.037	2.009	2.26	1.871	1.629	3.009	2.86	0	1.368
atac_L18805	k4me1_enh	3.841	0	1.019	2.484	2.378	2.252	2.194	0	2.537	1.842	0.643
atac_L18806	k4me1_enh	3.918	1.159	0.903	2.873	2.481	1.893	2.011	0	2.902	1.83	1.556
atac_L18810	k4me1_enh	4.539	1.822	0.533	1	1.794	0.869	1.2	0	1.472	0.808	0
atac_L18824	k4me1_enh	5.498	0.659	1.154	2.916	2.26	2.43	2.029	1.377	3.309	1.44	1.119
atac_L18828	k4me1_enh	4.575	0	1.502	2.643	2.898	2.122	1.605	2.978	2.915	1.308	1.817
atac_L18871	k4me1_enh	4.38	1.074	0.933	1.602	2.192	1.853	1.893	2.827	2.806	0.726	1.243
atac_P03579	k4me1_enh	4.454	1.882	1.367	1.642	1.673	1.613	2.245	2.793	2.511	0	1.143
atac_L18873	k4me1_enh	3.997	1.616	1.185	2.59	2.489	2.055	1.638	1.944	3.497	2.222	1.258
atac_L18874	k4me1_enh	4.448	1.988	1.128	2.247	2.582	2.18	2.609	3.639	3.56	2.565	1.223
atac_L18891	k4me1_enh	3.494	1.833	1.705	1.425	1.829	1.269	1.857	0	2.455	1.87	1.448
atac_L18892	k4me1_enh	3.481	1.823	1.695	1.323	1.818	1.322	2.041	0	2.61	1.323	1.361
atac_L18896	k4me1_enh	5.062	1.146	0.999	1.693	2.53	1.988	1.993	2.119	3.483	1.483	1.241
atac_L18898	k4me1_enh	4.93	1.18	1.226	2.806	2.783	2.19	2.688	2.167	4.174	2.807	2.318
atac_L18903	k4me1_enh	3.347	0	1.081	0.414	1.645	1.349	0.602	0	1.684	0	1.712
atac_L18919	k4me1_enh	4.842	2.229	1.488	2.588	2.77	2.204	2.095	2.134	2.672	1.826	1.166
atac_L18967	k4me1_enh	3.494	0	1.141	1.124	1.204	1.269	1.035	0	2.266	1.534	0.657
atac_L19016	k4me1_enh	4.26	1.131	1.815	2.386	2.425	1.776	3.011	0	3.797	0.769	1.651
atac_L19056	k4me1_enh	3.722	1.83	0.679	2.283	1.849	1.497	1.955	2.178	2.046	0.813	1.197
atac_L19066	k4me1_enh	3.862	0	1.329	2.822	2.036	2.089	2.094	1.153	2.88	1.505	1.32
atac_L19100	k4me1_enh	3.838	1.063	1.189	1.517	1.728	1.194	1.588	2.001	2.084	0.718	1.231
atac_L19113	k4me1_enh	3.722	0	1.156	1.556	2.128	1.172	2.007	0	2.003	1.967	1.41
atac_L19114	k4me1_enh	3.86	0	1.131	1.583	1.745	0.827	1.944	2.166	1.35	0	1.096
atac_L19119	k4me1_enh	3.524	0	0.644	0.96	1.372	0.475	0.986	0	1.812	1.471	0.621
atac_L19120	k4me1_enh	3.958	0	1.061	2.434	1.968	1.27	2.026	2.065	2.011	0.752	1.028
atac_L19121	k4me1_enh	3.721	2.228	0.445	2.333	2.673	2.187	3.177	2.133	3.553	2.422	1.552
atac_L19145	k4me1_enh	4.028	0	0.767	2.401	2.14	1.852	1.584	1.997	3.492	1.835	1.371
atac_L19241	k4me1_enh	5.004	1.113	1.364	3.163	2.972	2.127	2.847	4.552	4.042	1.249	1.362
atac_L19242	k4me1_enh	4.897	1.149	1.323	3.008	2.675	1.758	1.903	3.469	4.138	0.783	1.158
atac_L19292	k4me1_enh	3.558	1.156	1.629	1.966	1.915	2.294	1.59	2.604	1.75	1.825	1.682
atac_L19315	k4me1_enh	3.725	0	0.929	1.425	2.138	1.418	1.504	0	1.085	1.534	0.899
atac_L19318	k4me1_enh	3.361	1.147	1	0.565	1.356	1.342	1.455	2.121	2.84	1.056	0.495
atac_L19323	k4me1_enh	4.312	2.571	1.16	2.031	1.983	1.385	3.015	2.14	4.05	2.101	1.625
atac_L19546	k4me1_enh	3.677	2.714	0.904	0.406	1.243	0.436	1.596	0	1.845	0.792	0
atac_L19668	k4me1_enh	3.392	1.092	1.178	1.226	2.001	1.106	1.625	0	1.575	0.417	1.012
atac_L37185	k4me1_enh	3.627	1.131	0.505	1.525	1.797	1.267	2.292	0	2.633	0.769	1.225
atac_L37232	k4me1_enh	4.815	1.444	0.855	1.706	2.382	2.014	2.32	2.873	3.174	0	1.488
atac_L37233	k4me1_enh	4.837	2.083	1.055	2.676	2.18	1.948	2.033	3.513	3.484	1.954	1.223
atac_L37253	k4me1_enh	3.86	0	1.326	1.468	1.709	1.101	1.322	2.127	2.712	0.785	0.867
atac_L37281	k4me1_enh	3.385	3.235	0.662	1.797	2.129	1.221	1.498	0	2.414	1.119	0.531
atac_L37349	k4me1_enh	3.366	1.414	1.076	1.116	1.726	1.317	1.24	2.021	2.45	0	1.32
atac_L37351	k4me1_enh	4.004	0	1.241	1.421	1.895	1.216	1.853	0	2.395	0	1.204
atac_L37420	k4me1_enh	3.922	2.199	1.5	2.477	2.134	1.956	2.225	1.406	2.254	0.773	1.528
atac_L37424	k4me1_enh	3.835	0	0.884	1.275	2.237	1.678	1.443	0	2.191	2.068	1.055
atac_L37438	k4me1_enh	3.827	1.132	1.46	2.203	2.309	1.736	1.881	0	2.586	0.77	0.74
atac_L37449	k4me1_enh	3.668	1.125	1.451	2.578	2.387	1.808	2.957	4.111	3.528	1.034	1.643
atac_L37452	k4me1_enh	4.338	2.224	1.237	2.705	1.99	1.548	2.345	0	3.267	1.801	1.2
atac_L37468	k4me1_enh	4.303	0	0.784	1.473	2.015	1.679	1.913	0	2.765	1.669	0.87
atac_L37469	k4me1_enh	4.513	1.24	1.048	2.12	2.449	1.737	2.294	2.25	3.618	1.229	1.281
atac_L37472	k4me1_enh	3.445	1.16	1.336	2.967	2.482	2.095	2.26	2.965	3.637	1.831	1.414
atac_P06655	k4me1_enh	3.722	0	0.908	1.697	2.089	1.498	1.765	1.304	1.994	0.706	0.879
atac_L37509	k4me1_enh	3.405	1.327	1.126	1.918	2.56	1.756	2.032	2.368	2.567	0.921	1.431
atac_P06663	k4me1_enh	3.73	1.051	1.135	1.764	1.753	1.874	1.572	0	2.459	0.397	1.217
atac_L37537	k4me1_enh	4.503	1.773	1.046	1.373	1.381	1.594	2.38	0	1.31	2.194	0.493
atac_L37647	k4me1_enh	3.95	0	0.701	2.29	2.014	2.237	1.431	1.396	2.674	1.46	1.517
atac_P06700	k4me1_enh	3.589	0.552	1.373	2.371	1.763	1.439	1.443	1.193	2.599	1.251	1.035
atac_L37697	k4me1_enh	3.872	1.187	0.808	1.005	1.012	0.79	1.501	2.177	1.789	0.812	0.364
atac_L37705	k4me1_enh	4.834	3.103	2.348	2.413	2.647	2.56	2.628	2.166	3.511	2.458	1.888
atac_L37736	k4me1_enh	4.491	0	1.129	2.838	2.374	1.794	1.667	1.975	3.107	1.678	1.761
atac_L37737	k4me1_enh	3.48	1.873	1.089	1.177	1.597	1.06	1.337	0	1.924	0.705	1.285
atac_L37738	k4me1_enh	4.573	1.183	1.443	1.74	1.773	1.945	2.368	2.172	1.785	0.809	1.363
atac_L37740	k4me1_enh	3.784	0	0.989	1.814	1.987	1.584	1.304	0	2.639	1.798	1.31
atac_L37741	k4me1_enh	4.618	2.049	0.577	1.407	2.084	1.215	2.807	1.958	1.833	1.921	0.867
atac_L37743	k4me1_enh	5.436	3.462	1.589	1.665	2.774	1.397	1.869	2.907	2.521	0.764	1.702
atac_L37748	k4me1_enh	3.929	0	1.135	1.935	1.926	1.46	1.729	0	2.058	1.003	1.601
atac_L37793	k4me1_enh	3.547	2.502	1.068	1.507	1.515	1.694	1.655	2.076	2.022	1.619	0.837
atac_L37799	k4me1_enh	4.651	1.534	0.673	1.805	1.618	1.46	2.037	2.639	2.316	0.806	1.51
atac_L37817	k4me1_enh	4.406	2.486	1.354	1.641	1.926	1.782	1.529	0	2.33	1.016	0.829
atac_L37819	k4me1_enh	4.307	1.509	1.49	1.199	0.818	1.54	1.467	0	1.657	2.609	0.501
atac_P06726	k4me1_enh	3.704	0	1.337	1.069	1.509	1.372	1.794	0	1.71	0.631	1.471
atac_L37823	k4me1_enh	4.907	0	1.463	2.151	2.179	2.052	0.595	0	1.854	1.307	1.263
atac_L37825	k4me1_enh	3.349	1.14	1.506	2.215	1.286	1.907	1.793	0	2.439	1.278	1.15
atac_L37875	k4me1_enh	3.385	1.469	1.028	2.613	2.599	2.276	1.665	0	2.104	1.629	1.217
atac_L37884	k4me1_enh	3.337	1.174	1.22	1.865	1.415	1.746	1.02	0	1.947	1.314	0.992
atac_P06740	k4me1_enh	3.342	0	1.481	2.324	2.25	1.518	2.118	1.323	2.207	2.184	1.23
atac_L37933	k4me1_enh	5.009	0	0.916	2.799	2.519	1.703	1.614	0	2.795	2.451	0.772
atac_L37934	k4me1_enh	3.8	2.049	1.124	1.864	1.784	1.532	1.484	0	2.488	2.346	1.09
atac_L37974	k4me1_enh	3.416	0	1.357	1.824	2.144	1.663	2.51	0	1.638	1.281	1.945
atac_L37981	k4me1_enh	4.504	1.774	0.834	2.448	2.667	1.708	2.077	2.586	3.66	0.779	1.062
atac_L37988	k4me1_enh	3.964	0.676	1.134	1.877	2.328	2.173	2.619	0	1.419	2.065	1.883
atac_L37991	k4me1_enh	4.725	1.175	1.31	1.578	2.447	2.009	1.614	0	1.576	2.349	1.185
atac_P06755	k4me1_enh	3.823	0	1.009	1.041	2.37	1.658	2.252	2.06	1.141	2.526	1.555
atac_L38043	k4me1_enh	4.441	1.178	1.269	1.935	2.391	1.795	1.734	0	2.604	1.085	1.188
atac_L38045	k4me1_enh	5.88	3.669	1.529	3.108	2.666	2.024	2.333	3.69	3.478	1.067	1.556
atac_L38118	k4me1_enh	4.68	0	1.694	2.012	1.765	1.403	1.53	0	1.493	0.751	1.026
atac_L38124	k4me1_enh	3.605	0	1.002	1.958	1.503	1.317	1.458	0	0.89	1.662	1.545
atac_L38136	k4me1_enh	3.483	2.116	1.078	1.383	1.418	1.239	1.242	0	1.558	0.73	0.807
atac_L38146	k4me1_enh	4.344	0	1.498	2.163	1.578	1.701	1.123	0	2.077	1.24	0.93
atac_L38157	k4me1_enh	3.606	2.221	0.896	1.468	2.305	1.58	1.584	1.424	1.996	2.205	0.754
atac_L38158	k4me1_enh	4.793	1.541	0.806	2.743	2.967	1.985	2.959	2.648	3.844	2.005	1.718
atac_L38169	k4me1_enh	4.302	0.69	0.899	2.285	2.213	1.828	1.589	0	1.653	1.294	0.975
atac_L38183	k4me1_enh	4.156	1.479	0.88	2.153	1.904	1.407	0.983	0	1.97	0.77	1.59
atac_L38184	k4me1_enh	4.616	2.593	1.025	2.764	1.533	1.509	2.203	2.16	2.546	1.693	1.354
atac_L38189	k4me1_enh	4.551	0.576	1.144	2.56	2.428	1.94	2.205	1.234	3.429	1.454	1.282
atac_L38246	k4me1_enh	5.111	1.14	1.314	3.131	2.535	1.789	1.687	2.581	3.446	2.073	1.663
atac_L38254	k4me1_enh	3.727	2.277	1.091	0.744	1.83	0.835	1.858	0	2.569	0.815	1.107
atac_L38267	k4me1_enh	4.046	1.824	1.793	1.418	1.198	1.667	0.334	0	2.663	0.809	0
atac_L38281	k4me1_enh	3.786	1.728	0.913	1.334	1.767	0.811	1.751	0	2.977	0	0.722
atac_L38283	k4me1_enh	3.718	1.827	1.185	1.42	1.728	1.134	0.834	0	2.506	0.811	0
atac_L38285	k4me1_enh	4.746	1.158	1.203	1.778	2.112	1.038	2.533	2.136	1.657	0.79	1.745
atac_L38346	k4me1_enh	4.235	1.713	0.796	2.378	2.273	1.671	3	2.865	3.651	1.232	0.597
atac_L38373	k4me1_enh	4.363	1.502	0.896	2.416	2.456	1.375	2.088	2.952	2.889	1.06	1.796
atac_L38407	k4me1_enh	3.342	2.595	0.374	0.734	0.532	0.141	0.6	0	1.072	0.457	0.888
atac_L38433	k4me1_enh	3.911	1.823	1.273	1.809	2.334	1.131	1.847	0	1.352	2.359	0.362
atac_L38459	k4me1_enh	4.083	0	1.226	1.502	1.566	1.095	2.128	0	2.253	1.321	1.19
atac_L38475	k4me1_enh	3.725	0	1.141	1.513	1.918	0.995	1.035	0	1.884	1.096	1.37
atac_P06806	k4me1_enh	3.625	2.064	1.168	0.504	1.35	1.449	1.85	3.056	1.989	1.812	1.48
atac_L38507	k4me1_enh	3.742	0	0.885	2.635	2.03	1.088	1.444	2.931	2.826	1.276	0.744
atac_L38526	k4me1_enh	5.217	1.462	0.695	2.529	2.851	2.365	2.2	0	2.836	1.028	1.212
atac_L38536	k4me1_enh	4.722	1.188	1.324	1.747	1.576	1.171	1.855	0	3.143	1.095	1.005
atac_L38544	k4me1_enh	3.41	0	0.974	1.411	1.535	1.317	1.616	2.163	1.073	2.353	0.888
atac_P06827	k4me1_enh	3.94	1.385	1.095	2.18	2.065	1.633	1.948	3.507	3.152	1.689	0.681
atac_L38640	k4me1_enh	3.474	1.409	0.777	1.377	1.655	0.891	2.207	0	2.392	0.986	0.995
atac_L38654	k4me1_enh	3.408	1.101	0.419	0.81	1.334	1.318	2.098	2.521	1.928	0.747	0.471
atac_L38664	k4me1_enh	4.205	1.183	1.229	1.417	1.748	1.381	1.848	0	1.874	2.002	1.099
atac_L38665	k4me1_enh	5.172	1.721	1.462	2.386	2.616	1.591	2.967	2.524	2.383	1.895	1.676
atac_L38670	k4me1_enh	4.349	1.64	1.206	1.627	2.576	1.697	2.988	2.773	3.103	1.36	1.414
atac_L38677	k4me1_enh	4.639	0.598	0.884	2.338	2.618	1.442	1.98	0	3.212	2.119	0.429
atac_L38690	k4me1_enh	3.857	0.968	0.643	2.254	2.277	1.616	2.407	0	3.419	0.647	1.195
atac_L38691	k4me1_enh	3.553	0	0.984	1.747	2.155	1.576	2.965	3.739	2.393	1.33	1.368
atac_L38692	k4me1_enh	3.43	1.69	1.123	0.91	1.872	1.494	1.498	0	1.652	1.574	0.908
atac_P06843	k4me1_enh	4.769	3.939	1.496	2.815	2.516	2.597	2.625	0	3.852	1.603	2.079
atac_L38719	k4me1_enh	5.558	1.976	0.697	2.493	2.823	2.167	1.957	1.389	3.171	1.452	1.441
atac_L38721	k4me1_enh	4.1	2.089	0.82	2.549	2.345	1.852	1.584	1.997	3.716	1.549	0.89
atac_L38787	k4me1_enh	3.552	1.83	0.61	1.229	2.154	1.575	1.207	0	2.046	0.813	0.897
atac_L11611	k4me1_enh	3.74	1.766	0.277	0.396	1.186	0.984	0.577	0	1.899	0	0.49
atac_L11820	k4me1_enh	3.873	3.218	1.279	2.47	2.405	1.911	2.138	2.178	3.247	1.532	1.954
atac_L11931	k4me1_enh	3.651	2.055	1.129	1.804	2.194	1.318	1.734	0	2.656	1.52	0.995
atac_L11935	k4me1_enh	3.657	1.788	0.943	1.841	1.999	1.356	2.268	1.235	2.699	1.601	1.409
atac_L11989	k4me1_enh	3.881	2.24	1.769	2.036	2.084	1.82	2.479	0	3.619	1.978	1.082
atac_L11990	k4me1_enh	5.312	2.359	0.873	1.261	2.415	1.903	2.815	0	3.626	2.167	1.58
atac_L12031	k4me1_enh	3.666	0	1.154	2.023	2.033	1.765	1.325	0	1.921	1.667	1.408
atac_L12033	k4me1_enh	5.463	1.183	1.442	2.061	1.908	1.843	2.131	2.171	2.444	2.002	1.279
atac_L12035	k4me1_enh	5.614	1.191	1.091	2.639	2.556	1.974	2.816	3.921	3.529	2.262	0.657
atac_L12064	k4me1_enh	4.098	0.955	1.605	2.031	2.193	1.403	2.332	1.844	3.326	2.02	1.369
atac_L12081	k4me1_enh	4.578	1.523	0.667	2.646	2.182	2.038	2.195	2.152	3.466	1.31	1.266
atac_L12121	k4me1_enh	4.033	1.373	0.805	2.024	2.13	2.224	1.452	0	2.831	2.252	1.35
atac_L12206	k4me1_enh	4.428	0	0.957	2.463	1.92	1.318	1.839	2.055	2.849	1.429	1.11
atac_L12233	k4me1_enh	5.205	0	1.367	2.796	2.63	2.013	2.808	0	2.564	1.06	1.957
atac_L12245	k4me1_enh	5.198	1.792	1.009	2.468	2.422	2.297	3.258	3.688	3.328	1.066	0.759
atac_L12248	k4me1_enh	3.518	1.167	1.384	1.646	1.347	1.15	1.604	2.621	2.588	0.797	1.263
atac_L12263	k4me1_enh	4.857	2.872	0.456	1.734	1.67	1.487	1.735	0	1.869	1.698	0.361
atac_L12267	k4me1_enh	4.381	2.415	1.208	2.033	2.081	1.468	1.821	0	2.729	1.502	1.079
atac_L12268	k4me1_enh	4.329	1.171	1.542	1.861	2.055	1.828	1.933	2.154	2.54	1.311	1.427
atac_L12269	k4me1_enh	3.823	0	1.322	2.067	1.705	2.062	2.137	0	2.669	1.329	1.721
atac_L12289	k4me1_enh	5.496	0	0.894	2.614	2.625	1.899	1.903	2.593	3.282	1.816	0.969
atac_L12337	k4me1_enh	3.967	2.237	1.419	1.394	1.461	1.71	0.816	0	2.472	1.07	1.751
atac_L12358	k4me1_enh	5.265	3.045	1.035	2.472	2.418	1.585	2.795	3.12	2.777	1.865	1.395
atac_L12361	k4me1_enh	4.401	2.024	1.449	2.421	2.295	1.701	2.398	0	2.976	0	1.681
atac_L12429	k4me1_enh	4.765	0	0.865	2.704	2.053	1.905	1.624	0	3.206	2.133	1.778
atac_L12430	k4me1_enh	4.127	0	0.804	2.225	2.335	2.176	2.042	1.46	3.239	1.703	0.652
atac_L12434	k4me1_enh	4.445	0	1.03	0.999	2.316	1.861	1.62	2.167	2.253	1.321	1.19
atac_P02369	k4me1_enh	3.91	1.104	0.909	1.492	1.739	1.4	1.935	2.525	1.59	2.526	1.422
atac_L12473	k4me1_enh	3.831	2.074	1.864	2.43	2.625	2.172	2.305	0	2.268	1.872	1.201
atac_L12494	k4me1_enh	4.478	1.051	0.527	2.133	2.51	1.672	2.37	1.985	3.18	1.182	0.883
atac_L12496	k4me1_enh	4.047	0	0.535	2.629	1.866	1.294	1.85	2.647	2.981	1.09	1.281
atac_L12519	k4me1_enh	4.989	0.656	1.599	2.756	2.701	1.967	2.833	0	3.991	1.435	1.843
atac_L12526	k4me1_enh	4.168	2.844	1.16	2.142	2.255	1.773	2.658	1.435	3.061	1.068	1.078
atac_L12527	k4me1_enh	5.643	1.675	1.521	2.697	2.642	2.263	2.268	3.098	3.21	1.56	1.31
atac_L12534	k4me1_enh	3.999	0	0.913	2.551	2.432	2.134	1.848	0	2.597	1.609	1.201
atac_L12535	k4me1_enh	3.901	0	1.54	2.071	2.097	1.747	2.18	2.722	2.345	2.105	1.244
atac_P02381	k4me1_enh	3.364	2.063	0.997	0.876	1.82	1.303	2.228	1.971	2.176	1.172	1.208
atac_L12546	k4me1_enh	5.505	1.171	1.073	2.355	3.016	2.075	3.389	2.982	3.114	0.8	0.989
atac_L12551	k4me1_enh	4.527	1.549	0.612	1.75	1.309	1.447	1.634	0	1.363	1.536	1.007
atac_L12563	k4me1_enh	4.032	0	0.289	1.931	1.64	1.158	2.204	0	2.177	1.316	0.51
atac_L12571	k4me1_enh	4.519	2.884	1.138	1.947	1.998	2.132	2.299	3.008	2.859	0	0.896
atac_P02390	k4me1_enh	3.362	0	0.824	1.685	1.694	1.442	1.635	0	1.207	1.254	1.479
atac_L12575	k4me1_enh	3.804	0	1.099	2.174	1.839	1.989	1.801	2.59	2.796	1.055	0.863
atac_L12591	k4me1_enh	4.26	2.98	0.913	2.103	2.149	1.556	2.027	2.155	3.152	0.8	1.088
atac_L12601	k4me1_enh	3.502	0.667	1.373	1.86	1.648	1.765	1.868	2.905	1.707	1.781	1.512
atac_L12608	k4me1_enh	3.597	2.262	1.226	1.735	2.067	1.406	2.363	0	2.38	1.321	1.276
atac_L12610	k4me1_enh	4.294	0	1.142	2.64	2.441	2.031	2.519	3.015	3.072	1.333	1.847
atac_L12611	k4me1_enh	3.929	1.459	1.02	2.318	1.901	1.221	1.133	0	2.223	0.757	0.939
atac_L12614	k4me1_enh	4.542	0	1.229	2.665	2.2	1.904	2.506	3.729	3.272	1.324	0.777
atac_P02400	k4me1_enh	3.797	0	1.393	1.776	1.842	1.3	1.814	0	2.357	0.684	1.181
atac_L12641	k4me1_enh	4.653	0	1.315	2.874	2.747	1.941	1.737	0	2.892	1.999	0.361
atac_L12642	k4me1_enh	4.242	2.032	1.336	2.088	2.022	1.357	2.336	2.612	2.352	1.068	1.338
atac_L12644	k4me1_enh	4.509	1.164	0.79	2.848	2.698	2.32	2.41	2.616	3.368	2.105	0.982
atac_L12675	k4me1_enh	4.281	0	1.215	1.686	1.822	2.073	1.506	0	2.465	1.221	1.595
atac_L12682	k4me1_enh	5.165	1.171	1.022	2.758	1.957	1.787	2.839	2.155	3.681	2.344	1.427
atac_P02415	k4me1_enh	3.469	0.958	0.735	1.577	1.859	1.527	0.974	2.632	1.863	0	0.886
atac_L12693	k4me1_enh	4.817	0	0.98	3.064	2.729	1.886	2.694	0	2.559	0.81	1.586
atac_L12708	k4me1_enh	3.338	0	0.843	0.629	1.222	0.949	1.644	0	1.494	0	1.116
atac_L12722	k4me1_enh	3.439	1.615	1.065	1.893	2.038	1.554	2.956	2.398	2.463	1.152	1.514
atac_L12730	k4me1_enh	4.031	1.104	1.233	2.162	1.577	1.209	2.388	2.06	0.264	1.896	1.024
atac_L12742	k4me1_enh	4.074	0.642	1.213	1.87	1.88	1.501	1.505	1.349	2.116	2.218	1.867
atac_L12743	k4me1_enh	3.939	1.074	0.778	1.795	1.563	1.509	2.277	0	2.163	0.726	0.995
atac_L12752	k4me1_enh	4.688	1.541	1.483	1.912	2.487	1.942	2.509	3.154	1.81	1.431	1.125
atac_L12814	k4me1_enh	4.423	2.042	1.258	2.098	1.348	1.601	2.346	0	2.423	0.797	1.177
atac_L12815	k4me1_enh	3.414	0.68	0.888	1.537	2.033	1.417	2.508	0	2.129	1.477	1.059
atac_L12823	k4me1_enh	4.304	1.716	1.143	2.84	2.419	1.673	2.505	1.365	2.432	1.889	0.925
atac_L12835	k4me1_enh	3.426	0.685	0.893	1.895	2.186	1.552	2.243	2.592	2.506	0.782	1.243
atac_L12842	k4me1_enh	3.465	1.81	1.43	0.992	1.978	1.155	1.345	0	1.462	2.236	0.884
atac_L12879	k4me1_enh	3.88	0	1.04	1.515	1.405	1.362	1.96	2.183	2.127	1.714	1.108
atac_L12882	k4me1_enh	3.725	0	1.039	1.596	1.55	1.652	1.632	2.181	1.793	1.712	1.523
atac_L12894	k4me1_enh	4.016	1.834	1.04	0.419	0.797	1.301	1.21	0	2.126	0.815	0.899
atac_L12897	k4me1_enh	3.733	0	1.496	1.204	1.211	1.595	1.599	0	1.848	1.678	1.418
atac_L12899	k4me1_enh	3.846	0.56	0.832	2.489	1.831	1.513	2.962	1.854	2.538	0.881	1.254
atac_L12931	k4me1_enh	4.479	0	1.015	1.916	1.106	1.272	0.592	2.971	2.356	1.303	1.259
atac_L12937	k4me1_enh	3.943	1.779	0.948	0.565	1.775	2.144	2.75	2.122	2.965	1.287	0
atac_L12968	k4me1_enh	4.125	2.602	1.082	1.223	1.424	1.26	1.846	2.169	1.22	1.088	1.191
atac_L12975	k4me1_enh	4.038	0	0.973	2.287	2.148	1.978	2.815	0	2.623	0.978	1.156
atac_L13003	k4me1_enh	3.661	1.54	0.458	2.912	2.46	1.824	1.85	0	2.258	1.325	0.894
atac_L13009	k4me1_enh	4.334	1.082	1.401	2.583	2.091	1.846	2.747	2.84	3.262	1.407	1.173
atac_L13022	k4me1_enh	4.695	1.143	0.774	2.848	2.485	2.054	2.236	2.115	3.752	1.809	1.061
atac_L13049	k4me1_enh	3.599	1.422	0.178	1.39	0.628	0.865	0.298	0	0.985	0	0.462
atac_L13118	k4me1_enh	4.1	1.191	0.811	1.597	2.121	1.301	1.858	1.469	2.514	0	0.366
atac_L07046	k4me1_enh	4.349	0	1.402	1.417	2.032	1.352	1.948	1.46	2.187	0.809	0.193
atac_L07052	k4me1_enh	4.127	2.966	0.952	1.824	1.297	1.14	0.551	0	1.671	1.423	1.544
atac_L07055	k4me1_enh	3.328	2.042	0.91	0.728	1.378	0.859	1.015	0	1.207	0.797	1.346
atac_L07125	k4me1_enh	4.492	2.888	1.325	2.285	2.661	2.083	2.14	2.18	3.44	0.814	1.105
atac_L07154	k4me1_enh	4.999	2.179	1.52	2.716	2.183	1.955	2.279	2.905	1.956	2.048	2.062
atac_L07159	k4me1_enh	3.53	1.106	0.687	1.241	2.109	1.35	2.574	0	2.775	0.75	1.199
atac_L07195	k4me1_enh	4.332	1.172	1.124	1.652	2.221	1.987	2.49	2.156	2.101	0	1.089
atac_L07217	k4me1_enh	3.45	2.135	1.045	1.553	1.379	1.334	1.39	2.043	1.575	1.226	0
atac_L07219	k4me1_enh	4.167	0	1.084	1.877	2.146	1.262	1.623	3.001	1.473	1.703	0.362
atac_L07220	k4me1_enh	3.798	3.595	1.246	2.227	2.536	1.464	2.53	0	3.025	1.773	1.125
atac_L07224	k4me1_enh	3.45	1.163	1.014	0	1.141	1.112	0.592	0	1.451	1.303	0.982
atac_L07272	k4me1_enh	3.866	1.721	1.009	2.846	2.504	1.929	1.744	1.369	2.728	0.748	1.275
atac_L07293	k4me1_enh	4.156	1.154	1.448	2.832	2.822	1.866	2.173	0	3.226	0.787	0.869
atac_L07313	k4me1_enh	4.456	1.806	0.911	1.21	1.911	0.641	1.83	0	1.568	1.842	1.265
atac_L07317	k4me1_enh	3.547	1.149	1.365	1.085	2.255	1.316	2.389	2.124	0.889	0.783	1.067
atac_L07318	k4me1_enh	3.625	2.034	0.369	1.563	2.081	1.468	3.062	0	1.201	1.677	0
atac_L07330	k4me1_enh	4.227	0	1.242	1.088	1.868	1.068	1.46	1.425	2.565	0.785	1.548
atac_L07333	k4me1_enh	4.278	2.125	1.213	2.478	2.657	1.403	2.65	2.495	3.045	1.219	1.467
atac_L07338	k4me1_enh	3.651	1.058	1.101	1.19	1.989	1.189	1.22	0	2.931	1.379	0.449
atac_L07384	k4me1_enh	4.313	0.668	0.636	1.664	2.751	1.615	2.763	2.906	2.62	0	1.296
atac_L07413	k4me1_enh	3.775	1.188	1.367	1.007	1.37	1.525	0.608	2.179	2.195	0.813	2.154
atac_L07417	k4me1_enh	3.355	2.269	0.608	0.74	0.745	0.872	0.605	0	1.69	0	0
atac_L07430	k4me1_enh	4.51	0.697	0.595	1.917	1.84	1.712	2.105	0	1.85	0.795	0.355
atac_L07451	k4me1_enh	4.102	0	1.07	1.721	2.089	1.336	2.61	0	2.873	1.075	1.423
atac_L07453	k4me1_enh	3.574	0	0.641	0.834	1.245	0.868	1.782	0	1.297	1.933	1.382
atac_L07460	k4me1_enh	3.548	0	1.084	1.87	1.82	1.523	1.908	0	1.746	0.734	0.324
atac_P01497	k4me1_enh	3.352	0	1.598	1.568	1.845	1.982	1.745	0	0.681	1.239	1.113
atac_L07500	k4me1_enh	4.561	3.386	0.671	1.41	1.741	1.705	2.206	3.277	2.435	1.695	0.648
atac_L07551	k4me1_enh	3.775	1.102	1.231	2.059	1.863	1.372	0.555	0	2.325	1.602	0.717
atac_L07553	k4me1_enh	3.72	2.272	1.036	0.418	1.129	1.442	1.032	2.177	1.479	1.093	1.103
atac_L07554	k4me1_enh	3.546	1.825	1.521	2.42	2.148	1.803	1.358	0	2.94	1.09	1.001
atac_L07559	k4me1_enh	4.515	1.481	1.133	2.734	2.06	1.629	2.433	0	2.775	0	0.488
atac_L07570	k4me1_enh	3.735	2.197	0.643	1.877	1.947	1.461	2.064	2.103	2.43	1.642	0.956
atac_L07601	k4me1_enh	4.03	1.125	0.928	0.697	1.27	1.476	2.051	2.09	2.625	0	0.615
atac_L07656	k4me1_enh	5.094	0	1.448	2.125	2.172	1.625	2.138	0	2.619	0	0.655
atac_L07660	k4me1_enh	3.43	0	1.41	1.596	1.918	1.3	2.141	0	1.361	2.012	0.518
atac_L07675	k4me1_enh	3.523	0	1.121	1.65	2.425	1.627	2.196	3.266	2.022	1.31	1.82
atac_L07712	k4me1_enh	3.603	1.183	0.923	1.505	2.184	1.736	2.507	3.287	2.385	0.809	1.363
atac_L07730	k4me1_enh	4.867	2.966	1.304	2.568	2.299	2.084	1.922	0	3.062	0	1.479
atac_L07743	k4me1_enh	4.07	2.218	1.194	1.546	1.326	2.027	1.456	0	2.273	1.66	0.63
atac_L07761	k4me1_enh	3.893	1.98	1.027	2.285	2.257	1.66	1.931	1.235	2.538	0.904	0.913
atac_L07762	k4me1_enh	4.29	1.148	0.515	2.176	1.705	1.839	2.387	0	2.659	1.056	1.474
atac_L07765	k4me1_enh	3.578	1.805	1.119	2.152	1.845	1.943	2.346	0	1.939	1.508	0.88
atac_L07766	k4me1_enh	4.987	2.846	0.96	1.394	1.903	1.545	2.408	2.142	3.206	1.834	1.751
atac_L07767	k4me1_enh	5.421	3.698	1.176	3.023	2.358	2.135	2.794	3.277	4.095	1.695	1.828
atac_L07777	k4me1_enh	4.474	1.161	1.566	1.973	1.647	1.11	2.013	0	1.66	1.3	1.338
atac_L07785	k4me1_enh	4.423	0	1.158	2.128	2.313	1.926	2.194	1.382	3.484	0.756	1.287
atac_L07786	k4me1_enh	3.54	2.263	0.376	1.222	2.215	1.379	1.354	2.167	1.582	1.7	0.891
atac_L07788	k4me1_enh	4.308	0	1.019	2.13	2.11	1.396	2.258	1.273	2.675	1.779	1.028
atac_L07793	k4me1_enh	4.44	1.359	0.941	1.851	1.86	1.584	2.455	1.286	2.774	1.795	1.195
atac_L07794	k4me1_enh	5.105	1.148	1.479	2.536	2.649	2.538	2.243	2.122	3.281	2.594	1.609
atac_L07800	k4me1_enh	4.917	2.753	1.035	3.306	2.732	1.623	2.511	2.65	3.494	1.093	1.366
atac_L07813	k4me1_enh	4.97	1.177	0.8	0.997	2.48	1.563	1.616	0	1.777	0.458	1.356
atac_L07827	k4me1_enh	4.034	2.757	1.193	2.213	2.192	2.002	1.937	2.063	2.442	0.423	1.026
atac_L07844	k4me1_enh	4.052	0	0.868	1.121	1.87	1.357	1.206	0	1.965	1.531	1.367
atac_L07846	k4me1_enh	4.599	2.265	1.359	2.117	2.031	1.229	2.041	2.643	2.937	1.525	1.098
atac_L07850	k4me1_enh	3.404	3.556	0.768	1.071	1.64	1.383	1.68	0	1.527	0.772	0.621
atac_L07869	k4me1_enh	4.647	0	1.22	1.268	1.818	1.238	1.675	0	1.968	1.465	1.225
atac_L07870	k4me1_enh	3.43	1.19	1.326	0	0.932	0.702	0.609	0	1.23	0.814	1.006
atac_L07871	k4me1_enh	3.901	1.815	0.374	1.409	1.856	1.402	1.94	2.161	1.346	0.804	1.272
atac_L07885	k4me1_enh	4.052	1.486	1.091	1.453	1.807	1.612	2.069	2.109	1.036	1.276	1.531
atac_L07897	k4me1_enh	3.444	2.357	0.636	0.827	1.786	1.04	1.426	2.087	1.707	1.259	1.578
atac_L07898	k4me1_enh	3.728	0.694	1.011	2.339	2.078	1.542	2.26	2.139	2.289	0.449	0.979
atac_L07902	k4me1_enh	3.908	1.18	1.18	1.874	1.62	1.616	1.62	0	2.318	2.247	1.437
atac_L07944	k4me1_enh	3.622	0	0.959	1.912	2.351	1.176	2.013	2.966	3.134	1.3	1.338
atac_L07957	k4me1_enh	5.258	0	0.952	1.824	2.579	1.667	0.949	0	2.371	2.009	0.595
atac_L07958	k4me1_enh	5.012	1.189	1.189	1.885	2.174	1.577	2.051	0	1.696	0.814	0.518
atac_L07962	k4me1_enh	4.136	0	0.962	1.716	1.247	1.522	1.824	2.617	1.563	2.224	0.983
atac_L07965	k4me1_enh	3.935	1.309	0.946	1.62	1.567	2.129	2.332	1.895	2.949	0	0.828
atac_L07969	k4me1_enh	3.478	1.412	1.075	1.209	1.681	1.15	1.239	2.02	2.285	0	0.805
atac_L07984	k4me1_enh	3.903	1.915	0.935	2.345	1.979	2.026	1.982	2.482	2.849	1.858	0.583
atac_L07998	k4me1_enh	4.617	1.645	1.209	2.659	2.923	1.255	3.178	1.303	3.77	0.704	2.197
atac_L08011	k4me1_enh	3.455	0	1.607	2.149	2.177	1.574	2.269	0	2.826	0.796	0.984
atac_L08017	k4me1_enh	4.081	1.381	1.134	2.634	2.519	1.987	2.368	2.44	3.372	0.708	1.818
atac_L08020	k4me1_enh	3.9	1.746	0.872	2.717	1.891	1.745	2.207	2.087	3.389	0.763	0.613
atac_L08024	k4me1_enh	3.334	1.171	0.796	1.926	1.894	0.901	2.554	0	2.305	1.987	1.088
atac_L08028	k4me1_enh	3.347	0.653	1.101	1.705	1.8	1.263	2.384	0	1.928	0.747	0.717
atac_L08036	k4me1_enh	3.577	1.167	0.852	1.79	1.888	1.647	2.668	3.882	1.764	0.453	1.177
atac_L08040	k4me1_enh	3.749	0	1.075	1.797	2.058	1.911	1.484	0	3.414	1.691	1.573
atac_L08045	k4me1_enh	4.025	1.123	0.699	2.611	1.85	1.938	2.909	2.554	3.301	2.048	0.843
atac_L08051	k4me1_enh	4.588	1.127	1.34	2.945	2.724	1.889	2.487	2.914	3.309	2.055	0.95
atac_L08054	k4me1_enh	4.084	1.339	1.421	2.475	2.041	2.245	2.186	3.006	3.916	1.638	0.939
atac_P01631	k4me1_enh	3.788	1.059	1.263	2.048	1.784	1.885	2.32	1.996	2.26	1.698	1.068
atac_P01644	k4me1_enh	3.76	2.469	0.552	1.317	1.409	1.255	2.237	0	2.575	1.421	1.41
atac_L08097	k4me1_enh	4.09	1.094	0.678	2.454	2.04	1.534	2.007	0	2.991	0.418	1.015
atac_L08107	k4me1_enh	3.529	1.138	1.138	2.397	2.318	1.635	1.79	0	2.379	1.276	1.721
atac_L05437	k4me1_enh	3.608	2.271	0.982	1.509	1.956	1.598	1.36	2.176	1.589	1.707	1.444
atac_L05467	k4me1_enh	3.508	0	0.726	1.973	1.57	1.143	2.013	2.14	1.756	1.5	0.761
atac_L05485	k4me1_enh	3.687	2.376	0.708	0.558	0.71	1.118	1.441	0	0.505	0.773	0.489
atac_L05541	k4me1_enh	3.82	1.951	0.908	0.811	1.446	1.053	1.525	2.057	0.85	0.747	0.717
atac_L05553	k4me1_enh	3.774	2.612	0.679	0.589	0.747	1.471	1.955	2.178	1.227	1.329	1.104
atac_L05564	k4me1_enh	4.527	0	1.397	2.076	2.288	2.045	2.141	0	2.812	1.86	1.643
atac_L05567	k4me1_enh	3.55	3.312	0.459	2.007	1.489	1.469	1.36	2.176	0.92	1.328	1.102
atac_P01133	k4me1_enh	4.132	0.989	0.856	2.468	2.433	1.569	1.386	3.866	3.291	1.115	0.735
atac_P01137	k4me1_enh	5.013	2.566	1.271	2.627	2.27	2.089	2.453	2.006	3.375	1.844	1.075
atac_L05601	k4me1_enh	4.039	1.505	0.657	1.84	1.954	1.405	2.759	0	2.62	0	0.869
atac_L05604	k4me1_enh	4.278	2.384	1.273	1.822	1.832	1.727	1.447	2.113	2.262	1.477	0.962
atac_L05611	k4me1_enh	4.58	2.273	0.537	2.232	1.915	2.264	1.033	3.533	2.768	0.813	0.655
atac_L05622	k4me1_enh	4.319	2.084	1.056	2.093	2.298	1.51	2.11	1.992	3.602	1.188	0.789
atac_L05642	k4me1_enh	5.078	1.506	1.154	2.421	2.213	1.888	2.253	0	2.718	0.788	0.87
atac_L05769	k4me1_enh	4.786	0	1.074	1.967	2.146	1.487	2.467	2.018	2.958	0.987	1.852
atac_L05771	k4me1_enh	4.75	0.656	1.533	2.509	2.386	1.659	2.39	1.371	3.113	1.606	1.025
atac_L05774	k4me1_enh	3.729	1.131	1.565	2.046	1.683	1.432	3.358	2.098	3.221	0.769	1.651
atac_L05776	k4me1_enh	3.758	0.597	1.255	3.269	2.212	1.686	2.988	4.05	4.054	0.934	1.182
atac_P01198	k4me1_enh	3.469	1.638	1.124	0.637	1.633	1.533	1.846	1.296	1.685	1.672	0.873
atac_L05797	k4me1_enh	4.102	1.746	1.211	2.035	2.081	1.315	2.35	0	2.714	1.782	2.194
atac_L05823	k4me1_enh	3.365	1.641	1.127	1.492	2.083	1.515	1.562	2.775	2.396	1.361	0.562
atac_L05826	k4me1_enh	4.579	0	0.812	1.428	1.691	1.181	0.729	0	2.189	1.537	0.445
atac_L05834	k4me1_enh	3.322	0	0.76	2.614	1.766	1.571	1.666	2.089	1.289	1.457	1.76
atac_L05841	k4me1_enh	4.752	2.352	0.923	1.16	2.022	1.418	1.864	0	2.166	1.452	1.293
atac_L05844	k4me1_enh	4.194	0	1.178	2.389	2.095	1.298	1.438	3.206	0.875	1.042	1.653
atac_L05848	k4me1_enh	3.434	1.153	0.952	1.838	1.534	1.763	2.09	0	2.933	0	1.071
atac_L05857	k4me1_enh	3.422	0	0.743	1.812	1.651	1.232	1.851	3.004	1.962	1.528	0.894
atac_L05881	k4me1_enh	3.565	1.512	1.25	0.981	2.133	1.517	1.469	0	2.468	1.3	1.169
atac_L05894	k4me1_enh	4.011	1.766	0.646	2.353	2.464	2.224	3.149	3.214	3.55	1.474	1.531
atac_L05917	k4me1_enh	4.815	0	1.019	1.858	1.497	1.394	1.83	0	2.785	0.798	1.634
atac_P01227	k4me1_enh	3.704	0	0.596	1.894	1.959	1.665	1.587	2	3.313	2.183	0.892
atac_P01228	k4me1_enh	4.219	1.678	1.49	3.163	2.656	2.197	2.518	3.538	3.434	1.203	1.079
atac_P01234	k4me1_enh	3.974	0.568	1.054	1.822	2.262	1.624	1.752	2.319	1.596	1.44	1.202
atac_L05947	k4me1_enh	4.417	0	1.298	2.147	2.325	1.444	1.924	0	2.014	0.795	1.754
atac_L05950	k4me1_enh	5.282	1.185	1.522	1.88	2.575	1.133	1.742	0	3.137	1.091	1.364
atac_L05951	k4me1_enh	4.662	0	1.169	2.353	2.618	1.395	1.831	3.503	3.075	2.71	1.347
atac_L05965	k4me1_enh	4.276	0	1.092	2.709	2.335	1.703	1.571	0	1.178	2.189	1.234
atac_L05984	k4me1_enh	4.698	0	1.021	2.564	2.054	1.584	1.656	0	1.699	1.912	0.94
atac_L06042	k4me1_enh	5.495	1.174	0.915	2.312	2.4	1.932	1.729	3.272	3.044	2.119	0.51
atac_L06087	k4me1_enh	4.148	2.046	0.969	1.106	1.915	1.34	1.609	2.155	2.172	2.235	0.99
atac_L06091	k4me1_enh	3.538	0	1.614	2.17	2.5	1.366	2.237	0	1.429	1.81	1.062
atac_P01269	k4me1_enh	3.66	1.063	1.268	2.283	2.265	1.802	2.616	3.702	2.663	2.078	1.504
atac_L06108	k4me1_enh	4.253	2.661	1.379	2.723	2.541	2.309	2.915	0	2.627	2.054	1.583
atac_P01270	k4me1_enh	3.838	1.7	0.945	2.089	2.428	1.797	1.724	0	2.119	2.501	1.534
atac_P01274	k4me1_enh	4.836	1.349	0.789	2.179	2.146	1.8	2.131	0	2.598	1.502	1.627
atac_L06167	k4me1_enh	3.825	0.607	0.635	2.506	2.161	1.342	1.92	3.038	3.29	0.948	0.957
atac_P01301	k4me1_enh	3.623	1.016	0.972	1.717	1.858	1.197	2.189	1.934	1.57	0.683	1.384
atac_L06199	k4me1_enh	4.843	0	1.105	2.585	2.757	1.95	2.454	2.879	2.146	0.423	1.619
atac_L06202	k4me1_enh	3.955	1.181	0.863	2.273	2.556	1.98	2.63	2.998	2.71	2	1.714
atac_L06205	k4me1_enh	4.235	1.178	0.531	2.055	2.006	2.085	1.842	1.455	1.217	1.52	0.649
atac_P01302	k4me1_enh	3.577	0	1.312	1.411	1.473	1.177	0.955	0	1.265	1.013	1.194
atac_L06243	k4me1_enh	3.691	0.658	1.396	2.309	2.212	1.327	2.52	2.067	2.78	1.019	0.604
atac_L06291	k4me1_enh	4.45	1.539	1.402	2.911	2.639	1.844	2.857	2.646	3.43	1.861	1.948
atac_L06295	k4me1_enh	4.089	1.184	0.805	2.004	1.515	1.324	1.358	0	2.386	0.81	1.442
atac_L06303	k4me1_enh	3.573	0	1.067	1.787	2.158	1.417	1.825	0	1.204	1.072	0.878
atac_L06308	k4me1_enh	3.563	0.67	1.078	0.552	2.012	1.728	1.429	1.395	2.763	1.459	2.066
atac_L06311	k4me1_enh	3.338	0	1.228	1.732	1.528	1.311	1.991	0	2.321	0	0.303
atac_L06318	k4me1_enh	3.541	1.112	0.968	2.02	2.295	1.063	2.334	0	2.22	0	1.032
atac_P01333	k4me1_enh	5.106	2.142	0.953	1.825	2.454	1.77	1.924	3.38	2.994	1.231	1.882
atac_L06345	k4me1_enh	4.344	1.971	1.613	2.197	2.509	1.349	2.374	1.228	2.65	1.448	1.276
atac_L06349	k4me1_enh	3.441	1.121	1.12	1.161	1.598	1.313	2.045	0	2.029	1.257	0.944
atac_L06387	k4me1_enh	3.628	1.517	1.64	1.643	1.6	1.332	1.474	2.145	1.452	1.072	0.878
atac_L06418	k4me1_enh	4.919	2.1	0.537	2.45	2.423	2.248	2.125	0	3.729	2.085	1.235
atac_L06427	k4me1_enh	4.013	1.189	1.09	1.95	2.08	0.956	2.14	2.18	1.36	1.095	1.005
atac_L06447	k4me1_enh	3.346	2.001	0.436	1.534	1.828	1.491	1.889	0	1.727	1.047	0.345
atac_L06483	k4me1_enh	4.362	1.19	0.871	1.819	1.961	1.767	1.364	2.181	0.534	2.142	1.37
atac_P01359	k4me1_enh	5.116	1.073	1.493	2.42	2.175	1.833	1.977	3.34	2.843	1.205	1.164
atac_L06546	k4me1_enh	3.67	1.156	0.59	2.188	2.344	2.107	1.707	0	3.263	1.296	0.871
atac_L06554	k4me1_enh	5.425	0.607	0.636	3.554	3.049	2.563	3.193	2.76	4.998	1.922	1.405
atac_L06568	k4me1_enh	4.333	0	0.953	1.839	1.933	1.377	2.003	0	2.28	1.062	0.633
atac_L06581	k4me1_enh	5.103	2.2	1.389	2.054	2.433	2.062	1.681	2.106	2.051	1.274	1.311
atac_L06586	k4me1_enh	3.355	0	0.743	0.417	1.751	0.501	1.742	0	1.787	0.461	0
atac_L06589	k4me1_enh	3.734	0	1.011	1.145	1.785	1.638	1.846	2.063	2.21	0.75	1.199
atac_L06590	k4me1_enh	3.945	0	1.148	1.287	1.926	1.715	1.996	1.421	1.83	0.444	0.969
atac_L06605	k4me1_enh	4.368	1.717	1.188	3.528	3.086	2.352	2.826	2.055	4.586	1.012	1.729
atac_L06660	k4me1_enh	4.829	2.284	0.934	2.167	2.473	1.78	2.06	2.018	2.766	0	1.243
atac_L06666	k4me1_enh	3.583	2.201	1.226	2.21	2.083	1.784	2.227	2.107	2.123	1.472	0.855
atac_L06708	k4me1_enh	3.852	1.175	0.454	2.051	1.786	1.792	1.022	0	2.884	1.693	1.575
atac_L06889	k4me1_enh	4.675	1.972	0.567	1.157	2.056	1.223	1.954	1.386	2.706	0	1.037
atac_L13235	k4me1_enh	3.759	1.179	0	1.805	1.925	2.138	2.287	0	2.932	0	1.358
atac_L13329	k4me1_enh	4.576	0	1.465	3.313	2.143	2.278	3.282	1.372	4.098	1.016	1.679
atac_P02541	k4me1_enh	3.559	1.936	0.551	1.819	1.511	1.46	0.945	0	0.841	1.225	0.818
atac_L13462	k4me1_enh	3.481	1.11	1.063	0.686	0.736	1.53	1.276	0	2.151	1.612	1.03
atac_L13528	k4me1_enh	4.016	2.894	0.755	1.054	2.272	1.416	1.954	2.079	1.95	1.914	0.941
atac_L13529	k4me1_enh	3.727	1.794	1.159	2.14	1.899	1.516	1.595	3.249	2.007	1.067	0.979
atac_L13551	k4me1_enh	3.749	0.681	1.435	2.006	2.016	1.024	2.309	2.114	2.698	1.051	1.665
atac_L13595	k4me1_enh	3.354	1.825	1.23	2.227	2.014	1.62	1.03	0	2.041	1.325	1.442
atac_L13601	k4me1_enh	3.973	2.278	1.283	0.883	1.435	1.07	1.366	0	2.268	1.714	1.788
atac_L13633	k4me1_enh	3.347	1.139	1.468	1.82	2.086	1.866	1.57	0	2.596	0.439	1.314
atac_L13638	k4me1_enh	3.925	0	1.335	1.815	2.275	1.799	2.708	1.352	2.907	2.585	1.18
atac_L13661	k4me1_enh	3.632	0	1.569	2.051	2.115	1.436	0.984	0	2.187	1.642	1.309
atac_L13700	k4me1_enh	3.847	1.526	1.544	2.31	2.018	1.83	1.727	2.629	2.595	1.514	1.182
atac_L13726	k4me1_enh	4.113	2.05	1.076	1.495	2.171	2.045	2.202	2.159	2.794	0	0.646
atac_L13733	k4me1_enh	4.648	0	1.268	2.364	1.718	1.877	2.124	0	1.467	1.084	0.888
atac_L13739	k4me1_enh	4.713	0.552	1.402	1.885	2.248	1.696	2.664	1.835	2.247	0.869	0.505
atac_P02639	k4me1_enh	3.346	0	0.771	1.842	1.666	1.139	1.694	2.812	1.633	1.555	1.155
atac_L13744	k4me1_enh	4.737	0	0.909	2.786	2.529	2.259	2.365	3.499	2.84	1.942	1.485
atac_L13745	k4me1_enh	5.127	0	0.968	2.683	2.5	2.065	2.662	3.697	2.86	2.18	1.832
atac_L13748	k4me1_enh	4.589	0	0.555	2.336	2.081	1.868	2.443	2.052	1.997	0.744	1.483
atac_L13762	k4me1_enh	3.687	1.804	1.463	1.982	1.315	1.245	2.109	2.149	1.566	0.797	0.506
atac_L13763	k4me1_enh	4.544	0	1.265	1.994	1.822	1.738	1.302	4.376	2.186	1.936	0.852
atac_L13788	k4me1_enh	5.929	1.131	1.344	3.635	2.797	2.524	1.436	0	3.458	1.932	1.711
atac_L13793	k4me1_enh	5.154	2.753	1.273	3.624	3.047	2.329	3.051	3.773	3.566	2.244	1.616
atac_L13795	k4me1_enh	3.599	1.18	1.315	2.169	2.622	1.591	1.845	0	2.554	1.321	1.359
atac_L13807	k4me1_enh	4.465	1.138	1.042	2.775	2.223	1.786	2.565	0	2.193	0.439	1.148
atac_L13830	k4me1_enh	4.194	0	1.077	2.315	1.691	1.634	0.6	1.452	3.262	1.993	0.887
atac_L13862	k4me1_enh	4.719	1.772	1.187	2.527	2.354	1.771	2.309	0	3.272	2.193	1.318
atac_L13873	k4me1_enh	4.552	0.637	1.121	2.679	2.302	2.208	2.141	0	3.1	0.729	1.458
atac_L13896	k4me1_enh	4.044	1.111	0.563	0.544	1.285	1.274	1.278	0	1.692	1.247	0.834
atac_L13897	k4me1_enh	3.606	1.541	0.535	1.59	1.487	0.952	1.851	2.174	1.476	2.005	1.001
atac_L13913	k4me1_enh	3.623	0	0.972	2.034	2.291	2.21	2.254	1.27	2.544	2.114	0.852
atac_L13919	k4me1_enh	3.433	0	0.986	0.745	1.523	0.918	2.305	0	1.484	1.098	1.007
atac_L13950	k4me1_enh	3.54	0	1.082	1.222	1.51	0.948	0.603	0	2.036	1.523	1.19
atac_L13957	k4me1_enh	4.679	1.82	0.605	1.583	1.815	1.615	2.798	0	2.111	2.246	1.437
atac_L13974	k4me1_enh	5.014	0	1.345	2.535	2.546	1.885	2.772	0	2.318	1.232	1.414
atac_L13976	k4me1_enh	3.879	0.612	1.28	1.489	2.328	1.597	2.291	0	1.984	0.392	1.65
atac_L13994	k4me1_enh	3.344	0	0.861	1.412	1.192	0.946	1.024	0	1.868	0	0.512
atac_L14008	k4me1_enh	3.779	2.277	0.986	1.333	1.632	1.173	1.858	0	1.594	0.815	0.657
atac_L14020	k4me1_enh	3.383	1.425	1.13	2.442	2.287	2.025	2.227	3.129	3.014	2.113	0.814
atac_L14037	k4me1_enh	4.768	1.789	0.843	1.905	1.807	1.407	0	2.959	1.75	0.788	0.757
atac_L14042	k4me1_enh	4.812	2.114	1.284	2.023	2.489	1.665	1.983	1.339	2.728	2.099	1.246
atac_L14044	k4me1_enh	3.875	0	0.984	2.01	2.099	1.498	0.608	0	1.695	2.01	0.365
atac_L14074	k4me1_enh	4.177	0	1.028	2.239	1.892	1.746	1.551	2.088	1.406	1.783	0.614
atac_L14092	k4me1_enh	4.323	1.83	0.869	2.009	2.098	1.891	2.64	0	3.408	1.329	1.285
atac_L14093	k4me1_enh	4.122	1.508	1.525	2.238	2.329	1.909	2.4	2.134	3.295	2.095	0.635
atac_L14100	k4me1_enh	3.731	1.132	0.766	2.388	2.278	1.818	1.562	0	1.719	0.436	0.487
atac_L14113	k4me1_enh	4.494	1.724	1.15	2.85	2.401	1.594	1.846	2.063	2.732	1.607	1.115
atac_L14119	k4me1_enh	3.656	0	0.944	2.764	2.251	1.834	2.621	1.961	2.818	0.697	1.2
atac_L14152	k4me1_enh	4.143	1.806	1.071	2.351	2.249	1.963	2.111	2.151	2.236	1.984	1.086
atac_L14172	k4me1_enh	5.495	2.109	1.189	2.55	2.651	1.713	2.64	0	3.516	0.88	1.187
atac_L14180	k4me1_enh	3.468	0.654	1.53	2.16	1.575	1.347	1.268	0	1.851	1.432	1.488
atac_L14213	k4me1_enh	3.361	1.831	1.037	1.817	1.52	1.359	1.747	0	0.922	0.813	1.005
atac_L14215	k4me1_enh	3.448	1.161	1.636	0.983	1.544	0.969	1.333	0	1.661	0.792	0.875
atac_L14216	k4me1_enh	3.692	0	1.467	1.65	2.015	1.249	2.487	2.153	2.303	1.077	1.636
atac_P02744	k4me1_enh	4.385	1.893	1.187	0.893	2.247	1.922	2.257	1.998	2.144	0	1.228
atac_L14220	k4me1_enh	4.834	1.077	1.076	2.678	2.411	1.961	2.41	3.348	3.099	1.984	1.457
atac_P02750	k4me1_enh	3.759	1.067	1.067	2.45	2.717	2.029	2.395	0	2.626	1.2	1.235
atac_L14238	k4me1_enh	3.387	0	0.874	0.95	2.17	1.45	1.871	2.909	2.359	1.034	0.734
atac_L14239	k4me1_enh	5.075	0.645	1.579	1.988	2.675	1.701	2.081	3.133	2.908	1.001	1.822
atac_L14240	k4me1_enh	4.176	0	1.256	2.522	2.086	1.669	0	0	2.477	0.796	1.175
atac_L14259	k4me1_enh	5.788	0.622	1.009	2.768	2.993	2.174	2.929	2.448	3.937	1.186	1.555
atac_P02778	k4me1_enh	3.631	0	0.183	1.492	1.943	1.72	1.269	2.524	1.267	2.021	0.929
atac_L14300	k4me1_enh	4.137	1.062	1.305	2.895	2.84	1.8	1.786	2	3.394	1.194	0.688
atac_L14310	k4me1_enh	3.616	1.94	1.679	0.534	0.89	0.594	1.393	0	1.479	0.418	0.712
atac_L14372	k4me1_enh	3.778	0.965	0.741	1.757	2.462	1.498	1.356	1.21	1.736	1.822	1.258
atac_L14375	k4me1_enh	4.226	2.019	1.151	1.7	2.47	1.921	2.808	0	3.546	1.489	0.972
atac_L14377	k4me1_enh	4.201	0	1.226	3.126	2.795	1.902	2.502	2.107	3.384	1.472	1.388
atac_L04179	k4me1_enh	3.412	2.972	0.639	1.861	1.344	0.558	0.282	1.294	1.074	0	0.962
atac_L04248	k4me1_enh	3.522	1.169	1.387	1.211	1.526	1.278	2.348	0	2.168	2.113	1.498
atac_L04250	k4me1_enh	3.335	2.193	1.599	1.445	1.707	1.756	1.781	0	1.719	2.286	0.851
atac_L04322	k4me1_enh	3.537	0	0.801	1.413	1.48	1.539	1.491	0	1.074	1.855	0.774
atac_L04337	k4me1_enh	3.398	1.807	0.667	0.99	0.997	0.642	0	0	1.209	1.844	0.357
atac_L04339	k4me1_enh	4.389	2.852	1.068	1.208	1.95	0.438	1.338	0	2.361	0.796	0.189
atac_L04363	k4me1_enh	3.34	0	0.768	0.893	1.571	1.075	1.355	2.458	1.628	1.551	1.152
atac_L04404	k4me1_enh	3.781	0.947	1.428	2.103	2.281	1.308	2.57	0	2.471	0.35	1.674
atac_L04406	k4me1_enh	4.3	0.616	0.808	2.299	2.428	1.76	1.939	1.304	2.452	0.96	1.813
atac_L04437	k4me1_enh	5.543	1.783	1.326	2.617	1.989	1.58	1.906	2.126	2.398	1.959	1.546
atac_L04441	k4me1_enh	4.676	2.095	0.924	2.198	2.324	1.542	2.193	0	2.941	1.554	1.073
atac_L04443	k4me1_enh	4.533	1.039	0.902	2.329	2.66	2.079	2.224	1.296	3.246	1.523	1.205
atac_L04445	k4me1_enh	3.563	1.125	1.214	1.736	2.344	1.425	2.421	0	2.417	1.786	1.447
atac_L04514	k4me1_enh	3.448	0	1.337	1.594	1.992	1.289	1.667	0	3.304	1.785	0.18
atac_L04519	k4me1_enh	4.242	2.877	1.032	1.324	1.772	1.352	0.832	0	2.502	1.089	0.999
atac_L04536	k4me1_enh	3.399	0	0.968	1.106	0.353	0.901	0.823	0	0	1.311	1.18
atac_L04549	k4me1_enh	3.619	1.096	1.002	0.677	0.539	0.722	0	2.049	1.259	1.231	0
atac_L04553	k4me1_enh	4.511	1.538	1.182	1.587	2.109	1.569	2.042	0	2.256	2.002	1.099
atac_L04598	k4me1_enh	4.871	0	0.808	2.178	2.632	1.95	1.854	2.651	2.945	2.138	0.655
atac_L04625	k4me1_enh	5.168	0	1.151	2.181	2.274	1.995	2.17	0	2.665	2.089	1.161
atac_L04651	k4me1_enh	3.992	1.04	0.853	1.624	1.909	1.636	2.29	2.771	3.036	1.17	0.963
atac_L04668	k4me1_enh	3.947	2.149	0.799	0.929	1.304	0.726	0.954	0	2.139	0	0
atac_L04674	k4me1_enh	3.472	1.487	1.184	1.368	1.595	0.711	0.798	2.932	1.532	1.277	0.345
atac_P00939	k4me1_enh	4.585	1.371	0.804	2.518	2.26	1.735	1.56	1.97	3.162	1.525	1.704
atac_L04696	k4me1_enh	4.547	2.176	1.208	2.325	2.228	1.542	2.125	0	2.958	0	2.011
atac_L04722	k4me1_enh	3.497	1.191	1.238	2.073	1.983	1.769	1.506	0	1.595	0	0.366
atac_L04734	k4me1_enh	3.716	0	0.718	2.158	1.268	1.753	2.726	2.47	2.535	1.56	0.799
atac_L04740	k4me1_enh	3.402	1.76	1.133	1.271	1.71	1.409	2.222	0	1.721	0.771	0.488
atac_L04780	k4me1_enh	3.612	0	1.037	0.742	1.13	1.743	1.63	0	2.047	1.71	1.591
atac_L04795	k4me1_enh	5.564	1.451	1.279	2.068	2.612	1.48	1.751	2.066	2.334	1.61	1.201
atac_L04813	k4me1_enh	3.884	1.967	0.809	1.504	1.938	0.775	1.856	2.074	2.09	1.77	1.033
atac_L04866	k4me1_enh	4.486	0	1.037	1.994	2.602	1.897	2.879	0	2.537	1.271	1.228
atac_L04880	k4me1_enh	4.828	1.097	1.307	2.677	1.774	1.649	2.17	0	3.782	2.013	1.343
atac_L04901	k4me1_enh	4.527	0	1.302	3.418	2.382	2.001	2.435	3.375	4.058	1.743	0.819
atac_P01010	k4me1_enh	4.69	1.68	1.389	2.796	1.937	2.469	2.133	0	2.721	1.977	1.081
atac_L04907	k4me1_enh	4.667	0	0.93	1.928	2.317	1.945	2.213	2.914	2.892	2.172	0.616
atac_L04912	k4me1_enh	4.503	1.127	0.876	1.167	1.937	1.527	1.775	0	2.038	0.766	0.847
atac_L04926	k4me1_enh	3.872	1.082	1.036	2.225	1.526	1.473	2.071	0	2.605	1.866	0.81
atac_L04949	k4me1_enh	3.376	1.79	0.955	1.633	2.016	0.679	1.005	2.134	1.195	1.67	0.871
atac_L04957	k4me1_enh	3.408	0	1.353	1.317	1.787	1.457	1.349	0	1.95	1.518	0.994
atac_L04958	k4me1_enh	4.2	2.654	0.904	1.627	1.741	1.199	0.723	2.774	2.116	1.36	1.349
atac_L04959	k4me1_enh	4.157	1.816	0.8	1.732	1.589	1.286	2.623	0	2.247	1.994	0.994
atac_L04981	k4me1_enh	3.422	1.146	1.32	2.173	1.726	1.341	2.849	0	1.826	1.054	0.75
atac_L04986	k4me1_enh	4.854	1.191	1.452	2.431	2.282	1.629	1.366	0	2.624	1.333	1.289
atac_L05015	k4me1_enh	3.788	1.802	1.017	1.98	2.639	1.472	1.338	0	2.092	0.796	0.879
atac_L05064	k4me1_enh	3.475	0	0.738	1.66	1.564	1.347	1.842	0	1.868	1.085	0.889
atac_L05071	k4me1_enh	3.488	0.64	0.988	1.215	2.249	0.826	1.715	2.028	3.039	1.215	1.09
atac_L05113	k4me1_enh	4.349	0	1.065	1.784	1.882	1.956	1.473	1.438	3.027	1.678	1.418
atac_L05120	k4me1_enh	4.349	0	1.404	2.707	2.166	2.037	2.197	1.772	3.473	2.127	0.373
atac_L05371	k4me1_enh	3.877	2.889	0.611	2.286	2.157	1.954	2.449	0	3.031	1.87	0.783
atac_L14574	k4me1_enh	3.956	2.265	0.533	0.415	1.124	0.499	0	0	1.221	0	0.362
atac_L14596	k4me1_enh	4.935	1.034	1.158	3.467	2.841	2.012	2.717	3.04	4.776	2.499	1.796
atac_L14628	k4me1_enh	4.055	2.239	1.254	1.303	2.12	1.755	1.923	2.144	2.989	1.679	0.763
atac_L14665	k4me1_enh	3.858	2.221	1.103	2.617	2.173	2.242	2.391	0	2.664	1.488	1.956
atac_L14667	k4me1_enh	3.426	1.275	1.189	2.902	2.54	1.778	2.227	1.205	3.188	1.696	1.49
atac_L14693	k4me1_enh	3.557	1.834	1.922	1.514	1.579	1.033	1.858	0	2.864	1.713	1.371
atac_L14704	k4me1_enh	3.483	2.267	0.676	1.225	1.7	1.097	1.357	0	2.04	0.809	0.893
atac_L14726	k4me1_enh	3.766	1.153	0.841	0.568	1.56	2.118	2.002	2.129	1.651	1.962	1.248
atac_L14746	k4me1_enh	4.62	1.537	0.964	2.13	1.765	1.665	1.738	1.209	2.271	1.088	0.892
atac_L14747	k4me1_enh	5.059	1.549	0.93	1.821	2.024	1.791	1.366	0	2.676	1.333	0.784
atac_L14751	k4me1_enh	3.636	1.169	1.426	1.648	1.183	1.184	1.93	0	2.424	0.798	1.265
atac_L14757	k4me1_enh	3.421	1.54	0.866	0.223	1.267	0.872	1.203	0	0.29	1.862	1.1
atac_L14781	k4me1_enh	5.006	1.173	1.219	2.829	3.039	1.454	3.079	0	3.189	1.313	0.77
atac_L14850	k4me1_enh	4.134	1.164	1.209	2.559	2.174	1.443	2.187	2.144	2.013	1.679	1.173
atac_P02855	k4me1_enh	4.019	2.792	1.18	2.468	2.54	1.573	1.467	3.075	3.094	1.692	0.886
atac_L14887	k4me1_enh	4.62	1.775	1.438	3.086	2.265	2.005	0.994	2.118	2.606	2.08	1.787
atac_P02859	k4me1_enh	4.064	2.148	0.683	1.949	2.118	1.653	1.523	0	1.586	0	0.825
atac_P02861	k4me1_enh	3.822	1.333	1.509	2.359	1.736	1.596	0.698	0	2.184	0.678	1.311
atac_L14921	k4me1_enh	4.137	1.442	1.23	3.237	3.078	1.716	2.873	2.52	3.788	0.421	0.825
atac_L14950	k4me1_enh	4.325	1.188	0.746	0.418	1.462	0.916	1.63	0	1.695	0.813	0.365
atac_L14954	k4me1_enh	4.499	0	1.06	2.426	1.669	1.463	1.916	2.136	2.769	2.097	1.621
atac_L14972	k4me1_enh	3.828	0	1.633	2.012	1.58	1.861	2.183	2.529	3.081	1.608	0.932
atac_L14973	k4me1_enh	3.551	0	0.442	2.181	1.585	1.863	2	1.425	2.564	1.29	0.867
atac_L14975	k4me1_enh	4.525	2.002	0.992	1.82	2.121	1.492	2.07	0	1.98	1.277	1.234
atac_L14985	k4me1_enh	3.605	0	1.183	2.12	2.014	1.737	1.85	2.173	2.323	1.325	1.364
atac_L14999	k4me1_enh	5.248	0	1.087	1.421	2.188	0.832	2.372	2.176	0.739	1.707	0.896
atac_L15024	k4me1_enh	3.651	0	0.738	1.319	1.591	1.46	0.601	2.164	2.109	0.805	0.774
atac_L15033	k4me1_enh	3.428	0	0.653	1.958	2.205	1.453	1.583	2.124	1.994	1.058	1.611
atac_L15042	k4me1_enh	4.477	2.473	1.225	2.835	2.675	2.054	2.72	1.361	3.372	1.885	1.413
atac_L15046	k4me1_enh	4.64	0	1.215	2.503	2.238	1.643	2.135	0	3.079	1.633	0.736
atac_L15052	k4me1_enh	4.751	1.833	1.236	3.474	2.701	2.219	2.867	3.298	4.342	2.821	0.783
atac_L15057	k4me1_enh	4.603	0	1.033	1.506	1.931	1.545	1.625	3.527	2.386	1.862	1.653
atac_P02894	k4me1_enh	3.669	2.235	1.167	2.072	2.05	1.844	2.356	3.489	2.792	1.36	0.778
atac_L15114	k4me1_enh	3.546	1.387	0.866	2.674	2.608	2.255	3.009	2.794	3.919	0.711	0.977
atac_L15139	k4me1_enh	3.483	0	1.278	2.451	2.077	1.711	2.162	0	1.737	1.813	1.155
atac_L15177	k4me1_enh	5.421	2.208	1.298	2.384	2.394	1.82	2.388	0	2.763	1.652	1.394
atac_L15189	k4me1_enh	3.475	1.339	1.056	1.456	1.511	1.221	1.81	0	2.3	1.327	1.444
atac_L15220	k4me1_enh	3.876	1.189	1.281	1.885	1.306	1.721	1.035	0	2.817	1.331	0
atac_L15233	k4me1_enh	3.378	0	1.06	1.476	1.81	1.436	1.816	0	2.465	1.672	1.253
atac_L15243	k4me1_enh	3.655	2.6	1.315	0.999	0.88	0.389	0.83	0	1.781	0	0.775
atac_L15256	k4me1_enh	5.289	1.159	1.453	2.807	2.653	1.931	2.097	0	2.675	0.79	1.254
atac_L15293	k4me1_enh	3.817	1.787	1.287	2.023	2.278	1.378	1.911	2.131	1.921	1.293	1.25
atac_L15307	k4me1_enh	5.038	2.058	1.589	2.458	2.315	2.483	2.951	2.166	3.268	0.459	1.581
atac_L15311	k4me1_enh	5.183	1.182	0.741	2.626	2.35	1.491	2.13	0	2.186	1.088	1.191
atac_L15315	k4me1_enh	4.967	1.501	1.24	2.074	2.702	1.739	2.169	2.126	3.188	1.488	0.866
atac_L15316	k4me1_enh	3.614	1.19	1.236	1.596	2.246	1.675	2.703	2.181	2.818	1.712	0.783
atac_L15322	k4me1_enh	4.042	1.181	0.803	1.415	1.817	1.35	2.129	0	1.352	1.858	0.362
atac_L15323	k4me1_enh	3.611	1.83	0.927	1.671	2.771	1.575	2.64	0	2.452	1.709	0
atac_L15325	k4me1_enh	4.648	1.411	0.934	1.735	2.065	1.642	2.278	3.546	3.191	0.727	1.696
atac_L15327	k4me1_enh	3.533	1.531	1.548	1.932	1.716	1.402	1.731	0	2.246	1.694	1.768
atac_P02934	k4me1_enh	3.663	1.399	1.61	1.104	1.552	1.649	1.881	0	2.577	1.197	0.69
atac_L15361	k4me1_enh	3.818	1.985	1.171	1.669	1.555	1.708	1.431	0	2.038	1.927	1.136
atac_L15367	k4me1_enh	3.995	1.956	0.858	1.776	1.651	1.12	2.786	0	2.732	2.024	1.791
atac_L15372	k4me1_enh	4.012	0	1.488	1.949	2.155	1.067	0.836	2.179	2.264	1.868	1.591
atac_L15380	k4me1_enh	4.908	3.105	1.082	1.503	1.393	0.741	0.333	0	2.254	1.524	1.278
atac_L15391	k4me1_enh	3.481	1.182	1.48	1.001	1.648	0.949	1.622	0	1.221	1.702	1.098
atac_L15400	k4me1_enh	3.927	0	0.748	2.56	1.963	1.916	2.055	0	2.726	2.263	1.595
atac_P02947	k4me1_enh	5.17	1.951	0.8	2.299	2.673	2.314	2.509	2.522	3.354	1.602	1.488
atac_L15404	k4me1_enh	5.09	1.713	1.184	1.827	1.795	1.443	2.957	0	3.197	1.009	1.668
atac_L15406	k4me1_enh	3.818	1.127	1.258	1.596	2.087	1.263	2.486	2.912	2.969	1.264	0.485
atac_L15407	k4me1_enh	4.238	1.029	1.192	2.972	2.949	2.035	3.283	1.952	3.926	0.944	1.838
atac_L15411	k4me1_enh	3.541	1.181	1.316	2.17	2.583	1.98	2.129	0	3.094	2	1.098
atac_L15412	k4me1_enh	5.321	2.581	1.166	2.395	2.82	1.904	2.416	2.977	4.003	0.797	1.263
atac_L15413	k4me1_enh	5.448	3.306	1.519	2.547	3.102	1.569	2.506	2.171	4.087	1.703	0.362
atac_L15447	k4me1_enh	4.208	0	0.756	1.633	1.807	1.833	1.67	2.782	2.761	1.532	0.879
atac_L15450	k4me1_enh	4.441	0	0.998	2.41	2.001	1.663	1.729	1.356	3.219	1.003	0.919
atac_L15459	k4me1_enh	3.94	0	1.074	1.919	2.246	1.899	2.477	0	2.755	1.257	1.13
atac_L15492	k4me1_enh	3.725	0	1.381	1.442	2.125	1.175	1.969	2.095	1.295	1.038	0.617
atac_L15505	k4me1_enh	3.632	1.803	1.166	2.202	0.912	1.245	2.021	2.148	1.336	1.981	0.356
atac_L15561	k4me1_enh	4.596	1.799	1.798	2.344	2.174	2.133	2.662	0	3.139	1.679	1.692
atac_L15563	k4me1_enh	4.544	2.397	1.195	3.248	2.76	1.881	2.642	2.596	3.646	1.488	1.068
atac_L15564	k4me1_enh	5.146	2.86	1.506	3.073	2.804	1.91	1.934	2.155	3.47	0.8	1.181
atac_L15576	k4me1_enh	3.505	0	0.725	1.2	1.766	1.438	2.535	0	2.35	1.83	1.255
atac_L15583	k4me1_enh	4.248	1.144	1.647	2.064	2.311	1.642	2.381	0	2.266	0	1.786
atac_L15593	k4me1_enh	4.049	0	1.092	2.328	2.038	1.746	2.495	2.857	3.25	1.742	1.184
atac_L15616	k4me1_enh	3.887	0	1.093	1.822	2.21	1.52	1.986	1.413	3.03	1.477	1.15
atac_L15651	k4me1_enh	4.518	0	1.465	3.203	2.823	2.037	2.111	0	3.772	1.309	0.767
atac_L15652	k4me1_enh	4.421	1.779	0.778	1.623	2.134	1.425	1.167	2.946	1.74	1.485	0.751
atac_L15664	k4me1_enh	4.008	1.505	0.94	3.107	2.778	2.141	2.773	2.602	4.053	2.093	1.665
atac_L15672	k4me1_enh	4.223	0	1.034	1.87	1.96	1.08	1.97	0	2.366	1.267	1.649
atac_L15684	k4me1_enh	4.424	0	0.986	2.048	2.455	1.209	1.301	0	2.586	1.64	1.051
atac_L15697	k4me1_enh	3.738	0	1.605	2.394	1.826	1.783	2.149	2.106	2.985	1.274	0.743
atac_L15714	k4me1_enh	3.977	2.423	0.666	3.176	2.909	1.393	1.829	0	3.52	1.308	1.697
atac_L15725	k4me1_enh	3.394	0	1.302	1.983	1.823	1.421	2.193	0	1.567	0	1.346
atac_L15730	k4me1_enh	5.012	2.757	1.368	2.011	1.96	1.388	2.14	2.18	1.792	1.533	0.782
atac_L15783	k4me1_enh	4.001	1.982	1.357	2.209	2.178	1.751	2.731	1.892	3.523	1.458	0.734
atac_L15833	k4me1_enh	3.779	0	0	1.597	1.308	0.394	1.365	0	2.05	0.815	0.366
atac_L15834	k4me1_enh	4.039	1.154	0	2.696	1.508	0.999	1.704	0	2.808	1.293	0.351
atac_P03020	k4me1_enh	4.298	2.265	0.174	3.404	2.264	1.889	2.258	3.322	4.019	1.962	1.23
atac_L15835	k4me1_enh	4.326	3.125	0.984	3.597	2.807	1.713	3.053	3.201	4.486	2.874	1.381
atac_L15869	k4me1_enh	4.368	1.633	0.748	3.542	2.758	1.904	2.407	3.478	4.055	0	1.531
atac_L15870	k4me1_enh	3.561	1.981	1.623	3.624	3.09	2.263	2.658	1.393	3.87	0.764	1.133
atac_L15958	k4me1_enh	3.441	1.791	0.901	1.475	1.643	1.588	1.708	2.135	1.325	1.296	1.484
atac_L08409	k4me1_enh	3.747	1.142	0.648	0.965	1.223	1.188	0.8	0	0.708	1.478	1.237
atac_L08449	k4me1_enh	3.665	1.828	1.087	1.005	1.653	1.968	1.5	0	2.261	0.812	0.516
atac_L08458	k4me1_enh	5.329	2.278	0.612	3.239	2.967	1.701	2.055	0	3.473	1.714	0.658
atac_L08463	k4me1_enh	3.821	1.156	1.561	1.967	1.642	1.513	1.005	1.43	1.84	0	1.553
atac_L08492	k4me1_enh	4.226	1.074	1.355	2.461	2.296	1.681	2.277	2.017	2.544	0.408	1.243
atac_P01724	k4me1_enh	3.392	0.602	1.189	1.67	1.89	1.428	1.738	1.281	1.964	1.789	0.861
atac_L08604	k4me1_enh	3.644	1.453	1.398	2.355	2.063	2.213	1.754	0	2.552	2.147	1.685
atac_L08606	k4me1_enh	4.144	0	0.651	2.319	1.679	1.622	1.454	0	3.039	0.781	0.348
atac_L08654	k4me1_enh	4.984	4.922	0.807	2.848	2.603	1.739	1.499	2.649	3.777	1.327	1.102
atac_L08665	k4me1_enh	4.392	0	1.084	2.429	2.841	2.121	2.219	1.402	2.816	1.794	1.306
atac_L08678	k4me1_enh	3.9	0.704	0.799	1.217	2.34	1.19	1.614	0	1.576	1.693	1.767
atac_P01745	k4me1_enh	4.159	0.622	1.405	2.769	2.338	2.523	2.377	1.99	3.274	1.376	1.145
atac_P01746	k4me1_enh	4.007	2.042	1.267	2.919	2.438	2.107	2.273	3.03	3.89	0.387	0.863
atac_L08708	k4me1_enh	3.944	1.077	1.12	1.799	2.329	2.105	2.923	0	3.099	1.57	1.457
atac_P01749	k4me1_enh	3.929	1.675	1.455	1.007	1.932	1.408	1.595	1.33	2.628	1.56	0.898
atac_L08710	k4me1_enh	4.29	2.275	1.189	1.885	1.828	1.893	1.363	2.655	1.792	1.869	1.369
atac_L08732	k4me1_enh	3.781	0	0.744	1.547	1.362	1.266	2.072	0	2.476	0	0.555
atac_L08748	k4me1_enh	5.422	1.532	0.8	3.137	2.891	2.202	3.171	0	2.752	1.519	1.829
atac_L08755	k4me1_enh	5.108	1.904	1.235	3.228	2.412	1.982	2.909	0	3.577	1.391	1.687
atac_L08758	k4me1_enh	4.699	0	1.462	2.427	2.53	2.26	2.626	0	2.969	1.604	1.554
atac_L08803	k4me1_enh	4.463	3.035	0.938	2.055	2.101	2.112	2.149	0	2.866	0.774	1.146
atac_L08833	k4me1_enh	3.719	0	0.678	1.005	1.913	1.356	2.219	2.176	1.357	0.812	0.896
atac_P01781	k4me1_enh	4.332	3.083	1.251	2.564	2.168	1.799	2.538	0	3.05	2.26	0.678
atac_L08843	k4me1_enh	3.636	1.169	0.598	0.989	1.217	1.278	1.016	2.151	1.208	0.798	0.881
atac_L08861	k4me1_enh	4.224	0	1.389	1.725	1.894	1.721	1.344	2.155	1.571	1.312	1.427
atac_L08865	k4me1_enh	3.488	1.149	1.552	2.177	2.65	1.529	1.582	2.593	3.313	1.957	1.244
atac_L08866	k4me1_enh	4.948	1.383	0.96	2.499	2.701	1.822	2.597	1.309	3.18	0.965	1.291
atac_L08886	k4me1_enh	3.468	0	1.392	1.576	2.116	1.342	1.346	0	2.175	0.802	0.646
atac_L08891	k4me1_enh	4.429	0.714	1.189	2.183	2.346	2.313	2.303	0	2.568	0.814	1.287
atac_L08895	k4me1_enh	4.56	1.159	1.062	1.91	1.458	1.566	2.333	2.138	2.627	1.971	0.637
atac_L08908	k4me1_enh	3.573	2.241	0.908	0.862	2.008	1.548	1.925	2.146	1.761	0	0.764
atac_L08917	k4me1_enh	4.32	0	1.185	2.229	2.616	2.292	2.442	0	2.506	0	0.654
atac_L08972	k4me1_enh	4.791	0.606	1.41	2.537	2.626	1.846	2.212	3.269	3.913	1.661	0.555
atac_L08988	k4me1_enh	4.651	2.192	0.97	1.827	2.233	1.563	2.372	2.384	2.821	1.491	0.939
atac_L08991	k4me1_enh	4.003	1.824	1.557	1.325	1.993	1.595	2.215	0	0.531	0.809	1.652
atac_L09007	k4me1_enh	4.089	1.137	1.041	1.451	0.967	1.656	0.987	2.107	1.303	1.275	1.312
atac_L09085	k4me1_enh	4.553	1.189	1.14	1.512	2.137	1.831	1.035	0	2.567	0	1.592
atac_L09086	k4me1_enh	4.458	1.523	1.95	1.104	2.267	2.073	1.723	0	2.365	1.985	1.498
atac_L09106	k4me1_enh	3.494	1.152	1.152	0.215	0.981	1.135	1.323	2.128	2.073	2.512	1.161
atac_L09113	k4me1_enh	3.423	1.827	1.185	1.12	1.703	1.761	1.204	0	1.356	0.811	1.365
atac_L09115	k4me1_enh	4.407	2.258	0.974	1.733	2.157	1.287	1.35	2.163	1.867	0.805	1.77
atac_L09153	k4me1_enh	4.337	1.814	1.077	2.832	2.627	2.046	2.621	2.16	3.157	1.693	1.272
atac_P01830	k4me1_enh	3.721	1.873	1.616	2.125	2.415	1.797	2.094	2.781	2.98	2.258	0.878
atac_L09177	k4me1_enh	4.672	1.794	1.634	1.847	1.569	1.238	2.405	0	0.518	1.831	0.979
atac_L09182	k4me1_enh	3.403	0	0.97	2.311	2.289	1.988	2.029	2.157	2.697	1.989	0.77
atac_L09196	k4me1_enh	3.951	0.625	1.301	2.19	2.66	1.74	1.221	1.319	2.82	0.401	0.889
atac_L09200	k4me1_enh	3.989	0	0.779	2.072	2.303	1.554	2.641	2.948	2.967	0.783	1.735
atac_P01847	k4me1_enh	4.614	1.944	0.954	2.497	2.595	1.712	2.012	1.363	2.375	0	0.823
atac_L09202	k4me1_enh	4.17	0	1.231	2.421	3.206	1.494	2.217	2.174	3.372	1.326	1.101
atac_L09203	k4me1_enh	5.102	1.522	0.911	2.718	2.63	1.783	2.111	0	3.861	1.685	0.643
atac_L09204	k4me1_enh	4.835	1.615	1.022	2.417	2.327	1.817	2.994	0	2.64	1.151	1.031
atac_L09259	k4me1_enh	3.341	0.705	1.026	2.655	2.478	1.658	1.022	0	2.652	1.694	1.432
atac_L09279	k4me1_enh	4.674	1.353	1.264	2.967	2.563	1.805	2.136	3.027	3.357	1.506	1.19
atac_L09281	k4me1_enh	3.838	1.112	1.242	1.423	1.815	1.303	1.854	2.072	2.22	0	0.606
atac_L09285	k4me1_enh	4.395	0.675	0.507	2.553	2.131	1.382	2.433	0	3.568	1.271	1.052
atac_L09288	k4me1_enh	3.434	0	1.07	1.853	1.464	1.652	2.532	2.545	2.459	0.758	0.609
atac_L09329	k4me1_enh	3.616	1.191	0.611	1.009	0.974	1.361	1.505	0	1.698	0	1.288
atac_L09359	k4me1_enh	3.763	0	1.316	1.737	1.264	1.321	2.129	2.169	2.254	1.524	0.998
atac_L09362	k4me1_enh	3.885	1.768	1.185	1.754	2.48	1.542	2.153	0	3.417	1.475	1.234
atac_L09411	k4me1_enh	3.42	0	1.319	1.618	2.147	1.339	1.577	2.117	1.64	2.079	1.397
atac_L09434	k4me1_enh	3.369	1.503	1.285	1.961	2.209	1.629	2.323	1.425	3.319	2.09	1.248
atac_L09444	k4me1_enh	4.12	1.5	1.015	1.817	1.938	1.517	2.187	2.257	1.894	1.234	1.403
atac_L09448	k4me1_enh	3.393	1.128	1.561	2.691	2.543	2.148	2.664	2.094	3.151	0.767	0.485
atac_P01907	k4me1_enh	3.908	2.752	0.419	1.327	0.592	0.727	0.556	0	1.929	0.422	0.6
atac_L09454	k4me1_enh	3.95	2.259	0.531	1.733	1.563	1.684	2.208	0	1.868	0	1.71
atac_L09486	k4me1_enh	3.394	0.699	0.45	1.791	1.182	1.761	0	0	1.457	0	1.264
atac_L09510	k4me1_enh	3.794	0.68	0.941	1.076	1.254	1.888	1.159	0	2.196	0	1.6
atac_L09518	k4me1_enh	4.427	1.368	1.202	0.76	2.093	1.532	1.928	1.966	2.285	0	1.345
atac_L09519	k4me1_enh	4.949	2.331	1.534	2.621	2.656	2.052	2.105	2.528	2.775	1.016	1.679
atac_L09520	k4me1_enh	4.179	1.066	1.192	1.659	2.085	1.5	1.481	0	2.088	1.389	1.075
atac_L09645	k4me1_enh	3.575	3.122	1.025	2.566	2.14	1.23	1.798	2.013	3.089	0	0.695
atac_L09655	k4me1_enh	3.707	0	0.79	2.236	2.431	1.552	2.658	1.354	4.388	0.738	0.172
atac_L09656	k4me1_enh	4.219	1.834	1.142	1.009	1.659	1.768	1.633	0	3.854	2.743	1.107
atac_L09774	k4me1_enh	3.65	1.817	1.475	1.112	0.833	1.287	1.49	2.163	1.467	1.318	1.274
atac_L22347	k4me1_enh	3.337	0	0.67	1.576	1.688	0.98	1.485	0	0.91	0	0.646
atac_L22382	k4me1_enh	3.721	3.808	0.98	2.289	2.068	1.81	1.554	2.091	2.361	1.632	0.615
atac_L22403	k4me1_enh	3.906	0	0.739	1.413	1.695	1.258	1.735	0	1.954	1.086	0.89
atac_L22421	k4me1_enh	4.437	0	0.454	2.315	2.293	1.814	2.681	0	2.75	0.804	0.887
atac_L22425	k4me1_enh	3.378	1.792	0.785	2.702	2.183	1.436	2.009	2.962	2.574	0.79	1.555
atac_L22440	k4me1_enh	3.625	0.652	1.099	3.164	2.691	1.993	3.124	2.053	3.867	1.599	1.192
atac_L22442	k4me1_enh	3.482	0	0.923	2.275	1.425	1.822	2.042	0	2.807	1.089	1.099
atac_L22452	k4me1_enh	3.934	0	1.71	1.689	2.054	1.57	2.844	0	2.442	0.778	1.061
atac_L22461	k4me1_enh	4.145	0	0.893	2.232	2.095	1.362	2.613	0	2.918	1.346	1.523
atac_P04149	k4me1_enh	3.332	1.057	0.764	1.711	1.72	1.659	1.219	0	1.216	0.713	1.497
atac_L22531	k4me1_enh	3.404	0	0.741	1.946	1.711	1.017	1.521	0	2.583	1.233	1.345
atac_L22542	k4me1_enh	3.697	0	1.141	1.947	1.721	0.952	1.688	0	1.427	1.652	0.963
atac_L22553	k4me1_enh	4.878	1.151	1.15	2.128	2.51	2.03	1.999	2.597	3.347	1.488	1.069
atac_L22609	k4me1_enh	3.772	0	1.087	1.814	2.096	1.548	2.912	3.007	1.478	0.812	1.897
atac_L22610	k4me1_enh	3.887	0	1.021	1.37	1.755	1.693	2.125	0	2.383	0.721	0.798
atac_L22611	k4me1_enh	5.076	1.546	1.189	2.472	2.312	1.852	1.957	3.74	1.696	0	0.898
atac_L22617	k4me1_enh	3.334	1.809	0.528	1.862	1.936	1.531	1.018	0	0.729	0	1.268
atac_L22618	k4me1_enh	4.028	2.394	1.363	2.321	2.043	1.714	2.454	2.946	2.61	1.66	1.324
atac_L22620	k4me1_enh	3.643	0	0.797	2.829	1.979	1.911	2.734	3.271	2.242	2.237	1.765
atac_L22675	k4me1_enh	3.554	1.832	0.294	0.743	1.708	0.876	0.608	2.18	1.696	0.814	1.105
atac_L22682	k4me1_enh	3.834	1.164	0.728	0.861	2.103	1.62	1.824	0	2.358	1.68	0.878
atac_L22699	k4me1_enh	4.241	1.823	0.675	1.323	1.673	1.024	0.831	2.17	1.584	0.808	1.361
atac_L22742	k4me1_enh	3.329	2.043	0.966	2.351	2.181	1.394	2.111	2.151	2.59	1.076	1.874
atac_L22753	k4me1_enh	3.648	1.815	0.859	0.413	0.92	0.944	1.022	0	0.732	0.804	0.647
atac_L22809	k4me1_enh	3.409	0	0.531	2.164	2.449	2.217	2.847	3.277	2.107	1.519	0.648
atac_L22832	k4me1_enh	3.346	1.671	1.064	2.286	2.099	1.876	1.359	2.004	3.111	1.706	1.233
atac_L22834	k4me1_enh	4.666	1.965	1.065	2.175	1.537	1.869	1.854	0	3.889	0	1.285
atac_L22835	k4me1_enh	4.785	2.127	1.255	2.962	2.114	1.592	1.618	0	3.209	1.734	1.178
atac_L22840	k4me1_enh	3.411	1.818	0.919	0.735	1.044	1.193	2.036	0	1.682	1.697	0.361
atac_P04192	k4me1_enh	3.58	1.644	1.087	3.165	2.488	2.571	2.164	3.292	2.872	1.364	1.054
atac_P04197	k4me1_enh	4.866	3.809	0.399	1.514	2.043	1.834	2.321	0	2.822	1.192	0.573
atac_L22934	k4me1_enh	4.359	1.188	1.235	1.007	0.93	0.875	0	0	0.922	0	0.656
atac_L22955	k4me1_enh	3.398	0	1.169	1.572	1.892	1.185	1.724	1.446	1.209	1.077	1.087
atac_P04214	k4me1_enh	3.535	0.637	1.121	1.211	2.166	2.236	2.411	2.022	1.895	1.723	1.522
atac_P04216	k4me1_enh	4.584	0	0.554	1.697	1.706	1.827	2.009	1.36	1.48	1.23	0.821
atac_L22996	k4me1_enh	3.35	0	1.181	0.586	0.925	0.949	1.847	0	1.873	1.088	1.279
atac_L22997	k4me1_enh	3.665	1.186	1.137	1.228	2.188	1.929	2.511	2.176	2.261	1.53	1.366
atac_L23002	k4me1_enh	3.497	0	0.709	0	1.676	1.697	1.073	0	1.432	1.377	1.065
atac_L23017	k4me1_enh	4.879	0.679	1.042	2.162	2.103	2.114	1.157	2.109	3.098	1.803	1.531
atac_L23021	k4me1_enh	4.669	1.174	0.735	1.576	1.808	1.655	1.836	3.51	0.525	1.314	0.992
atac_L23032	k4me1_enh	4.536	0.662	1.438	2.022	2.312	1.604	1.856	0	2.829	1.77	1.286
atac_L23035	k4me1_enh	3.666	1.829	0.745	1.947	1.825	1.266	2.22	2.177	2.669	1.329	1.284
atac_L23036	k4me1_enh	4.722	0	0.89	2.269	1.96	1.949	1.576	2.586	2.747	2.195	0.494
atac_L23039	k4me1_enh	3.879	0	0.789	1.204	1.545	1.595	1.922	0	1.202	0.794	1.172
atac_L23047	k4me1_enh	3.724	1.441	1.593	2.811	1.756	1.814	1.838	2.054	2.926	0	1.02
atac_L23048	k4me1_enh	3.815	1.125	0.928	1.983	2.417	1.942	2.545	1.395	3.529	1.035	1.219
atac_P04265	k4me1_enh	4.534	0.586	1	2.586	2.393	1.662	1.791	0	2.226	1.128	1.301
atac_L23065	k4me1_enh	4.035	1.816	1.268	1.869	2.024	1.611	1.489	0	2.031	1.695	0.648
atac_L23070	k4me1_enh	5.182	1.036	1.2	2.156	2.845	1.87	2.624	0	3.184	2.421	1.645
atac_L23078	k4me1_enh	5.05	1.828	1.278	2.593	2.356	1.889	2.576	0	2.507	1.328	0.364
atac_L23086	k4me1_enh	3.916	1.185	1.276	1.226	2.093	1.738	2.441	0	1.356	1.326	0.894
atac_L23089	k4me1_enh	3.856	0	1.48	2.369	2.171	1.427	1.904	0	1.915	1.288	0.865
atac_L23109	k4me1_enh	5.705	0	0.601	2.16	2.318	1.883	2.336	3.714	2.276	1.849	1.512
atac_L23115	k4me1_enh	3.754	1.776	0.999	0.399	1.442	1.283	1.9	1.418	2.269	1.054	1.398
atac_L23151	k4me1_enh	4.37	0	1.29	2.279	2.528	1.392	2.704	1.387	2.097	2.267	0.84
atac_L23157	k4me1_enh	4.567	1.737	0.753	3.038	2.671	1.736	1.655	0	3.792	1.447	2.006
atac_L23159	k4me1_enh	5.003	0.626	1.103	2.947	3.166	2.019	2.503	2.805	3.493	1.382	1.371
atac_L23163	k4me1_enh	5.528	1.761	1.038	2.896	2.64	1.821	2.146	3.208	3.161	2.182	0.956
atac_L23182	k4me1_enh	4.217	1.017	0.834	2.214	1.895	1.324	2.191	1.271	2.932	1.146	1.181
atac_L23183	k4me1_enh	3.619	0	1.559	2.04	1.896	1.664	1.774	3.194	2.807	1.632	1.448
atac_L23192	k4me1_enh	4.162	1.18	0.92	1.114	1.121	0.784	1.198	2.996	0.529	0	1.437
atac_L23193	k4me1_enh	4.628	1.182	1.359	1.504	1.454	0.786	0.604	2.643	1.077	0.808	1.835
atac_L23194	k4me1_enh	4.256	0	1.2	1.376	1.632	0.856	1.236	0	0.471	1.716	0.802
atac_L23201	k4me1_enh	4.362	2.276	1.141	1.819	2.313	1.552	1.958	3.298	2.455	2.371	1.845
atac_L23212	k4me1_enh	3.851	0	0.716	2.122	2.531	2.205	1.694	1.419	1.432	1.658	1.472
atac_L23222	k4me1_enh	4.446	0	0.921	1.503	1.047	1.095	1.027	2.169	2.185	1.701	0
atac_L23239	k4me1_enh	4.472	2.361	1.214	1.667	1.895	1.663	1.872	0	2.107	1.459	1.299
atac_L23253	k4me1_enh	4.258	1.781	0.779	2.456	1.987	1.427	1.698	2.124	1.994	0	1.475
atac_L23266	k4me1_enh	5.136	2.851	0.908	2.784	3.027	1.959	2.777	3.497	3.245	1.682	1.814
atac_L23293	k4me1_enh	4.199	2.057	0.801	2.966	2.346	2.267	2.85	3.518	2.754	2.245	0.89
atac_L23320	k4me1_enh	3.962	1.729	1.109	2.016	1.4	1.686	2.261	0	2.393	1.765	1.429
atac_L23327	k4me1_enh	3.68	1.72	1.351	1.327	1.575	1.178	1.744	0	2.811	1.013	1.349
atac_L23329	k4me1_enh	4.706	2.262	1.131	1.114	1.565	1.639	2.127	0	2.251	0	0.89
atac_P04330	k4me1_enh	3.9	1.098	1.307	1.701	1.665	1.904	1.52	0	2.068	1.233	1.61
atac_L23350	k4me1_enh	4.131	1.826	0.677	0.417	0.745	0.699	1.03	0	0	0	0.894
atac_L23355	k4me1_enh	5.288	2.597	1.69	3.411	2.67	1.318	1.49	0	2.972	0.805	1.435
atac_L23379	k4me1_enh	3.472	0	0.802	1.896	2.072	0.883	2.513	0	2.592	1.605	0.332
atac_L23415	k4me1_enh	3.617	1.369	1.315	1.687	1.961	1.489	2.352	2.77	3.159	1.169	1.412
atac_L23422	k4me1_enh	4.261	0.674	0.88	1.36	1.943	1.352	2.613	2.099	2.728	1.639	1.77
atac_L23430	k4me1_enh	4.9	2.889	0.81	2.428	2.541	2.119	1.632	3.92	4.277	1.332	0.899
atac_L23431	k4me1_enh	4.168	0	1.52	3.174	2.488	2.161	3.051	3.526	4.618	1.526	1.28
atac_L23432	k4me1_enh	3.979	0	1.25	3.541	2.555	2.326	3.196	2.549	5.313	0.76	1.44
atac_L23433	k4me1_enh	4.26	2.312	1.584	3.247	2.976	2.327	2.663	2.044	4.42	1.42	0.92
atac_L23464	k4me1_enh	3.39	1.801	1.888	3.145	2.277	2.322	2.342	2.973	4.267	1.681	1.343
atac_L23465	k4me1_enh	4.858	2.168	1.643	2.952	2.495	2.143	2.467	0	4.273	0.427	0.836
atac_L23554	k4me1_enh	4.219	1.169	0.526	2.099	2.845	2.089	2.023	2.624	2.874	1.685	1.086
atac_L23585	k4me1_enh	3.623	1.945	1.456	0.926	1.33	1.081	0.553	0	1.261	0.744	1.483
atac_L23594	k4me1_enh	3.702	1.459	1.286	1.722	1.797	1.513	1.541	2.075	2.508	0.757	0.939
atac_L23644	k4me1_enh	4.069	1.446	1.463	2.162	1.866	1.592	2.252	0	3.492	0.422	1.49
atac_L19806	k4me1_enh	3.393	1.167	1.069	0.727	0.471	1.306	1.339	2.149	2.018	1.508	1.345
atac_L19807	k4me1_enh	3.815	1.537	0.675	1.001	1.16	1.436	1.355	2.643	2.759	0.808	0.999
atac_L19887	k4me1_enh	3.706	1.063	0.714	2.444	1.597	1.249	1.788	2.001	2.788	1.553	0.575
atac_L19898	k4me1_enh	3.676	1.755	0.703	1.807	2.143	1.834	2.216	2.096	3.084	1.463	1.224
atac_L19970	k4me1_enh	3.777	0.945	1.205	1.617	2.301	1.04	1.624	1.828	2.467	1.402	0.604
atac_L19990	k4me1_enh	3.661	2.268	0.607	1.325	0.883	0.787	1.03	2.173	1.223	1.325	0.363
atac_L20036	k4me1_enh	3.448	1.161	1.013	1.48	1.943	1.358	1.333	2.613	1.449	0.792	1.171
atac_L20058	k4me1_enh	3.614	1.747	0.978	2.286	1.99	2.109	1.771	0	3.209	1.26	0.844
atac_L20110	k4me1_enh	4.083	1.133	0.825	1.747	2.577	1.78	1.976	0	2.186	1.936	1.052
atac_P03715	k4me1_enh	4.301	1.547	1.052	1.767	1.776	1.728	1.749	2.656	1.817	1.832	0.98
atac_L20150	k4me1_enh	3.356	0	1.596	1.42	1.933	1.646	1.852	0	2.388	1.706	1.102
atac_L20151	k4me1_enh	3.679	2.15	0.855	1.566	1.599	1.633	2.018	0	2.725	1.431	1.111
atac_L20175	k4me1_enh	4.152	2.7	0.655	1.55	1.756	0.885	2.248	0	1.547	1.82	0.972
atac_L20183	k4me1_enh	4.502	2.543	1.544	1.758	2.689	0.915	1.449	2.114	1.984	0.441	0
atac_L20242	k4me1_enh	3.345	1.819	0.92	0	1.644	1.194	1.843	0	2.439	1.32	0.996
atac_L20243	k4me1_enh	3.978	1.119	0.974	1.056	1.545	1.61	2.344	0	2.026	2.461	0.73
atac_P03731	k4me1_enh	3.42	1.074	0.541	1.113	1.088	0.994	0.93	0	2.283	1.207	1.083
atac_L20270	k4me1_enh	3.614	2.706	1.595	2.465	1.691	1.767	2.399	0	2.218	1.295	0.352
atac_L20292	k4me1_enh	3.801	0	1.162	1.429	1.735	1.609	1.658	0	0.69	1.621	0.729
atac_L20310	k4me1_enh	4.868	0	1.073	1.405	1.977	1.187	1.483	0	2.79	1.689	0.883
atac_L20311	k4me1_enh	4.441	0	1.129	0.998	2.176	1.093	1.197	2.164	2.753	1.085	0.995
atac_L20320	k4me1_enh	4.109	1.498	1.101	2.323	2.803	1.67	1.903	2.123	2.966	1.66	1.544
atac_L20321	k4me1_enh	5.023	2.605	0.534	2.463	2.253	1.983	3.138	2.172	2.98	2.811	2.147
atac_L20349	k4me1_enh	4.884	0.61	0.801	3.455	3.014	1.487	3.095	0	3.888	1.521	0.961
atac_L20378	k4me1_enh	4.982	1.863	1.315	2.772	2.515	2.232	2.224	0	3.159	2.339	1.475
atac_L20380	k4me1_enh	3.736	1.165	0.851	1.397	1.653	0.591	2.019	0	1.334	0	0.64
atac_L20389	k4me1_enh	3.72	2.031	0.627	2.176	2.112	1.65	2.128	0	3.067	0.936	1.728
atac_L20424	k4me1_enh	4.071	2.362	1.079	2.884	2.79	2.281	3.385	2.912	3.747	1.264	1.517
atac_L20428	k4me1_enh	3.489	1.383	0.913	0.77	1.908	1.004	1.676	0	2.358	0.965	1.06
atac_L20429	k4me1_enh	3.508	0	1.03	2.195	2.375	1.79	2.052	0	3.006	1.459	1.763
atac_L20464	k4me1_enh	3.889	1.431	0.735	1.991	2.155	2.048	2.234	1.356	2.42	1.003	1.337
atac_L20465	k4me1_enh	4.21	0	1.321	2.28	2.273	1.847	2.753	0	2.448	2.136	1.002
atac_L20474	k4me1_enh	4.05	0	1.232	2.122	1.8	1.67	1.359	0	1.878	0	1.517
atac_L20485	k4me1_enh	3.974	1.519	1.211	1.788	2.404	1.646	1.926	2.147	1.335	1.506	1.083
atac_L20495	k4me1_enh	4.43	2.073	1.706	2.336	1.94	1.301	1.75	0	2.773	0.815	2.157
atac_L20496	k4me1_enh	4.297	1.81	1.263	2.047	2.542	1.911	2.352	0	2.696	1.079	0.884
atac_L20497	k4me1_enh	4.512	0	0.948	2.918	2.393	1.936	1.902	3.23	3.343	2.201	1.243
atac_P03768	k4me1_enh	4.151	1.382	1.093	1.572	2.062	1.856	2.487	3.302	1.999	1.37	0.785
atac_L20500	k4me1_enh	4.218	1.19	1.41	2.071	1.896	1.552	2.378	0	2.125	1.87	1.006
atac_L20501	k4me1_enh	4.709	1.151	1.196	2.579	2.524	2.148	1.999	2.126	3.435	1.663	1.327
atac_L20523	k4me1_enh	4.194	2.403	0.721	2.766	2.488	2.07	3.005	0	3.771	1.493	1.55
atac_L20524	k4me1_enh	4.15	1.088	1.444	3.615	2.639	2.346	2.757	2.037	4.083	1.584	2.143
atac_L20578	k4me1_enh	4.572	1.118	1.249	2.278	2.488	2.391	2.649	1.386	3.065	1.776	0.84
atac_L20582	k4me1_enh	4.874	2.715	1.457	1.562	2.742	1.954	2.184	0	3.238	2.431	1.339
atac_L20589	k4me1_enh	4.08	1.179	1.552	2.113	1.925	2.051	1.943	0	2.439	0	1.276
atac_L20590	k4me1_enh	3.433	0	1.191	1.888	2.084	1.207	1.751	0	2.82	2.014	1.201
atac_L20596	k4me1_enh	3.393	1.804	0.597	0.727	0.994	0.898	0.595	0	0.904	0	0
atac_L20607	k4me1_enh	3.812	1.876	1.396	2.632	2.107	1.707	2.483	0	3.317	2.353	1.057
atac_L20614	k4me1_enh	3.994	0	1.38	2.042	2.191	2.033	2.488	2.094	1.411	2.382	1.047
atac_L20616	k4me1_enh	4.239	0.628	0.714	2.055	2.657	1.541	1.589	2.81	3.01	1.386	1.154
atac_L20624	k4me1_enh	4.851	0	1.374	2.574	2.28	2.331	2.28	1.392	3.24	1.259	1.444
atac_L20647	k4me1_enh	3.848	0	1.144	1.827	2.668	1.687	1.898	0	2.878	0.78	1.239
atac_L20648	k4me1_enh	3.56	0	0.699	1.516	1.912	1.006	1.291	2.088	1.708	0.764	0.614
atac_L20658	k4me1_enh	3.828	1.833	1.671	0.59	1.631	1.5	2.053	2.656	1.361	0.814	1.287
atac_L20678	k4me1_enh	4.294	2.249	1.122	1.311	1.608	1.504	1.343	0	1.943	1.078	1.349
atac_L20679	k4me1_enh	4.194	2.867	1.511	1.657	1.691	1.835	2.205	2.161	2.246	1.518	0.36
atac_L20746	k4me1_enh	3.492	1.738	1.16	2.601	1.688	1.652	0.968	0	2.023	2.156	1.125
atac_L20766	k4me1_enh	3.394	1.521	1.385	1.209	1.251	1.117	1.829	2.15	1.064	0.797	0.986
atac_P03841	k4me1_enh	3.481	2.289	0.335	0.908	1.544	1.37	1.241	2.022	2.398	1.571	1.169
atac_L20792	k4me1_enh	4.49	1.103	0.744	1.952	2.281	1.893	2.511	3.392	3.566	0.748	1.023
atac_L20811	k4me1_enh	5.508	1.181	0.863	2.875	2.808	2.124	1.738	2.642	2.936	1.088	1.098
atac_L20818	k4me1_enh	4.266	0	1.221	1.496	1.941	1.914	1.348	0	0	0	0.772
atac_L20826	k4me1_enh	3.428	1.831	1.037	1.007	1.52	1.268	1.034	0	1.48	2.14	0.782
atac_L20830	k4me1_enh	4.658	0	0.938	2.437	2.462	2.237	1.888	0	2.986	1.046	1.388
atac_L20831	k4me1_enh	4.03	0.564	1.198	2.217	2.201	2.135	2.782	2.31	2.59	0.887	1.444
atac_L20835	k4me1_enh	3.846	0	1.123	1.862	1.805	1.425	2.615	2.155	2.79	1.312	1.268
atac_L20845	k4me1_enh	3.582	0	1.072	1.86	2.268	1.423	1.608	0	2.592	1.31	0
atac_P03856	k4me1_enh	3.527	0	1.427	0.381	1.672	1.294	0.957	1.37	1.267	0.749	0.929
atac_L20859	k4me1_enh	3.414	1.141	0.994	2.166	1.853	1.363	1.687	2.935	1.903	0.777	1.393
atac_L20866	k4me1_enh	3.422	0	0.776	0.214	0.975	0.759	0.803	0	1.184	0.781	0
atac_L20870	k4me1_enh	3.911	2.603	0.864	2.171	2.334	1.981	1.201	2.643	1.958	0.808	0
atac_L20894	k4me1_enh	4.195	0	0.603	1.802	1.834	1.316	1.35	0	1.216	1.695	1.433
atac_L20895	k4me1_enh	3.872	1.187	1.365	2.282	2.077	1.202	1.501	2.177	1.226	1.329	0.655
atac_L20898	k4me1_enh	3.465	0	0.6	1.492	1.895	0.979	0.824	0	2.025	0.455	0.358
atac_L20912	k4me1_enh	4.283	0.697	1.421	1.099	2.356	1.496	2.543	0	2.23	1.504	0.64
atac_L20916	k4me1_enh	4.164	1.97	0.867	3.039	2.417	2.321	2.7	3.795	3.513	1.912	0.479
atac_P03867	k4me1_enh	3.722	1.046	0.525	1.758	1.972	1.625	1.207	1.978	2.679	1.366	0.781
atac_L20921	k4me1_enh	4.633	1.169	1.071	2.153	2.013	1.672	2.549	2.151	2.997	1.076	1.347
atac_L20924	k4me1_enh	5.105	3.089	1.467	2.4	2.112	1.869	1.608	2.154	2.877	1.845	1.5
atac_L20930	k4me1_enh	4.8	0	1.132	0.835	1.864	1.758	2.062	2.101	2.587	1.27	0.62
atac_L20931	k4me1_enh	5.452	1.176	0.972	2.537	2.506	1.915	1.615	2.161	3.123	1.694	1.185
atac_L20940	k4me1_enh	4.9	1.177	1.027	1.58	2.101	1.562	2.034	0	2.031	1.317	0.773
atac_L20959	k4me1_enh	3.834	2.2	1.04	1.94	2.542	2.045	2.066	2.106	2.735	1.8	1.055
atac_P03886	k4me1_enh	4.24	0	0.906	2.056	1.9	1.814	2.825	1.365	2.433	1.235	0.716
atac_L20963	k4me1_enh	4.34	0	1.073	1.16	1.355	1.312	2.125	3.421	0.865	0.761	0.481
atac_P03891	k4me1_enh	3.91	1.104	0.685	2.582	2.453	2.845	1.935	3.596	2.143	1.604	1.617
atac_L21074	k4me1_enh	4.056	0.636	1.32	2.303	1.745	1.465	1.708	0	2.036	1.72	0.997
atac_L21134	k4me1_enh	3.39	0.671	0.929	0.952	1.917	1.527	1.431	0	1.292	0.766	0.736
atac_L21200	k4me1_enh	3.724	2.275	0.809	1.008	1.093	1.172	0.608	0	1.229	0.814	1.005
atac_L02973	k4me1_enh	4.238	0	0.922	2.133	2.109	1.78	1.954	3.181	2.406	1.254	0.942
atac_L02975	k4me1_enh	3.428	1.831	0.928	1.747	0.93	1.031	1.855	2.179	2.195	1.33	1.105
atac_L02976	k4me1_enh	3.982	0	1.347	2.488	1.734	2.176	2.276	0	2.367	2.343	0.768
atac_L03018	k4me1_enh	4.333	1.173	1.124	2.895	2.187	1.582	2.029	0	3.5	0.801	1.351
atac_L03025	k4me1_enh	3.434	1.694	1.082	1.122	1.223	1.127	1.814	0	2.295	0.994	1.174
atac_L03026	k4me1_enh	4.759	1.437	0.68	1.631	1.836	1.201	2.311	0	3.48	0.743	1.932
atac_L03045	k4me1_enh	3.829	0	1.533	2.205	1.926	1.738	2.673	0	3.225	1.642	1.228
atac_L03085	k4me1_enh	4.173	0	0.744	2.377	2.682	1.573	1.744	3.007	1.478	1.53	0.896
atac_P00637	k4me1_enh	3.651	2.725	0.992	2.136	1.479	1.274	1.505	0	1.247	0.997	0.705
atac_L03118	k4me1_enh	3.832	0.696	1.458	2.517	2.684	1.993	2.925	2.97	2.581	2.433	1.921
atac_L03124	k4me1_enh	4.836	1.167	1.069	2.302	2.011	2.281	1.478	2.149	2.588	1.982	1.345
atac_L03127	k4me1_enh	4.169	0	1.295	2.089	2.288	2.211	1.92	3.49	3.063	2.698	1.339
atac_L03134	k4me1_enh	4.39	0	1.175	1.067	1.729	1.431	1.78	0	1.522	0.435	1.139
atac_L03141	k4me1_enh	3.337	0	1.085	1.527	1.51	0.944	1.562	0	1.72	1.467	0.955
atac_L03146	k4me1_enh	3.466	1.997	0.578	1.072	1.565	1.018	1.787	1.406	2.316	1.273	1.31
atac_L03179	k4me1_enh	4.006	0	0.866	2.175	1.598	1.2	1.951	0	2.715	1.326	0.779
atac_L03183	k4me1_enh	4.553	1.123	1.211	2.285	2.455	1.786	2.954	0	2.924	0.763	1.372
atac_L03229	k4me1_enh	4.141	0	1.326	2.857	1.659	1.854	3.062	2.182	4.119	0.815	1.107
atac_L03230	k4me1_enh	3.933	2.042	0.526	1.487	1.468	1.307	2.193	2.15	1.855	0.797	0.88
atac_L03254	k4me1_enh	4.999	2.996	1.48	3.439	3.033	1.863	2.291	2.17	3.095	2.001	0.651
atac_L03256	k4me1_enh	3.72	1.187	1.138	2.282	1.46	1.718	1.854	0	1.479	1.708	1.782
atac_L03266	k4me1_enh	4.118	0	1.129	1.581	1.901	1.485	1.024	2.163	0.527	1.318	1.094
atac_L03267	k4me1_enh	4.4	1.173	0.915	1.406	1.829	1.282	2.029	1.449	1.069	1.313	1.429
atac_L03289	k4me1_enh	4.044	0	0.591	1.707	1.239	1.038	0.588	2.135	1.196	0	1.075
atac_L03320	k4me1_enh	3.842	0	0.497	1.155	0.868	0.736	2.118	2.075	1.603	1.025	0.837
atac_L03321	k4me1_enh	3.77	0	0.807	1.004	0.793	0.789	2.046	2.175	1.225	0.811	0.654
atac_L03339	k4me1_enh	4.876	1.781	1.365	2.652	2.562	1.694	2.997	2.594	3.716	1.288	1.245
atac_L03342	k4me1_enh	5.251	0	0.861	2.994	2.375	1.917	2.498	0	3.161	2.124	0
atac_L03344	k4me1_enh	4.716	0.661	0.968	2.8	2.296	1.851	2.115	3.409	3.344	1.249	1.206
atac_L03354	k4me1_enh	4.863	0.617	0.909	3.215	2.213	1.903	3.148	2.437	3.541	1.179	1.287
atac_L03356	k4me1_enh	5.08	1.123	0.57	3.104	2.911	1.616	1.962	2.088	2.886	1.922	1.373
atac_L03358	k4me1_enh	4.018	1.463	1.118	1.793	2.194	1.588	2.411	0	2.752	1.255	1.439
atac_L03360	k4me1_enh	4.004	1.793	0.957	2.139	2.332	1.54	1.33	0	2.626	0	1.861
atac_L03363	k4me1_enh	4.009	0.974	0.888	2.973	2.693	1.697	3.055	3.167	4.002	2.05	1.805
atac_P00689	k4me1_enh	4.849	2.682	0.231	1.492	2.079	1.426	1.935	2.686	2.36	1.604	1.149
atac_L03372	k4me1_enh	5.165	1.974	1.29	3.172	2.943	2.02	2.535	3.182	3.94	1.451	0.611
atac_L03374	k4me1_enh	4.833	0	1.197	3.123	1.97	1.532	2.088	2.952	2.712	2.089	0.632
atac_L03375	k4me1_enh	4.611	2.836	1.488	2.802	2.035	2.001	2.254	2.959	2.671	2.769	1.801
atac_L03378	k4me1_enh	4.14	2.276	0.538	1.425	1.55	1.139	1.857	1.468	2.197	2.261	0.899
atac_L03404	k4me1_enh	3.789	1.084	1.33	2.034	2.009	1.654	1.248	2.844	2.409	0.413	1.592
atac_L03406	k4me1_enh	3.927	0	0.939	2.56	2.363	1.723	1.982	2.578	2.692	1.474	1.148
atac_L03417	k4me1_enh	3.898	1.813	1.351	2.493	2.726	1.833	2.62	0	3.12	1.85	0.646
atac_L03430	k4me1_enh	4.203	1.138	0.992	1.819	1.952	1.491	1.684	2.109	0.88	1.474	1.531
atac_L03439	k4me1_enh	4.077	0	1.261	1.358	1.682	1.775	1.435	2.097	1.168	1.932	1.049
atac_P00704	k4me1_enh	3.982	1.076	1.321	1.915	1.979	1.684	1.897	2.02	2.449	0.989	1.319
atac_P00705	k4me1_enh	3.572	1.099	1.421	2.61	2.418	2.074	2.563	2.867	3.376	1.889	0.598
atac_L03466	k4me1_enh	3.721	1.789	1.372	2.135	1.851	1.294	2.53	2.133	2.218	0.788	0.975
atac_L03478	k4me1_enh	4.016	1.166	1.383	2.393	1.602	1.902	1.718	0	2.781	1.073	1.262
atac_L03482	k4me1_enh	3.851	1.147	0.947	1.621	1.964	2.093	1.317	1.419	1.738	1.954	1.399
atac_P00718	k4me1_enh	4.678	1.065	1.309	1.954	1.999	1.544	2.195	2.813	2.667	1.556	1.233
atac_L03511	k4me1_enh	5.283	1.165	1.211	2.037	2.461	1.82	2.267	0	2.531	0.795	0.764
atac_L03533	k4me1_enh	4.042	1.623	1.439	2.003	1.911	1.337	2.273	0	1.67	0.387	1.333
atac_L03585	k4me1_enh	4.222	1.96	1.32	2.069	2.164	1.955	2.396	1.376	3.248	1.439	1.848
atac_L03600	k4me1_enh	4.787	0	0.723	1.379	2.065	1.341	1.604	2.829	2.035	0.409	1.318
atac_L03608	k4me1_enh	3.34	1.713	0.85	1.405	1.592	1.366	0.95	2.514	1.134	0	0.923
atac_L03609	k4me1_enh	3.668	0	1.669	1.123	1.52	0.955	2.447	2.654	2.123	1.868	1.447
atac_L03615	k4me1_enh	3.879	1.136	1.268	1.879	2.152	1.938	1.305	2.106	2.689	1.471	1.231
atac_P00750	k4me1_enh	4.272	1.441	0.906	2.841	2.635	1.96	2.825	3.589	4.293	1.011	1.02
atac_L03639	k4me1_enh	5.556	1.538	1.696	2.061	1.971	1.69	2.438	2.171	1.473	0	0.893
atac_L03640	k4me1_enh	3.904	1.151	1.103	2.074	2.321	2.03	1.584	2.126	2.846	1.959	1.404
atac_L03643	k4me1_enh	3.935	0	1.223	1.696	2.023	1.488	2.374	1.359	2.313	0.741	0.82
atac_L03654	k4me1_enh	4.293	0	1.343	2.427	2.74	2.257	2.492	2.565	2.583	1.267	1.305
atac_L03670	k4me1_enh	3.894	1.095	0.901	2.802	1.987	1.581	1.629	2.047	3.502	2.125	1.104
atac_L03674	k4me1_enh	3.654	2.129	0.994	3.428	1.977	1.479	1.998	0	3.411	0.736	1.096
atac_L03680	k4me1_enh	3.953	3.43	0.266	1.896	0.327	0.728	0.305	0	0.488	0	0.332
atac_L03684	k4me1_enh	4.099	1.166	1.017	1.306	1.82	1.244	1.602	0	1.852	1.682	0.879
atac_L03685	k4me1_enh	5.333	1.136	1.136	2.557	2.203	2.027	2.3	0	3.439	0.773	1.055
atac_L03687	k4me1_enh	3.917	2.066	1.185	1.945	2.113	1.716	1.952	0	1.963	1.706	0.895
atac_L03729	k4me1_enh	3.662	1.185	0.743	2.005	1.544	1.985	2.509	2.174	2.19	0.81	0.779
atac_L03737	k4me1_enh	3.467	0.703	0.97	1.108	0.917	0.546	0.598	0	2.102	0.801	0.509
atac_L03765	k4me1_enh	4.489	2.507	1.163	1.659	2.075	1.61	2.201	2.9	2.291	1.255	0.48
atac_L03768	k4me1_enh	5.294	2.265	1.76	2.117	2.011	1.778	2.366	0	2.759	1.525	1.583
atac_L03795	k4me1_enh	3.767	0	1.409	2.184	1.759	1.169	2.091	1.427	2.215	1.823	1.071
atac_L03815	k4me1_enh	3.334	1.171	0.733	0.22	1.15	0.861	2.115	0	1.859	1.689	1.35
atac_L03819	k4me1_enh	4.137	1.717	0.854	1.564	1.757	1.052	2.016	0	2.434	0	1.193
atac_L03856	k4me1_enh	3.769	3.309	1.136	1.59	1.458	1.264	1.851	0	1.587	0.461	0.653
atac_L03860	k4me1_enh	3.889	2.503	1.115	1.655	2.207	1.673	1.134	1.384	2.161	1.448	1.125
atac_L03910	k4me1_enh	3.61	1.785	0.841	0.568	0.624	0.584	1.001	0	1.439	0	0.351
atac_L03925	k4me1_enh	3.911	1.182	1.031	3.198	2.557	2.24	1.622	2.17	3.132	2.131	1.191
atac_L03928	k4me1_enh	3.622	0	1.251	1.973	1.942	2.271	2.336	2.612	2.525	1.5	0.761
atac_L03982	k4me1_enh	4.281	1.087	1.37	2.276	2.047	1.636	2.154	2.035	2.866	1.221	1.096
atac_L03984	k4me1_enh	3.8	0	1.177	1.13	1.744	1.223	0.945	0	0.84	1.417	0.593
atac_L03987	k4me1_enh	3.649	2.738	1.223	2.216	2.174	2.309	1.732	1.453	2.886	0.804	0.648
atac_L04012	k4me1_enh	3.889	1.431	1.376	1.757	1.679	1.621	0.946	3.373	2.126	0.417	0.919
atac_L04030	k4me1_enh	3.347	0	0.92	0.222	1.045	0.985	1.619	0	2.183	1.998	1.276
atac_L04046	k4me1_enh	3.437	1.788	0.519	1.196	1.169	1.17	1.589	0	1.552	0.788	0.5
atac_L01612	k4me1_enh	4.055	2.004	1.23	1.821	1.492	0.987	2.154	0	2.056	0	0.624
atac_L01685	k4me1_enh	4.325	2.246	0.853	2.042	2.467	1.527	2.194	0	2.167	1.309	0.767
atac_L01707	k4me1_enh	4.261	2.7	1.624	2.923	2.715	1.94	2.524	0	3.546	1.29	1.613
atac_L01732	k4me1_enh	4.284	0	0.925	1.669	1.776	0.913	1.031	0	2.191	1.529	0.654
atac_L01749	k4me1_enh	3.515	1.801	1.117	2.094	2.244	1.8	0.593	2.146	2.296	0.452	1.174
atac_L01752	k4me1_enh	3.458	1.478	0.933	1.525	1.635	1.625	1.781	0	1.523	1.793	0.618
atac_L01768	k4me1_enh	3.474	1.769	1.314	1.37	1.597	1.277	2.154	0	1.635	1.805	1.6
atac_L01774	k4me1_enh	3.565	1.16	1.565	1.781	1.813	1.517	2.405	0	2.468	1.3	1.169
atac_L01780	k4me1_enh	4.32	2.661	1.171	2.094	2.104	1.374	1.295	2.092	1.518	1.633	0.18
atac_L01787	k4me1_enh	4.387	0	0.677	2.327	2.322	1.52	2.045	2.174	2.447	1.705	1.194
atac_L01800	k4me1_enh	4.546	0	1.191	1.896	1.717	1.741	1.404	0	2.439	1.015	1.197
atac_P00423	k4me1_enh	3.912	1.037	0.58	1.334	1.693	1.322	1.657	1.964	1.596	1.167	1.472
atac_L01821	k4me1_enh	3.929	1.091	0.898	1.819	2.263	1.385	2.084	2.855	2.985	1.741	1.183
atac_L01845	k4me1_enh	4.112	1.379	1.132	1.347	1.769	1.454	1.671	1.305	1.519	0.396	1.422
atac_L01862	k4me1_enh	4.09	0	1.88	1.881	2.066	1.994	2.679	1.409	3.787	1.275	1.389
atac_L01898	k4me1_enh	3.721	0	1.079	1.519	1.791	1.452	2.422	2.091	1.517	0.766	1.135
atac_L01923	k4me1_enh	3.817	2.605	1.183	0.876	1.649	1.097	1.202	2.172	0.918	1.325	0.515
atac_L01931	k4me1_enh	3.502	1.157	1.06	0.855	0.985	0.767	1.708	0	1.054	0.789	0.635
atac_L01945	k4me1_enh	4.791	0.662	1.203	2.178	2.07	1.714	2.588	2.075	2.401	1.772	1.568
atac_L01949	k4me1_enh	3.481	1.729	1.197	2.265	2.097	1.599	1.851	0	1.597	0.753	1.562
atac_L01974	k4me1_enh	4.981	0	1.267	2.348	1.908	1.842	2.298	2.104	2.904	0.437	1.229
atac_L01994	k4me1_enh	3.751	0	0.425	1.851	1.228	1.25	1.134	0	0	0.758	0.728
atac_P00455	k4me1_enh	5.23	0	1.257	2.939	2.593	2.027	2.899	2.038	4.15	2.116	1.598
atac_L02001	k4me1_enh	4.69	1.126	0.875	2.943	2.487	1.009	2.355	2.559	3.811	0	1.517
atac_L02006	k4me1_enh	4.928	0	1.271	2.542	2.722	1.997	2.21	2.166	2.708	1.856	1.437
atac_L02007	k4me1_enh	3.637	2.584	1.121	1.649	1.632	2.001	1.342	0	1.767	1.31	0.357
atac_L02014	k4me1_enh	3.558	0	1.191	2.475	2.177	1.391	1.634	2.183	1.795	0.465	1.595
atac_L02032	k4me1_enh	3.594	1.817	0.531	0.997	0.533	0.983	1.024	0	1.347	0.805	0
atac_L02130	k4me1_enh	3.87	1.158	1.06	1.778	1.787	0.89	1.593	0	2.722	0	1.555
atac_L02131	k4me1_enh	4.154	0	1.13	2.296	2.162	1.507	2.493	0	2.815	1.465	0.618
atac_L02134	k4me1_enh	3.368	0.688	1.284	1.468	2.048	1.507	1.585	2.598	2.511	0.785	1.069
atac_L02141	k4me1_enh	4.066	2.044	1.216	3.179	2.72	1.908	2.487	3.887	3.348	1.511	0.768
atac_L02155	k4me1_enh	4.434	0	1.269	1.683	1.827	1.491	2.228	2.108	1.899	1.275	0.345
atac_L02162	k4me1_enh	3.65	1.177	1.268	1.581	1.693	1.16	1.024	2.163	1.347	1.318	0.511
atac_P00480	k4me1_enh	3.477	1.644	1.044	1.924	2.003	1.306	2.36	0	1.921	1.814	0.877
atac_L02212	k4me1_enh	5.091	1.853	0.942	2.149	2.659	1.523	2.145	3.804	2.696	2.138	0.16
atac_L02219	k4me1_enh	3.657	1.182	1.031	1.001	1.907	1.778	1.028	3	1.473	1.702	0.892
atac_L02225	k4me1_enh	3.831	0	1.224	2.302	1.967	1.271	2.435	0	1.723	1.47	1.144
atac_L02244	k4me1_enh	4.764	0	1.119	2.098	1.681	1.183	1.479	0	1.457	1.075	1.497
atac_P00495	k4me1_enh	3.597	0	1.152	2.865	1.996	1.772	2.754	1.951	3.41	0.692	1.578
atac_L02255	k4me1_enh	3.49	0	0.868	1.51	1.68	1.549	2.374	3.008	1.965	1.708	0.78
atac_L02261	k4me1_enh	3.333	0	1.035	1.268	1.84	1.379	1.436	0	1.623	1.793	0.85
atac_P00501	k4me1_enh	3.873	3.06	1.092	2.418	2.114	1.794	2.51	0	3.249	2.343	0.947
atac_L02292	k4me1_enh	3.42	0	1.134	2.062	2.444	1.865	2.692	0	2.04	0.809	1.363
atac_L02293	k4me1_enh	4.246	1.185	1.276	2.228	1.677	1.645	0.833	0	2.715	1.863	0.779
atac_L02294	k4me1_enh	4.678	2.718	0.849	1.977	2.191	1.918	2.719	0	2.474	1.977	1.259
atac_L02304	k4me1_enh	4.668	0	1.275	1.539	2.229	1.851	2.157	0	2.956	1.479	1.318
atac_L02307	k4me1_enh	3.512	1.164	0.907	1.099	1.106	1.044	1.823	0	1.664	1.977	1.081
atac_L02310	k4me1_enh	4.19	3.466	1.308	1.215	1.761	1.342	1.729	0	1.677	1.314	0.646
atac_L02318	k4me1_enh	3.582	1.104	1.275	0.932	1.866	1.658	2.572	0	2.077	1.434	1.113
atac_P00526	k4me1_enh	5.317	0.972	0.971	1.966	2.439	1.425	3.015	0	2.818	0.89	1.66
atac_L02329	k4me1_enh	3.558	2.458	1.04	0.883	1.465	0.996	0.609	0	2.2	1.333	1.289
atac_L02343	k4me1_enh	3.65	1.177	0.918	0.872	2.157	1.512	1.49	2.163	2.799	2.124	1.274
atac_L02441	k4me1_enh	4.11	0	1.172	2.158	1.735	1.788	0.598	2.629	1.572	1.847	0.884
atac_L02456	k4me1_enh	3.87	2.231	1.248	0.721	1.512	0.81	1.916	2.136	2.152	0.79	0.759
atac_L02464	k4me1_enh	4.013	1.189	0.928	1.818	1.85	0.994	1.208	0	1.481	2.011	1.199
atac_L02495	k4me1_enh	3.727	1.129	1.457	0.392	2.16	1.554	1.97	0	2.18	0	0.849
atac_L02509	k4me1_enh	4.343	0	0.604	1.5	1.881	1.022	0.602	2.639	0.914	1.086	0.89
atac_L02518	k4me1_enh	4.622	1.777	1.279	2.788	2.096	1.877	1.801	2.12	3.039	0.781	0.967
atac_L02522	k4me1_enh	4.272	1.509	0.283	1.557	1.959	1.564	2.257	2.136	2.857	0.79	0.353
atac_L02532	k4me1_enh	3.847	0	0.452	2.49	1.916	1.37	1.834	0	2.025	0.801	1.351
atac_L02540	k4me1_enh	3.599	0	0.172	2.043	1.391	1.214	1.468	0	2.073	0.969	0.789
atac_L02549	k4me1_enh	3.545	0	0.63	1.426	1.566	1.56	1.654	2.075	2.159	1.251	0.478
atac_L02551	k4me1_enh	3.606	0	1.366	2.499	2.241	1.802	2.584	0	3.545	1.488	1.246
atac_L02565	k4me1_enh	3.614	1.789	0.784	1.555	1.425	0.927	2.176	0	1.552	0.788	0.634
atac_L02566	k4me1_enh	4.025	2.249	0.913	1.491	1.582	1.153	2.421	0	2.023	1.078	0.989
atac_L02573	k4me1_enh	3.36	1.147	0.514	2.174	1.817	1.129	1.694	3.465	2.839	0	0.348
atac_L02575	k4me1_enh	5.022	2.747	1.032	3.666	3.014	2.72	2.748	4.067	4.643	1.86	1.279
atac_L02576	k4me1_enh	5.026	1.582	1.637	2.787	2.623	2.257	2.873	1.248	3.952	2.086	1.361
atac_L02599	k4me1_enh	4.276	1.16	0.958	1.56	1.595	1.615	0.59	0	2.351	2.1	0.874
atac_L02601	k4me1_enh	3.433	1.191	0.93	1.75	1.275	0.996	0.609	3.539	2.051	0.816	0.366
atac_L02606	k4me1_enh	3.458	2.05	1.235	1.33	1.047	1.743	0.515	1.959	2.33	0.696	0.957
atac_L02658	k4me1_enh	3.461	1.807	0.598	1.984	2.25	1.805	1.016	1.445	2.692	2.627	0.357
atac_L02678	k4me1_enh	4.142	1.277	1.26	2.613	2.269	1.495	2.169	0	2.732	1.819	1.437
atac_L02680	k4me1_enh	3.481	1.537	1.317	2.504	2.797	2.018	1.947	0	3.203	1.323	0.651
atac_L02682	k4me1_enh	3.538	1.493	1.358	1.889	1.878	1.595	1.576	2.116	1.734	1.81	1.062
atac_L02841	k4me1_enh	4.16	0	0.865	2.022	2.154	1.535	2.403	0	2.829	0.756	1.123
atac_L02850	k4me1_enh	4.704	2.217	1.403	2.322	2.347	2.354	1.456	2.122	2.207	2.594	1.243
atac_L23890	k4me1_enh	4.265	1.174	1.351	1.577	1.981	1.747	1.837	0	2.028	1.081	0.886
atac_L23892	k4me1_enh	3.536	0	0.649	1.758	2.47	1.728	1.574	2.937	2.55	1.653	0.86
atac_P04426	k4me1_enh	3.41	0.609	0.579	0.501	1.672	0.926	0.719	0	1.305	0.698	1.125
atac_P04427	k4me1_enh	3.692	1.081	0.669	2.177	2.107	1.156	2.219	0	2.404	0	0.587
atac_L23896	k4me1_enh	5.045	0	1.488	2.721	2.252	1.96	2.604	2.09	3.809	1.035	1.516
atac_L23897	k4me1_enh	3.429	0.714	0.928	1.818	1.433	1.445	1.856	0	1.883	0	0.365
atac_L23947	k4me1_enh	3.628	1.758	1.459	2.047	1.776	1.58	2.142	2.099	1.807	1.269	1.712
atac_L23960	k4me1_enh	4.065	1.101	0.907	1.892	1.714	1.345	1.84	2.056	1.928	0.747	1.194
atac_L23961	k4me1_enh	4.39	1.079	0.782	1.676	2.037	1.446	2.285	0	2.291	1.213	1.171
atac_L23962	k4me1_enh	3.447	0	1.176	2.324	1.377	1.409	1.915	0	2.123	1.001	1.099
atac_L23969	k4me1_enh	3.795	1.141	0.994	1.077	1.623	1.443	1.893	0	0.707	1.279	1.15
atac_P04444	k4me1_enh	3.618	2.021	1.013	1.051	1.289	1.39	2.046	0	2.246	2.208	1.381
atac_L23978	k4me1_enh	3.828	1.161	1.16	1.781	1.814	1.663	1.596	0	2.727	1.973	2.248
atac_L23984	k4me1_enh	3.423	0	1.321	0.417	1.488	1.064	1.852	2.175	1.356	2.466	1.283
atac_L24012	k4me1_enh	3.873	0	1.264	2.253	2.385	1.896	0.793	2.101	3.617	1.935	1.525
atac_L24015	k4me1_enh	3.677	0.616	0.586	0.766	1.38	1.148	1.67	0	1.924	0.396	0.781
atac_L24050	k4me1_enh	3.55	2.067	1.406	1.228	0.971	1.1	2.298	0	2.507	1.865	1.952
atac_P04470	k4me1_enh	4.315	1.349	1.065	1.726	2.146	1.554	1.822	0	2.26	1.338	0.431
atac_L24081	k4me1_enh	5.646	1.131	1.304	2.387	2.809	2.244	2.363	1.402	3.403	2.178	1.77
atac_L24105	k4me1_enh	3.323	1.125	1.337	2.091	1.745	1.45	2.132	0	2.359	2.276	0.614
atac_L24108	k4me1_enh	4.55	1.154	1.056	2.022	2.325	1.886	2.463	2.13	2.85	1.667	1.071
atac_L24167	k4me1_enh	4.196	0	0.865	2.669	2.086	1.794	1.949	1.382	2.507	1.617	1.207
atac_L24173	k4me1_enh	3.908	1.079	1.247	2.808	2.53	2.046	2.474	0	3.198	1.213	1.088
atac_L24177	k4me1_enh	3.634	1.723	0.961	1.709	2.124	1.547	1.844	0	2.639	1.015	1.113
atac_L24193	k4me1_enh	3.847	1.403	0.175	1.449	2.02	1.112	1.594	0	0.821	1.391	0.168
atac_L24195	k4me1_enh	3.337	0	1.075	0.732	0.784	0.98	0.599	0	0.91	0	0.51
atac_L24202	k4me1_enh	4.128	2.234	1.062	1.911	2.04	1.684	1.918	2.139	2.577	1.675	1.256
atac_L24207	k4me1_enh	3.631	2.196	1.133	2.734	2.457	1.84	2.673	0	3.319	1.936	1.591
atac_L24208	k4me1_enh	3.602	1.929	1.173	2.625	2.046	2.04	2.226	0	3.147	1.412	1.007
atac_L24260	k4me1_enh	5.665	1.967	1.438	2.801	2.748	2.331	2.527	3.174	3.127	2.624	1.207
atac_L24268	k4me1_enh	3.804	0.665	1.163	1.345	1.294	1.468	1.955	0	2.097	1.451	1.128
atac_L24269	k4me1_enh	3.405	2.254	0.916	0.994	1.189	1.157	1.193	0	1.773	0.456	0.646
atac_L24282	k4me1_enh	4.047	1.113	0.917	2.442	2.265	1.625	2.747	2.89	2.652	1.616	0.937
atac_L24284	k4me1_enh	4.284	1.427	1.671	2.364	2.469	1.527	2.547	3.57	3.491	0.737	1.536
atac_L24293	k4me1_enh	5.283	1.462	1.248	2.603	2.808	2.148	1.544	3.797	2.706	1.621	1.211
atac_L24300	k4me1_enh	3.942	2.013	1.28	2.612	2.061	1.858	1.994	3.229	2.333	0	0.968
atac_L24306	k4me1_enh	5.159	1.115	0.753	3.476	2.957	2.114	3.071	2.894	3.855	2.456	0.94
atac_L24308	k4me1_enh	3.399	1.171	1.217	1.861	2.016	1.849	2.614	2.982	2.789	1.512	1.18
atac_L24309	k4me1_enh	4.466	1.174	1.393	1.495	2.117	1.769	2.426	2.159	2.7	1.315	0.886
atac_L24310	k4me1_enh	5.761	1.759	1.305	2.662	2.246	2.022	2.556	2.921	3.317	2.57	0.181
atac_L24314	k4me1_enh	4.232	1.436	0.953	1.483	1.951	1.391	2.167	2.862	2.372	0.418	1.016
atac_L24321	k4me1_enh	3.832	1.891	0.871	2.682	1.991	1.558	2.186	0	2.742	1.835	1.227
atac_L24371	k4me1_enh	4.394	1.807	1.427	1.489	1.183	1.366	2.112	2.152	1.458	1.31	1.425
atac_L24417	k4me1_enh	4.373	1.487	1.043	1.611	1.406	1.724	1.685	0	1.423	0	1.661
atac_P04532	k4me1_enh	3.528	1.073	1.621	0.368	0.983	0.782	0.929	0	0.826	1.397	1.164
atac_L24449	k4me1_enh	4.611	0	1.588	1.483	2.078	1.417	2.168	2.513	2.427	1.007	0.469
atac_L24475	k4me1_enh	3.625	0	0.96	0.724	1.517	1.24	0.592	0	1.331	1.07	0.354
atac_L24485	k4me1_enh	3.515	0	1.343	1.742	2.037	1.713	1.971	2.097	2.532	1.464	1.587
atac_L24526	k4me1_enh	3.796	1.688	0.556	2.848	2.476	1.99	2.809	3.729	3.627	1.752	1.432
atac_L24552	k4me1_enh	3.773	0	0.355	1.522	1.68	1.264	1.297	1.398	2.305	1.038	1.821
atac_L24576	k4me1_enh	3.399	0	0.275	1.36	1.076	0.749	0.792	1.403	1.17	1.041	0.74
atac_L24589	k4me1_enh	4.129	1.096	1.344	1.698	1.685	1.49	1.833	0	1.921	0.743	0.713
atac_L24675	k4me1_enh	4.71	0	1.027	3.274	2.706	2.217	2.813	2.554	3.208	2.273	1.132
atac_L24676	k4me1_enh	4.323	1.167	1.119	2.853	2.854	1.693	2.832	3.261	3.109	1.982	0.766
atac_L24679	k4me1_enh	4.775	1.776	1.191	1.693	2.149	1.475	1.694	2.119	2.795	0.443	1.73
atac_L24704	k4me1_enh	3.764	0.488	0.733	1.64	1.759	1.706	1.492	1.687	2.666	0.562	1.18
atac_L24797	k4me1_enh	3.855	1.531	0.737	0.734	1.478	0.27	0	0	0.732	0	0
atac_L24838	k4me1_enh	3.61	2.884	1.667	0.741	1.165	1.136	0.835	2.177	3.065	1.708	1.367
atac_L24874	k4me1_enh	3.398	1.17	0.599	1.793	2.147	1.153	2.487	0	3.113	0.454	1.179
atac_L24928	k4me1_enh	4.192	0	1.286	2.183	2.193	1.606	2.25	3.238	3.381	1.061	0.973
atac_L24951	k4me1_enh	4.535	0	1.284	3.112	2.832	1.812	2.893	2.073	3.344	1.249	1.033
atac_L21297	k4me1_enh	4.891	1.145	0.998	2.752	2.669	1.795	2.691	0	3.426	1.482	1.47
atac_L21298	k4me1_enh	4.031	1.126	0.875	2.58	1.994	1.526	2.355	2.091	3.043	0.766	1.135
atac_L21357	k4me1_enh	3.48	0	0.74	1.322	1.539	0.39	0.603	0	1.076	1.858	1.191
atac_L21426	k4me1_enh	4.283	2.211	0.513	1.282	1.746	1.06	2.311	0	2.387	1.052	1.469
atac_L21434	k4me1_enh	3.873	1.48	1.132	2.204	1.483	1.21	1.677	2.101	2.483	1.042	0.62
atac_L21435	k4me1_enh	3.825	2.292	0.939	1.119	1.446	1.184	0.935	2.488	2.292	0	1.001
atac_L21444	k4me1_enh	3.505	0	0.521	1.559	1.568	1.298	2.919	2.609	2.677	1.067	0.979
atac_L21445	k4me1_enh	3.727	1.476	0.764	1.988	1.681	1.646	1.434	1.4	2.307	1.267	0.952
atac_L21484	k4me1_enh	4.693	1.188	1.323	1.816	1.826	1.387	0.836	0	2.392	0.463	0
atac_P03959	k4me1_enh	3.726	1.649	1.048	1.819	2.243	1.607	1.209	3.676	2.244	0.707	1.423
atac_L21510	k4me1_enh	4.63	2.063	0.292	3.373	2.072	1.667	2.804	3.73	3.886	2.558	1.28
atac_L21521	k4me1_enh	3.664	1.185	0.378	0	1.626	0.553	0	0	1.225	0	0
atac_L21534	k4me1_enh	3.393	2.244	1.069	1.79	1.347	1.182	1.186	0	0.726	1.508	0.642
atac_P03972	k4me1_enh	3.823	1.627	1.538	2.357	2.274	2.335	2.512	0	3.205	1.161	1.269
atac_L21556	k4me1_enh	4.553	0	0.928	1.95	2.174	1.933	2.448	3.011	2.048	2.37	1.522
atac_L21557	k4me1_enh	4.316	0	0.804	2.758	2.04	2.374	2.326	0	3.115	2.613	1.558
atac_P03976	k4me1_enh	4.531	2.438	1.419	2.972	2.636	2.537	2.269	0	2.845	1.602	0.913
atac_L21596	k4me1_enh	3.932	2.572	1.113	2.377	1.8	1.572	2.271	0	3.355	1.203	0.801
atac_L21600	k4me1_enh	3.496	2.277	0.747	1.426	1.373	1.676	2.969	0	3.557	1.333	0.657
atac_L21619	k4me1_enh	4.281	2.035	0.906	2.343	1.699	1.665	2.103	3.254	2.821	0.451	0.982
atac_L21648	k4me1_enh	4.02	0	1.019	0.988	1.777	1.552	2.11	0	1.939	1.508	0.88
atac_L21658	k4me1_enh	3.984	2.822	0.999	0.969	1.526	1.224	0.996	0	1.541	1.055	0.75
atac_L21663	k4me1_enh	3.631	1.166	1.572	2.677	2.194	1.882	1.719	2.619	2.016	1.98	1.631
atac_L21678	k4me1_enh	3.325	2.243	1.384	1.919	1.775	1.011	1.719	3.26	2.233	2.109	1.632
atac_L21688	k4me1_enh	3.519	2.855	0.793	1.4	1.867	1.576	1.829	0	2.095	0	0.357
atac_L21691	k4me1_enh	3.728	0	0.521	1.56	1.487	1.491	2.768	2.139	2.628	1.068	0
atac_L21692	k4me1_enh	4.971	0	1.493	2.34	2.492	2.15	2.491	2.096	3.282	1.039	0.952
atac_L21693	k4me1_enh	3.709	1.431	0.846	2.368	2.053	1.683	2.003	2.505	2.985	1.741	1.875
atac_L21707	k4me1_enh	3.484	0	0.584	0.712	0.516	0.481	1.165	0	0.887	0	0
atac_L21724	k4me1_enh	3.392	0	1.22	1.131	1.264	0.977	1.11	1.356	0.841	0.739	0.818
atac_L21770	k4me1_enh	4.267	2.227	0.657	1.631	1.098	1.322	1.174	0	1.442	1.294	0
atac_L21775	k4me1_enh	3.651	1.178	0.801	1.319	1.743	1.021	2.286	0	2.495	0.805	0.649
atac_L21813	k4me1_enh	4.395	0	1.235	0.743	1.781	1.031	1.856	0	2.331	0	0
atac_L21832	k4me1_enh	5.262	1.736	0.753	2.129	2.358	2.205	2.268	2.075	2.95	1.772	0.837
atac_P04030	k4me1_enh	3.484	2.309	0.812	1.202	1.237	0.977	1.39	0	2.504	1.301	0.638
atac_L21871	k4me1_enh	3.597	0	0.376	0.999	0.692	0.695	1.026	2.166	1.581	0.806	0.361
atac_P04036	k4me1_enh	4.643	1.964	1.342	1.718	1.817	1.532	1.254	1.223	2.016	0	0.724
atac_L21876	k4me1_enh	4.109	1.752	1.626	3.083	2.447	1.944	2.423	2.912	2.627	1.264	0.847
atac_P04039	k4me1_enh	3.368	2.238	0.857	1.564	1.573	1.539	1.936	1.302	1.515	1.678	1.053
atac_L21881	k4me1_enh	3.961	1.826	1.034	0	1.163	1.467	1.625	0	1.476	1.528	0.363
atac_L21894	k4me1_enh	3.54	1.775	1.145	2.222	1.603	1.597	1.164	0	1.54	1.284	1.063
atac_L21936	k4me1_enh	5.048	1.46	0.867	1.724	1.688	1.251	0.564	0	2.225	0.758	0.728
atac_L21937	k4me1_enh	4.102	0	1.364	1.386	1.573	1.096	1.245	0	1.118	1.407	0.17
atac_L21938	k4me1_enh	4.36	1.5	1.24	2.127	1.777	1.801	2.246	2.125	1.318	1.959	0.866
atac_L21973	k4me1_enh	4.045	0	1.134	1.324	1.992	0.87	2.042	0	2.187	2.132	0.893
atac_L22010	k4me1_enh	5.631	0	1.774	2.484	2.109	2.327	2.023	0	3.111	1.076	0.987
atac_L22011	k4me1_enh	5.492	1.19	1.039	2.128	2.541	2.084	1.958	0	3.07	0.814	0.899
atac_L22124	k4me1_enh	4.415	0	0.906	1.303	1.882	2.149	1.715	3.254	1.451	0.794	1.259
atac_L22161	k4me1_enh	4.686	2.457	0.611	0.728	2.001	1.542	2.161	0	2.275	1.125	1.362
atac_L22174	k4me1_enh	4.623	1.163	0.727	2.296	2.063	0.854	2.103	0	2.415	1.07	0.355
atac_L22203	k4me1_enh	3.325	0	1.017	2.15	1.55	1.499	1.827	2.62	2.478	0.796	0
atac_L22219	k4me1_enh	3.826	1.188	0.984	1.123	2.079	1.329	2.301	1.467	2.195	1.33	0.365
atac_L22224	k4me1_enh	3.67	0	0.834	1.832	1.445	1.348	1.726	2.389	1.883	1.495	0.656
atac_L22295	k4me1_enh	3.706	1.037	0.801	2.614	1.942	1.442	1.556	0	2.438	0.391	1.046
atac_L25009	k4me1_enh	3.551	0	0.922	1.51	1.544	1.54	2.041	1.386	1.951	0	0.942
atac_L25011	k4me1_enh	3.89	1.169	1.071	1.722	1.708	1.308	2.486	0	1.941	0.454	1.76
atac_L25012	k4me1_enh	4.026	1.059	1.058	1.278	1.862	1.579	2.254	0	1.942	1.548	0.686
atac_L25159	k4me1_enh	4.793	1.09	1.134	2.487	2.643	2.014	1.728	3.135	3.277	1.417	1.011
atac_P04651	k4me1_enh	4.52	2.639	1.196	2.194	2.035	1.723	2.214	2.413	3.118	0.695	1.584
atac_P04657	k4me1_enh	3.741	2.412	0.868	2.231	1.86	1.371	1.684	0	1.79	2.176	1.433
atac_L25275	k4me1_enh	4.429	1.547	1.039	1.748	1.239	0.956	1.749	0	1.361	0.814	1.523
atac_L25325	k4me1_enh	3.563	0	0.521	1.094	0.466	0.725	0.813	0	1.927	1.066	1.168
atac_L25354	k4me1_enh	3.354	1.184	0.805	0.416	1.821	0.651	1.85	0	2.041	0	0.363
atac_L25367	k4me1_enh	3.966	1.188	1.089	1.593	2.26	1.625	1.629	0	2.815	0.813	1.59
atac_L25371	k4me1_enh	3.359	0	0.913	1.959	1.607	1.48	1.126	1.375	2.012	1.019	1.356
atac_L25381	k4me1_enh	4.283	0	1.184	2.064	1.487	1.264	2.806	0	1.356	0.81	0.779
atac_L25383	k4me1_enh	4.14	0	0.872	2.238	1.742	1.315	1.426	2.087	2.714	1.259	1.444
atac_L25418	k4me1_enh	4.013	1.832	0.68	2.785	1.757	1.809	2.516	0	1.883	1.533	1.369
atac_L25419	k4me1_enh	4.797	0.712	1.447	2.008	2.018	1.297	1.854	0	1.88	0	1.197
atac_L25433	k4me1_enh	3.489	1.149	0.949	1.833	1.821	0.995	2.521	0	1.188	0	0.63
atac_L25451	k4me1_enh	5.023	0	0.805	2.003	2.236	1.323	2.132	2.646	2.188	0.809	0.652
atac_L25455	k4me1_enh	4.084	1.679	0.332	2.635	2.467	1.775	2.272	3.102	3.089	1.85	1.08
atac_L25465	k4me1_enh	3.45	0	0.849	1.204	0.99	0.728	2.016	0	2.228	0.794	0.876
atac_L25485	k4me1_enh	3.567	1.796	0.96	1.097	1.46	1.519	1.18	2.613	1.2	1.301	1.339
atac_L25491	k4me1_enh	4.371	1.175	1.433	2.361	2.208	1.401	2.737	3.512	2.795	2.349	1.432
atac_L25525	k4me1_enh	4.821	1.172	1.074	3.102	2.828	2.318	3.282	3.27	3.581	0.801	1.639
atac_L25526	k4me1_enh	4.648	1.049	1.59	3.126	2.687	1.745	2.788	3.065	3.448	1.18	1.547
atac_L25527	k4me1_enh	4.189	0	1.219	0.58	1.938	1.454	2.2	0	2.596	0.801	1.09
atac_L25533	k4me1_enh	4.846	3.049	1.945	3.358	3.108	2.893	2.692	4.397	3.399	2.967	2.14
atac_L25568	k4me1_enh	3.535	1.142	0.712	2.217	1.833	1.545	2.156	2.113	1.536	2.192	1.151
atac_L25570	k4me1_enh	3.646	0	1.187	0.71	1.438	0.624	1.312	0	1.821	0.441	0.347
atac_L25581	k4me1_enh	5.119	1.19	0.81	2.012	2.157	1.675	1.857	2.181	2.455	1.332	1.37
atac_L25616	k4me1_enh	3.325	0.67	1.17	1.983	1.628	1.232	1.965	0	1.408	2.169	0.949
atac_L25630	k4me1_enh	3.545	0	1.557	2.325	2.072	1.41	1.949	3.287	2.939	1.09	1.893
atac_L25649	k4me1_enh	3.781	1.161	0.905	2.431	1.943	1.816	1.92	3.49	2.946	1.069	0.354
atac_L25661	k4me1_enh	3.598	1.146	0.999	1.762	1.604	1.55	1.694	3.464	2.331	1.284	1.322
atac_L25751	k4me1_enh	3.372	1.154	0.657	1.704	0.983	1.35	0.81	0	2.147	1.493	0.974
atac_L25753	k4me1_enh	3.747	0	1.294	1.546	2.029	2.118	1.91	2.035	2.61	1.412	1.33
atac_L25767	k4me1_enh	3.771	0	0.981	2.757	2.222	1.527	1.431	2.092	3.338	1.633	1.301
atac_L25794	k4me1_enh	3.668	2.756	0.379	2.181	2.191	1.102	1.956	3.01	1.695	2.369	1.368
atac_L25807	k4me1_enh	4.19	1.091	0.898	2.144	2.233	1.895	2.303	0	2.25	1.588	0.173
atac_L25827	k4me1_enh	3.855	1.177	1.354	0.996	1.448	1.537	1.35	0	2.549	0.804	1.186
atac_L25840	k4me1_enh	3.342	1.136	1.225	1.072	1.282	0.833	0	2.574	1.175	1.94	0.743
atac_L25858	k4me1_enh	3.712	1.823	0.457	2.371	1.95	1.409	1.847	2.17	2.383	1.702	1.191
atac_L25860	k4me1_enh	4.532	0	0.621	2.206	2.115	1.768	2.31	1.265	3.478	1.141	1.558
atac_L25864	k4me1_enh	3.359	0	1.036	1.51	0.841	1.624	1.628	3.008	3.065	1.531	0.78
atac_L25868	k4me1_enh	3.908	0	1.693	1.414	2.068	1.591	1.493	0	3.13	1.087	0.361
atac_L25879	k4me1_enh	3.426	0	1.524	1.329	1.129	1.386	2.299	3.293	1.082	0.812	0.194
atac_L25882	k4me1_enh	4.135	3.313	1.138	1.121	1.87	1.672	1.745	2.177	2.193	2.008	1.367
atac_L26034	k4me1_enh	3.556	2.226	0.365	2.545	1.913	0.963	1.704	0	2.281	0.787	0.633
atac_L26064	k4me1_enh	4.178	1.519	1.642	0.727	1.887	1.575	1.719	2.148	1.565	1.074	1.263
atac_P07188	k4me1_enh	3.565	3.017	0.875	2.658	1.321	1.017	1.694	0	2.269	1.197	0.452
atac_L40671	k4me1_enh	3.999	0.691	1.331	2.587	2.248	1.434	2.254	0	3.161	2.422	1.41
atac_L40672	k4me1_enh	4.159	0	0.638	2.44	2.09	1.691	2.465	0	2.93	2.335	1.532
atac_L40860	k4me1_enh	3.641	3.463	1.034	1.742	1.42	1.627	0.296	0	2.402	1.726	0.908
atac_L41169	k4me1_enh	3.871	1.478	1.176	1.675	1.277	0.979	2.06	2.099	2.534	0.77	1.712
atac_L40847	k4me1_enh	3.763	1.07	1.069	1.789	1.988	1.592	2.573	2.011	2.157	0.723	1.512
atac_L40598	k4me1_enh	4.139	2.121	1.036	2.955	2.546	2.034	2.147	2.84	3.48	2.652	1.173
atac_P07192	k4me1_enh	3.468	1.677	1.313	0.658	1.779	1.984	1.972	0	2.093	1.393	1.312
atac_L40757	k4me1_enh	8.55	8.129	5.358	5.89	5.711	5.341	6.053	5.903	6.691	5.423	6.04
atac_L40768	k4me1_enh	4.798	3.644	3.752	4.221	4.216	4.189	3.704	4.349	3.893	3.712	3.708
atac_L40769	k4me1_enh	5.218	3.701	4.254	4.193	3.899	3.992	3.406	4.528	3.907	3.828	4.071
atac_L40770	k4me1_enh	6.723	5.161	4.918	5.097	5.032	5.1	4.821	4.876	4.846	5.114	5.06
atac_L40921	k4me1_enh	3.41	1.72	0.908	1.491	2.121	1.474	1.639	0	2.726	1.894	0.6
atac_L40459	k4me1_enh	4.256	1.039	1.278	2.479	1.995	1.195	1.328	0	2.39	1.522	1.128
atac_L28310	k4me1_enh	3.361	1.147	0.193	0.713	1.015	0.76	1.695	0	0.712	0	0.629
atac_L28377	k4me1_enh	4.306	1.817	0.8	2.165	1.535	1.917	1.841	2.163	3.329	0.805	0.648
atac_L28397	k4me1_enh	3.81	0.633	1.157	2.296	1.41	0.958	1.975	2.014	2.16	0	0.993
atac_L28469	k4me1_enh	4.479	0	0.836	2.534	2.531	1.896	2.747	2.944	3.615	1.285	1.242
atac_L28472	k4me1_enh	4.372	0	0.53	1.993	2.309	1.792	2.121	0	2.434	0	1.272
atac_L28485	k4me1_enh	3.462	1.17	1.021	1.105	1.219	1.763	1.608	0	0.728	1.687	0.882
atac_L28519	k4me1_enh	3.393	1.804	1.018	0.727	0.994	0.858	1.014	2.149	1.854	1.075	1.633
atac_L28571	k4me1_enh	3.818	1.654	1.256	2.57	2.248	1.692	2.649	2.443	3.638	1.539	1.361
atac_L28578	k4me1_enh	3.327	1.127	1.258	2.094	2.361	1.574	2.606	0	3.214	0	1.136
atac_L28623	k4me1_enh	4.384	1.516	1.209	3.002	2.259	1.666	3.268	0	2.908	0	0.639
atac_L28629	k4me1_enh	3.595	1.818	0.738	2.269	2.122	1.817	2.125	0	2.109	2.244	1.83
atac_L28723	k4me1_enh	4.239	1.582	0.954	1.749	2.364	1.765	2.457	2.357	2.864	1.125	0.923
atac_L28739	k4me1_enh	4.685	0	1.207	2.241	2.154	1.913	2.676	0	2.487	1.886	0.65
atac_P05178	k4me1_enh	3.511	1.095	0.849	1.134	1.174	0.455	0.949	2.047	1.479	0	1.34
atac_L28779	k4me1_enh	4.849	2.673	1.266	3.293	2.908	2.157	2.559	3.208	4.147	0.772	1.773
atac_L28781	k4me1_enh	3.351	2.266	0.978	2.462	1.819	1.465	2.803	0	2.321	1.324	1.362
atac_L28782	k4me1_enh	4.023	1.687	1.121	2.024	1.544	1.265	2.141	2.022	2.889	1.571	1.391
atac_L28851	k4me1_enh	3.4	3.617	0.796	1.106	0.584	0.545	0	0	1.211	1.079	1.268
atac_L28881	k4me1_enh	3.698	1.697	1.44	1.391	1.736	1.245	2.293	2.495	1.246	0.413	0.912
atac_L28888	k4me1_enh	5.123	1.822	1.4	2.737	2.3	1.617	2.436	2.998	3.131	1.701	1.89
atac_L28889	k4me1_enh	4.737	1.138	1.352	2.991	2.348	1.44	2.373	0	2.868	1.047	0.96
atac_L28890	k4me1_enh	4.171	1.044	1.043	3.292	2.32	1.829	2.419	0	2.716	1.174	1.133
atac_L28931	k4me1_enh	3.537	1.179	1.515	2.319	1.67	1.288	1.491	0	1.954	1.32	1.58
atac_L28933	k4me1_enh	3.906	1.751	0.875	1.439	2.086	1.426	1.774	0	0.87	1.926	1.818
atac_L28939	k4me1_enh	4.861	1.08	1.287	2.266	2.416	1.648	2.068	2.837	3.136	2.103	0.908
atac_L28945	k4me1_enh	3.921	1.188	1.767	1.816	1.871	1.673	1.746	1.466	1.479	1.329	1.368
atac_L28964	k4me1_enh	4.614	1.49	1.274	1.887	1.697	1.418	2.308	0	2.549	1.947	0.346
atac_L28980	k4me1_enh	5.08	1.092	1.046	3.291	3.196	1.685	2.662	1.357	3.472	2.421	1.101
atac_P05202	k4me1_enh	3.359	1.263	1.212	1.443	1.882	1.681	2.021	0	1.853	1.41	1.304
atac_L28985	k4me1_enh	5.436	1.158	1.203	2.289	2.451	2.174	2.469	0	2.465	2.609	0.872
atac_L28986	k4me1_enh	5.222	1.171	1.262	2.827	2.335	1.629	1.344	1.447	3.73	1.689	0.883
atac_L28990	k4me1_enh	5.026	1.172	1.023	2.357	2.529	2.362	2.352	2.985	3.288	1.079	1.572
atac_L29000	k4me1_enh	4.617	0	1.233	1.95	2.128	1.687	2.381	0	1.986	1.282	0.861
atac_L29031	k4me1_enh	3.402	2.251	0.734	2.357	2.076	1.788	1.935	3.27	2.429	1.69	1.182
atac_L29082	k4me1_enh	3.822	0	1.489	2.189	2.376	1.635	2.008	0	2.347	1.827	1.075
atac_L29086	k4me1_enh	3.658	0	1.298	2.913	2.2	2.198	2.082	2.04	3.246	2.118	1.873
atac_L29104	k4me1_enh	3.933	1.117	0.867	2.448	2.037	2.147	2.039	2.896	2.226	1.621	0.728
atac_L29113	k4me1_enh	3.764	1.182	1.083	0.586	1.991	1.517	2.366	0	1.958	2.131	1.513
atac_L29159	k4me1_enh	5.163	0	0.964	2.262	2.445	2.414	1.94	1.374	2.548	2.532	1.201
atac_L29160	k4me1_enh	3.382	1.699	1.04	1.685	1.317	1.274	1.722	0	2.61	1.871	1.178
atac_L29186	k4me1_enh	3.596	1.179	0.975	2.734	2.408	1.939	1.198	0	2.706	1.698	0.89
atac_L29187	k4me1_enh	4.686	1.183	1.183	1.418	2.166	1.382	2.692	2.646	3.059	0	0.652
atac_L29197	k4me1_enh	3.555	0.625	1.225	2.512	2.33	1.445	2.759	3.519	3.102	0.973	0.982
atac_L29215	k4me1_enh	3.82	1.156	1.372	2.587	2.015	1.379	1.59	2.604	3.63	1.669	0.352
atac_L29216	k4me1_enh	3.706	1.147	0.947	1.955	2.236	1.285	1.994	3.466	3.43	1.056	0.629
atac_L29240	k4me1_enh	3.873	1.159	1.529	2.553	2.467	1.913	2.713	2.964	3.685	1.067	0.873
atac_L29241	k4me1_enh	3.998	1.757	0.879	1.872	2.179	1.625	2.362	2.098	1.968	0	1.305
atac_L29259	k4me1_enh	3.949	0	1.53	1.566	2.339	1.208	1.269	1.368	2.205	1.013	1.488
atac_L29281	k4me1_enh	3.948	1.151	0.78	2.458	2.321	1.455	2.391	2.126	3.188	1.959	0.754
atac_L29282	k4me1_enh	3.695	0	1.155	1.577	1.771	1.216	1.755	3.169	1.692	0	1.031
atac_L29283	k4me1_enh	3.68	0	0.448	1.563	1.747	1.301	1.822	0	2.228	1.503	1.491
atac_L29308	k4me1_enh	4.281	1.515	0.961	2.78	2.684	1.71	2.016	2.143	2.865	0.794	0.982
atac_L29322	k4me1_enh	4.326	1.665	1.227	3	2.867	1.817	2.322	2.457	3.675	1.55	1.438
atac_L29324	k4me1_enh	4.411	1.18	0.862	1.806	2.161	2.386	2.951	0	2.38	1.321	0.775
atac_L29346	k4me1_enh	3.495	0	1.039	2.317	1.861	2.132	2.36	0	2.241	0.997	0.589
atac_L29349	k4me1_enh	3.373	1.691	1.288	1.742	2.073	1.915	1.098	0	2.932	0.993	1.462
atac_L29363	k4me1_enh	3.861	1.053	1.008	1.706	1.736	0.941	2.176	1.312	1.703	0	0.312
atac_L29366	k4me1_enh	4.52	1.188	1.037	2.283	2.495	1.625	2.513	3.009	3.066	1.867	1.285
atac_L29368	k4me1_enh	3.491	2.018	1.103	1.381	1.165	1.1	1.321	0	1.832	0.445	0.754
atac_P05268	k4me1_enh	3.455	0	0.794	1.824	2.328	1.558	1.629	3.143	2.425	2.009	1.34
atac_L29377	k4me1_enh	5.384	1.988	1.128	1.93	2.225	1.577	2.551	2.563	3.083	1.038	1.048
atac_L29379	k4me1_enh	4.346	1.04	1.42	1.97	2.126	1.575	1.057	2.771	2.286	0	0.439
atac_L29383	k4me1_enh	4.205	0	1.08	2.581	2.469	1.967	2.476	0	2.968	2.104	1.002
atac_L29435	k4me1_enh	5.724	0	1.032	3.003	3.024	2.257	2.748	3.524	3.429	2.646	1.362
atac_L29443	k4me1_enh	4.203	1.794	0.725	2.242	2.641	2.094	2.181	3.69	2.816	2.099	0.76
atac_P05276	k4me1_enh	3.867	1.104	1.233	2.817	2.356	1.819	2.783	0	3.989	1.433	1.49
atac_L29470	k4me1_enh	3.327	3.018	1.171	1.063	1.392	1.142	1.145	2.56	2.109	1.46	0.34
atac_L29538	k4me1_enh	5.242	2.484	1.532	3.534	3.337	2.707	2.021	2.525	4.453	2.138	1.893
atac_L29586	k4me1_enh	3.816	0	0.606	2.002	1.93	0.786	0.604	0	1.353	1.089	0.193
atac_L29588	k4me1_enh	3.497	1.154	0.194	1.09	1.535	0.263	0.587	1.428	1.051	0.787	0
atac_L29688	k4me1_enh	4.139	1.144	1.096	1.76	1.321	1.06	0	0	2.918	0.441	0
atac_L29798	k4me1_enh	4.299	0.605	0.743	0.753	1.663	0.887	1.831	0	2.81	1.159	0.864
atac_L29808	k4me1_enh	3.587	2.24	0.63	2.186	1.405	0.934	1.336	1.835	1.784	1.25	1.302
atac_L29848	k4me1_enh	5.277	2.372	0.576	1.875	1.399	1.582	0.983	0	3.192	1.467	0.343
atac_L29914	k4me1_enh	4.067	0	0.198	2.208	2.184	1.086	2.026	0	2.961	0	0.883
atac_L30327	k4me1_enh	4.333	2.374	1.087	2.592	2.167	1.801	0.794	3.208	3.194	1.797	1.773
atac_L30377	k4me1_enh	3.976	2.506	0.755	1.43	1.844	1.194	2.2	3.181	2.461	0	0
atac_L34829	k4me1_enh	3.361	0	1.28	1.123	2.06	1.498	1.034	0	2.123	1.868	1.286
atac_L34845	k4me1_enh	3.659	1.183	0.675	2.002	2.09	1.352	1.74	0	2.384	0	0.777
atac_L34924	k4me1_enh	5.033	0	1.278	3.025	2.511	2.209	2.457	2.882	4.135	1.438	1.426
atac_L34928	k4me1_enh	4.041	2.729	0.895	1.986	2.346	2.075	2.079	0	3.05	0.737	1.18
atac_L34934	k4me1_enh	3.33	0	1.022	1.536	2.161	1.71	2.199	1.944	3.45	1.502	1.032
atac_L34969	k4me1_enh	3.358	1.146	0.715	2.067	2.021	1.598	1.993	2.589	3.11	2.198	0.967
atac_L34982	k4me1_enh	4.134	2.206	1.147	2.716	2.022	1.818	2.327	0	3.712	1.907	1.455
atac_L35021	k4me1_enh	4.254	1.635	1.482	2.961	2.592	1.889	2.769	2.767	3.298	1.521	1.41
atac_L35022	k4me1_enh	4.125	2.376	1.604	2.737	2.979	2.404	2.833	2.573	4.025	2.292	1.594
atac_L35023	k4me1_enh	4.059	2.277	0.93	1.887	2.57	1.895	2.816	2.182	3.809	1.713	1.288
atac_L35056	k4me1_enh	3.547	1.926	1.128	1.981	1.757	1.567	1.249	0	2.048	1.732	1.005
atac_L35101	k4me1_enh	4.045	1.158	1.203	0.571	2.362	0.929	2.402	2.962	2.769	0.79	1.485
atac_L35115	k4me1_enh	3.329	2.424	1.12	0.728	1.111	0.899	0	2.151	1.856	0	0.357
atac_L35164	k4me1_enh	3.677	2.032	0.959	1.973	1.459	1.663	1.596	0	2.412	0	0.638
atac_L35241	k4me1_enh	3.84	1.967	1.285	1.339	1.817	1.359	1.539	0	2.506	0.427	0.607
atac_L35264	k4me1_enh	4.01	1.406	0.978	1.203	1.51	1.257	0.536	2.012	1.23	1.203	1.079
atac_L35277	k4me1_enh	3.453	1.939	1.302	2.148	1.726	1.707	2.088	0	2.128	2.007	0.92
atac_L35285	k4me1_enh	4.437	0	1.247	3.132	2.871	2.693	2.594	2.606	3.231	1.065	1.554
atac_L35288	k4me1_enh	4.74	1.099	1.099	2.928	2.758	2.197	2.096	2.053	3.608	0.42	1.346
atac_P06199	k4me1_enh	3.772	1.411	1.029	2.674	2.146	1.533	1.979	0	2.164	2.202	1.166
atac_L35364	k4me1_enh	5.612	1.166	1.499	3.035	2.6	1.622	2.19	2.974	3.672	0	1.421
atac_L35366	k4me1_enh	4.15	0	1.716	2.048	2.795	1.454	2.2	2.157	2.242	1.989	0.885
atac_L35381	k4me1_enh	3.922	2.613	1.367	1.594	2.209	2.217	1.034	0	2.721	1.71	1.198
atac_L35434	k4me1_enh	3.88	0	1.04	0.745	0.844	0.749	1.634	0	0.925	0	0
atac_L35471	k4me1_enh	3.997	2.599	1.314	1.583	1.926	1.88	2.363	0	2.756	1.856	1.51
atac_L35482	k4me1_enh	5.173	2.343	1.544	3.76	2.963	2.095	3.108	2.891	4.346	1.249	2.003
atac_L35500	k4me1_enh	5.421	2.436	1.688	2.932	2.326	2.201	2.359	4.057	3.808	1.317	0.994
atac_P06224	k4me1_enh	5.622	2.153	1.463	2.468	2.453	2.113	2.627	3.774	3.875	0.749	1.49
atac_L35503	k4me1_enh	5.097	1.519	1.165	1.718	2.342	2.153	2.02	2.974	2.637	1.98	1.421
atac_L35527	k4me1_enh	3.353	1.824	0.865	1.74	1.909	1.382	1.202	0	2.116	1.325	1.716
atac_L35568	k4me1_enh	4.45	1.824	0.865	2.325	2.383	1.983	2.507	3.002	2.385	1.861	0.778
atac_L35618	k4me1_enh	3.879	1.04	1.387	1.257	2.493	1.422	0.722	0	1.601	1.171	1.755
atac_L35624	k4me1_enh	3.805	1.068	1.312	2.987	2.488	2.236	2.774	3.098	3.239	2.193	0.799
atac_L35629	k4me1_enh	4.52	2.886	1.234	1.746	1.978	1.55	1.855	0	3.104	1.709	1.285
atac_L35640	k4me1_enh	4.701	2.738	0.973	2.73	2.668	2.248	2.284	0	3.296	2.123	1.507
atac_L35663	k4me1_enh	4.315	1.616	1.146	0.347	1.476	1.401	1.428	3.021	1.392	0.938	1.392
atac_L35672	k4me1_enh	4.729	1.056	1.011	2.314	1.896	1.898	1.579	0	2.815	0.713	0.571
atac_L35683	k4me1_enh	4.56	0.693	0.592	2.668	2.751	2.042	2.259	3.249	2.627	1.674	0.873
atac_L35705	k4me1_enh	3.346	1.101	1.006	2.252	2.014	1.371	2.675	0	2.264	1.236	1.837
atac_P06256	k4me1_enh	4.007	1.069	1.236	1.595	1.914	1.634	1.596	0	2.026	1.972	1.573
atac_L35728	k4me1_enh	3.88	1.191	0.93	1.01	1.831	1.239	1.037	0	1.595	1.333	1.372
atac_L35736	k4me1_enh	4.031	0	1.546	2.691	2.854	1.952	2.426	0	2.31	2.873	1.271
atac_P06262	k4me1_enh	3.471	0	1.427	1.413	1.963	1.149	1.527	0	0.851	1.239	0.719
atac_L35787	k4me1_enh	3.723	1.188	0.809	1.672	1.707	1.268	1.747	0	2.816	0.463	1.447
atac_L35820	k4me1_enh	4.783	0.651	1.141	2.953	3.055	2.104	2.012	2.865	3.921	1.232	0.597
atac_L35821	k4me1_enh	5.495	1.156	0.723	3.258	2.735	1.909	2.531	0	4.004	0	0.5
atac_L35832	k4me1_enh	3.719	1.186	0.982	2.745	2.324	2.024	1.36	0	3.245	0.812	1.196
atac_L35844	k4me1_enh	3.487	1.498	1.1	1.189	1.797	1.798	1.803	0	1.645	1.287	1.401
atac_L35854	k4me1_enh	3.816	2.062	0.804	2.547	2.052	1.544	2.214	2.171	2.115	0.809	1.362
atac_L35862	k4me1_enh	4.427	0.688	1.054	2.019	1.779	0.676	1.585	0	2.804	0.785	1.405
atac_L35868	k4me1_enh	3.84	1.168	1.344	1.983	1.823	1.552	1.479	1.443	2.019	1.308	1.085
atac_L35882	k4me1_enh	4.525	2.204	1.043	2.522	2.672	1.566	1.983	0	3.099	1.475	1.598
atac_P06285	k4me1_enh	3.462	0	0.659	1.287	0.977	0.777	1.883	1.327	1.88	0	0.167
atac_P06290	k4me1_enh	3.804	0	1.384	2.157	2.104	1.845	2.126	0	2.671	0.981	1.63
atac_L35963	k4me1_enh	4.536	1.18	1.226	0.736	1.838	0.868	1.026	0	1.47	0.806	1.189
atac_L35965	k4me1_enh	5.614	0	1.118	1.399	2.328	1.55	2.344	2.148	2.638	2.228	0
atac_L35975	k4me1_enh	3.677	2.235	1.012	0.573	1.459	1.773	1.919	0	2.727	1.832	1.256
atac_L35978	k4me1_enh	4.344	3.301	1.226	2.057	2.086	1.289	1.736	2.166	2.891	1.522	0.192
atac_L36006	k4me1_enh	4.001	2.565	0.723	0.57	1.17	0.965	1.175	2.134	2.003	0	1.333
atac_L36024	k4me1_enh	3.971	1.164	0.663	0	0.91	1.147	1.474	0	1.333	0.795	1.174
atac_L36056	k4me1_enh	3.673	0.671	0.504	1.739	2.051	1.73	2.213	2.914	2.766	0	0.736
atac_L36057	k4me1_enh	4.235	0.626	0.922	3.001	1.94	1.3	2.117	0	3.167	0	1.07
atac_L36063	k4me1_enh	3.894	0	1.301	1.4	1.892	1.383	2.333	0	2.321	1.157	1.264
atac_L36098	k4me1_enh	4.548	2.223	1.285	0.974	1.095	1.783	2.394	2.128	2.714	1.291	1.329
atac_L36183	k4me1_enh	3.458	1.168	0.853	0.728	1.348	1.15	1.187	0	2.235	1.508	0.357
atac_L36217	k4me1_enh	4.309	0	1.249	1.971	2.096	1.771	1.917	0	2.223	2.217	1.336
atac_L36230	k4me1_enh	4.863	2.524	1.342	1.741	2.108	1.712	2.057	2.096	2.631	1.267	0.486
atac_P06369	k4me1_enh	4.361	1.379	0.86	2.695	2.285	1.969	1.857	2.437	2.639	0.962	0.31
atac_L36270	k4me1_enh	4.17	0	1.495	2.845	2.594	2.534	2.338	0	3.482	1.502	1.417
atac_L36284	k4me1_enh	3.967	2.034	0.662	2.09	1.965	1.753	2.338	2.142	2.414	1.502	0.981
atac_L36285	k4me1_enh	4.392	0.639	1.034	2.869	2.581	2.36	2.794	1.343	3.072	1.214	1.172
atac_L36288	k4me1_enh	4.057	1.944	1.77	2.642	2.401	1.791	2.956	2.514	3.48	0	1.268
atac_L36290	k4me1_enh	4.201	1.137	1.089	2.633	2.42	1.743	2.227	3.212	3.165	1.275	1.777
atac_L36292	k4me1_enh	5.272	0	1.382	3.191	3.009	2.328	3.251	2.097	4.27	2.284	1.877
atac_L36300	k4me1_enh	3.823	1.544	0.678	1.815	0.929	1.574	1.628	0	1.693	1.531	1.284
atac_P06374	k4me1_enh	3.978	2.473	1.095	2.334	1.933	1.391	1.833	2.049	2.373	1.231	1.342
atac_L36334	k4me1_enh	4.338	0	1.222	2.266	2.119	1.374	1.488	0	2.434	1.317	0.36
atac_L36338	k4me1_enh	4.365	0	0.862	2.568	2.447	1.873	1.068	0	2.553	0.397	0.784
atac_L36342	k4me1_enh	3.488	2.067	1.087	1.509	1.653	1.029	2.047	2.176	1.357	2.256	1.196
atac_L36388	k4me1_enh	3.991	1.394	0.968	1.44	1.806	1.399	1.353	0	1.332	1.192	1.069
atac_L36393	k4me1_enh	3.833	1.11	1.359	1.716	1.79	1.748	2.33	0	1.778	0.425	1.497
atac_L36396	k4me1_enh	4.673	2.052	0.972	3.162	2.26	2.323	2.121	2.161	3.56	1.317	1.827
atac_L36397	k4me1_enh	5.165	0.609	1.275	2.063	2.209	1.8	2.346	3.654	2.782	1.519	0.437
atac_L36411	k4me1_enh	3.643	0	1.307	1.864	1.712	1.48	1.346	0	1.573	1.989	0.885
atac_L36416	k4me1_enh	4.58	0	0.986	2.578	1.983	1.346	1.809	0	1.897	1.212	1.322
atac_L36432	k4me1_enh	4.672	0	0.997	2.065	2.501	1.572	1.798	0	2.134	1.811	0.749
atac_L36434	k4me1_enh	5.225	0	0.995	2.605	2.59	2.087	2.379	0	2.698	0.441	1.536
atac_L36435	k4me1_enh	4.345	2.155	1.235	1.71	2.372	1.742	1.642	2.527	2.209	0.423	1.025
atac_L36460	k4me1_enh	3.81	0	1.212	1.567	2.057	1.204	0.285	0	2.403	2.52	0.678
atac_L36461	k4me1_enh	3.756	1.816	1.027	1.933	1.922	1.431	1.35	0	1.776	1.317	0.648
atac_L36467	k4me1_enh	4.888	2.315	1.224	2.568	2.127	1.558	2.817	0	3.313	0.418	1.479
atac_L36504	k4me1_enh	4.88	1.403	1.153	2.203	2.357	2.151	2.623	2.817	2.947	1.846	0.799
atac_L36534	k4me1_enh	3.706	0	0.362	2.069	1.704	1.285	2.082	0	1.739	1.659	0.968
atac_L36545	k4me1_enh	5.158	1.049	1.363	3.08	2.77	2.69	3.115	2.44	4.031	1.945	2.045
atac_L36547	k4me1_enh	5.301	1.101	0.906	2.463	2.2	1.61	2.778	0	2.964	1.236	1.021
atac_L36548	k4me1_enh	3.342	0	1.078	2.694	1.692	1.485	2.284	2.162	1.866	0	0.648
atac_L36549	k4me1_enh	4.384	1.452	0.806	2.554	2.321	1.956	2.84	2.068	2.5	1.612	1.03
atac_L36550	k4me1_enh	4.078	0	1.176	2.428	2.056	1.836	2.775	2.098	1.623	1.932	1.305
atac_L36552	k4me1_enh	4.742	0	0.806	2.121	2.491	1.44	2.217	0	2.614	0	1.282
atac_L36554	k4me1_enh	4.714	2.246	0.598	2.205	1.579	1.695	2.023	2.151	2.364	1.076	0.987
atac_L36557	k4me1_enh	3.838	0	1.424	1.919	2.16	1.499	1.185	1.442	1.937	1.306	1.176
atac_L36558	k4me1_enh	4.617	0	1.143	2.529	1.836	1.281	1.162	0	1.182	0.779	1.32
atac_L36571	k4me1_enh	3.491	1.151	1.978	2.074	1.684	1.976	2.953	2.951	2.888	0.784	1.477
atac_L36578	k4me1_enh	3.896	0	1.32	1.462	1.228	1.5	1.453	0	2.704	1.483	1.064
atac_L36581	k4me1_enh	4.599	2.603	1.401	1.586	1.231	1.618	2.13	3	2.255	1.323	1.439
atac_L36587	k4me1_enh	3.82	1.156	1.488	1.555	2.389	1.808	2.006	0	2.57	2.321	1.619
atac_L36588	k4me1_enh	3.668	1.436	0.849	2.198	1.661	1.416	2.769	0	2.956	1.423	1.104
atac_L36589	k4me1_enh	4.287	1.429	1.446	2.941	2.418	2.322	2.605	0	3.389	1.739	1.823
atac_L36592	k4me1_enh	4.446	0	1.172	2.38	2.813	2.223	1.67	2.093	3.247	0.434	1.45
atac_L36594	k4me1_enh	3.55	1.739	0.498	2.709	1.924	1.563	2.199	1.386	1.399	2.158	1.694
atac_L36596	k4me1_enh	3.525	1.136	0.938	1.365	1.804	1.489	2.149	0	1.175	1.471	1.145
atac_P06481	k4me1_enh	3.898	0.856	1.336	1.831	1.639	1.46	2.217	1.694	1.939	0.782	2.128
atac_L36616	k4me1_enh	4.625	0	1.023	2.93	2.447	1.932	2.593	3.621	3.381	1.028	1.752
atac_P06483	k4me1_enh	4.757	2.278	1.07	1.729	1.718	1.657	1.889	0	1.231	1.203	1.239
atac_L36624	k4me1_enh	5.784	2.304	0.988	2.501	2.467	1.681	2.079	0	2.152	0.662	0.997
atac_L36625	k4me1_enh	4.621	1.178	1.476	1.733	1.743	1.538	1.617	1.455	1.682	1.52	0.361
atac_L36631	k4me1_enh	4.827	1.482	1.18	2.516	2.629	2.249	2.729	2.104	3.291	2.183	1.144
atac_L36635	k4me1_enh	5.419	0	1.221	3.313	2.447	1.77	1.73	2.16	3.325	1.851	1.354
atac_L36640	k4me1_enh	4.727	2.278	1.37	2.288	2.703	2.432	2.817	0	2.82	1.714	0.366
atac_L36699	k4me1_enh	5.27	1.129	0.983	1.523	2.053	2.034	1.672	2.563	3.455	2.174	1.708
atac_L36713	k4me1_enh	3.507	2.136	1.551	1.227	1.171	1.197	1.257	0	1.476	1.742	1.662
atac_L36757	k4me1_enh	3.73	2.527	0.506	1.602	0.882	1.178	0.982	0	1.719	0	0.739
atac_L36760	k4me1_enh	4.313	2.208	0.832	2.846	2.483	1.851	1.894	2.583	2.6	1.652	1.237
atac_L36769	k4me1_enh	3.565	1.16	1.159	1.781	2.151	1.384	1.595	1.434	1.844	0.791	0.874
atac_L36773	k4me1_enh	3.949	0	0.782	1.463	2.104	1.031	1.713	0	2.041	0.73	1.393
atac_L36784	k4me1_enh	3.62	1.159	0.958	2.086	2.467	1.491	1.595	0	2.859	1.674	1.169
atac_L36800	k4me1_enh	4.17	1.119	0.974	2.185	2.195	2.055	2.475	0	2.709	1.917	1.637
atac_L36807	k4me1_enh	3.505	1.159	0.846	1.477	1.789	1.355	2.333	0	2.677	1.299	1.414
atac_L36840	k4me1_enh	5.132	1.027	0.632	2.837	2.683	2.017	1.739	1.95	3.139	2.131	1.46
atac_L36844	k4me1_enh	3.664	2.608	0.925	1.327	2.036	1.847	1.743	0	3.342	2.255	1.443
atac_L36853	k4me1_enh	4.459	0	1.347	1.86	2.111	1.279	1.608	2.153	1.768	1.31	0.988
atac_L36886	k4me1_enh	3.488	1.186	1.232	1.591	2.291	1.623	2.047	0	2.766	1.865	1.72
atac_L36907	k4me1_enh	3.561	1.937	0.999	2.045	2.156	1.577	2.714	2.857	1.915	1.004	1.602
atac_P06567	k4me1_enh	3.515	0	1.276	1.913	1.975	1.021	1.326	0	2.532	0.698	0
atac_L30477	k4me1_enh	3.882	1.766	1.352	2.056	1.738	1.54	1.683	1.409	2.435	0.774	1.232
atac_L30478	k4me1_enh	4.138	0	0.68	2.557	1.433	1.499	2.051	2.18	2.722	0	1.785
atac_L30646	k4me1_enh	3.687	1.052	1.094	3.035	2.66	1.364	2.838	2.443	4.099	1.824	0.975
atac_L30740	k4me1_enh	3.462	1.807	0.599	1.572	1.318	1.45	1.017	0	2.643	0.799	0.882
atac_L30745	k4me1_enh	3.358	2.011	1.278	0.846	1.654	1.283	2.162	0	1.826	0.781	0.75
atac_L30812	k4me1_enh	3.641	1.14	0.993	1.612	1.67	1.746	2.071	0	2.829	1.804	0.961
atac_L30854	k4me1_enh	3.551	4.36	0.781	1.087	1.661	0.96	0.585	0	2.847	1.489	0.35
atac_L30949	k4me1_enh	4.217	2.758	1.076	2.576	2.422	2.101	1.653	2.415	2.89	1.516	1.199
atac_L30966	k4me1_enh	3.671	0.692	0.658	2.239	1.831	1.14	2.096	2.135	3.529	0	1.075
atac_L30987	k4me1_enh	3.369	1.415	0.781	1.383	1.81	1.238	1.242	0	1.896	1.572	0.906
atac_L30998	k4me1_enh	3.954	1.082	1.328	1.68	2.309	1.565	2.537	2.029	2.406	1.216	1.705
atac_L31012	k4me1_enh	3.681	1.132	0.506	1.992	2.002	1.798	2.22	2.921	2.37	1.795	0
atac_L31014	k4me1_enh	3.801	0	1.22	1.215	1.445	0.942	1.346	2.631	1.947	1.314	0.885
atac_L31039	k4me1_enh	3.547	1.499	1.239	2.456	2.303	1.578	1.904	0	2.927	1.958	1.545
atac_L31125	k4me1_enh	3.784	0	1.167	1.54	1.855	1.629	2.288	0	3.005	0.731	0.587
atac_L31131	k4me1_enh	4.445	2.05	1.158	2.28	2.357	1.608	2.619	1.959	3.291	1.163	0.771
atac_L31132	k4me1_enh	4.633	0	1.086	3.176	2.693	2.112	2.752	3.528	3.341	2.005	1.282
atac_P05447	k4me1_enh	3.431	0	0.977	0.567	1.367	1.519	1.7	0	1.833	0.346	0.141
atac_L31174	k4me1_enh	3.888	0	1.327	2.319	2.206	2.016	2.53	2.894	2.873	1.252	1.857
atac_L31191	k4me1_enh	5.233	0	1.156	3.421	2.86	2.108	3.533	0	3.753	2.519	0.977
atac_L31192	k4me1_enh	3.593	2.544	0.944	2.219	2.385	1.948	2.38	0	2.602	1.052	0.86
atac_L31194	k4me1_enh	4.684	1.183	1.229	2.118	2.443	1.757	2.57	2.171	2.611	2.557	1.584
atac_L31233	k4me1_enh	3.798	0	0.919	0.69	1.616	1.513	1.761	2.894	1.604	2.155	0.94
atac_L31256	k4me1_enh	3.987	2.786	0.927	1.863	1.698	0.862	1.292	0	1.289	1.923	0.947
atac_P05460	k4me1_enh	3.863	2.443	0.936	1.859	2.212	1.602	2.281	0	2.641	1.984	1.086
atac_P05462	k4me1_enh	4.397	1.384	0.913	2.792	2.128	2.184	1.344	1.31	2.99	1.183	0.883
atac_L31362	k4me1_enh	4.167	2.266	0.534	2.118	1.864	1.409	2.691	3.286	3.239	1.324	0.893
atac_L31376	k4me1_enh	3.614	0	1.189	1.232	0.843	1.205	1.857	0	1.085	0.814	0.899
atac_L31377	k4me1_enh	4.328	1.807	0.732	1.105	1.381	1.503	2.196	2.153	2.022	0.799	1.569
atac_P05469	k4me1_enh	3.948	0.57	0.935	2.022	1.419	1.574	1.671	1.225	1.893	0.655	1.273
atac_L31381	k4me1_enh	3.977	1.384	1.256	1.704	1.671	1.875	2.309	2.791	1.701	2.062	1.218
atac_L31451	k4me1_enh	5.273	2.584	1.54	3.7	2.963	2.414	2.935	3.886	4.258	0.799	1.086
atac_L31481	k4me1_enh	4.241	0	1.371	1.858	2.395	1.762	2.758	2.083	3.494	1.625	1.369
atac_L31482	k4me1_enh	5.434	2.522	1.515	3.304	3.049	2.107	3.168	2.769	4.137	2.246	1.898
atac_L31485	k4me1_enh	5.078	3.896	1.817	2.934	2.997	2.583	2.432	2.164	3.961	1.854	1.275
atac_L31489	k4me1_enh	5.075	1.154	1.66	2.419	2.822	2.034	2.758	0	3.192	0	1.798
atac_L31493	k4me1_enh	3.394	0	1.34	2.097	2.236	1.533	1.258	2.044	2.311	0.74	0.594
atac_L31550	k4me1_enh	3.823	1.756	0.764	1.444	2.073	1.555	2.492	0	1.296	0.769	1.139
atac_L31552	k4me1_enh	4.303	1.117	0.868	1.509	1.543	1.949	1.544	2.546	2.348	1.775	0.729
atac_L31562	k4me1_enh	4.036	0.706	1.223	2.165	2.064	1.706	2.683	0	2.314	0.805	1.356
atac_L31563	k4me1_enh	3.468	1.174	0.373	0.994	1.474	0.863	0.33	0	1.213	0.802	1.352
atac_L31566	k4me1_enh	3.626	1.798	1.114	1.482	1.771	1.359	1.599	0	2.228	0	1.627
atac_L31572	k4me1_enh	3.372	1.787	0.657	0.718	1.48	1.584	1.463	0	1.322	1.823	0.633
atac_L31575	k4me1_enh	3.351	0	1.36	1.324	1.819	1.518	2.214	2.171	1.784	1.703	1.192
atac_L31579	k4me1_enh	4.379	1.772	1.187	1.824	1.938	1.445	1.988	2.114	2.385	0.778	0.747
atac_L31586	k4me1_enh	5.213	1.166	1.802	3.322	3.294	2.437	3.024	2.62	3.982	2.86	1.263
atac_L31587	k4me1_enh	5.254	1.401	1.152	3.247	3.105	2.044	2.906	3.33	4.218	1.844	1.739
atac_L31588	k4me1_enh	5.191	1.164	0.85	3.727	2.805	2.134	2.927	3.698	4.298	2.619	1.342
atac_L31606	k4me1_enh	4.168	0	0.343	2.154	2.081	1.419	2.313	2.516	2.068	1.426	1.018
atac_P05506	k4me1_enh	3.624	1.715	0.417	2.054	2.348	1.585	1.264	0	2.2	1.01	1.191
atac_L31625	k4me1_enh	4.216	0	1.166	1.857	2.521	1.624	2.022	2.149	1.336	0.797	0.986
atac_L31631	k4me1_enh	3.683	0	1.498	2.52	2.356	2.167	2.018	2.972	3.067	1.836	1.562
atac_L31659	k4me1_enh	5.864	1.741	1.648	2.677	2.604	1.915	2.535	2.081	3.324	0.76	1.128
atac_L31660	k4me1_enh	4.517	0	1.295	2.038	2.373	1.658	2.297	2.499	3.211	1.873	0.707
atac_L31663	k4me1_enh	4.566	2.371	1.194	2.393	1.949	1.625	1.744	1.955	2.92	1.795	1.119
atac_L31668	k4me1_enh	3.423	0	0.915	1.246	1.972	1.458	1.944	0	1.274	1.246	1.43
atac_L31671	k4me1_enh	3.769	1.38	1.174	1.425	2.419	1.835	1.672	0	2.504	0	0.566
atac_L31674	k4me1_enh	3.714	0	0.979	2.419	2.32	1.983	3.18	0	3.338	1.526	0.363
atac_L31726	k4me1_enh	4.771	0	1.276	2.269	2.913	1.338	2.512	2.116	2.958	0	1.538
atac_P05526	k4me1_enh	4.474	1.877	1.291	2.497	2.201	1.906	1.571	3.066	3.02	0.397	1.139
atac_L31737	k4me1_enh	3.325	0	1.3	1.399	1.865	1.599	1.603	0	2.587	1.839	1.565
atac_L31749	k4me1_enh	3.79	2.041	0.965	1.72	1.072	0.937	2.109	0	2.737	1.075	0.88
atac_L31755	k4me1_enh	3.521	2.976	1.23	1.564	0.935	1.318	0.954	0	2.203	0.746	1.193
atac_L31762	k4me1_enh	3.806	1.816	1.585	2.363	1.964	1.485	2.034	2.162	2.929	0	0.648
atac_L31776	k4me1_enh	4.555	0.691	1.059	3.419	3.022	2.692	2.866	2.96	3.681	2.424	1.619
atac_L31800	k4me1_enh	4.277	1.489	1.432	2.639	1.852	2.117	1.687	3.455	2.741	0.776	1.837
atac_L31838	k4me1_enh	3.709	0.708	0.533	0.999	1.816	1.566	1.737	2.167	1.582	0	1.277
atac_L31902	k4me1_enh	4.216	0.684	1.049	1.953	2.503	1.5	1.8	2.119	1.826	2.081	0.862
atac_L31920	k4me1_enh	3.729	1.131	1.13	1.99	1.48	1.405	1.149	2.098	1.968	0.769	0.85
atac_P05556	k4me1_enh	3.604	1.059	1.185	1.714	0.656	0.771	1.076	1.996	1.436	1.698	0.981
atac_L31928	k4me1_enh	3.833	0.955	1.034	1.688	1.697	1.704	1.106	0	1.722	0.874	1.482
atac_L31952	k4me1_enh	3.591	1.815	0.917	0.221	1.614	1.158	2.033	0	2.434	0	1.093
atac_L31961	k4me1_enh	4.753	1.433	1.45	2.453	2.613	2.035	1.829	0	3.222	2.123	1.014
atac_L31976	k4me1_enh	3.536	1.818	0.861	1.412	1.192	1.538	1.734	0	1.778	1.319	0.774
atac_L32006	k4me1_enh	4.534	0	0.959	2.706	2.381	2.096	2.406	2.966	3.663	1.068	1.488
atac_L32009	k4me1_enh	4.237	0	0.797	1.701	1.57	1.316	1.739	0	0.485	1.01	0.598
atac_L32012	k4me1_enh	5.218	2.218	1.479	3.45	2.723	2.41	2.803	2.123	3.25	1.66	0.752
atac_L32059	k4me1_enh	3.88	1.137	1.502	2.437	1.91	1.921	2.067	2.929	2.542	0.438	0.959
atac_P05597	k4me1_enh	3.719	2.278	0.719	2.294	2.347	1.593	1.973	1.332	2.158	1.562	0.694
atac_L32111	k4me1_enh	3.823	2.451	1.138	2.008	1.754	1.202	1.745	0	2.508	1.866	1.103
atac_L32128	k4me1_enh	4.363	0	1.367	1.77	2.47	1.823	2	2.127	1.997	2.206	1.796
atac_L32132	k4me1_enh	5.215	0	1.071	2.208	2.493	1.795	2.273	0	2.841	0.984	0.58
atac_L32150	k4me1_enh	4.524	0	0.984	1.298	1.98	1.443	2.212	2.021	2.037	0.728	1.952
atac_P05614	k4me1_enh	3.668	2.1	0.928	0.519	1.432	1.547	1.794	2.008	1.447	0.405	0.897
atac_L32155	k4me1_enh	3.722	0	0.82	1.264	1.769	1.527	1.775	0	1.618	0	0.95
atac_L32169	k4me1_enh	3.362	1.189	1.281	1.818	2.262	1.873	1.856	0	2.048	1.095	1.447
atac_L32188	k4me1_enh	4.253	1.188	0.984	0.742	1.092	1.551	2.05	0	1.48	0	1.591
atac_P05636	k4me1_enh	3.645	2.081	0.916	0.511	0.856	1.128	1.467	1.99	1.431	0	0.165
atac_L32211	k4me1_enh	4.303	0.691	1.56	1.842	1.762	1.407	1.327	0	2.462	2.094	0.975
atac_L32212	k4me1_enh	4.108	1.045	0.907	2.49	1.663	1.451	2.093	0	2.499	1.531	0.78
atac_L32222	k4me1_enh	3.645	0	1.21	1.866	2.189	1.565	1.991	2.491	1.742	0.412	1.397
atac_L32224	k4me1_enh	4.419	0	0.924	1.667	1.365	1.411	1.625	0	2.809	1.704	0.894
atac_P05649	k4me1_enh	5.123	0	0.818	2.436	2.073	2.121	2.036	2.453	2.965	1.956	1.368
atac_L32233	k4me1_enh	4.047	0	0.521	1.71	1.981	1.383	2.011	2.138	1.557	0.791	0.637
atac_L32235	k4me1_enh	3.558	1.9	1.29	1.814	1.472	1.335	1.994	0	1.619	1.388	1.283
atac_L32247	k4me1_enh	3.776	0	1.158	1.39	1.67	1.41	1.177	0	2.082	1.066	0.873
atac_L32248	k4me1_enh	4.283	1.826	1.136	1.88	2.505	1.354	2.045	2.174	1.476	1.326	0.515
atac_L32262	k4me1_enh	4.941	2.395	1.686	3.491	2.951	2.327	2.388	3.672	3.828	1.66	1.792
atac_L32265	k4me1_enh	4.377	2.384	1.395	2.004	1.255	1.278	2.791	2.935	2.954	0.777	1.059
atac_L32268	k4me1_enh	4.039	1.425	1.086	2.137	2.358	1.958	2.755	3.129	3.014	1.872	1.096
atac_L32306	k4me1_enh	4.573	2.374	0.936	2.769	2.499	2.218	2.498	4.257	3.759	1.272	0.741
atac_L32311	k4me1_enh	5.182	0	1.909	3.213	2.495	2.371	3.261	3.869	2.982	2.326	1.336
atac_L32331	k4me1_enh	4.174	1.028	1.229	1.401	2.108	1.43	1.645	1.951	1.75	0.943	1.117
atac_L32343	k4me1_enh	4.982	0	1.101	2.159	2.248	1.235	2.874	3.389	2.809	1.236	0.471
atac_L32346	k4me1_enh	4.109	0	1.084	1.47	1.372	1.568	2.151	0	2.179	1.411	0.324
atac_P05673	k4me1_enh	3.461	2.426	1.485	1.369	1.206	1.252	1.695	0	2.212	0.72	1.157
atac_L32349	k4me1_enh	4.347	1.748	1.029	0.551	1.698	1.371	1.87	0	2.47	1.63	1.514
atac_L32380	k4me1_enh	4.95	1.179	1.724	3.056	2.915	2.187	2.901	1.456	3.983	1.32	1.994
atac_L32387	k4me1_enh	4.16	1.094	1.137	2.098	2.108	2.067	2.237	0	2.838	1.421	1.103
atac_P05684	k4me1_enh	3.528	1.341	0.833	1.458	2.074	1.644	2.864	1.933	2.137	0	1.618
atac_L32389	k4me1_enh	4.978	2.247	1.744	1.211	2.164	1.449	2.112	0	3.112	1.51	1.179
atac_L32398	k4me1_enh	4.914	0	0.806	2.706	2.946	2.408	2.296	2.174	2.941	2.465	0.363
atac_L32403	k4me1_enh	3.488	0.712	1.446	2.23	2.096	1.869	2.912	0	2.507	1.328	1.003
atac_L32413	k4me1_enh	3.977	0	1.116	1.294	1.514	1.553	0.929	3.878	1.643	0.986	1.164
atac_L32414	k4me1_enh	4.409	0	1.093	1.822	2.07	1.417	1.572	0	1.903	1.651	0.858
atac_L32430	k4me1_enh	4.105	0	0.999	2.273	2.42	1.668	1.694	0	2.137	0.781	1.541
atac_L32437	k4me1_enh	4.575	1.185	1.559	2.328	2.491	1.76	2.695	0	3.062	2.96	1.364
atac_L32451	k4me1_enh	4.17	0.639	0.836	1.975	1.338	0.932	1.098	2.026	1.898	0.731	1.001
atac_L32452	k4me1_enh	3.97	0	1.227	2.307	1.739	1.275	1.982	0	1.979	0	1.148
atac_L32486	k4me1_enh	4.961	2.521	1.349	3.153	2.453	1.89	2.815	3.047	3.656	1.521	1.533
atac_L32569	k4me1_enh	3.759	1.902	0.975	0.783	1.669	1.253	1.594	2.816	1.104	0.405	0.318
atac_L32573	k4me1_enh	3.326	1.804	0.852	1.92	1.577	2.663	2.345	0	2.588	1.307	1.084
atac_P05724	k4me1_enh	3.73	2.753	0.419	1.328	1.448	1.347	0.556	0	1.141	0.748	1.421
atac_P05728	k4me1_enh	3.811	2.929	1.115	2.016	1.761	1.758	1.891	1.333	2.28	1.852	0.696
atac_L32597	k4me1_enh	3.826	2.569	0.846	0.857	1.307	1.109	0	0	0	1.498	1.255
atac_L32601	k4me1_enh	4.297	0.675	1.461	1.935	2.148	1.46	2.672	3.442	2.684	1.641	1.456
atac_L32618	k4me1_enh	4.416	2.01	1.19	2.407	2.516	1.192	2.313	0	2.879	1.812	0.966
atac_L32623	k4me1_enh	4.024	1.146	1.4	1.693	1.817	1.223	0.803	0	1.826	1.657	0.75
atac_L26109	k4me1_enh	3.711	1.5	0.281	0	0.076	0.201	0	0	0	0	0
atac_L26155	k4me1_enh	3.689	2.582	0.597	0.409	1.073	1.246	1.187	0	1.457	1.075	0.357
atac_L26283	k4me1_enh	3.327	0	1.144	1.943	2.098	1.352	2.197	0	3.766	1.5	1.325
atac_L26326	k4me1_enh	3.923	0.677	0.884	1.608	1.759	1.562	1.567	0	2.433	0.438	0.958
atac_L26353	k4me1_enh	5.326	1.807	0.967	3.205	2.183	2.358	2.729	0	3.703	2.539	1.7
atac_P04818	k4me1_enh	3.648	1.66	1.222	1.887	1.518	1.718	2.11	1.316	2.198	1.545	1.224
atac_L26381	k4me1_enh	3.372	2.704	1.486	1.553	1.994	1.321	1.811	0	2.717	1.964	0.869
atac_L26438	k4me1_enh	4.65	1.09	0.79	2.042	2.261	1.306	2.001	2.503	2.363	1.001	1.335
atac_L26456	k4me1_enh	4.14	1.045	1.129	2.559	2.547	1.74	2.017	2.779	2.676	1.53	0.78
atac_L26572	k4me1_enh	5.064	0	0.745	3.265	2.938	2.577	2.924	1.37	4.144	2.022	1.422
atac_L26701	k4me1_enh	5.201	0	1.661	3.004	2.607	1.964	3.008	0	2.677	2.282	1.138
atac_L26712	k4me1_enh	5.448	1.778	1.28	2.453	2.559	2.025	2.453	3.229	3.372	0.782	0.629
atac_L26740	k4me1_enh	5.192	1.176	0.917	2.617	2.191	1.561	2.428	3.513	3.664	2.122	0.511
atac_L26741	k4me1_enh	3.41	1.817	1.513	1.803	2.157	1.751	2.36	2.163	3.36	0.805	1.508
atac_L26751	k4me1_enh	3.88	1.835	1.37	1.953	1.465	1.105	1.037	0	1.971	0	0.9
atac_L26912	k4me1_enh	3.511	1.163	0.789	1.395	1.624	1.271	0.592	0	2.159	0	0.763
atac_L26933	k4me1_enh	4.964	1.174	1.472	2.406	2.041	1.725	2.679	0	3.006	1.516	0.886
atac_L26934	k4me1_enh	4.016	1.548	1.49	2.013	2.499	2.137	2.761	0	2.819	1.535	0.899
atac_L26935	k4me1_enh	3.718	0	1.137	2.28	2.187	1.986	1.952	2.175	2.856	2.006	1.588
atac_L26941	k4me1_enh	3.37	0	1.105	2.183	1.848	2.102	2.002	2.129	1.999	1.491	1.853
atac_L26984	k4me1_enh	4.917	0	0.936	2.476	2.641	1.991	2.56	2.104	2.59	1.47	0.621
atac_L26988	k4me1_enh	5.756	3.97	1.406	2.915	1.956	2.308	2.511	0	3.064	1.707	1.196
atac_L26996	k4me1_enh	4.117	0	0.812	2.222	2.357	2.182	2.101	1.984	2.988	0.709	1.769
atac_L26997	k4me1_enh	4.555	0	1.079	2.777	2.333	1.948	2.351	2.836	2.966	0	0.808
atac_L26998	k4me1_enh	4.82	1.525	1.306	2.103	1.872	1.91	1.344	0	1.944	1.079	1.181
atac_L27005	k4me1_enh	4.83	0	1.04	2.014	1.784	1.362	1.506	2.183	2.726	2.014	1.372
atac_L27007	k4me1_enh	5.817	1.678	1.587	2.377	2.711	1.812	2.271	0	3.581	0.983	0.455
atac_L27022	k4me1_enh	3.982	2.249	0.668	0.73	0.915	1.849	1.018	2.154	1.21	1.078	1.57
atac_P04894	k4me1_enh	3.618	0	1.002	0.805	1.327	1.339	2.499	0	2.256	1.594	1.267
atac_L27044	k4me1_enh	3.623	2.365	1.128	1.442	1.365	1.6	1.969	0	1.52	2.057	1.822
atac_L27049	k4me1_enh	3.34	2.922	0.435	0.558	1.183	0.619	0.575	0	1.033	0	0.489
atac_L27075	k4me1_enh	4.951	0	1.154	2.66	2.502	1.786	2.174	2.131	3.193	0.787	1.481
atac_L27102	k4me1_enh	5.409	1.995	1.847	3.095	2.591	2.292	3.142	2.924	4.095	0.772	1.655
atac_P04913	k4me1_enh	3.699	1.928	1.039	2.035	2.063	1.973	2.225	2.496	2.357	1.581	1.177
atac_L27183	k4me1_enh	5.016	0.951	1.106	2.438	2.575	1.903	2.151	1.194	3.728	1.802	1.304
atac_L27184	k4me1_enh	3.602	1.183	1.182	2.372	1.772	1.924	2.506	2.171	2.979	1.86	1.44
atac_L27185	k4me1_enh	3.45	0	0.906	2.433	1.433	1.688	2.541	1.438	2.293	0.794	1.34
atac_L27206	k4me1_enh	3.412	0.68	1.272	2.214	2.409	1.746	2.153	1.411	2.597	0.776	1.149
atac_L27251	k4me1_enh	3.765	0	0.781	2.02	2.553	1.582	2.089	2.128	1.918	0.785	0.35
atac_L27253	k4me1_enh	3.403	1.945	1.268	1.322	1.594	0.682	1.835	0	1.763	1.009	0.329
atac_L27255	k4me1_enh	5.49	0	1.703	2.886	2.375	1.626	2.222	2.179	2.264	2.01	1.591
atac_L27296	k4me1_enh	4.451	0	0.377	1.226	2.111	1.383	2.044	0	1.475	1.862	1.1
atac_L27309	k4me1_enh	4.074	0.642	1.369	1.928	2.162	1.037	1.995	0	2.05	1.219	0.705
atac_L27313	k4me1_enh	5.021	2.265	1.273	2.843	2.624	2	2.13	0	2.556	2.001	1.361
atac_L27318	k4me1_enh	4.174	0.667	0.976	1.433	1.74	1.52	1.959	0	1.286	1.031	1.131
atac_L27334	k4me1_enh	4.228	1.331	0.725	1.22	1.827	1.05	2.24	0	2.064	0.676	1.308
atac_L27359	k4me1_enh	4.016	1.166	1.256	2.393	1.797	1.362	2.02	0	2.869	1.306	0.765
atac_L27360	k4me1_enh	3.359	0	0.536	1.592	1.27	1.136	2.048	0	2.508	0	0.655
atac_L27388	k4me1_enh	4.83	0	1.444	2.76	2.41	1.881	1.998	0	3.376	1.058	1.326
atac_L27407	k4me1_enh	4.286	1.146	1.191	1.693	1.702	1.914	0.995	2.119	1.431	1.054	1.241
atac_L27425	k4me1_enh	4.745	1.129	1.128	2.293	1.45	1.455	2.289	2.095	2.111	2.174	1.379
atac_L27429	k4me1_enh	5.193	1.166	1.3	2.393	2.389	1.842	2.977	0	2.953	2.705	1.494
atac_L27430	k4me1_enh	5.212	0	1.466	2.039	2.639	1.946	2.121	1.172	2.816	0.854	1.557
atac_L27431	k4me1_enh	4.612	0	0.5	1.814	2.338	1.722	2.104	1.256	2.525	0.376	1.092
atac_L27432	k4me1_enh	4.509	1.537	0.674	2.059	1.672	1.49	1.621	0	2.609	0	0.651
atac_L27434	k4me1_enh	4.444	1.433	1.222	1.76	2.383	1.968	2.862	2.509	2.622	1.228	1.103
atac_L27437	k4me1_enh	4.402	1.174	1.22	2.493	2.786	1.769	2.281	2.159	3.083	2.239	1.882
atac_P04955	k4me1_enh	3.476	1.869	0.999	1.563	1.182	1.494	1.851	0	1.92	0.958	0.876
atac_L27509	k4me1_enh	3.94	1.052	1.137	2.427	2.264	1.612	1.677	1.986	3.526	0.71	1.72
atac_L27510	k4me1_enh	4.127	0.635	1.463	2.12	2.239	1.762	2.831	3.11	3.468	1.208	1.084
atac_L27644	k4me1_enh	3.707	1.897	1.063	2.656	2.679	1.992	1.789	0	2.62	2.377	1.231
atac_L27645	k4me1_enh	4.495	1.811	0.797	1.989	1.938	1.745	1.611	0	2.43	1.313	1.351
atac_L27681	k4me1_enh	4.85	3.316	0.87	3.383	2.82	2.536	1.957	2.18	2.722	2.567	1.199
atac_L27702	k4me1_enh	5.426	2.14	0.754	2.584	2.814	1.977	1.845	1.882	3.171	1.593	1.769
atac_L27704	k4me1_enh	5.003	2.233	1.415	1.71	2.114	1.969	2.333	0	2.223	2.217	1.487
atac_L27712	k4me1_enh	3.671	0	1.601	1.951	2.246	1.992	1.857	0	1.793	0.814	1.725
atac_L27713	k4me1_enh	3.617	2.184	1.214	2.144	1.579	1.728	2.545	0	2.889	1.262	0.615
atac_L27714	k4me1_enh	5.12	1.79	1.412	2.931	2.735	2.339	3.052	2.134	4.098	1.495	0.871
atac_L27716	k4me1_enh	3.563	1.094	1.302	2.831	2.424	2.067	2.373	0	3.06	2.511	1.103
atac_L27717	k4me1_enh	4.312	0	1.471	2.812	2.307	1.769	2.377	0	3.103	0.44	0.625
atac_L27721	k4me1_enh	4.116	3.385	0.859	1.801	1.716	1.896	1.94	1.452	2.434	2.241	1.576
atac_L27750	k4me1_enh	4.023	1.523	1.02	2.755	2.743	2.09	2.671	0	2.831	2.341	1.635
atac_L27753	k4me1_enh	5.019	1.111	1.199	2.593	2.45	1.904	2.263	1.378	3.311	0.754	1.283
atac_L27757	k4me1_enh	5.185	2.176	1.742	3.098	2.643	2.327	3.341	3.185	3.942	1.03	0.944
atac_P05018	k4me1_enh	4.583	2.099	1.272	3.157	2.933	1.75	2.673	2.815	3.453	1.708	1.509
atac_L27769	k4me1_enh	3.884	0	0.992	2.057	2.173	1.566	2.23	0	2.126	1.803	0.745
atac_L27774	k4me1_enh	3.38	0	1.062	2.029	1.568	1.465	1.595	3.486	2.41	1.498	1.487
atac_L27776	k4me1_enh	5.122	2.486	0.624	2.584	2.358	2.146	2.735	2.878	3.044	1.24	1.198
atac_L27792	k4me1_enh	4.199	1.508	0.901	2.083	2.074	2.021	2.256	2.135	2.151	0	1.075
atac_L27799	k4me1_enh	3.621	2.412	1.565	0.406	1.595	1.175	1.711	0	1.66	0	0
atac_L27801	k4me1_enh	3.389	1.8	1.534	2.298	1.574	1.596	1.601	2.145	1.06	0	0.878
atac_L27804	k4me1_enh	4.089	2.706	0.933	1.733	1.359	1.415	1.369	2.017	1.111	1.567	0.32
atac_L27829	k4me1_enh	4.013	0	1.235	2.234	2.262	1.893	0.837	2.18	2.512	2.82	1.522
atac_L27831	k4me1_enh	4.101	1.122	0.758	2.573	2.546	1.844	2.206	2.086	2.999	2.164	0.843
atac_L27832	k4me1_enh	4.948	0	0.986	3.015	2.584	1.895	2.582	2.182	3.217	2.013	0.899
atac_L27833	k4me1_enh	5.775	0	1.6	2.427	2.82	1.744	2.701	2.18	3.215	1.331	0.194
atac_L27858	k4me1_enh	5.072	1.151	1.367	2.727	2.883	2.639	2.954	2.127	3.349	0.785	1.737
atac_L27876	k4me1_enh	3.993	0.552	1.402	3.497	2.776	2.203	2.323	2.279	3.243	1.799	1.769
atac_L27884	k4me1_enh	5.483	0.596	0.732	2.643	2.83	2.274	2.688	0	3.699	1.145	1.911
atac_L27902	k4me1_enh	3.852	0	0.849	1.134	0.967	1.046	2.308	0	0.844	0.742	0.328
atac_L27932	k4me1_enh	4.499	1.433	0.793	1.227	2.003	1.686	1.92	2.044	1.839	1.004	1.338
atac_L27936	k4me1_enh	3.468	2.201	0.938	1.073	0.456	1.12	0.576	2.575	1.726	0.774	1.055
atac_L27949	k4me1_enh	4.239	1.419	1.288	2.547	2.263	2.049	2.354	2.489	3.427	1.865	1.251
atac_L27955	k4me1_enh	4.578	0	0.609	1.228	1.729	0.914	2.298	0	0.92	0	0.516
atac_L28002	k4me1_enh	4.46	0	0.588	1.551	1.235	1.168	1.001	0	1.651	2.091	1.162
atac_L28007	k4me1_enh	4.255	0	0.731	2.153	2.299	1.783	2.834	0	2.167	1.509	1.086
atac_P05079	k4me1_enh	4.469	1.378	0.702	2.38	1.826	1.742	1.67	0	2.183	1.532	0.781
atac_L28015	k4me1_enh	4.484	0.686	0.586	1.958	1.017	1.132	1.583	2.124	1.317	0.783	1.067
atac_L28026	k4me1_enh	4.784	0	0.896	2.018	1.504	1.346	1.584	0	1.648	0.784	0.35
atac_L28027	k4me1_enh	4.896	1.044	1.321	2.452	2.752	1.98	2.477	2.432	3.439	1.175	0.163
atac_L28029	k4me1_enh	6.488	2.071	1.09	3.299	2.981	2.245	2.021	1.305	3.609	2.598	0.566
atac_L28038	k4me1_enh	3.551	0	1.279	2.553	1.628	1.523	1.501	0	1.965	0.462	1.003
atac_L28041	k4me1_enh	4.357	0	0.348	1.846	2.309	1.303	2.463	0	2.784	1.247	0.606
atac_L28047	k4me1_enh	4.718	2.4	1.175	2.176	2.459	1.588	2.099	2.44	3.718	2.355	1.216
atac_L28048	k4me1_enh	4.421	1.382	0.959	1.932	1.85	1.338	1.342	0	2.065	1.537	0.882
atac_L28065	k4me1_enh	3.978	0.7	1.12	2.397	1.973	1.804	2.418	2.151	2.874	1.984	1.347
atac_L28069	k4me1_enh	4.354	1.185	1.232	1.327	2.132	1.622	2.046	0	2.562	1.706	0.895
atac_L28126	k4me1_enh	5.038	1.503	0.939	2.685	2.429	1.612	2.131	1.18	4.196	1.995	1.227
atac_L28131	k4me1_enh	3.646	1.175	1.126	0.733	1.56	1.792	1.194	0	1.949	0	1.185
atac_L28197	k4me1_enh	3.93	1.115	1.404	2.025	1.881	1.964	2.196	0	1.015	0.757	1.691
atac_L28244	k4me1_enh	4.751	1.833	0.68	3.384	3.196	2.511	3.649	3.012	4.449	0.814	2.247
atac_L32781	k4me1_enh	3.541	0.64	0.784	1.02	0.84	0.585	1.715	1.344	1.242	1.215	0.323
atac_L32861	k4me1_enh	4.085	1.654	1.366	2.223	2.048	1.84	2.747	0	3.525	1.372	1.142
atac_L32871	k4me1_enh	3.529	0	1.042	1.611	1.516	0.912	0.797	0	1.979	0	0.345
atac_L32903	k4me1_enh	3.522	0	0.434	2.156	2.387	1.781	1.564	0	2.862	0.772	0.956
atac_L32976	k4me1_enh	3.528	0	0.991	0.839	0.928	0.621	1.156	0	0.705	0	0
atac_L33055	k4me1_enh	3.715	1.184	0.805	1.879	1.866	2.195	2.044	2.173	2.898	0.81	0.515
atac_L33059	k4me1_enh	4.917	1.527	0.734	2.048	2.096	1.48	2.2	0	3.081	0.801	0.645
atac_L33078	k4me1_enh	3.38	0	1.454	1.78	1.877	1.771	1.178	0	2.288	1.674	0.979
atac_L33098	k4me1_enh	4.15	0.444	1.041	1.095	1.951	1.665	1.544	0	0.912	1.317	0.979
atac_L33136	k4me1_enh	4.323	1.167	1.018	1.208	1.551	1.082	2.345	0	1.764	1.307	1.084
atac_P05816	k4me1_enh	4.357	1.666	1.146	2.921	2.686	1.922	2.897	3.321	3.494	2.076	1.07
atac_L33138	k4me1_enh	4.604	1.136	0.884	1.94	1.95	1.742	2.066	1.407	2.541	0.438	0.854
atac_L33175	k4me1_enh	3.539	2.689	0.65	1.08	0.893	0.318	0.994	0	1.908	0.78	0.347
atac_L33186	k4me1_enh	3.85	2.549	1.439	2.011	2.166	1.988	2.24	3.227	2.204	1.657	1.898
atac_L33187	k4me1_enh	4.294	0.649	0.678	2.493	1.832	1.899	1.733	0	2.313	1.883	1.605
atac_L33189	k4me1_enh	4.402	1.529	1.22	0.732	1.897	1.372	1.021	0	0.731	2.45	1.936
atac_L33191	k4me1_enh	4.682	1.166	0.791	2.976	1.907	1.758	3.309	2.619	3.516	0.796	1.175
atac_L33250	k4me1_enh	4.095	2.036	1.38	1.205	1.772	0.971	2.265	2.616	1.203	0.451	0.982
atac_L33262	k4me1_enh	3.563	0	0.819	2.942	2.374	1.769	2.284	0	3.18	1.786	0.735
atac_L33269	k4me1_enh	4.125	1.735	1.475	1.34	2.033	1.559	2.117	2.541	2.507	1.25	0.727
atac_L33300	k4me1_enh	4.358	1.83	1.767	2.009	2.509	2.063	2.049	2.652	2.452	0.813	0.655
atac_L33323	k4me1_enh	3.951	1.08	0.889	2.509	2.217	2.184	2.069	0	2.647	1.214	1.172
atac_L33343	k4me1_enh	4.183	1.651	0.812	2.667	2.59	1.838	2.696	2.788	3.208	1.181	1.549
atac_L33345	k4me1_enh	4.084	0	1.009	2.026	2.147	1.488	1.815	0	2.573	1.296	1.253
atac_L33360	k4me1_enh	3.474	0	0.8	1.498	1.535	0.782	0.601	0	0.913	0.458	0.773
atac_L33363	k4me1_enh	3.639	0	1.091	2.057	1.784	1.635	1.444	1.409	1.036	0.775	0.744
atac_L33370	k4me1_enh	4.396	1.808	1.428	2.259	2.745	2.374	1.725	0	2.92	1.688	1.637
atac_P05882	k4me1_enh	3.37	2.24	1.21	1.815	1.988	1.883	1.456	1.303	1.85	2.158	1.353
atac_L33409	k4me1_enh	4.059	1.519	1.573	2.819	2.907	2.324	3.068	2.62	3.517	2.706	1.871
atac_L33410	k4me1_enh	4.795	1.403	1.454	3.313	3.032	2.328	2.773	2.817	4.321	1.2	1.38
atac_L33430	k4me1_enh	4.062	0.683	0.997	1.827	1.353	0.84	1.314	0	2.062	1.481	1.063
atac_L33434	k4me1_enh	3.335	0	1.036	1.445	1.212	1.913	2.219	0	2.248	1.269	0.739
atac_L33449	k4me1_enh	3.481	0	1.181	0.875	2.031	1.261	1.947	3	0.917	1.088	1.279
atac_L33450	k4me1_enh	4.079	0.674	1.263	1.068	1.943	1.736	1.436	0	0.502	1.466	0.851
atac_L33452	k4me1_enh	5.505	0	0.984	2.819	2.993	2.356	2.865	3.296	2.905	1.71	1.447
atac_L33453	k4me1_enh	4.755	0	0.961	1.851	1.724	1.546	2.409	0	3.138	1.303	1.691
atac_L33471	k4me1_enh	3.965	1.161	1.206	0.858	1.836	1.357	1.008	0	2.629	2.101	0.98
atac_P05907	k4me1_enh	3.619	1.096	0.85	1.136	1.567	1.466	1.924	2.049	1.134	1.231	0.922
atac_L33479	k4me1_enh	4.05	1.161	1.063	2.514	2.335	2.061	2.183	0	2.225	1.675	1.415
atac_L33482	k4me1_enh	3.687	2.244	1.424	1.72	2.011	1.364	1.828	0	1.938	1.075	0.88
atac_L33485	k4me1_enh	4.67	0	0.902	2.382	2.796	1.637	2.01	0	2.77	0	1.486
atac_L33486	k4me1_enh	4.274	1.032	1.343	2.846	2.289	1.882	1.746	3.471	2.776	1.162	0.956
atac_L33499	k4me1_enh	3.969	0	1.449	2.182	1.273	1.873	0.837	0	1.481	1.331	1.592
atac_L33511	k4me1_enh	5.478	0	0.595	2.435	2.309	2.199	2.927	3.257	3.694	2.435	1.082
atac_L33516	k4me1_enh	4.893	1.121	1.21	3.047	2.657	1.723	1.768	2.904	3.692	1.78	1.041
atac_P05919	k4me1_enh	4.674	1.063	0.923	3.004	2.565	1.975	2.717	3.324	3.108	1.385	0.985
atac_L33556	k4me1_enh	4.832	3.015	1.488	2.376	2.328	2.095	2.483	0	2.888	1.924	0.845
atac_L33576	k4me1_enh	3.946	2.445	0.887	2.744	1.769	1.929	1.242	0	2.039	0.99	1.392
atac_L33582	k4me1_enh	4.562	1.069	1.35	1.959	2.303	1.828	1.972	1.33	2.583	1.848	1.237
atac_L33592	k4me1_enh	3.351	0	0.741	1.877	1.724	1.23	1.623	0	1.687	1.86	1.099
atac_L33593	k4me1_enh	3.921	0	1.037	1.883	1.706	1.443	1.502	0	1.359	1.094	1.722
atac_P05929	k4me1_enh	3.72	0	1.003	1.765	1.593	1.081	1.519	0	1.135	0.744	1.018
atac_L33607	k4me1_enh	5.169	1.328	1.005	2.593	2.783	1.891	2.298	1.918	3.07	1.316	1.092
atac_L33621	k4me1_enh	5.114	0	1.381	2.747	2.065	1.995	2.543	3.257	3.854	0	1.342
atac_L33622	k4me1_enh	3.806	1.177	1.474	1.933	2.12	1.705	1.195	2.162	1.347	0.804	0.888
atac_L33624	k4me1_enh	4.657	1.166	1.343	1.645	2.068	1.419	1.827	0	1.937	0	1.084
atac_L33625	k4me1_enh	4.012	1.545	1.367	2.233	2.51	2.469	2.376	0	2.769	1.533	1.368
atac_L33627	k4me1_enh	4.364	2.84	1.292	2.823	2.551	1.742	2.38	1.273	3.095	2.014	1.387
atac_L33639	k4me1_enh	4.236	0	1.428	0	1.006	1.12	1.443	0	1.421	1.472	1.055
atac_L33648	k4me1_enh	3.973	0	1.04	1.233	1.735	1.701	2.305	2.183	2.2	1.714	1.662
atac_L33676	k4me1_enh	3.655	1.18	0.291	0.415	0.224	0.142	0	2.167	0.735	1.087	0
atac_L33694	k4me1_enh	4.827	0	1.687	3.022	2.419	2.2	1.839	0	3.829	1.518	1.093
atac_L33701	k4me1_enh	4.071	1.149	1.324	2.497	2.395	1.88	1.457	0	2.967	1.288	1.159
atac_L33705	k4me1_enh	4.067	0	1.021	0.866	1.634	1.28	1.933	0	1.57	1.512	0.508
atac_L33713	k4me1_enh	3.588	1.174	1.22	1.109	1.737	1.533	1.02	1.45	2.175	1.314	1.27
atac_L33720	k4me1_enh	4.016	0	1.068	1.718	1.886	1.081	1.826	1.441	1.205	0.796	0.641
atac_L33721	k4me1_enh	3.879	2.416	0.906	2.673	2.274	1.595	1.715	0	3.102	0	0.876
atac_L33722	k4me1_enh	4.808	0	0.714	2.776	2.551	2.026	2.399	2.249	3.16	0.853	1.452
atac_P05962	k4me1_enh	3.729	0	1.364	1.763	2.613	1.589	1.461	0	2.806	1.37	1.217
atac_L33726	k4me1_enh	4.564	1.439	1.228	2.001	2.213	1.941	2.619	0	2.72	1.598	0.925
atac_L33761	k4me1_enh	4.058	0	1.356	1.371	1.649	1.336	2.156	2.113	1.536	1.28	1.535
atac_L33763	k4me1_enh	4.589	0	1.077	2.495	1.356	1.51	1.615	2.161	2.492	1.852	0.887
atac_L33766	k4me1_enh	3.922	1.161	1.418	1.849	1.859	1.877	2.77	0	1.058	0	1.339
atac_L33783	k4me1_enh	4.012	1.188	1.367	1.817	2.04	1.359	1.63	0	2.33	1.533	0.365
atac_L33809	k4me1_enh	4.293	0	0.863	2.557	2.2	1.667	2.463	2.071	2.65	1.442	1.121
atac_P05983	k4me1_enh	3.757	0	1.339	1.315	1.946	2.096	2.085	2.856	2.059	0	1.184
atac_L33871	k4me1_enh	3.398	1.524	1.347	1.65	1.826	1.185	1.189	2.153	0.907	1.986	0.357
atac_P05997	k4me1_enh	3.866	0	1.056	1.639	1.624	1.875	2.02	2.524	2.969	1.604	0.601
atac_L33886	k4me1_enh	3.412	0	0.673	2.167	2.346	1.539	2.037	0	1.954	1.521	1.51
atac_L33895	k4me1_enh	4.318	1.073	1.027	2.21	1.698	1.461	1.704	2.015	2.542	1.716	1.385
atac_L33902	k4me1_enh	3.455	0	1.195	1.247	1.534	1.214	1.548	0	1.831	1.161	0.956
atac_L33913	k4me1_enh	3.878	0	0.523	1.394	1.793	1.177	1.01	2.142	2.011	0.793	0.876
atac_L33920	k4me1_enh	4.971	2.579	1.572	1.398	2.228	2.051	1.826	0	2.092	0.796	1.262
atac_P06019	k4me1_enh	3.708	1.368	1.278	1.862	2.028	1.923	1.659	1.966	2.338	1.356	0.962
atac_L33936	k4me1_enh	3.659	0	1.229	2.118	2.351	1.352	1.028	0	2.611	1.089	0.893
atac_P06026	k4me1_enh	4.241	0	0.941	2.313	2.125	2.098	2.479	3.357	3.007	1.408	0.81
atac_L33954	k4me1_enh	4.644	0	1.028	3.193	2.062	1.767	2.73	3.566	3.433	0.905	1.632
atac_L33974	k4me1_enh	4.099	1.022	1.146	2.179	2.511	1.281	2.744	1.277	3.006	1.906	0.947
atac_L33986	k4me1_enh	4.004	0	1.301	1.156	2.011	1.715	1.186	0	1.668	2.13	0.951
atac_L33991	k4me1_enh	4.183	0.618	0.462	2.131	2.028	1.287	1.86	0	1.929	0.964	0.68
atac_P06033	k4me1_enh	3.381	2.404	1.256	1.987	1.775	1.711	2.027	1.31	2.645	0.709	1.061
atac_L34027	k4me1_enh	3.981	2.044	1.647	2.258	2.619	1.908	2.196	2.153	2.876	1.687	0.988
atac_L34055	k4me1_enh	3.497	0	0.681	2.385	2.299	1.629	2.055	0	3.444	1.714	0.658
atac_L34111	k4me1_enh	3.637	1.807	0.967	2.568	2.284	1.945	2.486	0	2.168	1.31	1.179
atac_L34174	k4me1_enh	5.125	0	1.249	2.512	2.253	1.893	2.181	1.433	3.421	0.791	1.077
atac_L34175	k4me1_enh	4.649	1.533	1.224	3.139	2.391	1.795	2.685	2.164	2.972	1.52	0.889
atac_L34191	k4me1_enh	4.535	1.161	0.96	2.143	1.943	1.493	1.82	2.968	1.559	1.676	1.079
atac_L34194	k4me1_enh	4.086	1.997	0.883	3.015	2.344	1.803	2.676	2.105	3.869	1.273	1.23
atac_L34195	k4me1_enh	3.36	2.215	1.192	2.452	2.672	1.934	2.081	3.228	3.688	0.781	1.399
atac_L34211	k4me1_enh	3.673	2.278	1.37	1.953	2.348	1.936	2.226	0	2.774	0.816	1.289
atac_L34222	k4me1_enh	3.389	1.836	0.588	1.428	1.331	1.401	1.55	0	2.291	1.822	0.567
atac_L34278	k4me1_enh	4.852	2.458	1.173	2.361	2.226	2.041	2.804	0	3.513	1.583	0.59
atac_L34291	k4me1_enh	4.15	1.173	1.124	0.731	2.151	1.312	1.346	0	2.543	1.514	1.429
atac_L34313	k4me1_enh	4.204	1.537	1.133	1.876	1.885	1.734	0.831	0	2.32	1.323	1.776
atac_L34330	k4me1_enh	3.335	0	1.188	1.155	1.699	1.695	2.447	1.948	2.37	0.69	0.662
atac_L34372	k4me1_enh	4.318	2.24	1.015	1.917	1.947	1.572	1.474	0	3.067	1.304	1.493
atac_L34405	k4me1_enh	3.494	1.085	0.411	1.391	1.577	1.5	1.994	2.033	1.905	1.219	0.324
atac_L34430	k4me1_enh	4.019	1.975	0.756	2.084	2.058	1.801	1.422	0	2.166	1.256	1.509
atac_L34478	k4me1_enh	4.98	1.183	1.033	2.776	2.545	1.062	2.507	2.172	4.231	0	1.585
atac_L16136	k4me1_enh	5.189	1.772	0.943	0.562	1.674	1.445	2.075	2.114	1.733	1.479	1.152
atac_L16146	k4me1_enh	3.752	2.865	1.126	3.287	2.274	1.933	2.281	0	4.199	1.315	0.992
atac_L16226	k4me1_enh	3.611	0	1.482	2.144	1.379	1.46	2.811	0	2.571	1.003	0.71
atac_P03124	k4me1_enh	3.377	1.049	1.432	1.701	1.579	1.337	2.368	0	1.522	1.369	1.487
atac_L16287	k4me1_enh	3.474	0	0.2	0.413	0	0.599	0.601	0	1.777	0	0
atac_L16291	k4me1_enh	4.612	0	0.888	1.946	1.995	1.495	2.073	3.219	2.44	1.279	1.236
atac_L16292	k4me1_enh	3.353	0	1.593	0.876	1.426	1.097	2.043	0	1.785	2.003	0.778
atac_L16346	k4me1_enh	3.978	1.806	1.465	2.256	2.071	1.308	2.934	0	2.641	1.509	0.881
atac_L16375	k4me1_enh	4.782	1.764	1.571	2.436	2.555	1.464	2.37	2.106	2.641	1.8	1.718
atac_L16376	k4me1_enh	4.939	2.066	1.185	2.176	2.433	1.355	2.218	2.175	2.811	1.529	1.283
atac_L16399	k4me1_enh	3.476	0	1.13	1.114	1.946	1.433	0.829	0	0.914	0.806	1.647
atac_L16421	k4me1_enh	3.595	1.178	1.514	1.412	2.176	1.613	1.617	2.994	1.682	0.458	0.649
atac_L16494	k4me1_enh	3.688	0	0.99	2.557	2.22	1.763	2.149	2.106	3.262	1.94	1.987
atac_L16517	k4me1_enh	3.822	0	0.678	2.177	2.152	1.717	1.953	0	2.563	0.812	0.654
atac_L16524	k4me1_enh	3.962	2.196	0.507	2.05	2.341	1.651	2.617	0	2.637	1.468	1.457
atac_L16532	k4me1_enh	4.369	2.227	1.2	2.661	2.461	1.678	1.912	0	3.654	1.824	0.634
atac_L16534	k4me1_enh	4.254	1.521	1.167	1.308	1.656	1.246	2.272	0	1.765	2.111	1.423
atac_L16536	k4me1_enh	4.541	1.801	0.791	2.85	2.771	1.779	2.606	1.44	3.939	1.979	1.563
atac_L16553	k4me1_enh	4.791	0	0.783	1.841	2.53	1.17	2.529	2.132	3.552	1.063	0.5
atac_L16564	k4me1_enh	5.472	1.169	1.26	3.327	2.694	2.073	2.671	3.886	4.291	1.31	1.568
atac_L16565	k4me1_enh	4.385	1.164	0.728	2.712	2.624	1.522	2.975	3.494	3.175	1.304	1.562
atac_L16567	k4me1_enh	5.949	1.185	1.796	2.509	2.755	1.739	2.442	0	3.434	2.364	1.283
atac_L16581	k4me1_enh	4.866	1.54	0.866	0.739	2.271	1.62	2.133	0	2.386	0.81	1.364
atac_L16598	k4me1_enh	4.978	1.824	1.084	3.462	3.271	2.819	2.856	2.645	3.305	2.462	1.44
atac_L16601	k4me1_enh	4.978	0.925	1.147	2.576	2.587	1.863	2.335	0	3.013	1.22	1.495
atac_L16603	k4me1_enh	3.587	1.414	0.936	1.382	1.335	1.237	0.75	0	0.662	1.211	1.086
atac_L16604	k4me1_enh	4.146	1.148	1.147	1.287	0.977	1.343	1.318	0	0	0.782	0.629
atac_L16605	k4me1_enh	4.184	1.127	0.82	1.521	0.837	0.745	0	0	0.5	0	0.616
atac_L16606	k4me1_enh	3.458	2.192	0.575	0	0.61	0.313	1.299	0	0	0.769	1.14
atac_L16630	k4me1_enh	4.288	0	1.234	1.51	1.915	1.649	2.513	0	3.377	0	1.285
atac_L16652	k4me1_enh	3.771	0	1.411	1.775	1.51	1.745	0.588	2.133	1.324	1.669	1.251
atac_P03207	k4me1_enh	4.183	1.854	1.272	2.058	2.02	1.566	1.55	3.038	2.479	1.798	0.867
atac_L16714	k4me1_enh	5.031	1.175	0.916	2.361	2.402	1.535	2.427	0	1.774	1.316	0.772
atac_L16726	k4me1_enh	3.452	1.517	0.962	2.147	2.209	1.62	1.924	0	2.295	0.451	0.64
atac_L16752	k4me1_enh	3.902	1.748	0.76	1.517	1.933	1.475	2.282	1.393	2.47	1.034	1.374
atac_L16763	k4me1_enh	3.553	0.666	0.696	1.857	1.738	1.699	2.202	0	1.874	2.634	1.293
atac_P03229	k4me1_enh	3.793	1.635	1.122	1.254	2.138	2.018	0.897	0	1.981	1.168	0.962
atac_L16842	k4me1_enh	4.497	0	1.317	2.117	1.699	1.934	1.644	0	2.01	1.018	0.932
atac_L16895	k4me1_enh	3.426	1.187	1.088	2.884	1.73	1.95	1.032	3.008	3.732	2.138	0.896
atac_L16935	k4me1_enh	4.446	0	1.851	1.415	1.672	1.617	1.946	0	1.352	1.088	0.776
atac_L16941	k4me1_enh	4.885	2.006	0.888	1.887	2.211	1.364	1.894	0	1.904	0.777	1.06
atac_L16969	k4me1_enh	5.823	1.121	0.925	1.348	2.308	1.843	2.046	0	2.666	2.271	1.757
atac_P03280	k4me1_enh	3.342	1.896	1.229	1.895	2.012	1.495	2.042	0	1.716	1.839	0.689
atac_L16970	k4me1_enh	4.192	2.108	0.831	2.211	2.352	1.486	1.369	0	2.844	1.978	0.995
atac_L16972	k4me1_enh	5.825	1.823	0.741	2.504	2.427	1.821	2.69	2.17	2.711	1.702	1.098
atac_L16975	k4me1_enh	5.53	2.533	0.769	2.667	2.782	1.823	2.676	2.105	3.466	0.773	1.387
atac_L16981	k4me1_enh	3.507	0	1.415	1.667	2.154	1.425	1.774	0	1.617	1.631	1.135
atac_L16982	k4me1_enh	3.874	1.16	0.725	2.472	2.169	1.639	1.918	0	3.022	0.791	1.807
atac_L16996	k4me1_enh	4.002	1.087	0.843	2.277	2.132	1.303	2.756	2.849	2.905	1.414	0.707
atac_P03302	k4me1_enh	5.271	1.902	1.323	3.015	2.378	2.181	2.062	0	2.946	1.39	1.657
atac_L17006	k4me1_enh	4.001	0	0.978	2.06	2.334	1.712	1.495	0	2.255	1.525	1.191
atac_P03305	k4me1_enh	4.465	2.438	0.831	2.571	2.113	2.337	2.342	2.478	2.883	1.979	1.243
atac_L17009	k4me1_enh	3.749	1.142	1.142	2.527	1.548	1.983	1.449	2.584	2.264	1.051	0.626
atac_L17011	k4me1_enh	3.774	0.713	0.46	2.009	1.681	1.358	1.362	0	2.452	0	1.52
atac_L17015	k4me1_enh	4.773	1.131	1.083	2.891	3.101	2.301	2.059	2.566	3.43	1.465	1.14
atac_L17029	k4me1_enh	5.594	0	1.179	2.32	2.497	2.172	2.628	3.281	3.053	2.356	1.359
atac_L17058	k4me1_enh	4.006	0.711	0.806	1.003	1.268	1.572	1.204	2.174	1.08	0.461	0.653
atac_L17105	k4me1_enh	4.315	1.124	0.76	2.287	1.873	2.011	2.482	0	2.034	1.034	1.133
atac_L17113	k4me1_enh	3.486	1.185	0.378	0.74	1.397	0.913	1.742	3.29	2.118	0.81	0.894
atac_L17151	k4me1_enh	3.932	1.027	0.983	1.157	2.044	1.041	0.278	0	2.094	1.343	0.303
atac_L17173	k4me1_enh	3.359	2.272	0.982	1.815	2.479	1.327	1.206	0	2.945	1.329	0.896
atac_P03339	k4me1_enh	3.766	0	1.324	1.346	1.664	1.815	2.423	1.978	1.695	1.532	1.998
atac_P03341	k4me1_enh	3.37	1.689	1.078	1.802	1.831	1.708	1.608	1.341	1.116	1.404	1.248
atac_L17178	k4me1_enh	3.929	1.329	0.724	2.426	1.843	1.723	2.299	1.257	2.653	1.48	0.843
atac_L17181	k4me1_enh	3.408	2.435	0.972	1.657	1.942	1.749	2.358	0	3.262	1.083	0.994
atac_L17187	k4me1_enh	4.632	1.521	1.539	2.44	2.563	2.106	1.605	3.5	3.11	0.797	1.085
atac_L17199	k4me1_enh	4.544	0	1.195	2.981	2.046	2.098	3.042	3.675	3.57	1.488	0.631
atac_L17209	k4me1_enh	4.285	0	1.382	0.986	1.989	1.274	2.267	2.146	2.418	1.505	1.261
atac_L17218	k4me1_enh	4.634	0.668	1.076	1.592	1.72	1.006	1.87	3.808	2.357	0.763	1.133
atac_L17252	k4me1_enh	3.748	1.087	1.13	1.984	1.48	1.406	2.362	0	2.118	1.735	0.706
atac_L17253	k4me1_enh	5.164	1.973	1.206	2.49	2.109	1.492	2.41	1.386	3.168	1.45	0.729
atac_L17268	k4me1_enh	4.57	1.393	0.532	2.049	1.882	1.662	2.186	1.319	2.261	0.401	0.573
atac_P03357	k4me1_enh	4.795	3.988	0.807	1.564	1.403	1.201	2.092	0	2.399	0.704	0.676
atac_L17284	k4me1_enh	4.921	0	0.809	2.853	2.607	1.576	0.608	0	2.511	2.369	0.656
atac_L17320	k4me1_enh	4.562	0	1.112	2.159	1.933	1.36	1.699	2.01	2.488	0.982	0.8
atac_L17323	k4me1_enh	3.847	0	0.856	2.158	1.61	1.85	1.61	2.156	2.542	0.801	1.428
atac_L17372	k4me1_enh	3.424	0	0.807	0.687	1.51	0.648	1.853	0	2.45	1.021	1.031
atac_L17402	k4me1_enh	3.451	0	1.115	2.146	2.191	1.496	2.017	0	2.731	1.503	0.982
atac_L17403	k4me1_enh	3.496	2.127	1.638	1.546	1.801	1.161	1.819	0	3.298	1.22	1.256
atac_L17407	k4me1_enh	3.508	0	1.063	1.638	1.488	1.856	2.013	0	3.302	0	1.97
atac_L17429	k4me1_enh	4.429	0.676	1.388	2.348	1.887	1.41	1.565	2.572	1.723	1.273	1.31
atac_L17433	k4me1_enh	3.826	2.233	0.367	0	0.819	0.264	0	2.138	1.328	0	0.76
atac_L17438	k4me1_enh	3.623	0.992	0.992	2.174	2.084	1.573	1.597	1.241	2.316	1.463	0.415
atac_P03377	k4me1_enh	4.874	0	0.875	2.153	2.579	2.132	1.881	1.325	2.21	1.197	1.306
atac_L17490	k4me1_enh	3.49	1.187	0	0.879	0.794	0.914	0.607	0	0.291	0	0.194
atac_L17518	k4me1_enh	3.861	1.503	0.84	1.193	1.131	1.167	2.089	2.128	1.65	0	1.329
atac_L17706	k4me1_enh	4.199	1.096	1.453	2.151	2.301	1.751	2.31	2.863	3.064	1.231	1.481
atac_L17707	k4me1_enh	4.345	0.68	0.994	1.537	2.014	1.057	2.073	0	3.205	2.074	0.746
atac_L17792	k4me1_enh	3.742	1.11	0.627	1.576	1.953	1.507	2.189	2.069	1.39	1.246	0.833
atac_L17882	k4me1_enh	3.896	0	0.915	1.653	1.584	1.607	1.484	2.157	2.102	0.801	0.359
atac_L17890	k4me1_enh	3.608	1.12	0.87	1.16	1.134	1.037	0.566	0	1.158	1.03	0.338
atac_L00039	k4me1_enh	4.075	2.158	1.151	2.791	2.094	1.934	1.644	1.374	3.362	1.437	0.831
atac_L00186	k4me1_enh	5.039	1.041	0.752	2.021	2.342	1.17	2.292	2.426	2.751	0.701	0.561
atac_L00204	k4me1_enh	3.827	1.512	1.634	2.513	2.864	1.491	2.182	0	2.289	2.429	0.874
atac_L00210	k4me1_enh	3.592	1.11	1.281	3.029	2.697	1.957	2.637	2.535	4.281	1.766	1.203
atac_L00211	k4me1_enh	4.39	1.78	1.194	3.59	2.9	2.327	2.854	2.123	4.647	1.957	1.61
atac_L00212	k4me1_enh	4.234	1.713	0.85	2.642	2.287	1.392	2.441	0	3.901	0.419	0.469
atac_P00060	k4me1_enh	3.679	1.496	1.651	1.763	1.269	1.355	1.518	0	2.269	0.855	1.088
atac_L00290	k4me1_enh	4.542	2.066	0.807	1.814	1.241	1.932	2.912	3.291	2.757	0.704	1.481
atac_L00291	k4me1_enh	3.693	0	1.109	1.647	1.123	1.155	0.962	0	3.016	1.765	0.334
atac_L00293	k4me1_enh	3.477	1.18	1.658	1.114	0.965	1.488	2.127	2.166	3.091	2.458	1.189
atac_L00296	k4me1_enh	4.061	0	1.213	1.646	1.799	1.276	1.604	0	2.534	0.797	0.986
atac_L00307	k4me1_enh	5.452	0.627	1.148	2.282	2.175	1.165	2.259	3.524	2.662	1.552	1.504
atac_L00322	k4me1_enh	5.074	2.737	1.619	1.217	2.679	1.727	2.681	0	2.601	1.518	1.643
atac_L00323	k4me1_enh	5.354	1.487	1.431	2.163	2.451	1.766	2.788	1.41	3.027	2.188	1.314
atac_L00342	k4me1_enh	3.441	1.699	1.333	2.037	1.739	1.718	0.941	2.035	1.981	0	1.008
atac_L00361	k4me1_enh	3.353	0	1.142	2.006	1.767	1.059	1.312	0	1.984	0.778	0.86
atac_L00428	k4me1_enh	4.11	1.526	1.023	2.925	2.699	2.55	2.84	2.985	4.031	2.117	2.177
atac_L00429	k4me1_enh	4.697	1.813	1.546	1.729	2.714	1.702	2.79	0	3.006	0	0.51
atac_L00485	k4me1_enh	3.753	0	1.097	2.222	1.942	1.34	2.514	2.942	3.482	1.054	0.749
atac_L00486	k4me1_enh	3.426	1.829	1.233	2.71	2.523	2.309	2.374	0	3.176	1.093	1.519
atac_P00131	k4me1_enh	6.278	0.589	1.088	2.53	2.776	2.703	3.111	1.919	3.42	2.196	0.295
atac_L00497	k4me1_enh	4.562	1.713	1.455	2.201	2.631	1.732	1.834	0	3.318	2.336	0.597
atac_L00502	k4me1_enh	3.655	1.779	1.147	1.378	1.966	1.195	0.583	0	1.543	1.287	0.751
atac_L00523	k4me1_enh	3.966	0	1.04	1.365	2.475	1.464	2.677	1.407	1.303	1.645	0.854
atac_L00540	k4me1_enh	4.156	1.656	0.65	1.576	2.207	1.068	2.177	1.988	2.07	0.711	0.312
atac_L00563	k4me1_enh	4.444	1.161	0.905	1.562	1.923	1.386	2.184	2.141	2.413	1.501	1.257
atac_P00151	k4me1_enh	3.408	0.951	0.95	1.376	1.929	1.098	1.338	0	1.642	0.352	1.582
atac_L00593	k4me1_enh	4.246	1.185	1.32	2.064	2.693	2.094	2.296	3.004	3.062	0	1.839
atac_L00595	k4me1_enh	4.37	1.298	1.021	3.139	2.081	1.807	2.481	2.671	3.765	0.898	1.673
atac_P00153	k4me1_enh	4.038	2.24	0.955	2.782	2.322	2.088	2.018	1.976	3.17	1.531	1.657
atac_L00599	k4me1_enh	4.933	1.144	1.233	2.405	2.691	2.507	2.448	2.116	3.635	0.779	1.947
atac_L00631	k4me1_enh	4.915	3.343	1.368	3.448	3.092	2.532	3.009	3.844	4.502	1.542	1.294
atac_L00646	k4me1_enh	3.675	1.099	0.798	2.204	2.133	1.343	2.381	0	2.321	1.889	0.598
atac_L00675	k4me1_enh	3.39	1.057	1.223	1.888	2.394	2.091	1.47	1.316	2.964	2.07	1.558
atac_L00691	k4me1_enh	4.329	1.479	1.177	2.344	2.278	1.987	1.881	0	3.514	1.467	0.851
atac_L00719	k4me1_enh	4.889	0	0.554	1.697	2.144	1.229	1.63	2.048	2.671	1.23	0.922
atac_L00727	k4me1_enh	5.302	1.815	0.799	2.052	2.023	1.681	1.349	2.99	2.547	1.518	0.36
atac_P00189	k4me1_enh	4.724	2.387	1.243	2.518	2.395	2.153	2.58	3.663	3.433	1.809	1.348
atac_L00728	k4me1_enh	5.506	0.684	1.098	3.087	2.608	2.157	2.946	1.418	4.344	1.813	1.54
atac_L00740	k4me1_enh	3.707	1.179	1.029	2.113	2.552	2.267	2.743	0	2.316	0	1.188
atac_P00199	k4me1_enh	3.467	1.822	0.966	2.202	2.281	1.833	1.52	2.998	3.017	2	0.846
atac_L00784	k4me1_enh	4.031	0	1.582	1.216	1.153	1.253	1.837	0	2.49	1.315	1.431
atac_L00818	k4me1_enh	3.589	1.174	0.529	1.109	1.876	0.823	1.486	2.159	0.526	1.081	1.431
atac_L00819	k4me1_enh	3.48	0.708	0.674	1.116	1.393	1.196	1.027	0	0.916	0.808	1.191
atac_P00222	k4me1_enh	3.439	1.655	1.138	1.642	1.361	0.61	1.949	0	1.324	1.95	1.143
atac_L00851	k4me1_enh	4.35	0	1.143	2.716	2.214	1.366	1.798	3.223	3.533	1.654	1.32
atac_L00869	k4me1_enh	3.36	0	1.487	1.329	1.936	1.524	1.502	2.178	2.194	1.094	0.897
atac_L00885	k4me1_enh	3.58	0	1.427	1.793	1.802	1.248	2.112	0	2.425	1.985	0.767
atac_L00888	k4me1_enh	3.959	0	1.06	1.907	2.017	0.889	1.466	3.483	1.841	0.789	0.977
atac_L00891	k4me1_enh	3.597	0	1.226	2.698	2.008	1.488	1.353	2.166	1.78	2.128	1.51
atac_L00892	k4me1_enh	4.202	0	1.249	2.427	1.939	1.812	1.594	2.608	1.927	1.829	1.168
atac_L00896	k4me1_enh	4.307	1.401	1.757	2.694	2.617	1.769	2.673	0	2.794	1.844	1.89
atac_L00897	k4me1_enh	5.099	1.72	1.596	2.685	2.339	1.874	2.25	2.873	3.267	2.02	1.488
atac_L00901	k4me1_enh	4.684	1.137	1.31	2.055	1.738	1.721	1.155	1.408	2.434	0.774	1.146
atac_L00903	k4me1_enh	4.622	1.162	0.662	0.983	1.903	1.641	1.714	1.437	1.45	0	0.981
atac_L00927	k4me1_enh	3.496	1.548	0.93	1.597	2.121	1.301	0.838	0	1.97	0.815	0.366
atac_L00929	k4me1_enh	4.039	0	1.421	2.201	2.786	1.985	0.791	0	2.533	1.793	0.953
atac_L00950	k4me1_enh	3.467	0	0.915	1.406	1.687	0.69	1.192	3.271	1.343	0.801	1.429
atac_L00962	k4me1_enh	3.393	0	0.91	1.102	1.63	1.15	1.604	0	2.165	0.453	0.986
atac_L00964	k4me1_enh	3.709	1.821	0.863	1.874	2.249	1.71	1.737	0	2.184	0.807	0.361
atac_L00969	k4me1_enh	3.908	0	1.553	2.736	2.759	2.253	1.737	2.167	2.607	2.643	1.713
atac_L00986	k4me1_enh	3.514	0	0.658	2.057	1.529	1.278	1.591	2.005	2.021	0.978	0.987
atac_L00991	k4me1_enh	3.561	0	1.046	2.49	2.408	2.142	2.235	2.044	3.157	1.59	1.338
atac_L00992	k4me1_enh	3.514	1.164	1.498	2.199	2.387	1.417	2.411	0	2.161	1.836	0.878
atac_L01005	k4me1_enh	5.29	1.488	0.993	3.65	2.946	2.132	2.737	3.217	4.363	1.278	1.722
atac_L01015	k4me1_enh	3.416	1.181	0.533	1.116	1.195	1.664	0	0	1.22	1.322	1.098
atac_L01046	k4me1_enh	3.602	1.824	1.032	3.199	2.269	2.193	2.042	0	3.772	1.86	1.514
atac_P00274	k4me1_enh	4.685	1.069	1.236	1.663	1.951	1.734	2.052	3.099	1.956	1.201	0.898
atac_L01053	k4me1_enh	5.286	0	0.825	2.957	2.435	1.382	2.125	1.327	3.321	0.979	0.798
atac_L01059	k4me1_enh	3.96	1.184	0.805	1.943	1.726	1.691	2.44	0	2.504	1.862	0
atac_L01079	k4me1_enh	3.582	3.46	0.967	1.31	1.036	1.395	2.196	1.446	1.459	0	1.348
atac_L01093	k4me1_enh	5.194	1.83	1.037	1.329	2.374	1.625	1.033	3.009	1.966	2.368	1.446
atac_L01105	k4me1_enh	3.959	0	1.305	1.446	1.661	1.604	1.974	2.1	1.17	1.27	1.307
atac_L01113	k4me1_enh	3.769	1.681	1.46	1.376	1.538	1.176	1.489	0	2.222	1.396	1.164
atac_L01166	k4me1_enh	3.895	0	1.563	3.113	2.473	2.033	1.829	1.951	3.991	1.791	0.952
atac_L01171	k4me1_enh	3.768	0.67	0.819	1.262	1.419	1.261	2.484	1.395	1.799	2.721	1.299
atac_L01179	k4me1_enh	3.622	1.128	1.173	1.598	1.364	0.903	1.777	0	2.767	0.767	0.617
atac_P00327	k4me1_enh	4.219	1.364	1.381	2.282	1.885	1.019	1.923	0	2.702	0.697	1.124
atac_P00328	k4me1_enh	3.758	1.707	1.413	1.554	1.487	1.387	2.235	0	2.252	1.227	1.184
atac_L01404	k4me1_enh	4.152	2.222	1.103	1.96	1.685	1.902	1.322	0	1.649	1.29	1.247
atac_L01417	k4me1_enh	4.527	1.191	0.381	1.233	2.064	1.14	1.211	0	1.484	0	0.658
atac_L38882	k4me1_enh	3.551	3.004	0.868	1.055	0.911	1.54	1.658	2.08	1.507	1.028	0.942
atac_L38962	k4me1_enh	4.126	0	1.317	1.809	2.334	1.903	2.291	2.17	1.958	1.859	1.513
atac_P06882	k4me1_enh	3.501	0.586	1.122	1.038	1.045	1.462	0.864	1.911	1.365	0.672	0.838
atac_L39004	k4me1_enh	3.569	0.695	0.448	1.64	1.31	1.301	1.714	0	1.56	0	0
atac_L39013	k4me1_enh	3.971	1.191	1.282	1.82	2.528	2.22	2.704	2.182	2.623	0.815	1.449
atac_L39032	k4me1_enh	3.573	1.801	0.664	1.305	2.49	1.274	2.106	3.7	2.091	1.837	1.63
atac_L39047	k4me1_enh	3.482	1.183	0.804	0.416	0.694	0.87	0.604	0	2.115	0.809	0.777
atac_L39065	k4me1_enh	3.7	2.254	1.351	1.991	1.639	1.833	1.938	1.451	2.839	0.456	1.575
atac_L39069	k4me1_enh	3.565	1.16	0.593	1.095	1.857	0.93	0.59	3.487	2.468	1.675	1.169
atac_L39082	k4me1_enh	3.96	1.669	1.19	2.104	2.13	1.474	1.589	0	2.748	0.718	1.305
atac_P06908	k4me1_enh	3.454	1.895	0.922	1.949	1.595	1.351	1.786	2.807	1.946	1.384	0.451
atac_L39107	k4me1_enh	5.606	1.178	0.974	2.218	1.902	1.637	1.942	0	2.181	1.854	0.774
atac_L39123	k4me1_enh	3.524	2.427	1.217	1.861	1.608	1.186	1.933	0	1.57	0.8	0.989
atac_L39124	k4me1_enh	4.697	0	1.162	2.121	2.396	1.512	1.708	0	2.285	0	1.167
atac_L39125	k4me1_enh	5.498	2.041	1.069	2.948	2.641	1.98	2.271	0	2.955	1.84	1.566
atac_L39128	k4me1_enh	4.529	4.189	0.785	2.628	2.183	1.296	1.593	0	2.52	1.969	0.636
atac_L39153	k4me1_enh	4.856	0	1.284	3.281	2.746	2.142	3.222	3.173	3.507	1.616	1.501
atac_L39226	k4me1_enh	3.468	0	1.509	1.728	2.152	0.903	2.493	0	1.574	0	1.824
atac_P06958	k4me1_enh	3.712	0	1.18	2.371	1.725	1.168	1.92	2.858	1.576	1.591	1.014
atac_L39262	k4me1_enh	3.82	0	1.43	1.605	2.425	1.467	2.347	2.483	2.728	1.722	1.086
atac_L39263	k4me1_enh	5.473	1.161	0.788	3.139	2.352	1.709	2.6	0	3.135	2.102	1.171
atac_L39264	k4me1_enh	4.1	0.698	0.964	2.641	2.738	2.381	2.831	2.148	2.87	1.839	0.879
atac_L39275	k4me1_enh	3.898	0	1.885	2.086	2.583	1.784	2.952	0	2.922	1.92	0.338
atac_L39298	k4me1_enh	4.089	1.912	1.073	1.733	1.764	1.415	2.342	0	2.163	0.408	0.803
atac_L39341	k4me1_enh	4.513	0	1.211	2.095	2.177	1.842	2.19	2.147	2.477	0.796	0.641
atac_L39342	k4me1_enh	4.162	2.262	1.029	2.661	2.77	1.731	2.999	0	2.497	1.856	0.361
atac_L39345	k4me1_enh	3.59	1.175	0.859	2.451	2.242	1.703	2.944	0	2.245	0.803	1.354
atac_L39394	k4me1_enh	4.123	1	0.305	2.268	2.279	1.623	2.565	1.251	2.723	1.752	1.3
atac_L39410	k4me1_enh	5.719	0	1.064	2.691	3.052	1.944	3.066	3.863	4.107	2.081	0.895
atac_L39417	k4me1_enh	3.798	0	0.582	1.888	1.549	0.953	1.162	1.415	2.443	1.281	0.347
atac_L39418	k4me1_enh	4.661	2.38	1.091	3.128	2.407	2.098	1.444	2.109	2.738	1.648	1.779
atac_L39448	k4me1_enh	3.478	3.778	0.748	1.046	1.399	0.992	0.961	0	1.938	0.425	0.333
atac_P07004	k4me1_enh	3.884	2.462	0.896	1.129	0.886	1.617	0.944	0	2.122	2.001	1.181
atac_L39471	k4me1_enh	4.519	1.446	0.802	1.953	1.695	1.499	1.64	0	2.269	1.433	1.422
atac_L39473	k4me1_enh	3.655	1.536	1.226	2.058	1.968	1.435	1.845	0	1.582	1.7	0.997
atac_L39475	k4me1_enh	4.164	1.159	1.334	1.39	1.457	1.174	2.332	2.137	1.658	0.79	0.873
atac_L39490	k4me1_enh	4.601	1.036	0.992	1.554	1.85	2.045	2.22	0	1.761	2.145	0.773
atac_L39506	k4me1_enh	3.824	0.607	1.196	2.009	1.58	1.458	1.835	0	2.851	1.162	1.526
atac_L39517	k4me1_enh	5.073	0.68	0.712	1.946	2.193	1.363	2.073	2.113	1.982	1.05	1.15
atac_L39518	k4me1_enh	3.974	1.519	1.211	2.437	2.884	1.997	3.152	0	2.092	1.306	0.765
atac_L39553	k4me1_enh	4.258	2.554	1.48	1.547	2.007	1.861	1.698	0	1.915	0.444	1.159
atac_L39572	k4me1_enh	4.888	2.28	0.83	2.993	2.703	1.461	1.703	2.014	3.652	0.407	1.635
atac_L39574	k4me1_enh	4.179	0	1.166	2.203	2.069	1.364	2.483	2.149	2.639	0.453	0.986
atac_L39591	k4me1_enh	4.852	2.765	1.155	1.845	1.771	1.216	1.945	0	2.086	1.247	0
atac_L39604	k4me1_enh	4.258	1.549	1.283	1.515	2.177	1.653	1.859	0	3.147	0.816	1.108
atac_L39605	k4me1_enh	4.629	2.018	1.003	2.828	2.524	2.164	2.523	0	3.545	1.819	1.546
atac_L39606	k4me1_enh	4.054	0	0.679	2.673	2.436	2.116	1.854	0	2.987	1.329	1.52
atac_L39608	k4me1_enh	4.816	2.247	0.911	1.31	2.332	2.19	2.886	0	3.251	1.686	1.086
atac_L39610	k4me1_enh	4.47	1.177	0.737	2.496	2.693	1.611	2.739	2.162	3.124	1.083	1.507
atac_L39612	k4me1_enh	4.456	0	0.926	0.879	2.605	1.741	2.374	0	3.026	1.329	0.364
atac_L39665	k4me1_enh	5.123	0	1.061	2.511	2.076	1.727	1.594	0	2.77	1.066	1.622
atac_L39690	k4me1_enh	4.573	1.183	1.318	2.226	1.865	1.713	1.357	0	2.558	0	0.193
atac_L39715	k4me1_enh	5.146	1.642	1.355	2.718	2.424	2.171	2.23	3.056	3.387	1.362	1.133
atac_L39717	k4me1_enh	3.927	0	0.811	2.43	1.76	1.362	1.751	3.015	3.502	0	0.784
atac_L39728	k4me1_enh	5.09	2.27	1.232	2.006	2.222	1.384	1.031	0	2.765	0	0.895
atac_L39730	k4me1_enh	3.545	1.736	1.02	1.341	1.709	1.098	2.268	0	1.785	1.025	1.034
atac_L39747	k4me1_enh	3.505	0	1.599	2.242	1.899	1.541	1.71	0	2.467	2.326	0.979
atac_L39773	k4me1_enh	3.76	0	1.195	1.38	1.843	1.479	1.805	1.422	1.915	1.661	0.753
atac_L39775	k4me1_enh	3.491	0	1.366	2.47	2.405	1.415	2.64	2.178	2.619	2.139	0.897
atac_L39777	k4me1_enh	4.188	0	1.544	1.927	1.759	1.426	2.555	0	1.771	1.847	0.509
atac_L39793	k4me1_enh	5.411	0	1.261	2.859	3.055	2.208	2.985	0	3.729	2.115	1.18
atac_P07113	k4me1_enh	3.881	0	1.415	1.841	2.457	1.84	1.59	1.325	2.43	2.285	0.452
atac_L39806	k4me1_enh	4.281	1.163	1.208	1.976	1.724	1.57	1.599	1.438	1.759	1.503	1.491
atac_L39810	k4me1_enh	4.649	0	1.547	2.73	2.521	1.722	2.604	0	3.36	1.876	1.098
atac_L39816	k4me1_enh	3.76	1.18	1.081	0.736	1.006	0.868	1.026	0	1.219	2.642	0
atac_L39864	k4me1_enh	3.862	2.021	1.198	1.901	2.414	2.068	2.526	2.129	2.617	2.208	1.739
atac_L39872	k4me1_enh	3.752	1.529	0.67	2.493	1.981	1.343	1.347	0	2.839	0.802	1.353
atac_L39897	k4me1_enh	3.871	3.113	0.926	1.67	1.801	1.548	1.627	0	1.589	0	0.364
atac_L39907	k4me1_enh	3.704	0.706	0.603	1.733	1.742	1.126	0.601	0	1.952	0.805	0.888
atac_L39914	k4me1_enh	4.224	0	1.063	3.082	2.351	2.107	2.398	3.943	4	1.021	1.901
atac_L39916	k4me1_enh	4.111	0.703	1.075	2.829	2.712	1.558	1.835	0	3.779	1.989	0.645
atac_L39952	k4me1_enh	3.817	0	0.865	1.588	2.429	1.905	1.624	3.287	2.385	1.325	1
atac_L39993	k4me1_enh	5.136	0	1.462	2.602	2.295	1.941	2.545	0	3.341	1.838	0.879
atac_L40011	k4me1_enh	3.444	0	0.326	1.771	1.676	1.344	2.249	1.991	3.645	0.4	0.448
atac_L40073	k4me1_enh	3.71	1.546	1.051	1.33	1.878	1.012	1.568	0	1.882	0.889	0.622
atac_L40076	k4me1_enh	3.412	1.768	1.185	1.455	1.741	1.416	2.231	0	2.647	1.944	1.234
atac_L40103	k4me1_enh	3.466	1.136	0.358	1.607	1.149	1.437	1.441	2.105	2.487	1.799	1.054
atac_L40137	k4me1_enh	4.649	0	0.996	3.021	3.024	2.092	2.944	1.353	3.493	1.223	0.916
atac_L40187	k4me1_enh	3.662	1.064	0.657	2.198	1.792	1.857	2.451	2.003	3.703	0.977	1.073
atac_L40194	k4me1_enh	3.344	0	1.177	0.583	1.767	0.984	1.49	0	3.162	1.697	1.188
atac_L40276	k4me1_enh	3.628	0.634	0.663	2.34	2.323	1.887	2.827	0	3.513	0.985	0.456
atac_L40317	k4me1_enh	3.394	2.245	0.853	1.569	0.87	0.641	1.015	0	1.064	0	0
atac_P01958	k4me1_enh	4.317	0	0.949	0.502	1.612	1.223	1.329	0	0.944	1.524	1.536
atac_L09867	k4me1_enh	3.915	0	0.52	0.855	1.206	1.235	1.328	2.135	0	0.789	1.484
atac_L09937	k4me1_enh	3.64	2.491	0.347	1.334	1.701	1.62	1.409	0	2.779	0	1.281
atac_L09942	k4me1_enh	5.597	4.144	0.91	3.072	2.582	2.205	2.253	0	3.836	2.246	1.025
atac_L09944	k4me1_enh	3.329	2.043	0.966	1.21	1.932	1.718	1.341	0	1.064	2.231	1.498
atac_L09987	k4me1_enh	4.47	1.177	1.027	1.802	2.358	2.03	2.623	2.162	1.866	0.804	1.577
atac_L10031	k4me1_enh	4.166	1.117	1.116	2.026	2.072	1.336	2.271	0	2.347	0.759	1.21
atac_L10039	k4me1_enh	3.951	0	0.889	1.61	2.056	1.88	2.287	2.027	1.74	1.575	1.395
atac_L10040	k4me1_enh	3.972	0	0.899	1.227	1.909	1.412	1.626	0	2.126	2.328	0.594
atac_L10085	k4me1_enh	3.65	1.532	1.027	2.317	2.508	2.234	1.841	0	3.23	1.084	1.356
atac_L10092	k4me1_enh	4.115	0	0.764	1.444	1.881	1.145	2.492	0	2.583	1.932	0.738
atac_L10096	k4me1_enh	3.86	1.502	1.326	1.382	2.191	1.883	2	2.127	1.744	1.96	1.478
atac_L10139	k4me1_enh	3.903	0	1.177	2.165	1.389	1.193	0	2.163	2.248	1.084	0
atac_L10166	k4me1_enh	3.672	0	0.929	1.354	1.529	1.044	1.295	0	1.963	1.787	1.046
atac_L10171	k4me1_enh	5.221	3.479	0.741	2.626	2.774	2.09	2.569	0	1.783	0	1.098
atac_L10235	k4me1_enh	3.573	0	0.729	2.676	2.372	1.757	2.267	1.44	3.277	2.225	1.082
atac_L10260	k4me1_enh	4.242	1.161	1.012	2.293	2.238	1.543	2.261	3.488	3.826	1.3	1.415
atac_L10261	k4me1_enh	3.601	1.182	0.291	1.586	1.484	0.828	1.495	0	1.873	0	0.362
atac_P02025	k4me1_enh	4.454	0.566	1.519	2.142	2.285	1.978	2.053	2.316	2.636	2.397	1.266
atac_L10270	k4me1_enh	3.803	0.999	0.911	2.379	2.109	1.914	2.749	1.249	2.795	1.618	1.007
atac_L10282	k4me1_enh	3.937	0	0.451	0.866	1.184	0.86	1.832	2.153	1.672	0.799	0.644
atac_L10286	k4me1_enh	3.492	0	1.8	1.23	1.338	1.031	1.63	0	1.695	1.868	1.005
atac_L10293	k4me1_enh	4.57	0	1.604	2.891	2.042	2.353	2.895	1.996	2.821	1.959	1.3
atac_L10294	k4me1_enh	4.524	0	1.716	2.531	2.699	2.024	2.676	2.156	3.188	0.801	0.99
atac_L10298	k4me1_enh	4.213	1.722	1.2	1.872	1.944	1.426	1.862	2.602	2.62	1.538	1.291
atac_L10309	k4me1_enh	3.389	0	0.761	1.354	2.031	1.79	2.134	0	2.175	1.459	0.846
atac_L10310	k4me1_enh	3.866	0	0.504	1.357	2.089	1.753	2.822	0	2.811	2.057	0.951
atac_L10328	k4me1_enh	4.361	0	1.169	1.649	2.482	0.733	1.831	2.152	2.097	1.31	1.266
atac_L10339	k4me1_enh	4.004	0	1.223	1.071	1.182	0.572	1.564	0	1.173	0	0.343
atac_L10395	k4me1_enh	3.433	0	1.327	1.515	2.348	1.58	1.859	2.183	2.457	1.714	1.108
atac_P02055	k4me1_enh	3.436	0	0.863	0.358	1.277	1.288	1.343	1.309	1.615	0	1.36
atac_L10459	k4me1_enh	4.934	1.411	1.029	2.675	2.572	2.056	2.785	3.344	2.847	1.568	1.519
atac_L10464	k4me1_enh	4.927	1.939	0.9	2.453	2.424	1.666	2.164	2.045	2.797	2.423	1.103
atac_L10489	k4me1_enh	3.823	0.692	0.845	1.476	1.741	2.267	2.402	3.866	2.286	1.066	1.804
atac_L10549	k4me1_enh	4.278	1.182	1.181	0.415	1.863	1.292	1.622	0	2.255	1.088	0.514
atac_P02078	k4me1_enh	4.016	1.362	1.272	0.633	0.761	1.293	0.893	0	1.07	1.516	0.957
atac_L10550	k4me1_enh	3.868	1.476	0.822	1.17	1.728	1.601	1.558	2.096	1.804	0.768	1.304
atac_L10584	k4me1_enh	4.031	0	1.929	1.315	1.116	1.656	1.613	0	2.794	0.802	1.184
atac_L10592	k4me1_enh	4.857	1.534	1.08	2.113	2.525	2.236	1.491	0	2.846	1.855	1.188
atac_L10602	k4me1_enh	3.848	1.462	1.515	2.231	1.713	2.254	2.273	0	3.2	0	1.127
atac_L10603	k4me1_enh	3.409	0	1.311	2.01	2.054	1.479	2.05	2.008	2.796	0.981	1.159
atac_L10620	k4me1_enh	5.095	2.595	1.354	2.316	2.358	1.728	1.941	3.277	2.031	1.695	1.273
atac_L10628	k4me1_enh	4.9	0	1.137	1.942	1.345	1.331	0.797	2.108	1.815	1.275	0.959
atac_L10634	k4me1_enh	3.697	0	0.669	1.653	1.637	1.252	1.835	0	1.343	1.848	1.429
atac_L10659	k4me1_enh	3.583	2.249	1.347	2.307	1.849	2.04	2.35	2.154	2.304	2.234	1.349
atac_L10677	k4me1_enh	3.437	0	1.245	1.965	2.071	1.322	1.589	2.132	2.516	2.093	1.409
atac_L10691	k4me1_enh	3.681	0.655	1.102	2.784	2.017	1.498	2.731	2.059	3.75	0	0.472
atac_P02117	k4me1_enh	3.731	1.027	1.469	2.049	1.68	1.473	2.449	1.949	0.932	0.942	1.035
atac_L10727	k4me1_enh	3.989	0	0.875	1.983	1.527	1.008	2.284	0	1.516	1.925	0.949
atac_L10736	k4me1_enh	3.967	0.63	0.928	1.2	1.894	1.227	1.97	2.008	2.215	2.192	0.454
atac_L10761	k4me1_enh	3.951	1.752	1.455	1.867	1.476	1.644	1.875	2.093	1.802	2.28	1.137
atac_L10763	k4me1_enh	3.76	0	0.779	1.085	1.886	1.065	2.245	0	1.317	2.086	1.674
atac_L10790	k4me1_enh	3.95	2.259	0.738	0.998	1.669	1.564	1.024	2.164	2.109	1.996	0.995
atac_L10820	k4me1_enh	4.366	2.146	1.005	1.634	1.666	1.233	1.929	0	2.432	0.42	0.925
atac_L10822	k4me1_enh	4.859	1.872	0.955	2.077	2.389	1.381	1.764	2.78	3.17	0.96	0.969
atac_P02145	k4me1_enh	6.106	1.867	1.318	2.293	2.317	1.377	1.664	0	3.251	2.153	1.28
atac_L10830	k4me1_enh	4.824	1.621	1.265	1.671	2.011	1.77	1.433	0	2.561	1.156	1.191
atac_P02146	k4me1_enh	3.484	0	1.219	2.038	1.562	1.648	1.979	1.938	2.199	1.497	1.567
atac_L10904	k4me1_enh	6.67	7.03	2.483	4.015	3.69	3.628	3.405	4.384	4.487	3.544	2.551
atac_L10905	k4me1_enh	6.571	7.185	2.417	4.112	3.726	3.525	3.458	3.505	4.309	3.306	2.788
atac_L10906	k4me1_enh	6.301	7.385	2.769	3.67	3.302	2.812	2.46	2.598	3.996	2.416	2.729
atac_L10991	k4me1_enh	4.095	0	0.993	2.639	1.874	1.362	2.683	2.581	2.913	1.278	1.059
atac_L10995	k4me1_enh	3.516	0	0.525	1.398	1.144	1.046	1.602	0	1.205	0	0.356
atac_L11006	k4me1_enh	4.764	1.183	0.923	1.417	2.487	1.569	1.948	3.524	2.938	2.81	1.279
atac_L11051	k4me1_enh	3.661	0	1.183	2.975	2.202	2.35	2.694	2.173	3.307	2.362	1.001
atac_L11056	k4me1_enh	4.541	0.663	0.867	1.97	2.637	1.49	1.419	0	2.023	2.039	1.289
atac_L11125	k4me1_enh	3.521	1.169	1.259	1.401	1.468	1.552	1.187	1.444	1.766	1.309	0.767
atac_L11139	k4me1_enh	3.333	0	1.459	1.268	1	1.735	2.362	0	1.297	1.638	0.618
atac_L11147	k4me1_enh	3.989	0	1.352	2.051	1.982	1.834	1.487	0	1.576	1.316	0.359
atac_P02189	k4me1_enh	3.523	2.977	1.083	0.875	0.844	1.085	1.758	0	1.198	1.171	1.537
atac_L11208	k4me1_enh	3.412	0.68	1.092	0.963	1.221	1.155	1.792	0	1.424	1.649	0.857
atac_P02199	k4me1_enh	3.373	2.07	1.647	0.881	1.686	2.258	1.208	0	1.61	2.055	1.91
atac_L11292	k4me1_enh	3.419	0	0.688	1.958	2.459	2.322	2.518	0	3.714	0.752	0.933
atac_L11294	k4me1_enh	4.331	1.08	0.888	2.839	2.216	2.281	2.352	3.555	3.316	1.863	1.394
atac_L11320	k4me1_enh	3.553	0	1.235	0	1.37	0.791	0.608	1.467	2.33	1.095	0.898
atac_L11411	k4me1_enh	4.048	1.113	1.201	1.721	1.661	1.031	1.948	0	2.019	1.249	1.207
atac_L11414	k4me1_enh	3.819	0	0.799	1.039	1.304	1.654	2.728	0	2.487	1.754	0.331
atac_L11415	k4me1_enh	3.78	3.122	0.681	1.427	2.585	1.956	2.451	0	2.334	2.144	0.9
atac_L11416	k4me1_enh	4.931	1.867	1.456	2.622	2.459	2.127	1.759	1.971	3.251	0.702	1.478
atac_L11457	k4me1_enh	3.491	2.556	1.15	1.835	1.635	1.673	1.7	1.424	1.996	1.663	1.16
atac_L18007	k4me1_enh	3.944	2.254	1.025	1.577	2.098	1.314	1.486	2.159	2.104	1.315	0.992
atac_L18089	k4me1_enh	3.82	0	0.743	2.55	2.306	2.129	2.806	2.174	3.601	0	1.442
atac_L18113	k4me1_enh	4.094	0	1.561	1.67	2.058	1.648	1.954	0	1.082	0.812	1.197
atac_P03444	k4me1_enh	3.594	0	0.649	0.992	1.221	0.874	0	0	1.429	0.71	0.787
atac_L18132	k4me1_enh	3.503	0	0.52	2.19	1.206	1.636	2.096	2.136	1.445	0	1.075
atac_P03454	k4me1_enh	4.526	1.077	0.936	2.075	1.615	1.292	1.374	0	2.038	0.729	0.999
atac_L18180	k4me1_enh	4.099	0	0.815	1.73	1.784	0.821	1.662	0	2.755	1.257	0.179
atac_L18219	k4me1_enh	3.608	1.152	0.897	1.551	2.122	1.068	1.586	0	2.457	1.821	1.548
atac_L18229	k4me1_enh	3.338	1.76	0.881	1.747	2.79	1.409	2.145	0	2.588	0.771	1.052
atac_L18245	k4me1_enh	4.96	1.147	0.947	1.831	1.58	1.576	0.804	2.121	2.138	1.659	0.185
atac_L18287	k4me1_enh	3.752	1.116	1.204	1.852	2.107	1.131	2.407	2.544	2.914	1.026	0.838
atac_L18324	k4me1_enh	4.646	0	1.404	2.363	2.443	1.892	2.469	0	2.457	1.026	1.909
atac_L18326	k4me1_enh	4.417	1.753	1.628	2.62	1.304	1.174	2.055	0	2.676	0.767	1.647
atac_L18328	k4me1_enh	5.369	1.989	0.764	2.467	2.816	1.668	2.965	0	3.611	1.463	1.521
atac_L18329	k4me1_enh	4.066	0.684	1.236	2.365	1.015	1.476	2.385	2.12	3.076	0	1.156
atac_L18402	k4me1_enh	3.415	1.18	0.863	1.502	1.329	0.986	1.945	0	1.685	0.807	0.361
atac_L18404	k4me1_enh	4.045	1.183	1.318	1.324	1.266	1.518	0	2.645	1.784	1.526	1.362
atac_L18414	k4me1_enh	4.158	0	1.017	1.503	1.659	1.533	2.401	0	2.088	1.615	0.937
atac_L18427	k4me1_enh	4.696	0	0.89	2.569	1.676	1.498	2.159	2.116	1.823	0.779	0.965
atac_L18458	k4me1_enh	3.839	1.7	1.087	2.443	2.428	1.381	2.228	1.351	2.183	1.584	1.655
atac_L18461	k4me1_enh	4.077	1.756	0.641	1.931	2.729	2.286	3.01	3.201	3.12	1.792	1.049
atac_P03512	k4me1_enh	4.639	0	0.764	1.942	2.182	1.443	2.497	0	1.866	1.378	0.685
atac_L18470	k4me1_enh	3.956	0	1.48	1.876	1.723	1.131	1.739	2.17	2.501	0.46	1.439
atac_L18476	k4me1_enh	3.862	0	1.408	2.077	2.472	2.118	2.646	0	2.279	2.091	1.549
atac_L18492	k4me1_enh	3.965	0	1.012	2.194	1.515	1.299	2.599	2.966	2.085	0	1.558
atac_L18529	k4me1_enh	3.349	0.68	1.394	0.964	2.032	1.277	1.31	2.581	0.707	1.65	0.624
atac_L18543	k4me1_enh	4.209	0	1.086	1.944	2.238	1.985	2.695	3.29	2.505	1.091	1.587
atac_L18602	k4me1_enh	4.391	3.217	1.407	2.178	1.935	1.599	2.22	2.177	1.965	1.708	1.841
atac_L18607	k4me1_enh	4.004	0.693	0.786	1.909	2.284	1.141	1.916	2.137	2.153	0.79	1.254
atac_L18608	k4me1_enh	5.131	1.717	1.309	3.141	2.863	1.518	2.674	3.151	3.322	1.89	1.612
atac_L18609	k4me1_enh	4.059	3.28	1.384	2.202	2.16	1.802	2.27	0	2.533	1.507	0.985
atac_L18615	k4me1_enh	3.422	0.684	1.098	2.121	1.16	1.449	2.314	0	1.431	1.284	1.54
atac_L18617	k4me1_enh	4.793	3.111	0.866	1.668	1.397	1.133	1.625	1.462	1.877	1.863	1.194
atac_L18645	k4me1_enh	3.72	0	1.233	0.418	1.825	1.386	0.607	0	0.533	1.708	0.78
atac_L18663	k4me1_enh	3.887	1.024	0.448	2.136	2.07	1.783	2.132	1.278	3.04	1.651	1.032
atac_L18670	k4me1_enh	3.62	0.671	1.339	1.264	1.769	1.11	2.053	0	1.884	1.927	1.301
atac_L18680	k4me1_enh	4.029	1.149	1.001	2.125	2.238	1.758	2.52	3.469	2.14	1.057	0.969
atac_L18692	k4me1_enh	3.333	0	1.414	1.316	1.851	1.362	1.828	0	1.756	1.42	1.185
atac_L18700	k4me1_enh	4.353	0	1.731	2.465	2.802	2.581	2.752	2.174	3.062	2.465	1.194
atac_L18702	k4me1_enh	4.351	2.036	1.066	1.977	1.795	2.082	2.104	0	2.529	1.679	1.562
atac_L18711	k4me1_enh	4.419	1.165	1.461	1.566	2.047	2.216	1.475	0	1.761	1.305	1.755
atac_L18720	k4me1_enh	3.913	1.183	0.676	0.739	2.091	1.519	2.507	2.646	2.188	0	0.778
atac_L18745	k4me1_enh	3.818	1.127	1.079	1.44	2.051	1.263	1.669	0	2.038	1.633	1.763
atac_L18750	k4me1_enh	4.971	1.968	0.847	1.829	2.439	1.771	2.255	0	2.864	0.897	1.207
atac_L18751	k4me1_enh	4.828	2.078	1.131	2.486	2.366	1.407	2.363	2.877	3.436	1.24	1.165
atac_L18752	k4me1_enh	4.748	1.174	1.351	1.407	1.96	1.342	0.825	0	2.793	1.081	0.646
atac_L18753	k4me1_enh	5.281	1.983	1.078	2.42	2.564	2.206	2.66	3.633	1.961	1.262	1.581
atac_L18754	k4me1_enh	3.951	0.625	0.594	2.547	2.397	2.032	3.017	0	3.336	0.715	1.068
atac_L18764	k4me1_enh	4.67	1.174	1.433	1.799	1.94	1.702	1.486	0	1.677	2.239	1.091
atac_L18779	k4me1_enh	3.557	0	1.142	2.429	2.212	2.344	1.75	2.182	1.483	2.013	0.366
atac_L18783	k4me1_enh	4.459	2.426	1.304	2.444	1.955	1.627	2.196	0	2.832	1.31	1.266
atac_L18799	k4me1_enh	4.28	0	0.57	2.536	2.384	1.991	1.664	2.087	2.759	1.782	1.372
atac_L18807	k4me1_enh	4.109	0	1.258	1.596	1.917	1.453	1.555	2.092	2.577	1.927	0.847
atac_L18815	k4me1_enh	4.006	1.541	0.98	1.944	1.751	1.738	2.045	0	2.983	0.81	1.364
atac_L18825	k4me1_enh	5.416	1.174	1.075	2.927	2.322	2.406	2.201	2.158	3.354	1.081	1.183
atac_L18840	k4me1_enh	5.201	1.17	0.667	1.105	1.803	1.785	1.342	1.446	1.768	1.31	0.768
atac_L18859	k4me1_enh	4.041	1.156	1.411	1.705	1.976	0.964	1.464	2.133	2.462	1.064	1.552
atac_P03580	k4me1_enh	4.102	1.419	1.125	2.223	1.794	1.424	2.07	2.839	2.456	0	1.09
atac_L18872	k4me1_enh	3.561	2.608	1.179	2.6	2.68	2.112	2.371	0	2.753	2.121	1.541
atac_L18876	k4me1_enh	3.53	1.139	1.313	1.82	2.139	1.361	1.157	2.579	2.739	1.277	0.745
atac_L18877	k4me1_enh	3.556	2.276	0.38	0.419	1.34	1.269	1.857	0	1.884	1.332	1.006
atac_L18897	k4me1_enh	5.479	2.668	1.344	2.921	2.61	2.243	3.011	3.82	4.744	1.465	1.14
atac_L18920	k4me1_enh	4.697	1.794	1.335	2.338	2.641	2.059	1.71	2.609	2.902	1.674	1.414
atac_L18934	k4me1_enh	4.555	1.811	1.35	1.864	2.187	1.48	1.728	0	2.026	1.691	1.09
atac_L18940	k4me1_enh	3.528	1.811	1.075	2.048	1.829	1.872	1.728	0	1.676	1.514	1.269
atac_L18943	k4me1_enh	4.814	2.834	1.244	0.976	1.614	1.535	1.589	2.131	2.216	1.493	0.756
atac_L18946	k4me1_enh	4.689	1.185	0.807	1.59	2.187	1.967	1.952	0	2.043	0.811	1.195
atac_L18952	k4me1_enh	4.232	0	1.512	1.869	1.765	1.728	1.349	0	0.912	1.519	1.186
atac_L18962	k4me1_enh	4.505	1.161	1.418	1.913	1.34	1.27	1.333	2.613	2.774	1.833	1.416
atac_L19011	k4me1_enh	4.248	0	1.047	1.69	1.96	0.916	1.897	2.94	2.387	0.779	1.469
atac_L19032	k4me1_enh	4.116	3.097	1.077	1.932	1.666	1.896	1.94	0	2.246	1.993	1.093
atac_L19041	k4me1_enh	4.429	1.423	1.331	2.273	2.208	1.794	1.382	0	2.698	1.219	1.652
atac_P03609	k4me1_enh	3.708	0.611	1.577	2.067	2.184	1.731	2.008	0	3.098	2.148	1.534
atac_P03615	k4me1_enh	3.711	0.552	1.245	1.506	1.691	1.376	1.8	1.837	2.035	0.634	1.106
atac_L19101	k4me1_enh	4.371	1.53	1.077	2.265	2.588	1.834	2.495	3.274	2.6	1.693	1.989
atac_L19118	k4me1_enh	4.156	1.479	0.766	1.811	1.731	1.297	1.437	0	2.427	2.062	0.181
atac_L19140	k4me1_enh	3.647	0.661	1.242	2.314	1.458	1.557	1.537	1.38	1.393	0	1.205
atac_L19146	k4me1_enh	4.352	2.26	0.711	2.944	2.498	2.093	2.805	1.319	3.28	1.191	0.981
atac_L19147	k4me1_enh	3.924	1.547	0.871	2.183	2.346	1.894	2.867	2.181	2.991	2.473	1.287
atac_L19177	k4me1_enh	4.858	2.482	1.101	2.006	1.96	1.697	1.12	0	3.074	0.747	1.348
atac_L19236	k4me1_enh	3.576	1.133	1.346	2.863	2.148	1.915	2.778	0	2.774	1.467	0.343
atac_L19314	k4me1_enh	3.527	1.172	1.307	1.214	1.529	1.219	2.278	2.156	2.101	0.801	0.769
atac_L19317	k4me1_enh	4.084	1.761	1.223	1.678	1.4	1.383	2.064	0	2.538	1.469	1.773
atac_L19324	k4me1_enh	4.359	2.192	1.083	2.046	1.942	1.556	1.972	1.401	3.662	1.793	1.769
atac_L19326	k4me1_enh	3.449	1.797	1.419	1.783	1.598	1.796	2.475	2.614	3.272	1.302	1.417
atac_L19613	k4me1_enh	4.599	1.104	1.463	2.545	2.173	1.426	2.878	2.06	3.492	1.896	1.276
atac_L19687	k4me1_enh	3.836	1.368	0	1.556	1.61	1.349	2.223	0	2.748	0.953	0.162
atac_L19697	k4me1_enh	3.886	1.459	1.114	1.506	1.959	1.755	1.76	0	1.868	2.261	0.727
atac_P06587	k4me1_enh	4.192	3.712	0.947	2.112	1.959	1.711	2.006	1.965	1.911	1.355	0.961
atac_L37131	k4me1_enh	4.624	1.667	1.48	3.002	2.84	2.127	2.855	0	4.224	1.194	0.688
atac_L37168	k4me1_enh	3.553	0	0.814	0.693	1.133	1.311	1.766	0	2.027	0.76	0.943
atac_L37219	k4me1_enh	3.854	0	0.758	0.947	1.74	1.285	1.289	0	2.518	0.762	0.612
atac_L37305	k4me1_enh	3.661	2.422	0.972	2.104	1.943	1.541	1.789	2.81	1.539	1.704	0.69
atac_L37387	k4me1_enh	5.051	1.449	1.317	2.261	2.194	1.97	1.847	3.602	3.082	0	1.279
atac_L37419	k4me1_enh	3.519	1.168	0.965	2.643	1.8	1.782	1.721	0	2.019	1.075	1.177
atac_L37450	k4me1_enh	3.38	1.051	1.434	2.463	2.127	1.691	2.37	2.79	3.524	0.709	1.218
atac_L37451	k4me1_enh	3.655	1.148	1.403	1.832	2.043	1.163	1.902	0	2.272	1.66	1.401
atac_L37453	k4me1_enh	4.438	2.053	1.223	2.694	1.984	1.431	2.429	0	3.16	1.853	1.093
atac_L37470	k4me1_enh	4.813	2.225	1.153	2.864	2.742	2.184	2.003	1.427	3.652	1.492	0.869
atac_L37649	k4me1_enh	4.52	0.635	1.029	1.207	2.367	1.761	1.238	2.018	1.891	1.855	1.083
atac_L37722	k4me1_enh	3.824	0	1.01	1.779	2.408	1.49	2.01	2.137	1.446	1.066	1.076
atac_L37729	k4me1_enh	3.546	1.54	1.403	1.506	1.821	1.759	1.625	0	0	1.325	1.1
atac_L37739	k4me1_enh	5.566	0	0.59	2.507	2.673	1.927	1.706	0	2.218	2.321	1.483
atac_L37742	k4me1_enh	5.35	1.938	1.378	2.097	2.382	0.944	2.006	2.044	1.477	1.227	1.102
atac_L37759	k4me1_enh	3.491	1.544	0.927	1.006	1.271	1.97	1.746	2.178	1.479	1.709	1.658
atac_L37794	k4me1_enh	3.71	2.396	1.002	1.288	1.388	1.671	1.457	0	1.646	1.487	0.865
atac_L37812	k4me1_enh	3.866	1.788	1.154	1.554	1.955	1.766	2.649	0	3.324	1.294	0.975
atac_L37814	k4me1_enh	4.784	3.182	0.791	1.979	1.819	1.497	1.601	2.973	3.141	1.072	1.42
atac_P06727	k4me1_enh	4.859	0	1.371	2.14	2.071	1.949	1.074	0	2.008	1.188	1.615
atac_L37843	k4me1_enh	4.623	2.261	1.397	2.66	1.837	2.455	2.037	2.995	2.379	1.855	1.188
atac_L37844	k4me1_enh	5.513	1.102	1.496	2.815	2.554	1.719	1.525	2.058	3.109	1.894	0.718
atac_L37886	k4me1_enh	3.709	0	1.271	2.414	1.482	1.616	2.039	0	1.075	1.087	0.891
atac_L37905	k4me1_enh	3.648	0	1.096	0.711	1.44	1.447	1.798	2.116	2.133	1.282	0.748
atac_L37918	k4me1_enh	3.379	0	0.815	1.347	1.099	1.34	1.661	2.083	0.496	1.779	0.611
atac_L37938	k4me1_enh	3.439	0.691	1.332	2.466	2.092	1.89	2.177	0	2.623	1.495	1.166
atac_L37940	k4me1_enh	5.195	4.121	1.586	2.836	2.656	1.917	2.562	2.163	3.23	0	1.356
atac_L38025	k4me1_enh	4.164	1.159	1.334	1.845	2.038	1.853	1.468	0	2.815	2.216	1.486
atac_L38033	k4me1_enh	5.883	1.83	1.634	2.818	2.672	1.742	2.864	3.295	3.313	0	2.057
atac_L38034	k4me1_enh	4.923	2.257	0.671	1.933	1.943	1.511	1.489	0	2.843	1.317	0.773
atac_L38044	k4me1_enh	5.283	2.27	1.035	3.15	2.477	2.078	1.626	0	2.9	1.864	1.517
atac_P06762	k4me1_enh	3.668	0	1.652	1.177	1.86	1.759	0.987	0	1.421	2.314	1.608
atac_L38113	k4me1_enh	3.631	0	0.935	2.514	2.443	1.78	1.563	2.102	3.055	1.271	1.384
atac_L38119	k4me1_enh	4.589	0	1.654	2.163	1.666	1.158	1.488	0	1.466	1.083	0.994
atac_L38147	k4me1_enh	3.556	0	1.236	0.882	1.733	0.335	0.609	0	1.697	0.814	0
atac_L38148	k4me1_enh	4	0	1.061	0.816	1.678	0.647	1.941	0	1.689	0.752	0.604
atac_L38156	k4me1_enh	3.677	1.513	1.112	1.848	1.791	1.663	2.183	0	2.818	1.5	0.188
atac_L38188	k4me1_enh	5.468	0.699	1.676	3.037	2.615	1.823	2.832	4.184	3.943	1.84	1.496
atac_L38190	k4me1_enh	4.157	0	1.395	1.994	1.964	0.782	2.206	0	2.653	0.804	0.994
atac_L38237	k4me1_enh	4.265	2.612	0.902	1.941	2.144	1.73	1.517	1.36	1.672	2.126	1.016
atac_L38244	k4me1_enh	4.263	0	1.531	2.269	1.572	1.285	2.204	1.948	2.266	0.69	0.765
atac_L38282	k4me1_enh	3.674	1.753	0.982	1.441	1.607	1.174	1.432	0	2.529	0.767	0.951
atac_L38286	k4me1_enh	5.359	0	1.071	1.722	2.234	1.185	1.931	2.98	1.339	1.31	0.882
atac_L38291	k4me1_enh	5.158	1.136	1.464	2.158	2.804	1.608	1.154	0	3.129	2.066	1.387
atac_L38292	k4me1_enh	5.131	1.185	1.405	2.006	2.893	1.646	1.031	0	3.342	1.706	1.588
atac_L38371	k4me1_enh	4.374	0	1.057	2.008	1.944	1.658	2.252	0	1.771	0.749	0.175
atac_L38388	k4me1_enh	4.71	1.166	1.802	3.392	2.842	1.883	3.272	2.148	3.791	1.839	1.632
atac_L38402	k4me1_enh	3.604	1.149	0.516	1.19	1.843	0.674	1.805	2.594	1.646	1.661	0.349
atac_P06793	k4me1_enh	3.405	1.44	1.385	1.83	2.23	1.941	2.015	0	2.069	0.42	1.484
atac_L38428	k4me1_enh	4.545	0.699	1.463	2.642	2.345	2.052	2.271	3.499	3.598	0.797	1.084
atac_L38431	k4me1_enh	3.554	1.189	0.68	1.818	1.828	1.445	1.856	3.535	2.862	1.095	1.522
atac_L38434	k4me1_enh	4.584	2.431	1.581	2.311	2.151	1.399	2.279	0	2.488	1.08	1.269
atac_L38435	k4me1_enh	4.376	2.259	1.723	1.804	2.263	1.707	2.361	0	2.753	1.319	1.509
atac_L38448	k4me1_enh	5.085	2.233	1.454	2.905	2.797	1.684	2.181	3.486	3.478	2.099	1.623
atac_L38477	k4me1_enh	3.356	1.827	1.137	1.12	1.398	0.789	1.626	2.649	1.225	0	0
atac_L38485	k4me1_enh	3.429	2.454	1.325	2.011	2.061	1.972	1.856	0	1.36	1.711	0.898
atac_L38491	k4me1_enh	3.856	1.817	1.268	2.111	2.375	1.537	1.841	0	2.248	1.084	1.77
atac_L38497	k4me1_enh	3.793	0.643	0.673	2.758	2.064	1.815	2.653	2.035	3.014	2.412	0.706
atac_L38537	k4me1_enh	3.971	1.487	1.091	1.754	1.62	1.613	2.23	0	2.645	1.048	0.961
atac_L38538	k4me1_enh	3.708	1.18	1.029	1.221	1.72	1.686	1.198	0	2.891	1.699	1.51
atac_L38570	k4me1_enh	3.925	1.965	1.4	1.248	2.118	1.41	1.756	0	3.02	1.023	1.627
atac_L38573	k4me1_enh	4.556	3.319	1.411	1.514	1.551	1.331	2.225	2.182	3.071	0.815	1.371
atac_P06831	k4me1_enh	3.857	1.714	0.681	0.536	0.813	0.406	0.952	2.052	0.262	0.744	0.715
atac_L38657	k4me1_enh	4.246	0	0.636	1.861	1.829	0.742	1.426	0	1.613	1.259	0.946
atac_L38658	k4me1_enh	3.707	0	1.27	1.5	1.814	1.093	1.025	0	1.58	1.698	1.095
atac_L38661	k4me1_enh	4.752	1.548	1.411	1.952	2.264	1.628	1.858	2.182	2.675	1.535	1.288
atac_L38662	k4me1_enh	5.052	1.087	1.37	2.361	1.842	1.525	2.078	0	2.827	0.736	1.534
atac_L38678	k4me1_enh	4.737	1.618	1.187	2.747	2.835	1.749	2.702	2.401	3.074	1.154	1.189
atac_L38720	k4me1_enh	5.565	2.381	0.71	2.636	2.853	2.24	2.374	2.11	3.134	1.648	1.314
atac_L38725	k4me1_enh	3.606	0	1.559	2.279	1.651	1.383	1.951	0	2.763	0	1.194
atac_P06845	k4me1_enh	3.473	0.912	0.391	1.392	1.335	1.005	1.891	1.148	1.975	0.606	0.994
atac_P06852	k4me1_enh	4.37	3.262	1.052	2.427	1.714	1.633	1.07	0	1.86	1.54	1.142
atac_L11612	k4me1_enh	3.718	2.226	0.444	0	0.983	0.963	0	0	1.051	1.293	0.633
atac_L11616	k4me1_enh	4.405	2.957	1.332	1.388	2.391	1.462	1.466	1.431	2.08	0.448	0.977
atac_L11620	k4me1_enh	3.849	2.374	0.988	1.465	1.917	1.507	1.346	0	2.35	1.451	0.646
atac_L11739	k4me1_enh	3.824	0	0.91	2.062	2.174	1.858	2.969	0	3.773	1.758	0.473
atac_L11828	k4me1_enh	3.53	0.679	0.51	0.707	2.012	1.613	1.685	2.11	2.645	0	0.491
atac_P02262	k4me1_enh	3.515	0	0.974	1.723	1.891	1.842	1.36	2.006	1.879	2.55	0.896
atac_L11896	k4me1_enh	4.09	1.074	1.462	2.301	2.595	1.889	2.525	2.018	2.592	0.987	1.166
atac_L11913	k4me1_enh	4.346	0	1.456	3.359	2.484	2.373	2.013	2.612	3.952	1.973	0.761
atac_L11961	k4me1_enh	3.335	2.588	1.218	0.731	1.557	0.69	1.345	1.448	1.068	0.801	1.182
atac_L12024	k4me1_enh	3.827	0	1.5	2.064	2.469	1.933	2.515	2.879	3.08	1.016	1.026
atac_L12030	k4me1_enh	3.547	0	0.949	2.369	1.987	1.841	0.806	0	2.755	2.508	1.402
atac_L12034	k4me1_enh	5.528	1.159	1.249	1.909	2.019	1.987	2.403	1.433	2.626	1.97	1.254
atac_P02295	k4me1_enh	3.538	0.995	1.192	2.782	2.028	1.828	2.786	0	3.68	0.912	1.082
atac_L12044	k4me1_enh	4.227	1.733	0.691	3.21	2.325	1.772	2.746	2.072	3.343	1.248	0.835
atac_L12045	k4me1_enh	3.974	0	1.353	2.854	2.219	1.718	1.703	2.014	3.057	0.407	1.162
atac_L12062	k4me1_enh	3.403	3.38	1.023	1.727	1.874	1.631	1.02	0	2.174	1.08	0
atac_L12066	k4me1_enh	3.452	1.127	0.82	2.464	2.642	1.832	1.875	1.397	3.215	2.475	1.221
atac_L12104	k4me1_enh	5.186	2.177	1.209	3.36	2.292	2.472	2.414	0	3.714	0.761	1.638
atac_L12156	k4me1_enh	4.402	0	1.237	2.113	1.717	1.482	1.798	2.472	2.914	1.203	0.992
atac_L12181	k4me1_enh	4.431	1.102	1.351	2.616	2.805	1.98	1.841	0	2.141	1.238	1.675
atac_L12184	k4me1_enh	3.906	0	0.781	1.383	2.226	1.26	2.394	3.678	0.514	0.785	1.329
atac_L12203	k4me1_enh	3.566	1.161	1.012	1.973	1.459	1.895	2.1	0	1.2	2.328	1.558
atac_L12218	k4me1_enh	3.51	0	1.306	2.103	2.416	1.222	2.389	0	2.147	1.195	0.689
atac_L12234	k4me1_enh	4.617	1.774	1.047	2.75	2.472	1.751	2.159	0	2.918	1.282	1.895
atac_L12240	k4me1_enh	3.479	1.109	0.627	1.843	2.007	1.154	1.276	2.067	2.276	1.019	0.334
atac_L12250	k4me1_enh	4.808	0	1.356	3.084	2.85	2.327	2.5	3.28	3.565	1.32	1.647
atac_L12251	k4me1_enh	4.426	1.024	1.4	2.885	2.341	2.272	2.603	2.744	3.732	1.785	1.187
atac_L12257	k4me1_enh	3.474	0	1.185	2.966	1.809	1.768	2.232	0	2.439	1.945	0.346
atac_L12264	k4me1_enh	3.57	0	0.789	2.034	1.903	1.71	1.182	0	1.663	1.678	1.08
atac_L12270	k4me1_enh	3.823	0	1.322	2.008	1.546	1.969	1.954	0	2.617	0.812	1.445
atac_L12271	k4me1_enh	3.849	1.404	0.774	1.727	1.757	1.433	1.364	0	1.724	0.722	0.318
atac_L12272	k4me1_enh	3.33	1.169	1.26	2.1	1.44	1.626	1.723	0	0.285	0	0.882
atac_L12313	k4me1_enh	3.533	0	1.077	1.317	1.154	1.43	1.349	0	2.434	1.694	0.887
atac_L12329	k4me1_enh	3.835	1.801	0.791	2.601	1.773	1.861	2.019	1.44	2.531	2.107	0.355
atac_L12330	k4me1_enh	4.172	3.274	1.014	1.395	1.699	1.331	1.822	0	2.473	0.794	0.504
atac_L12331	k4me1_enh	4.695	0	0.983	2.425	2.393	1.833	1.778	2.095	3.534	1.266	1.379
atac_L12356	k4me1_enh	4.384	0	1.209	1.852	1.724	1.571	1.823	0	2.683	1.303	0.877
atac_L12359	k4me1_enh	4.935	2.267	0.923	2.226	1.82	1.199	2.215	2.172	2.939	1.325	1.1
atac_L12369	k4me1_enh	3.657	0	0.804	2.001	2.557	1.38	2.213	2.17	2.186	0.46	0.892
atac_L12373	k4me1_enh	3.543	0	1.081	2.75	2.057	1.323	2.697	2.028	2.736	0.994	0.703
atac_P02363	k4me1_enh	4.037	0	1.15	1.842	1.812	1.428	1.79	2.004	2.086	0	1.736
atac_L12497	k4me1_enh	4.413	1.144	0.944	3	2.18	1.42	2.311	2.116	3.336	0	1.153
atac_L12499	k4me1_enh	3.708	0	1.024	1.659	1.824	0.697	1.863	0	2.229	0.76	0.73
atac_L12530	k4me1_enh	3.595	0	1.097	2.717	2.528	1.709	1.991	3.225	3.177	1.811	0.347
atac_L12533	k4me1_enh	4.496	2.157	1.012	2.166	1.424	2.117	1.938	0	2.898	1.017	0.83
atac_L12545	k4me1_enh	4.891	2.607	1.63	2.847	2.935	1.907	2.134	1.462	3.341	2.889	1.587
atac_L12547	k4me1_enh	5.378	1.525	1.122	2.307	2.768	1.869	3.075	0	2.834	0.455	0.989
atac_L12552	k4me1_enh	4.367	2.049	1.124	1.797	1.502	1.282	1.484	2.157	1.861	1.691	1.182
atac_L12561	k4me1_enh	4.859	1.18	1.18	1.807	1.816	1.979	1.737	2.997	3.016	0	0.997
atac_L12572	k4me1_enh	4.147	3.433	0.746	2.26	2.058	1.784	2.685	2.063	2.776	0.751	0.932
atac_L12576	k4me1_enh	4.256	0	1.369	2.129	2.063	2.049	1.959	2.182	2.456	2.013	0.366
atac_L12579	k4me1_enh	4.263	2.982	0.915	1.797	1.353	1.454	2.2	0	2.102	1.848	1.182
atac_L12593	k4me1_enh	3.872	0	1.385	2.252	2.058	1.951	1.881	3.204	2.939	0.77	1.713
atac_L12607	k4me1_enh	4.285	0.633	1.353	2.457	1.536	1.595	2.055	0	2.279	0.724	0.901
atac_L12609	k4me1_enh	4.032	1.127	1.454	1.669	1.678	1.831	2.286	0	2.72	1.927	1.763
atac_P02401	k4me1_enh	4.178	1.229	1	1.797	1.806	1.554	2.223	0	1.934	1.642	0.853
atac_L12634	k4me1_enh	4.922	2.536	1.538	3.299	3.164	2.707	3.022	0	3.442	1.473	0.959
atac_L12643	k4me1_enh	3.769	2.269	1.136	2.669	2.615	2.022	1.951	0	2.855	2.465	1.839
atac_L12678	k4me1_enh	4.467	1.684	1.561	2.739	2.131	1.872	2.209	2.48	2.808	0.987	0.458
atac_L12701	k4me1_enh	3.719	0.69	1.154	1.196	1.424	1.17	1.003	2.957	1.653	0.788	1.164
atac_L12723	k4me1_enh	3.94	1.172	1.074	2.158	1.783	1.281	2.84	2.985	2.647	1.514	1.089
atac_L12728	k4me1_enh	3.729	1.795	1.063	1.848	2.304	1.592	2.658	1.435	1.66	2.613	1.808
atac_L12737	k4me1_enh	3.97	2.615	0.81	2.071	2.583	1.874	2.141	2.656	2.125	1.332	1.106
atac_L12759	k4me1_enh	5.137	1.683	1.623	2.07	2.629	1.975	2.278	2.018	3.19	0.987	1.852
atac_P02442	k4me1_enh	3.488	0	0.462	1.428	1.332	1.003	0.729	0	1.087	2.265	0.974
atac_L12785	k4me1_enh	4.21	0	0.677	0.417	1.429	1.201	0.606	0	0.92	2.006	0.779
atac_L12797	k4me1_enh	4.542	1.166	0.449	2.3	2.462	1.902	2.88	0	2.637	1.682	1.421
atac_P02451	k4me1_enh	4.61	1.081	0.837	2.129	1.71	2.001	2.146	1.344	2.174	2.491	1.862
atac_L12846	k4me1_enh	3.756	2.053	1.311	2.216	2.21	1.611	1.489	0	1.467	0.804	0.994
atac_P02458	k4me1_enh	3.668	0.63	0.976	2.01	2.301	1.948	2.396	2.008	3.296	0.405	1.159
atac_L12863	k4me1_enh	5.026	1.137	1.182	3.017	2.517	2.011	2.563	2.107	3.294	1.941	1.886
atac_L12864	k4me1_enh	4.686	1.153	0.72	2.694	2.37	1.997	2.526	2.129	3.191	0	0.868
atac_L12877	k4me1_enh	3.736	0	0.936	2.052	2.098	1.462	1.977	1.406	2.904	1.273	0.957
atac_L12889	k4me1_enh	4.67	2.211	0.89	2.008	2.197	1.772	2.448	0	1.823	1.95	1.153
atac_L12891	k4me1_enh	3.33	1.169	0.667	0.865	0.781	1.476	1.607	0	2.021	0.799	0.507
atac_L12900	k4me1_enh	4.178	0	1.235	2.011	2.137	1.651	0.608	0	2.77	0	1.66
atac_L12935	k4me1_enh	3.347	0	1.562	2.058	2.033	1.696	2.175	2.521	2.538	1.892	0.927
atac_L12972	k4me1_enh	3.374	0	0.35	1.508	1.842	1.856	1.861	0	2.226	1.621	1.633
atac_L12976	k4me1_enh	4.039	0	1.035	0.955	1.882	1.081	0.981	0	1.806	0.769	0.85
atac_L12995	k4me1_enh	4.423	1.066	1.452	2.154	2.904	1.878	2.124	0	3.401	1.968	1.234
atac_L13021	k4me1_enh	5.586	1.159	1.415	2.84	2.796	1.931	2.258	0	3.531	2.098	1.413
atac_L13023	k4me1_enh	4.023	0	0.985	1.382	1.888	1.911	1.984	1.34	2.105	1.571	1.247
atac_L13050	k4me1_enh	4.088	1.824	0.201	1.505	0.792	1.132	0.604	0	1.474	0	0.363
atac_L13073	k4me1_enh	4.336	1.1	1.187	2.157	1.86	1.609	1.838	0	2.807	1.6	1.192
atac_L13119	k4me1_enh	4.26	0	0.628	1.151	1.43	1.029	1.413	0	0.492	0.755	0
atac_L06997	k4me1_enh	3.337	1.174	1.075	1.215	1.83	1.427	1.729	2.158	1.772	1.081	1.27
atac_L07038	k4me1_enh	3.857	1.098	0.264	0.379	0.54	1.368	2.094	0	0.677	1.426	0.597
atac_L07043	k4me1_enh	3.371	1.377	0.645	1.926	1.38	1.452	1.207	0	1.082	0.96	0.969
atac_L07072	k4me1_enh	3.36	2.755	1.139	1.816	1.629	1.443	1.955	0	2.509	2.139	0.364
atac_L07126	k4me1_enh	3.844	1.043	0.753	1.629	2.191	1.828	2.418	0	2.118	0.703	1.133
atac_L07134	k4me1_enh	4.722	1.174	1.308	1.728	1.939	2.147	1.346	2.158	2.544	1.515	1.881
atac_L07144	k4me1_enh	3.363	3.053	1.001	1.084	1.926	2.045	1.996	0	1.914	1.66	1.402
atac_L07151	k4me1_enh	4.248	0.619	0.813	2.133	2.204	1.99	2.242	0	1.782	1.823	1.608
atac_L07186	k4me1_enh	3.687	1.804	1.069	2.716	1.888	1.98	2.779	3.703	2.639	1.075	1.926
atac_L07221	k4me1_enh	4.254	3.817	1.07	1.983	2.422	1.552	2.346	0	2.956	1.308	0.88
atac_L07232	k4me1_enh	4.596	2.941	1.147	1.695	2.219	1.916	2.316	2.121	2.84	0.782	1.542
atac_L07264	k4me1_enh	4.879	1.751	1.416	2.243	2.46	1.887	1.873	2.559	3.555	0	0.34
atac_L07266	k4me1_enh	4.955	2.026	0.955	3.049	2.434	2.188	2.866	2.96	3.23	1.826	1.802
atac_L07267	k4me1_enh	4.218	0	1.189	2.984	2.798	1.914	2.581	3.537	3.411	2.473	0.657
atac_L07270	k4me1_enh	5	1.146	0.514	2.572	2.217	1.312	1.9	0	1.989	1.953	0.967
atac_L07275	k4me1_enh	3.356	1.106	0.963	2.012	1.604	1.351	1.749	0	2.211	1.436	1.425
atac_L07294	k4me1_enh	5.325	0	1.167	3.154	2.454	1.806	2.129	2.906	3.717	1.456	0.946
atac_L07305	k4me1_enh	3.56	0	0.873	1.516	2.027	1.547	1.551	2.088	3.241	1.26	1.217
atac_L07306	k4me1_enh	4.184	1.127	1.172	2.291	1.957	1.688	2.424	0	3.702	1.037	1.046
atac_L07311	k4me1_enh	4.277	1.161	1.16	1.781	2.134	1.492	2.013	2.14	2.156	0	1.338
atac_L07314	k4me1_enh	3.717	1.826	0.535	0.74	1.234	0.744	1.358	0	1.08	2.005	1.101
atac_L07325	k4me1_enh	4.165	0	0.978	1.94	2.182	1.517	2.13	0	0.736	1.323	0
atac_L07341	k4me1_enh	4.285	0	1.602	2.692	2.287	2.164	2.576	0	3.213	1.762	1.116
atac_P01473	k4me1_enh	3.399	1.358	1.375	2.006	1.914	1.928	1.648	2.755	2.098	2.492	1.581
atac_L07403	k4me1_enh	4.086	1.159	0.902	1.477	2.348	1.705	2.097	1.433	2.006	1.829	0.636
atac_L07425	k4me1_enh	3.38	1.744	1.025	1.161	1.1	1.763	1.289	2.084	0.865	0.761	1.51
atac_L07437	k4me1_enh	4.125	0	1.255	1.462	1.787	1.062	2.319	0	2.307	2.393	0.657
atac_L07444	k4me1_enh	4.658	1.167	0.73	2.716	2.602	2.121	2.483	2.149	3.28	0.453	1.496
atac_L07447	k4me1_enh	3.958	0	1.107	2.067	2.599	1.026	2.185	1.374	2.976	0.752	1.117
atac_L07461	k4me1_enh	3.429	0	0.928	1.424	2.021	0.994	1.748	0	1.481	1.331	1.369
atac_P01493	k4me1_enh	4.093	0.586	1.001	1.213	1.625	1.127	1.401	2.707	1.993	0	1.01
atac_L07472	k4me1_enh	3.82	0.671	0.573	2.545	2.594	1.773	0.789	0	1.62	0	0.951
atac_L07501	k4me1_enh	4.35	3.397	0.742	1.002	1.865	1.619	2.439	3.002	2.663	1.703	0.652
atac_L07515	k4me1_enh	3.347	1.95	1.188	2.683	2.169	1.996	2.676	3.592	3.538	0.421	0.717
atac_L07516	k4me1_enh	3.637	0	1.466	1.402	1.779	1.696	1.607	0	1.671	0.799	0.988
atac_L07517	k4me1_enh	4.415	0	0.834	3.239	2.373	2.171	2.797	2.117	4.232	1.283	1.154
atac_L07569	k4me1_enh	4.255	1.148	1.62	2.226	2.237	1.973	2.243	2.122	2.798	0.782	0.969
atac_L07575	k4me1_enh	4.279	1.291	1.132	1.406	2.338	2.119	2.663	1.221	2.474	1.44	1.76
atac_L07582	k4me1_enh	3.487	2.217	0.441	1.378	1.473	1.398	2.165	1.42	2.207	1.485	1.157
atac_P01527	k4me1_enh	3.365	1.076	0.724	0.523	1.808	1.512	1.605	2.482	0.828	1.209	1.319
atac_P01530	k4me1_enh	4.615	1.564	1.065	2.493	2.537	2.283	1.586	1.886	2.49	1.452	1.214
atac_L07602	k4me1_enh	4.887	0	1.169	2.857	1.891	2.158	1.931	2.152	1.941	2.443	1.179
atac_L07606	k4me1_enh	4.347	1.142	1.095	1.616	1.876	1.928	2.157	2.114	2.995	0	1.394
atac_L07618	k4me1_enh	3.991	1.176	0.917	1.993	1.878	1.223	2.205	0	2.702	0.804	1.093
atac_L07622	k4me1_enh	4.595	0	0.819	1.835	2.025	1.903	2.038	2.455	2.568	2.073	0.982
atac_L07657	k4me1_enh	4.937	0	1.249	2.382	2.167	1.437	1.916	0	2.675	0	0.501
atac_L07687	k4me1_enh	3.775	1.951	1.101	2.059	1.941	1.319	0.955	0	2.003	1.237	1.348
atac_L07700	k4me1_enh	3.813	1.181	1.227	1.503	1.647	1.664	1.738	0	1.352	0.808	1.512
atac_L07723	k4me1_enh	4.573	1.183	0.979	1.418	1.162	1.823	1.202	2.172	0.918	1.325	1.363
atac_L07725	k4me1_enh	3.589	1.174	1.309	0.994	1.831	1.791	1.729	2.159	1.575	2.12	1.184
atac_L07735	k4me1_enh	3.391	0	1.256	2.251	1.703	1.524	1.338	0	1.936	1.682	1.564
atac_P01555	k4me1_enh	4.148	1.403	0.717	1.846	2.462	1.827	2.396	2.008	3.051	0	0.99
atac_L07773	k4me1_enh	4.336	1.878	0.862	1.268	1.276	1.261	1.572	0	1.613	0.708	0.973
atac_L07775	k4me1_enh	5.122	1.18	1.439	2.321	1.839	0.986	2.289	2.167	2.184	2.129	1.582
atac_L07776	k4me1_enh	5.076	0	1.348	2.205	2.292	1.942	2.316	2.519	2.263	1.6	1.937
atac_L07778	k4me1_enh	4.721	1.129	1.457	1.931	1.506	1.236	1.558	0	1.622	1.267	1.304
atac_P01569	k4me1_enh	4.121	2.079	0.706	0.992	1.388	1.006	2.029	1.312	2.193	1.373	0.976
atac_L07791	k4me1_enh	4.34	0	0.266	2.615	2.436	1.798	2.964	2.522	3.325	0	0.6
atac_P01572	k4me1_enh	3.81	0.535	1.04	1.75	1.825	1.405	1.838	2.847	2.433	1.22	0.771
atac_L07803	k4me1_enh	4.399	1.718	1.311	2.058	2.068	1.116	2.248	0	1.68	1.601	1.273
atac_L07805	k4me1_enh	5.173	1.518	1.706	2.676	2.518	2.135	2.412	2.146	3.105	0.795	1.493
atac_L07807	k4me1_enh	3.654	3.422	1.099	2.32	1.656	1.858	1.901	3.229	2.752	1.659	0.864
atac_L07814	k4me1_enh	4.985	0.647	0.414	1.693	2.353	1.705	1.73	0	1.255	2.328	1.409
atac_L07815	k4me1_enh	4.872	1.161	0.904	1.392	2.221	1.568	1.712	0	1.448	0	1.338
atac_L07816	k4me1_enh	3.746	2.089	1.478	1.44	1.106	1.798	1.959	0	1.219	0.973	1.069
atac_L07817	k4me1_enh	5.127	1.727	1.107	1.333	1.63	1.766	1.645	2.882	1.007	1.762	1.559
atac_L07829	k4me1_enh	3.867	1.184	1.183	1.419	1.973	1.845	1.497	2.173	1.586	1.325	1.281
atac_L07843	k4me1_enh	3.426	1.544	0.678	1.121	1.46	0.832	2.445	0	1.358	0	0.517
atac_L07845	k4me1_enh	4.317	0	0.907	1.785	2.083	0.382	1.823	0	2.294	0	0.504
atac_L07868	k4me1_enh	3.575	1.101	1.188	1.489	1.668	1.176	1.266	1.366	1.849	1.891	0.926
atac_L07876	k4me1_enh	4.088	2.267	0.923	0.416	2.053	1.736	1.357	0	1.96	2.003	0.652
atac_L07886	k4me1_enh	3.49	0	1.138	2.178	2.038	1.297	0	0	1.693	1.531	0.78
atac_L07889	k4me1_enh	4.209	0.654	1.388	0.929	1.55	1.236	1.743	2.057	2.073	0	1.274
atac_L07901	k4me1_enh	3.353	1.824	0.923	0.876	0.926	0.787	1.949	0	1.223	0.809	1.1
atac_L07903	k4me1_enh	3.775	2.274	1.324	0.742	1.305	1.359	2.05	0	2.047	0	0.656
atac_L07912	k4me1_enh	3.348	1.18	0.74	2.272	1.861	1.407	2.364	0	2.441	1.7	1.277
atac_L07913	k4me1_enh	4.456	1.169	1.426	1.488	1.552	1.012	0.821	0	2.691	0.798	0
atac_L07945	k4me1_enh	3.649	0	0.966	1.711	1.879	1.215	2.317	0	3.411	1.545	1.224
atac_L07947	k4me1_enh	3.366	1.191	1.412	1.427	2.044	0.996	1.859	0	1.795	1.333	0.9
atac_L07959	k4me1_enh	4.849	1.121	0.976	1.514	2.215	1.68	2.415	0	1.956	1.454	0.732
atac_L07963	k4me1_enh	3.414	1.535	1.179	2.271	1.904	1.54	1.736	0	2.497	2.128	0.65
atac_L07964	k4me1_enh	3.978	1.806	0.666	1.858	1.932	1.394	2.194	2.151	2.236	0.798	0.357
atac_L07986	k4me1_enh	4.088	0.648	1.047	2.8	2.158	1.933	1.392	2.859	3.796	1.005	0.82
atac_L07988	k4me1_enh	4.748	1.174	1.392	2.16	2.701	2.32	3.035	0	3.826	1.692	0.885
atac_L08010	k4me1_enh	4.283	0	0.535	1.419	2.015	0.699	1.358	0	1.69	0	0.653
atac_L08015	k4me1_enh	5.181	0.715	1.37	2.64	2.924	2.238	2.762	2.658	3.183	1.872	1.201
atac_L08018	k4me1_enh	4.321	1.777	1.05	2.916	2.766	2.236	2.8	2.59	3.564	0.781	2.049
atac_L08033	k4me1_enh	3.417	1.823	1.181	0.586	1.124	0.828	1.028	0	1.873	0.808	0.777
atac_L08035	k4me1_enh	3.658	2.016	0.949	2.497	2.136	1.88	1.457	2.124	1.915	0.783	1.475
atac_L08037	k4me1_enh	3.546	1.184	1.275	1.003	1.91	1.571	1.741	0	1.689	0	1.442
atac_L08038	k4me1_enh	4.632	0	1.231	2.048	2.439	2.101	2.688	1.819	3.668	2.09	1.161
atac_P01626	k4me1_enh	3.818	1.052	1.217	0.77	1.463	1.591	1.213	0	2.13	1.824	0.681
atac_L08055	k4me1_enh	3.831	1.191	1.238	1.126	1.983	1.58	2.519	0	2.334	2.144	1.372
atac_L08061	k4me1_enh	3.336	1.132	1.085	2.102	1.509	1.239	0.792	0	1.03	1.27	0.619
atac_L08079	k4me1_enh	3.703	1.145	1.235	1.375	2.02	1.835	1.315	0	2.063	1.054	1.154
atac_L08086	k4me1_enh	3.575	1.606	0.444	1.984	1.623	1.718	2.048	1.933	2.786	1.329	0.655
atac_L08098	k4me1_enh	3.909	1.08	0.987	2.47	2.232	1.768	2.068	0	2.855	1.213	1.323
atac_P01659	k4me1_enh	3.766	0.558	0.637	1.637	2.09	1.277	1.644	0	1.314	0.64	0.399
atac_L08179	k4me1_enh	4.393	0	0.746	1.123	1.462	1.067	1.63	2.179	2.264	1.533	0.365
atac_L08196	k4me1_enh	5.078	0	0.987	3.267	2.524	1.858	3.291	2.922	4.021	0.436	0.852
atac_L08199	k4me1_enh	3.736	0	1.164	1.787	1.107	1.045	1.718	2.618	1.851	2.107	0.878
atac_L08251	k4me1_enh	4.105	0	0.947	0.214	1.579	0.919	1.901	2.944	1.827	1.055	0.628
atac_L08280	k4me1_enh	4.31	1.675	1.274	2.728	2.137	1.933	2.268	2.009	3.908	0.981	0.693
atac_L08309	k4me1_enh	4.395	0	1.228	2.898	2.713	2.09	3.235	2.053	3.607	2.753	1.191
atac_L05486	k4me1_enh	3.571	2.368	0.878	0.555	0.796	1.013	0.981	0	0.699	0.769	0.486
atac_P01127	k4me1_enh	3.721	0.599	0.683	0.858	1.034	1.065	0.508	0	2.363	0.937	0.549
atac_L05574	k4me1_enh	4.121	0	1.283	1.65	1.836	1.533	2.191	2.072	2.651	0.426	1.121
atac_L05582	k4me1_enh	3.662	1.185	1.034	1.003	0.839	0.831	0	0	2.324	0.81	1.442
atac_L05607	k4me1_enh	4.087	0	1.24	2.255	2.094	2.099	2.206	0	2.493	1.565	1.385
atac_L05686	k4me1_enh	3.523	0	0.826	1.53	1.928	0.792	0.795	0	0.274	1.273	1.458
atac_L05729	k4me1_enh	3.332	2.136	0.847	1.937	1.89	0.678	1.391	0	2.573	2.006	0.467
atac_L05770	k4me1_enh	4.611	1.436	0.953	2.835	1.989	1.731	1.631	2.049	2.626	1.007	1.666
atac_L05775	k4me1_enh	4.223	0	1.842	2.627	1.913	1.884	2.887	3.403	4.171	1.02	1.203
atac_L05777	k4me1_enh	4.174	1.164	0.962	3.496	1.862	1.522	2.479	3.877	4.199	1.68	1.493
atac_L05778	k4me1_enh	4.325	0	1.403	2.125	1.986	1.715	1.804	1.421	4.066	2.085	0.865
atac_L05784	k4me1_enh	4.25	1.087	1.407	2.661	2.65	1.835	2.545	0	3.357	1.221	1.534
atac_L05796	k4me1_enh	4.17	3.447	0.789	1.914	1.341	1.664	1.334	0	1.847	0.793	1.171
atac_L05836	k4me1_enh	3.568	1.636	0.994	2.962	2.077	2.034	2.816	3.482	3.548	1.169	1.534
atac_L05840	k4me1_enh	3.419	1.824	1.557	2.325	2.459	1.885	2.439	2.172	2.897	0.809	1.652
atac_L05845	k4me1_enh	4.22	0	1.26	2.353	2.053	1.216	1.607	2.98	0.906	1.077	1.179
atac_L05858	k4me1_enh	4.253	0	1.236	2.273	1.882	1.622	1.801	1.419	2.796	1.285	1.065
atac_L05859	k4me1_enh	4.083	1.111	1.322	1.718	1.374	1.357	1.65	2.888	2.982	0.755	0.335
atac_L05867	k4me1_enh	4.136	0	1.066	1.565	1.947	1.361	1.601	0	1.203	1.072	0.64
atac_L05895	k4me1_enh	4.142	1.599	0.876	2.57	2.603	2.107	3.011	2.722	3.497	1.323	1.173
atac_L05918	k4me1_enh	5.136	1.493	1.096	1.76	1.878	1.873	1.897	1.416	2.701	0.779	1.604
atac_L05919	k4me1_enh	3.617	0	1.139	1.482	1.59	1.256	0.949	0	2.67	1.006	1.015
atac_L05924	k4me1_enh	4.143	0.616	1.089	1.423	2.391	1.779	2.235	0	3.08	2.054	1.136
atac_L05942	k4me1_enh	3.99	1.15	1.24	0.849	1.447	0.996	1.699	0	2.337	1.289	0.866
atac_L05966	k4me1_enh	3.494	1.152	0.364	0.568	1.391	1.675	1.808	2.128	1.191	1.49	2.008
atac_L05985	k4me1_enh	5.19	1.94	0.737	2.099	2.312	2.068	1.83	0	2.713	1.745	1.829
atac_L06043	k4me1_enh	5.373	1.106	1.011	2.259	2.344	1.86	1.846	3.161	3.302	2.248	0.602
atac_L06081	k4me1_enh	3.942	1.497	1.147	1.377	2.572	0.919	0.996	0	2.392	1.484	1.065
atac_L06088	k4me1_enh	4.055	1.188	0.746	2.333	2.02	1.444	2.05	2.179	2.769	2.01	0.782
atac_L06099	k4me1_enh	3.809	3.674	0.758	1.921	1.849	1.228	1.663	0	1.707	1.455	0.843
atac_L06118	k4me1_enh	4.391	1.829	1.447	1.947	2.404	1.357	1.628	0	1.88	2.737	1.657
atac_L06119	k4me1_enh	3.593	1.816	1.078	1.498	1.811	1.375	1.941	0	2.107	1.317	0.888
atac_L06121	k4me1_enh	3.325	1.427	1.132	2.09	2.014	1.276	1.822	2.037	1.832	1.222	0.464
atac_L06125	k4me1_enh	4.76	0	1.315	1.999	1.746	2.14	1.845	0	2.318	1.7	1.19
atac_L06131	k4me1_enh	4.159	1.269	1.553	2.541	2.32	1.788	1.231	2.629	2.443	1.079	1.181
atac_L06137	k4me1_enh	3.811	1.746	1.485	2.035	2.495	1.766	2.048	3.189	2.356	0.763	0.613
atac_L06170	k4me1_enh	4.564	0	0.738	1.22	1.536	2.013	1.617	2.164	1.348	1.854	1.357
atac_L06171	k4me1_enh	3.981	2.354	1.372	1.348	0.953	1.679	1.958	0	1.793	2.046	1.37
atac_L06189	k4me1_enh	3.341	0	1.222	1.731	1.533	1.055	1.615	0	1.679	0	1.185
atac_L06201	k4me1_enh	5.689	1.148	0.652	3.063	2.97	2.586	3.039	3.23	3.041	1.056	1.243
atac_L06203	k4me1_enh	4.047	1.184	1.362	1.506	1.486	1.62	1.358	0	1.355	1.09	1.194
atac_L06206	k4me1_enh	4.449	1.538	1.084	1.941	2.109	2.038	2.042	2.171	1.687	1.526	0.999
atac_L06245	k4me1_enh	4.681	1.121	0.569	2.327	1.929	1.197	2.347	2.903	2.96	1.257	0.731
atac_L06282	k4me1_enh	4.223	1.5	1.444	1.467	1.777	1.957	0.806	2.125	1.915	1.662	1.403
atac_L06287	k4me1_enh	3.357	3.713	0.459	0.741	0.971	0.653	1.5	0	1.081	0	0.516
atac_L06294	k4me1_enh	4.017	1.549	1.37	1.953	2.024	1.528	2.226	0	1.363	1.714	1.289
atac_L06298	k4me1_enh	3.973	0	0.662	2.295	2.292	1.697	2.055	0	2.491	1.203	1.69
atac_L06301	k4me1_enh	3.534	0	1.027	1.658	2.101	0.866	1.023	2.162	1.776	1.083	0.773
atac_L06317	k4me1_enh	3.721	0	1.331	1.905	2.476	1.407	2.707	0	1.839	1.669	0.757
atac_L06319	k4me1_enh	4.218	2.245	1.539	1.569	2.508	1.336	1.929	2.15	1.939	2.23	0.642
atac_L06322	k4me1_enh	4.439	0	1.792	2.241	1.788	1.853	2.332	2.137	3.476	0.79	0.636
atac_L06323	k4me1_enh	3.922	2.07	0.746	2.556	2	2.046	2.447	0	2.947	0.813	1.368
atac_L06326	k4me1_enh	3.622	0	0.619	0.926	2.148	1.113	2.013	0	0.484	0.744	0.715
atac_L06340	k4me1_enh	3.527	1.172	0.796	1.927	1.978	1.949	1.727	0	2.542	1.988	0.509
atac_P01334	k4me1_enh	4.984	2.074	1.328	2.035	2.508	1.69	2.1	1.983	3.086	2.745	1.289
atac_L06367	k4me1_enh	4.552	3.315	1.324	2.95	2.391	1.99	2.757	0	3.758	1.868	1.447
atac_L06413	k4me1_enh	3.542	1.966	0.629	1.651	1.486	0.693	0.308	0	1.783	0	0.607
atac_L06419	k4me1_enh	4.787	0.661	0.564	2.223	2.569	2.26	1.537	0	3.722	2.358	1.5
atac_L06430	k4me1_enh	4.402	0	1.563	3.169	2.31	1.892	2.177	2.058	3.613	1.756	2.079
atac_L06459	k4me1_enh	3.434	1.153	0.952	1.771	2.159	1.291	2.09	3.858	2.458	0	1.071
atac_L06484	k4me1_enh	4.638	1.125	0.875	1.865	2.049	1.596	1.429	1.395	1.291	1.925	1.299
atac_L06505	k4me1_enh	3.829	0	1.222	1.994	2.341	1.511	2.558	2.102	3.16	1.271	0.852
atac_L06516	k4me1_enh	4.135	1.829	1.633	1.422	1.49	1.574	1.206	0	2.564	0.812	0.517
atac_L06553	k4me1_enh	3.698	0	1.084	2.552	2.502	1.794	2.224	0	3.296	1.87	0.705
atac_L06626	k4me1_enh	4.196	0	1.079	1.733	2.421	1.404	2.035	2.163	2.799	2.243	1.094
atac_L06627	k4me1_enh	4.2	0	0.605	1.735	1.968	1.349	2.21	0	2.111	0.806	0.65
atac_L06648	k4me1_enh	3.634	1.076	1.03	2.464	1.766	1.207	2.469	0	2.342	1.569	1.52
atac_L13236	k4me1_enh	3.601	1.182	0.201	2.117	1.723	1.981	2.213	0	2.851	0	0.777
atac_L13292	k4me1_enh	4.289	1.431	0.615	2.827	2.473	1.507	2.161	3.136	3.307	1.588	1.1
atac_L13430	k4me1_enh	3.457	0.699	1.384	1.646	2.179	1.525	2.192	0	1.764	2.11	1.084
atac_L13431	k4me1_enh	3.413	1.82	1.029	1.114	1.619	1.059	1.619	0	1.47	1.856	1.096
atac_L13522	k4me1_enh	3.626	1.798	0.594	0.574	1.373	1.642	1.182	0	2.776	0.794	0.763
atac_L13527	k4me1_enh	3.534	1.177	0.531	1.498	2.004	0.866	2.034	0	2.031	0.804	0.511
atac_L13538	k4me1_enh	3.775	2.567	1.729	2.737	2.283	1.986	1.329	0	2.52	1.497	1.075
atac_L13552	k4me1_enh	3.7	0	0.63	1.051	2.414	1.22	2.895	0	2.02	0.756	0.938
atac_L13571	k4me1_enh	3.866	2.562	0.722	1.704	2.489	0.807	2.093	2.132	2.077	2.093	1.8
atac_L13617	k4me1_enh	3.582	1.723	0.961	0.54	0.899	0.989	1.936	1.371	1.004	0.749	0.93
atac_L13728	k4me1_enh	4.287	1.544	0.808	1.67	2.292	1.297	1.954	0	2.121	2.366	1.284
atac_L13736	k4me1_enh	4.001	0.674	0.824	2.43	1.983	1.557	2.431	3.441	1.719	1.27	1.051
atac_L13737	k4me1_enh	3.854	0	0.917	2.266	1.878	1.586	2.121	2.99	2.03	0	1.432
atac_L13738	k4me1_enh	4.406	2.147	1.067	2.463	2.673	1.747	2.003	3.387	3.81	1.111	1.282
atac_L13743	k4me1_enh	3.954	1.821	0.976	1.222	1.671	1.687	2.289	2.997	1.685	2.554	0.891
atac_P02645	k4me1_enh	5.047	1.343	0.68	2.582	2.265	2.061	2.318	0	2.631	0.684	1.181
atac_L13746	k4me1_enh	4.992	1.801	0.908	2.2	1.863	1.691	2.267	2.146	2.733	1.305	0.355
atac_P02646	k4me1_enh	4.201	1.314	1.034	1.999	1.77	0.754	1.941	2.35	2.042	1.12	0.416
atac_P02650	k4me1_enh	3.505	1.091	1.09	1.624	1.828	1.074	1.624	2.042	1.368	2.004	1.262
atac_L13792	k4me1_enh	3.751	0	1.276	2.68	1.792	1.911	2.159	2.116	2.266	1.81	0.748
atac_L13794	k4me1_enh	5.284	3.019	0.93	3.393	2.956	2.223	2.916	2.914	3.532	1.928	1.046
atac_L13805	k4me1_enh	3.615	1.038	1.08	1.747	1.344	1.194	2.007	1.965	1.84	1.168	1.203
atac_L13806	k4me1_enh	4.32	2.066	1.185	1.508	1.955	1.783	2.046	0	2.765	0.811	1.283
atac_L13841	k4me1_enh	4.281	0.668	1.486	2.458	2.341	2.247	2.048	2.907	3.209	1.033	1.513
atac_L13847	k4me1_enh	4.487	2.947	0.654	1.699	2.047	1.531	0.807	0	2.211	1.488	1.477
atac_L13860	k4me1_enh	3.561	0	1.11	0.979	1.512	0.89	1.816	0	0.896	0	1.167
atac_L13863	k4me1_enh	4.899	1.5	1.24	2.229	2.482	1.738	2.583	0	2.968	2.597	1.403
atac_P02675	k4me1_enh	3.754	0.581	0.861	1.799	2.01	1.366	1.693	0	2.044	1.611	0.639
atac_L13875	k4me1_enh	4.013	0	1.263	2.148	2.04	1.727	2.088	3.914	2.192	1.421	1.339
atac_L13894	k4me1_enh	4.071	0	1.049	2.198	2.092	1.449	1.883	0	2.695	1.762	0.423
atac_L13914	k4me1_enh	3.509	1.161	0.726	1.301	1.792	1.329	1.009	0	1.931	1.676	1.626
atac_L13977	k4me1_enh	3.839	1.7	1.371	2.186	1.995	1.872	2.155	0	2.244	0.736	1.47
atac_L13988	k4me1_enh	3.814	1.152	0.588	0.851	1.478	0.764	0.585	0	1.834	1.06	0.868
atac_L14009	k4me1_enh	3.594	1.817	0.918	1.318	1.693	1.092	1.941	0	1.578	1.084	0.511
atac_L14013	k4me1_enh	4.815	0	0.971	2.227	3.111	2.595	2.589	0	2.913	2.78	1.125
atac_L14015	k4me1_enh	5.014	0	1.152	2.885	2.499	1.918	2.458	1.375	3.184	1.244	1.028
atac_L14033	k4me1_enh	3.677	0	1.063	1.638	1.596	0.931	0.815	0	0	1.5	1.078
atac_L14047	k4me1_enh	3.955	0	1.103	1.661	1.711	1.12	2.126	3.015	1.886	1.779	1.183
atac_L14061	k4me1_enh	3.597	0	0.673	0.736	1.452	0.648	0.829	2.64	0.915	1.699	0.192
atac_L14073	k4me1_enh	4.331	2.4	0.588	2.232	2.413	2.084	1.171	0	2.4	1.49	1.329
atac_L14079	k4me1_enh	4.013	0	1.328	1.583	1.733	1.362	2.59	3.414	3.197	0	1.036
atac_L14103	k4me1_enh	3.898	1.051	1.094	1.351	1.277	1.181	1.343	1.985	1.21	0.709	0.785
atac_L14122	k4me1_enh	3.9	0	0.859	2.407	1.855	1.703	2.621	2.16	2.311	1.316	1.505
atac_L14123	k4me1_enh	3.914	0.71	1.23	2.374	2.054	1.644	2.634	2.173	2.323	1.325	1.653
atac_L14135	k4me1_enh	4.07	0.655	1.598	2.009	2.09	1.18	1.936	1.371	2.44	1.24	1.025
atac_L14150	k4me1_enh	3.918	3.713	0.868	1.509	2.133	1.327	2.372	0	2.616	1.328	1.283
atac_L14153	k4me1_enh	3.676	1.717	1.006	2.157	2.246	1.653	1.838	2.054	2.137	2.016	0.825
atac_P02722	k4me1_enh	4.269	2.42	0.873	1.364	1.29	1.275	1.225	0	0	1.384	0.689
atac_L14169	k4me1_enh	3.412	0.655	0.685	1.64	1.527	1.238	1.64	0	1.004	0.749	1.113
atac_L14171	k4me1_enh	4.671	0.715	1.19	2.013	2.986	2.012	3.016	0	1.794	1.333	0.899
atac_L14186	k4me1_enh	3.599	1.777	1.44	1.694	1.903	1.952	1.579	0	1.541	1.813	0.628
atac_L14190	k4me1_enh	4.168	1.183	1.084	0.876	1.456	0.95	1.029	0	1.354	0	1
atac_P02737	k4me1_enh	4.024	2.115	1.323	2.172	2.035	1.822	1.984	2.023	1.969	1.572	1.247
atac_L14205	k4me1_enh	4.669	1.128	1.173	1.74	1.703	1.349	2.664	0	2.579	1.462	1.137
atac_L14206	k4me1_enh	5.762	2.185	1.03	2.789	2.578	2.207	2.661	0	3.043	0.766	1.582
atac_P02741	k4me1_enh	3.663	1.368	0.901	1.968	2.877	2.191	2.008	1.295	2.285	1.671	0.775
atac_L14211	k4me1_enh	4.497	0.704	1.174	2.406	2.241	1.769	2.558	0	2.966	1.315	1.271
atac_P02743	k4me1_enh	3.746	0.625	0.712	1.192	1.902	1.469	1.688	1.997	1.219	1.549	0.687
atac_L14219	k4me1_enh	4.523	1.189	1.449	0.743	2.192	1.913	2.223	1.468	2.124	0	1.287
atac_L14221	k4me1_enh	3.999	1.285	1.234	2.792	2.502	2.058	2.18	0	2.78	0.888	0.978
atac_L14254	k4me1_enh	3.775	3.117	0.537	0	1.338	0.605	0.608	1.467	1.695	0	0.365
atac_L14278	k4me1_enh	3.839	0	1.301	1.646	1.799	1.942	0.82	0	1.206	1.508	1.566
atac_L14314	k4me1_enh	3.48	1.181	1.359	1.223	1.862	1.095	1.846	0	1.686	2.13	1.65
atac_L14374	k4me1_enh	4.705	0	1.248	2.615	2.376	1.517	2.286	2.837	2.733	1.726	0.808
atac_L14376	k4me1_enh	4.335	2.735	1.174	2.406	2.951	1.971	2.62	2.159	3.557	1.692	1.091
atac_L14378	k4me1_enh	3.947	0	1.015	3.303	2.714	1.874	2.863	2.73	4.153	0	1.445
atac_L14379	k4me1_enh	3.47	1.175	1.025	3.213	2.877	2.133	2.737	0	3.894	1.082	0.359
atac_P00865	k4me1_enh	3.398	1.849	1.374	2.535	1.704	1.738	0.713	0	2.215	1.659	1.463
atac_L04399	k4me1_enh	4	0.658	1.238	2.589	2.473	1.528	2.328	2.066	3.5	1.439	1.117
atac_L04405	k4me1_enh	3.533	0	1.353	2.537	2.492	2.064	2.428	2.161	3.262	1.993	1.185
atac_L04407	k4me1_enh	4.183	0	1.443	2.362	2.013	1.959	2.941	2.499	3.083	1.221	1.403
atac_L04415	k4me1_enh	5.058	0	1.461	3.76	3.148	2.346	3.291	2.922	4.582	1.467	0.955
atac_L04427	k4me1_enh	3.36	0	0.46	1.006	1.547	1.235	0.607	0	1.082	0	0.655
atac_L04444	k4me1_enh	4.712	1.631	0.799	2.361	2.726	2.238	2.404	1.961	3.346	1.351	1.341
atac_L04468	k4me1_enh	4.089	0.71	1.085	2.174	2.369	1.545	1.85	2.173	2.189	1.09	1.001
atac_L04513	k4me1_enh	4.167	0	1.112	1.847	2.843	1.591	3.143	2.139	2.817	0.791	1.337
atac_L04560	k4me1_enh	3.421	0.71	0.866	1.325	1.427	1.866	0.605	2.173	1.961	2.362	1.281
atac_L04574	k4me1_enh	4.455	2.827	0.281	0.401	1.359	0.483	0.584	2.125	2.613	0.784	0.35
atac_L04652	k4me1_enh	3.742	0	0.939	1.943	1.952	1.723	1.569	2.109	2.054	0.775	1.94
atac_L04692	k4me1_enh	4.388	1.647	0.86	2.259	2.057	1.564	1.338	1.979	2.839	1.178	1.765
atac_L04695	k4me1_enh	4.825	1.466	1.518	2.533	2.505	1.763	1.958	3.625	3.236	1.626	0.944
atac_P00946	k4me1_enh	4.056	1.055	1.055	1.645	1.676	1.157	1.681	1.99	1.937	0.969	0.978
atac_L04709	k4me1_enh	3.417	1.143	1.397	1.184	1.32	0.757	2.076	0	0.884	0.779	0.493
atac_P00956	k4me1_enh	3.794	0.627	1.017	0.779	1.29	1.136	0.532	0	1.797	1.194	1.071
atac_L04754	k4me1_enh	3.547	0	0.535	2.121	1.334	1.467	1.03	0	2.855	0.81	0.894
atac_L04769	k4me1_enh	4.478	1.112	1.156	1.719	2.411	1.752	1.279	2.072	2.742	2.15	1.285
atac_L04770	k4me1_enh	3.45	1.126	0.188	1.263	1.502	1.597	2.485	0	2.108	1.036	1.3
atac_L04783	k4me1_enh	3.714	1.539	1.033	1.418	1.649	1.802	1.741	0	1.474	0.461	1.193
atac_L04784	k4me1_enh	4.454	1.185	1.363	2.065	1.572	2.366	1.031	2.175	1.225	1.706	1.84
atac_L04794	k4me1_enh	5.002	0	0.742	1.878	2.414	1.519	1.741	0	2.322	1.09	0.893
atac_L04796	k4me1_enh	5.355	1.158	1.06	2.289	2.639	1.832	1.916	2.136	2.98	0.448	1.253
atac_L04797	k4me1_enh	5.052	0	1.547	1.656	2.042	0.904	0.599	0	1.071	1.693	1.092
atac_L04798	k4me1_enh	4.788	0	0.804	2.224	2.07	1.464	0.831	0	3.018	2.131	0.777
atac_L04799	k4me1_enh	4.953	2.633	1.257	2.995	2.831	2.058	2.166	2.637	3.515	1.816	0.803
atac_L04803	k4me1_enh	3.567	1.796	0.905	0.859	2.004	0.932	1.18	0	0.283	0.792	1.171
atac_L04809	k4me1_enh	4.224	0.701	0.856	1.862	2.287	0.778	1.609	0	2.024	0	1.088
atac_L04830	k4me1_enh	4.857	1.534	1.225	2.997	2.793	1.977	2.362	2.995	4.154	2.245	1.647
atac_L04836	k4me1_enh	3.802	2.05	0.601	1.495	1.416	1.157	1.021	0	0.731	0.802	0.191
atac_L04851	k4me1_enh	3.67	0	1.09	2.234	2.192	1.852	1.748	0	1.592	0.814	1.785
atac_L04864	k4me1_enh	3.823	1.187	1.036	0.741	1.935	0.832	1.032	2.177	1.226	0	1.284
atac_P00994	k4me1_enh	3.885	2.657	0.953	1.342	1.879	1.559	2.231	0	1.848	0.958	0.441
atac_L04879	k4me1_enh	3.479	0	0.803	0.874	2.648	1.29	3.216	3.283	2.976	1.321	0
atac_L04899	k4me1_enh	4.213	1.801	1.117	2.346	2.724	1.645	2.189	0	2.685	2.107	1.261
atac_L04900	k4me1_enh	3.979	1.144	1.358	2.784	3.208	2.106	1.99	3.461	3.452	2.078	1.062
atac_P01034	k4me1_enh	4.101	2.035	0.887	0.964	1.13	1.615	2.603	1.278	2.51	0.939	0.858
atac_P01037	k4me1_enh	4.873	1.043	1.319	2.412	2.645	2.184	2.823	3.055	3.461	1.935	1.281
atac_L04972	k4me1_enh	4.955	1.728	1.062	1.334	2.007	1.727	1.127	0	2.822	1.439	1.029
atac_P01041	k4me1_enh	3.365	1.413	1.244	1.672	1.887	1.343	2.637	0	1.647	1.721	1.319
atac_P01042	k4me1_enh	4.666	1.439	0.797	2.61	2.082	1.54	2.444	1.364	3.404	0.745	1.019
atac_L05000	k4me1_enh	4.015	1.882	0.914	2.309	2.4	1.859	1.863	0	2.192	1.373	1.428
atac_L05086	k4me1_enh	3.452	3.078	0.79	1.786	1.6	1.147	1.012	0	1.333	1.836	1.419
atac_L05134	k4me1_enh	3.988	3.385	0.76	1.801	2.343	1.345	1.964	0	2.928	1.458	1.299
atac_L05164	k4me1_enh	4.33	0	0.692	2.952	2.692	1.962	2.337	3.411	3.56	1.25	0.608
atac_L05196	k4me1_enh	3.724	2.275	0.38	2.381	1.917	1.472	0.608	2.18	3.18	1.711	1.522
atac_L05204	k4me1_enh	3.67	0	0.59	1.706	2.146	1.657	2.007	0	2.672	0	1.252
atac_L05316	k4me1_enh	4.02	1.915	0.666	2.26	1.961	1.892	1.709	2.482	2.849	1.983	0.699
atac_L05338	k4me1_enh	4.299	1.69	1.247	2.22	1.707	1.446	1.81	2.025	2.93	1.213	0.322
atac_L14544	k4me1_enh	3.969	1.798	0.727	1.714	1.31	1.57	2.339	1.438	2.415	0.451	0.504
atac_L14552	k4me1_enh	3.4	1.809	1.123	1.213	1.71	1.425	2.198	2.155	2.428	1.987	0.883
atac_L14683	k4me1_enh	3.333	1.938	1.616	2.601	2.22	1.533	2.993	3.14	2.837	1.591	1.477
atac_L14707	k4me1_enh	4.114	2.988	1.196	1.418	0.942	0.992	1.533	0	1.859	0.752	0.604
atac_L14723	k4me1_enh	3.765	1.469	1.336	2.286	1.697	1.106	2.481	1.392	1.406	1.629	1.297
atac_L14729	k4me1_enh	3.504	2.232	1.01	2.935	1.939	1.565	2.01	0	2.981	2.325	0.978
atac_L14810	k4me1_enh	4.47	2.568	1.822	1.298	1.877	1.912	2.332	0	1.753	0	1.168
atac_P02849	k4me1_enh	4.925	0.625	1.225	1.583	1.569	1.868	2.443	0	1.712	1.959	1.619
atac_P02851	k4me1_enh	4.47	1.8	1.05	1.618	2.066	1.806	2.134	2.146	3.164	1.304	1.315
atac_P02852	k4me1_enh	4.163	0.611	1.577	3.403	2.723	2.418	2.577	3.282	3.571	1.807	1.277
atac_P02854	k4me1_enh	3.707	0	1.009	1.763	1.909	1.483	2.048	2.926	2.375	1.093	1.263
atac_P02860	k4me1_enh	3.888	1.872	0.524	1.632	1.935	1.624	1.764	0	1.42	0	0.564
atac_L14890	k4me1_enh	4.364	1.152	1.446	1.193	1.757	1.376	1.323	0	1.65	0	1.07
atac_L14894	k4me1_enh	4.158	1.112	0.751	0.819	1.458	1.095	1.13	0	1.276	1.615	0.335
atac_L14955	k4me1_enh	4.265	0	0.916	2.727	1.831	1.455	2.119	0	3.083	2.634	1.431
atac_L14983	k4me1_enh	3.757	1.672	1.151	1.9	2.18	1.08	2.511	0	1.72	0.405	0.691
atac_L14986	k4me1_enh	3.65	0	1.177	2.165	1.985	1.751	1.841	2.163	2.376	1.318	1.274
atac_L15000	k4me1_enh	5.213	0	1.139	1.423	2.19	1.066	2.446	2.178	1.082	1.709	0.655
atac_L15001	k4me1_enh	4.945	0	1.038	1.331	2.227	1.299	1.856	0	1.592	0.814	0.518
atac_L15021	k4me1_enh	5.171	1.102	1.056	1.772	2.28	1.236	0.769	0	2.141	1.432	1.112
atac_L15022	k4me1_enh	4.689	0	1.035	2.466	2.562	1.441	1.626	0	2.717	1.529	1.195
atac_L15023	k4me1_enh	4.907	0.673	0.703	2.426	2.465	1.404	1.434	0	2.423	1.463	1.977
atac_L15031	k4me1_enh	4.182	1.778	0.947	1.545	2.185	1.527	2.164	2.591	1.912	1.056	1.608
atac_L15040	k4me1_enh	4.318	1.37	1.165	2.206	2.063	2.221	2.526	0	2.936	1.358	1.13
atac_L15045	k4me1_enh	4.06	1.191	0.872	2.337	2.004	1.834	3.151	0	2.676	0	1.45
atac_L15119	k4me1_enh	3.599	0	0.674	2.543	2.568	2.14	2.211	2.997	2.976	1.999	0.775
atac_L15172	k4me1_enh	3.941	0	1.484	1.058	2.079	1.636	1.289	0	2.569	1.454	0.945
atac_L15175	k4me1_enh	3.493	2.275	0.538	0.881	1.054	1.103	1.035	0	0	0	0
atac_L15188	k4me1_enh	5.437	1.1	1.006	2.339	2.066	1.587	2.015	0	1.485	1.6	1.346
atac_P02909	k4me1_enh	3.798	0.628	1.149	1.782	1.142	1.708	1.693	1.325	2.378	1.196	0.167
atac_L15244	k4me1_enh	4.009	1.187	1.322	1.51	1.304	0.79	1.854	0	1.693	0.812	1.721
atac_L15277	k4me1_enh	4.405	1.815	1.844	2.315	3.226	2.367	2.56	2.161	3.194	1.083	1.643
atac_L15278	k4me1_enh	4.374	0	1.754	2.054	2.891	1.917	2.795	2.163	2.603	2.353	1.094
atac_L15283	k4me1_enh	3.515	2.038	1.341	2.094	2.49	1.08	2.019	0	2.296	0	1.493
atac_L15284	k4me1_enh	3.598	0.641	0.839	1.808	1.623	1.035	2.073	0	2.178	0	1.253
atac_L15300	k4me1_enh	4.164	3.105	0.674	1.737	1.862	1.841	1.621	2.998	1.872	0.808	0.998
atac_L15303	k4me1_enh	3.363	1.498	1.001	1.957	2.135	1.779	2.318	2.123	3.184	1.486	0.865
atac_L15308	k4me1_enh	4.989	1.188	1.235	2.514	2.391	2.311	2.7	0	2.905	0.813	1.591
atac_L15309	k4me1_enh	4.847	1.777	1.059	2.382	2.404	2.002	1.841	1.226	3.053	1.721	1.207
atac_P02929	k4me1_enh	4.243	1.102	1.312	1.142	2.202	1.448	1.932	0	2.14	1.602	1.111
atac_P02930	k4me1_enh	4.186	1.678	0.88	1.79	2.262	1.614	2.337	0	2.839	1.203	0.694
atac_L15312	k4me1_enh	5.205	2.267	0.923	2.548	2.559	1.865	1.202	3.002	2.257	1.861	1.441
atac_L15314	k4me1_enh	5.819	2.038	1.422	3.366	3.055	1.861	2.267	0	3.211	1.505	1.082
atac_L15318	k4me1_enh	4.357	1.187	1.279	2.067	2.862	1.672	2.577	2.177	2.121	1.329	1.782
atac_P02932	k4me1_enh	3.741	0	1.127	1.673	1.937	0.893	1.054	1.772	1.91	1.354	0.67
atac_L15324	k4me1_enh	3.704	1.532	0.974	2.994	2.617	2.185	2.683	0	3.196	2.802	1.578
atac_L15369	k4me1_enh	3.827	0	1.221	2.344	2.278	1.581	2.061	0	3.123	0	0.851
atac_L15371	k4me1_enh	4.034	1.753	1.217	1.74	2.224	1.852	1.671	0	1.803	1.265	1.585
atac_L15374	k4me1_enh	3.485	0	0.742	1.943	1.624	1.232	2.133	2.173	1.961	0.461	0.515
atac_L15375	k4me1_enh	3.564	0	0.367	1.391	1.695	0.891	2.011	2.138	2.007	1.067	0.502
atac_L15403	k4me1_enh	5.296	1.773	0.774	2.314	2.591	2.276	2.236	2.115	3.141	1.809	1.468
atac_L15405	k4me1_enh	5.043	1.748	1.255	1.8	1.953	1.683	2.543	0	3.273	1.261	1.815
atac_L15431	k4me1_enh	3.494	0	1.07	2.869	1.904	1.838	1.861	0	2.612	0.759	1.211
atac_L15451	k4me1_enh	5.615	1.764	1.822	2.518	1.95	2.236	2.226	0	2.376	1.274	0.743
atac_L15458	k4me1_enh	4.431	0	1.19	2.343	2.639	2.047	2.1	1.368	2.892	0.748	1.023
atac_L15460	k4me1_enh	4.107	1.084	1.127	2.357	1.99	1.866	2.539	1.347	2.559	0	0.704
atac_L15461	k4me1_enh	4.707	0.576	1.322	3.019	2.453	2.412	2.639	1.891	3.741	1.854	1.147
atac_L15474	k4me1_enh	4.011	0	0.808	2.125	2.059	1.575	1.855	0	1.479	1.532	1.59
atac_P02962	k4me1_enh	3.385	0.544	0.462	1.961	1.519	1.539	1.088	2.261	2.073	0.346	1.226
atac_L15490	k4me1_enh	3.616	1.834	1.091	0.883	1.551	1.579	1.633	0	2.126	1.333	2.291
atac_L15520	k4me1_enh	3.41	0	1.312	1.803	1.742	1.636	1.024	0	1.467	0.805	1.508
atac_L15522	k4me1_enh	5.353	1.743	1.292	2.085	2.023	1.802	1.423	2.083	2.996	0	1.915
atac_L15523	k4me1_enh	5.499	0	1.222	2.266	2.52	2.15	1.839	3.275	3.194	0	2.352
atac_L15525	k4me1_enh	3.406	1.1	1.309	2.157	1.547	1.736	2.621	2.519	2.722	1.235	0.926
atac_L15527	k4me1_enh	3.99	2.66	1.378	1.354	1.936	1.426	1.965	2.911	2.418	1.459	1.3
atac_L15543	k4me1_enh	4.774	1.794	1.633	2.63	2.253	1.411	2.82	0	2.223	1.674	0.979
atac_L15554	k4me1_enh	3.933	2.006	0.712	1.371	1.673	1.418	2.234	2.113	3.139	1.807	1.06
atac_L15558	k4me1_enh	5.315	1.066	1.271	3.009	2.885	2.133	2.816	0	3.32	1.557	1.684
atac_L15571	k4me1_enh	5.542	1.761	0.882	2.206	2.43	1.652	1.977	2.571	2.732	1.272	0.489
atac_L15595	k4me1_enh	3.834	2.024	1.058	2.08	1.725	1.17	2.778	1.933	2.586	0.932	1.104
atac_L15597	k4me1_enh	3.426	1.148	1	1.696	1.797	1.503	1.902	0	0.888	1.815	1.901
atac_L15599	k4me1_enh	4.562	0	1.027	1.87	2.767	1.683	2.43	2.163	2.752	0.805	1.885
atac_L15641	k4me1_enh	4.367	0.599	1.258	1.781	2.508	1.611	1.819	0	2.459	2.219	1.256
atac_L15715	k4me1_enh	4.648	1.702	0.896	2.322	2.495	1.799	2.547	2.501	3.387	1.223	1.18
atac_L15719	k4me1_enh	4.044	1.182	0.922	2.117	0.967	1.197	2.213	0	2.978	0	0.651
atac_L15763	k4me1_enh	3.357	0	0.868	0.417	0.794	0.745	1.5	0	0.532	0	0.654
atac_L15848	k4me1_enh	4.561	1.965	1.323	2.701	2.466	1.275	2.191	2.538	3.222	1.907	1.032
atac_L15868	k4me1_enh	4.974	1.742	1.408	3.541	2.874	2.256	2.345	3.801	4.52	1.256	2.011
atac_L15963	k4me1_enh	3.402	0	0.796	1.137	1.593	1.231	1.737	0	1.922	0	0.924
atac_L16039	k4me1_enh	3.513	2.523	0.574	1.599	1.557	1.668	1.433	2.563	1.715	0	0.951
atac_L08410	k4me1_enh	3.873	0.693	0.787	1.095	1.208	1.298	1.007	0	0.72	1.83	1.077
atac_L08412	k4me1_enh	3.476	0	0.604	1.872	1.083	0.648	0.602	2.995	1.469	1.32	0.361
atac_L08459	k4me1_enh	5.093	2.575	0.448	3.115	2.698	1.938	2.265	3.697	3.428	1.836	1.418
atac_L08552	k4me1_enh	3.956	1.182	1.555	2.001	1.885	1.164	2.13	0	1.221	2.001	0.651
atac_L08576	k4me1_enh	3.412	0	1.08	1.5	1.044	1.194	0.602	3.28	1.954	1.855	0.89
atac_L08585	k4me1_enh	4.736	2	1.607	1.818	2.254	1.491	2.679	2.93	2.782	0.774	1.147
atac_L08591	k4me1_enh	4.763	1.167	0.91	1.72	2.507	1.364	1.604	2.977	1.938	1.307	0.642
atac_L08613	k4me1_enh	4.348	1.823	1.228	2.224	1.841	1.024	1.739	0	1.783	2.131	0.777
atac_L08634	k4me1_enh	4.135	2.272	1.322	1.229	1.091	1.497	1.954	2.177	2.767	0.812	1.367
atac_L08666	k4me1_enh	4.531	1.142	1.142	2.527	3.138	1.89	2.235	2.114	3.032	1.808	1.536
atac_L08673	k4me1_enh	3.961	1.425	1.607	1.871	2.195	1.718	2.295	0	1.907	1.734	1.007
atac_L08674	k4me1_enh	3.758	0	1.129	1.733	2.046	1.564	2.125	0	1.953	1.085	1.095
atac_L08679	k4me1_enh	3.897	1.812	0.915	1.494	2.188	0.903	1.612	0	1.343	1.515	1.43
atac_L08713	k4me1_enh	3.876	2.454	0.38	1.231	1.895	1.33	1.363	0	1.592	0	0.656
atac_L08734	k4me1_enh	3.404	0	0.601	1.99	1.761	0.822	0.599	0	1.772	0.456	0.51
atac_L08743	k4me1_enh	3.673	0	1.292	1.477	1.939	0.768	1.33	0	1.927	0	0.759
atac_L08749	k4me1_enh	4.587	2.543	1.71	1.888	2.035	1.521	2.571	1.414	3.207	1.281	1.318
atac_L08750	k4me1_enh	3.362	1.498	0.778	2.176	1.386	1.735	0	1.42	1.434	2.084	1.791
atac_L08754	k4me1_enh	5.438	1.048	1.251	2.217	2.517	1.565	2.237	1.98	3.233	1.367	0.88
atac_L08756	k4me1_enh	3.751	1.174	1.351	1.494	2	1.481	1.612	0	1.947	2.238	0.992
atac_L08778	k4me1_enh	3.58	2.044	0.967	0.578	1.891	1.826	1.607	0	0.906	0	1.425
atac_L08780	k4me1_enh	3.492	1.784	0.442	0.402	1.36	0.997	1.322	0	0.513	0	0.186
atac_L08791	k4me1_enh	4.264	0	0.806	1.26	1.571	0.795	2.23	1.973	1.771	0.394	0.876
atac_L08801	k4me1_enh	3.613	0	0.899	1.704	1.914	2.071	2.761	0	1.922	1.294	1.25
atac_L08848	k4me1_enh	4.46	4.834	1.14	2.637	1.204	1.472	1.748	0	2.048	0	1.287
atac_L08852	k4me1_enh	4.404	0	0.972	1.8	2.505	1.585	1.022	2.16	1.864	1.851	1.354
atac_L08856	k4me1_enh	4.395	2.888	1.325	0.881	1.463	1.627	2.377	0	2.265	1.869	1.844
atac_L08860	k4me1_enh	3.916	1.158	1.49	2.628	2.479	2.282	1.816	2.962	2.857	1.672	0.636
atac_L08867	k4me1_enh	5.188	1.503	1.055	2.619	2.936	1.996	3.046	3.857	3.79	1.665	1.738
atac_L08868	k4me1_enh	4.556	1.191	1.369	2.788	2.556	1.745	2.45	2.182	3.382	1.333	1.371
atac_L08897	k4me1_enh	4.229	1.529	0.735	2.653	2.401	1.933	2.355	2.632	2.883	2.545	1.353
atac_L08901	k4me1_enh	4.964	1.75	1.03	2.144	2.236	1.425	1.294	0	2.967	1.035	0.949
atac_L08903	k4me1_enh	5.594	1.18	0.673	3.246	2.722	1.959	2.434	2.996	3.091	1.321	1.581
atac_L08904	k4me1_enh	4.535	2.572	1.064	2.939	2.367	1.64	2.823	1.436	2.68	1.676	1.257
atac_L08918	k4me1_enh	4.432	0	1.057	2.376	2.778	2.035	2.912	0	2.147	0	0.974
atac_L08923	k4me1_enh	4.877	2.397	1.283	2.017	2.008	1.505	1.458	0	2.141	1.289	1.476
atac_L08934	k4me1_enh	4.576	1.503	1.954	2.693	2.323	1.884	2.394	2.599	3.01	2.838	1.678
atac_L08973	k4me1_enh	4.918	1.161	1.566	3.055	2.81	2.044	2.715	2.966	4.26	1.5	0.875
atac_L08980	k4me1_enh	3.52	1.1	0.957	2.205	2.231	1.47	1.838	2.519	2.485	0	1.612
atac_L08981	k4me1_enh	3.664	1.542	1.137	1.42	0.884	1.355	0.834	0	1.08	0.811	1.365
atac_L09006	k4me1_enh	4.226	1.784	1.103	1.836	1.733	1.532	2.248	1.425	1.319	1.664	1.478
atac_L09031	k4me1_enh	3.896	1.008	1.348	0.846	1.503	1.051	1.025	0	1.272	0.924	0.844
atac_L09036	k4me1_enh	4.058	0	1.316	2.565	1.937	2.103	2.509	2.113	3.031	1.28	1.601
atac_L09057	k4me1_enh	5.515	1.378	1.526	2.661	1.826	1.851	1.94	1.304	2.8	0.705	1.285
atac_L09071	k4me1_enh	5.337	1.186	1.087	2.947	2.291	1.949	2.047	2.65	2.766	1.328	1.366
atac_P01820	k4me1_enh	3.696	1.627	0.691	0.632	0.502	0.278	1.548	0	1.499	1.919	1.269
atac_L09103	k4me1_enh	3.851	2.254	1.351	0.994	0.831	1.054	0.33	2.159	1.773	0.802	1.271
atac_L09139	k4me1_enh	4.018	0	1.118	2.252	2.01	1.822	1.603	2.62	2.533	1.306	1.495
atac_P01831	k4me1_enh	3.389	0	1.265	1.59	1.638	1.651	2.558	1.861	1.224	1.091	0.975
atac_L09156	k4me1_enh	5.28	2.549	1.14	2.091	2.697	2.132	2.888	0	3.408	1.376	1.431
atac_L09201	k4me1_enh	3.483	0	0.742	2.276	2.652	1.758	2.804	3.002	2.897	1.09	1.28
atac_L09216	k4me1_enh	3.709	0	0.779	1.623	1.706	1.601	0.998	2.593	0.512	0.783	0.349
atac_L09286	k4me1_enh	4.688	1.185	0.535	2.669	2.354	1.825	2.859	0	3.866	1.705	1.194
atac_P01863	k4me1_enh	3.924	0	0.824	1.52	1.667	1.565	2.264	0	1.951	1.388	1.443
atac_L09305	k4me1_enh	3.914	2.268	0.292	1.325	1.457	1.439	2.044	0	2.117	0	1.194
atac_L09306	k4me1_enh	3.752	1.039	1.418	1.255	1.29	1.349	0.898	3.482	1.599	1.356	0.307
atac_L09317	k4me1_enh	3.683	1.481	0.189	0.21	1.113	0.572	1.302	0	1.721	0.437	0.343
atac_P01873	k4me1_enh	3.837	1.93	0.993	2.361	1.958	2.073	1.619	0	1.661	0.736	2.056
atac_L09381	k4me1_enh	5.324	1.087	0.788	3.07	2.65	2.493	3.025	0	3.149	2.413	1.534
atac_L09382	k4me1_enh	4.023	0	0.667	2.257	2.363	1.673	1.342	0	3.773	1.51	0.507
atac_L09401	k4me1_enh	3.742	1.522	0.731	2.205	2.216	1.527	1.341	0	2.537	0.798	0.357
atac_L09433	k4me1_enh	3.813	0.688	1.103	1.77	1.97	1.883	2.322	0	2.665	0	0.498
atac_L09440	k4me1_enh	3.405	1.136	1.267	1.68	1.402	1.488	1.787	0	2.375	0	1.23
atac_L09451	k4me1_enh	3.914	1.184	1.085	3.064	2.46	1.781	2.044	0	3.172	2.559	1.1
atac_L09487	k4me1_enh	3.722	0	1.268	1.633	1.442	1.585	1.398	0	1.262	1.427	1.484
atac_P01919	k4me1_enh	3.359	1.409	1.072	1.794	1.437	1.389	2.206	0	1.551	1.396	1.164
atac_L09503	k4me1_enh	3.412	0	0.375	1.734	1.859	1.128	1.352	2.639	1.869	1.698	0.649
atac_L09644	k4me1_enh	4.592	0.652	1.053	2.871	2.231	2.338	2.872	2.054	4.053	1.89	0.926
atac_L22376	k4me1_enh	5.114	1.705	1.412	2.857	2.473	2.047	2.66	2.855	4.02	1.418	1.183
atac_L22377	k4me1_enh	5.238	1.768	1.092	2.638	2.636	2.314	2.789	0	3.768	1.649	1.058
atac_L22380	k4me1_enh	4.531	3.261	1.33	2.85	2.437	2.053	2.175	1.985	3.268	1.372	0.681
atac_P04131	k4me1_enh	4.262	1.042	1.126	2.333	2.098	1.199	2.356	2.774	3.435	0	1.415
atac_L22413	k4me1_enh	3.594	1.774	0.65	0.967	0.892	1.281	0.993	0	1.182	1.48	1.153
atac_L22417	k4me1_enh	3.907	2.186	0.188	1.596	1.58	1.374	1.145	0	1.801	1.46	0.736
atac_L22420	k4me1_enh	3.843	0	0.854	1.402	1.58	1.308	2.612	2.152	2.425	0.454	0.988
atac_L22422	k4me1_enh	4.372	0	0.374	2.052	2.119	1.634	2.622	0	2.885	0.804	0.772
atac_L22436	k4me1_enh	3.497	0	0.811	0.42	1.523	1.033	1.751	1.47	0	0.816	0.366
atac_L22439	k4me1_enh	3.994	1.447	1.275	2.62	1.867	1.501	2.683	2.062	2.386	0.423	0.602
atac_L22447	k4me1_enh	3.403	1.853	0.896	1.248	1.645	0.786	1.321	0	2.162	1.162	0.866
atac_L22476	k4me1_enh	3.748	0	0.918	1.424	2.103	1.753	2.586	2.074	3.401	0.427	0.335
atac_L22477	k4me1_enh	3.536	0	0.375	1.22	1.858	1.225	2.499	2.164	3.232	1.085	0.361
atac_L22512	k4me1_enh	3.613	0	0.977	1.664	1.443	1.546	1.664	1.392	1.405	1.628	1.042
atac_L22516	k4me1_enh	3.351	1.103	1.056	1.639	1.844	1.699	1.744	0	2.383	0.748	1.421
atac_L22554	k4me1_enh	5.346	0	1.637	2.388	2.824	2.332	2.717	2.969	3.666	2.103	1.258
atac_L22555	k4me1_enh	3.47	2.278	0.829	1.85	1.935	1.257	1.598	2.013	2.278	1.203	0.695
atac_L22575	k4me1_enh	4.168	0	0.955	2.154	2.417	1.868	2.723	2.052	3.29	1.233	1.19
atac_L22580	k4me1_enh	4.011	2.273	1.366	0.88	1.731	1.203	1.207	0	2.046	1.532	1.59
atac_L22619	k4me1_enh	4.43	1.136	0.769	1.531	2.117	1.782	2.225	2.105	2.487	1.273	1.594
atac_L22641	k4me1_enh	4.512	0.663	0.811	2.025	1.861	1.561	3.111	2.076	3.348	0.758	1.436
atac_L22672	k4me1_enh	4.678	1.498	1	1.287	1.884	1.692	1.995	0	2.798	0	1.401
atac_L22676	k4me1_enh	4.067	1.525	1.388	1.651	2.148	1.53	2.276	0	1.46	1.078	0.508
atac_L22740	k4me1_enh	4.063	0	1.039	1.488	1.633	1.249	1.756	1.968	2.231	0.954	0.672
atac_L22755	k4me1_enh	4.289	0	1.089	1.424	2.294	1.626	0.336	0	1.36	1.33	1.447
atac_L22811	k4me1_enh	4.26	2.34	0.863	2.766	2.1	2.273	2.639	2.537	2.451	1.768	1.205
atac_L22853	k4me1_enh	5.481	2.83	2.025	3.222	2.797	1.841	2.925	2.834	2.852	2.569	1.087
atac_P04195	k4me1_enh	3.958	1.64	1.723	1.92	1.93	1.894	1.451	2.427	1.688	1.526	0.874
atac_P04196	k4me1_enh	3.904	2.148	0.799	2.252	1.939	2.012	1.523	3.152	2.767	2.521	1.11
atac_L22891	k4me1_enh	4.732	0	1.116	2.52	2.558	1.976	2.411	2.145	2.823	1.072	0.878
atac_P04199	k4me1_enh	3.932	1.406	0.978	2.251	1.408	1.697	2.518	2.472	2.387	0	1.449
atac_P04200	k4me1_enh	4.229	1.371	1.165	2.446	2.756	1.943	1.201	2.426	1.844	1.359	1.05
atac_L22923	k4me1_enh	3.635	0	1.267	1.531	2.044	1.919	2.299	2.105	2.254	0.437	0.621
atac_L22932	k4me1_enh	3.627	0	1.035	1.268	1.922	1.796	1.436	0	1.806	1.268	1.05
atac_L22976	k4me1_enh	4.8	1.07	1.276	3.139	2.374	2.049	3.075	2.821	3.271	0.983	0.801
atac_L22977	k4me1_enh	4.575	1.185	0.743	2.847	2.131	1.947	2.509	0	0.531	2.465	0.779
atac_P04219	k4me1_enh	3.415	0.633	1.115	1.375	1.972	1.46	1.366	0	1.451	1.204	1.515
atac_L22984	k4me1_enh	3.538	2.162	0.627	1.904	1.509	1.382	1.277	0	1.01	1.441	1.203
atac_L22998	k4me1_enh	3.35	0	1.228	0.738	1.394	1.351	1.739	0	0.917	1.525	1.279
atac_L23049	k4me1_enh	3.763	1.122	1.294	2.415	2.044	1.637	1.425	2.086	2.962	0.763	1.296
atac_L23073	k4me1_enh	4.134	1.164	1.066	1.715	1.772	1.146	1.923	0	2.089	1.503	1.418
atac_L23112	k4me1_enh	3.403	2.005	1.342	2.422	1.627	1.568	2.03	2.366	2.565	0.92	1.09
atac_L23140	k4me1_enh	3.398	0	0.855	1.49	2.218	1.279	0	3.266	1.569	1.511	0.644
atac_L23145	k4me1_enh	3.617	0	1.001	2.049	2.385	1.464	1.629	0	2.624	1.006	1.722
atac_L23146	k4me1_enh	3.423	1.453	1.016	2.266	2.489	1.828	1.412	0	2.449	2.147	0.334
atac_L23152	k4me1_enh	4.108	2.154	1.234	2.469	2.371	2.611	2.18	3.159	2.685	1.758	0.332
atac_L23158	k4me1_enh	4.868	1.145	0.835	2.646	2.705	1.815	1.992	0	3.637	2.08	2.226
atac_L23164	k4me1_enh	5.605	1.738	1.021	2.956	2.612	1.797	2.27	3.178	3.026	2.364	1.21
atac_L23165	k4me1_enh	4.04	0	1.577	2.88	2.454	2.223	2.601	3.568	3.242	1.221	1.008
atac_L23170	k4me1_enh	4.183	0	1.446	3.103	2.837	2.067	2.323	2.677	3.307	0.659	1.214
atac_L23206	k4me1_enh	3.681	0	1.254	1.205	1.84	1.272	1.923	0	1.06	2.105	0.639
atac_L23242	k4me1_enh	4.278	1.182	1.359	2.908	2.412	2.255	1.622	0	3.723	2.249	1.439
atac_L23265	k4me1_enh	4.669	0.918	1.27	2.726	2.566	1.667	2.324	2.227	3.391	1.212	1.138
atac_P04320	k4me1_enh	3.822	1.983	1.357	0.931	1.259	1.336	1.005	0	1.533	1.115	1.149
atac_L23336	k4me1_enh	3.371	0	1.199	1.089	2.177	1.721	1.81	2.13	1.05	0.787	1.48
atac_P04334	k4me1_enh	3.809	1.095	1.555	1.23	1.411	1.141	2.614	0	2.715	1.23	2.154
atac_L23351	k4me1_enh	4.423	1.828	0.678	0.417	0.646	0.953	1.744	0	0.532	0	0.896
atac_P04339	k4me1_enh	4.246	0	1.148	2.468	2.267	2.081	2.102	1.37	2.684	0.422	1.024
atac_L23353	k4me1_enh	3.442	1.509	0.591	2.24	2.601	1.93	1.467	2.136	2.348	0.448	0.759
atac_L23354	k4me1_enh	4.399	2.588	1.469	2.447	2.556	1.582	1.019	2.156	2.647	1.69	1.351
atac_L23435	k4me1_enh	5.599	2.22	1.588	3.806	3.243	2.578	3.283	2.125	4.698	2.597	0.97
atac_L23436	k4me1_enh	6.093	0.7	1.169	3.28	2.944	2.455	3.423	3.504	4.339	2.233	1.636
atac_P04363	k4me1_enh	4.564	0	1.024	2.667	2.599	1.793	2.777	3.336	4.339	0	0.899
atac_L23446	k4me1_enh	4.524	2.276	0.538	2.751	1.709	1.652	2.141	2.181	3.961	1.712	2.247
atac_L23447	k4me1_enh	4.105	0.655	0.96	1.895	1.648	1.522	2.178	2.059	3.516	1.238	1.023
atac_L23450	k4me1_enh	4.072	1.174	1.173	1.494	1.385	1.371	2.557	2.158	2.309	0.456	1.183
atac_L23463	k4me1_enh	3.692	0	1.504	2.89	2.606	2.159	1.932	0	3.774	1.687	1.569
atac_P04366	k4me1_enh	3.527	1.869	1.521	2.891	1.967	1.914	2.824	2.43	3.707	0.394	1.133
atac_L23486	k4me1_enh	3.587	1.14	1.313	0.841	0.93	1.186	1.792	0	1.533	0.44	0.961
atac_L23509	k4me1_enh	3.715	0	1.183	1.811	1.774	1.324	2.369	2.173	2.762	0.81	0.363
atac_P04391	k4me1_enh	4.226	1.707	0.736	0	0.849	0.872	0	0	2.666	0.74	0.594
atac_L23736	k4me1_enh	4.001	2.229	1.373	2.136	1.715	1.85	1.914	2.605	0.516	1.826	0.871
atac_L19934	k4me1_enh	3.817	2.561	0.282	1.293	1.168	0.585	2.004	2.131	1.748	0.787	0
atac_L19969	k4me1_enh	3.437	0.69	0.59	1.196	1.665	0.888	0	0	1.749	1.668	0.634
atac_L19991	k4me1_enh	3.879	2.377	0.508	1.072	0.967	1.183	1.155	0	1.034	0.438	0
atac_L19992	k4me1_enh	3.772	2.026	0	1.474	1.591	1.172	1.005	0	1.325	1.296	0
atac_L20035	k4me1_enh	4.195	0	0.617	1.401	1.612	1.169	1.392	0	1.67	0	0.711
atac_L20041	k4me1_enh	4.465	1.074	1.711	2.342	2.534	2.038	2.524	2.478	3.248	0.726	0.995
atac_L20081	k4me1_enh	3.85	1.174	1.024	2.212	2.273	1.989	1.937	2.158	1.947	0.456	0.992
atac_L20111	k4me1_enh	3.648	0.682	0.583	1.889	2.703	2.038	1.691	0	1.986	1.95	0.494
atac_P03712	k4me1_enh	3.91	1.722	1.057	1.708	1.307	0.507	1.64	2.525	1.771	0.422	1.024
atac_L20135	k4me1_enh	3.525	1.171	1.217	0.73	1.038	1.699	2.198	0	2.024	1.312	1.427
atac_P03716	k4me1_enh	3.617	0	1.421	1.557	1.587	1.113	1.856	3.193	1.533	1.297	0.827
atac_L20149	k4me1_enh	3.323	1.087	1.608	0.798	1.48	1.006	1.384	0	2.243	1.413	0
atac_L20235	k4me1_enh	5.108	1.959	1.602	3.104	2.162	2.038	2.687	0	3.622	1.018	1.622
atac_L20246	k4me1_enh	3.338	1.711	1.224	2.375	1.951	1.513	1.517	1.36	2.315	1.594	0.922
atac_L20247	k4me1_enh	4.591	1.177	1.513	2.111	2.343	1.729	2.207	0	1.578	1.696	0.995
atac_L20248	k4me1_enh	4.229	1.759	1.346	2.103	2.537	1.952	1.882	0	2.312	1.27	1.307
atac_L20260	k4me1_enh	4.493	1.486	0.885	2.161	2.518	1.359	1.444	2.108	3.414	0.774	0.856
atac_L20277	k4me1_enh	4.412	2.659	0.7	2.288	2.539	2.16	3.128	2.558	4.166	1.035	1.045
atac_L20312	k4me1_enh	5.215	0.678	1.041	3.099	2.503	2.281	2.785	4.492	3.719	2.814	1.719
atac_L20313	k4me1_enh	3.369	0.688	1.152	1.901	2.526	1.864	1.908	0	2.34	0.445	1.796
atac_L20319	k4me1_enh	3.45	1.163	1.208	2.745	2.901	2.213	2.016	2.615	2.528	1.303	1.627
atac_L20322	k4me1_enh	5.116	3.117	0.87	2.233	2.155	1.912	3.103	2.179	2.988	2.259	2.007
atac_L20348	k4me1_enh	3.859	2.111	1.118	3.194	2.524	1.578	2.581	2.019	3.336	1.856	1.639
atac_L20359	k4me1_enh	4.406	0	0.973	2.618	2.12	1.403	2.034	1.453	2.843	0	1.708
atac_L20375	k4me1_enh	5.231	2.436	1.128	2.538	1.589	1.587	1.84	2.636	3.534	1.083	0.888
atac_L20386	k4me1_enh	4.494	2.251	1.074	2.047	2.238	1.677	1.935	2.156	3.003	1.69	0.99
atac_L20388	k4me1_enh	3.361	2.551	1.237	1.955	2.252	1.342	1.58	2.591	2.271	0.443	0.751
atac_L20390	k4me1_enh	3.426	2.61	0.982	2.512	1.957	1.785	1.745	0	1.479	0	0.364
atac_L20400	k4me1_enh	3.93	1.092	1.339	1.226	1.927	1.982	1.729	0	1.667	1.419	1.262
atac_L20411	k4me1_enh	3.554	2.275	1.737	2.557	2.279	2.118	1.208	0	1.696	1.331	0.194
atac_L20422	k4me1_enh	3.753	2.01	0.362	2.407	2.039	1.666	1.992	2.942	3.276	1.482	1.321
atac_L20423	k4me1_enh	4.209	0	1.187	2.604	2.483	2.317	2.686	3.839	3.139	0.441	2.178
atac_L20434	k4me1_enh	4.539	2.264	1.554	2.273	1.722	2.331	1.846	0	2.66	2.13	1.191
atac_L20452	k4me1_enh	5.182	3.173	1.293	1.971	2.02	1.834	1.71	0	2.467	2.217	0.873
atac_L20466	k4me1_enh	3.611	0	1.279	2.852	2.466	1.989	2.375	0	3.524	1.094	1.722
atac_P03765	k4me1_enh	5.016	0	1.216	2.557	2.833	2.136	2.229	2.5	2.245	1.584	1.82
atac_L20498	k4me1_enh	4.345	1.468	1.122	3.154	2.495	1.991	2.28	3.425	3.648	1.921	1.296
atac_L20499	k4me1_enh	4.432	2.074	1.238	2.858	2.835	2.031	2.645	3.539	3.833	1.872	1.595
atac_L20514	k4me1_enh	5.589	0	1.893	1.858	2.145	1.963	2.111	2.979	2.739	0.798	1.178
atac_L20515	k4me1_enh	3.488	0	0.608	1.465	1.62	1.213	1.378	0	1.654	0.412	1.002
atac_L20521	k4me1_enh	3.405	0	0.937	2.106	1.803	1.384	2.065	2.105	1.629	1.045	1.717
atac_L20543	k4me1_enh	4.071	1.149	1.002	1.897	2.409	2.24	2.245	2.948	3.116	0.444	1.245
atac_L20548	k4me1_enh	4.754	1.514	1.296	2.342	2.398	2.131	2.338	0	2.227	1.302	0.638
atac_L20551	k4me1_enh	4.521	1.893	1.376	1.947	2.346	1.723	2.385	0	2.702	0.716	0.983
atac_L20572	k4me1_enh	3.504	0	1.11	2.469	2.268	2.191	2.918	1.433	2.77	1.298	0.978
atac_L20615	k4me1_enh	3.916	1.826	0.743	2.743	2.255	2.129	2.296	0	1.877	1.326	1.654
atac_L20655	k4me1_enh	3.963	1.827	1.363	2.422	2.339	2.245	1.499	3.291	1.588	2.466	1.443
atac_L20661	k4me1_enh	4.545	1.826	0.535	1.226	1.302	1.2	1.358	2.174	0.919	1.863	1.516
atac_L20702	k4me1_enh	4.292	1.833	0.81	1.332	1.758	2.187	1.749	0	1.593	1.87	0.899
atac_L20706	k4me1_enh	3.687	1.725	0.963	1.777	1.786	1.617	2.835	2.529	1.386	0	0.932
atac_L20728	k4me1_enh	3.553	1.742	1.024	1.728	1.412	1.72	0.31	0	1.509	0	0.481
atac_L20735	k4me1_enh	4.533	0	1.194	1.287	1.93	1.431	1.969	0	1.954	0.721	0.798
atac_L20747	k4me1_enh	4.104	0	0.776	2.364	2.298	1.951	1.8	0	2.269	0.781	1.155
atac_L20749	k4me1_enh	3.377	1.508	1.413	2.026	1.539	1.703	1.592	0	1.751	1.065	0.872
atac_L20769	k4me1_enh	4.461	0	1.105	2.544	2.106	1.631	2.396	0	3.05	1.963	0.351
atac_P03839	k4me1_enh	4.135	0	0.544	2.22	2.071	1.583	1.376	2.836	3.001	1.574	0.46
atac_P03844	k4me1_enh	3.405	2.618	0.62	1.408	0.59	1.261	1.117	0	1.999	1.01	1.02
atac_L20787	k4me1_enh	3.807	2.014	0.778	1.623	1.775	1.225	2.165	0	1.829	1.66	1.243
atac_L20805	k4me1_enh	3.948	1.816	1.512	2.216	1.834	1.728	1.732	2.162	2.313	0.804	0.773
atac_P03857	k4me1_enh	4.134	1.866	1.206	1.69	2.421	2.053	2.159	0	3.039	2.342	1.05
atac_L20862	k4me1_enh	3.712	0	0.839	1.835	2.224	1.288	0.585	0	2.455	0.445	1.676
atac_L20887	k4me1_enh	3.752	1.46	1.021	2.447	1.922	1.362	0.78	0	3.062	0	0.336
atac_L20899	k4me1_enh	4.492	0	1.136	2.351	2.751	1.515	2.227	2.107	2.318	1.801	1.312
atac_L20903	k4me1_enh	4.047	2.233	0.66	0	2.096	1.638	1.71	2.138	2.771	0.449	0
atac_L20913	k4me1_enh	4.126	1.537	0.978	1.586	1.929	1.229	1.028	0	2.114	0	0.651
atac_P03868	k4me1_enh	3.586	1.077	1.076	2.023	2.227	1.58	1.807	1.339	2.5	0.989	1.32
atac_L20922	k4me1_enh	4.991	2.423	1.149	2.446	2.764	1.927	2.262	2.463	3.011	1.966	0.796
atac_L20923	k4me1_enh	4.843	1.826	1.136	2.779	2.987	2.129	1.951	2.174	2.983	1.705	1.282
atac_L20929	k4me1_enh	4.894	1.098	0.555	1.766	2.243	1.629	2.443	0	2.884	1.888	1.483
atac_P03870	k4me1_enh	3.528	1.606	1.015	1.716	1.978	1.625	2.315	0	2.354	2.211	0.757
atac_P03871	k4me1_enh	3.659	0.988	0.43	1.678	1.725	1.568	0.682	0	1.35	0	1.469
atac_L20957	k4me1_enh	3.754	0	0.737	1.409	1.74	1.457	2.56	0	0.912	2.122	0.647
atac_L21015	k4me1_enh	4.045	0	1.789	2.019	1.659	1.509	1.537	2.537	2.087	2.033	0.606
atac_L21023	k4me1_enh	3.328	2.245	0.793	0.728	1.496	1.117	0	0	2.019	1.308	1.177
atac_P03895	k4me1_enh	3.371	2.941	0.938	0.525	1.309	0.669	1.097	0	1.116	1.574	0.585
atac_L21043	k4me1_enh	3.552	0	1.323	1.883	2.098	1.891	2.756	1.466	2.619	1.094	1.722
atac_L21052	k4me1_enh	3.515	1.86	1.161	0.501	0.878	0.754	1.445	0	1.98	1.52	1.343
atac_L21118	k4me1_enh	3.379	0	0.705	0.99	1.733	1.631	2.101	0	2.845	1.946	0.882
atac_L02974	k4me1_enh	3.896	1.173	0.669	1.214	1.444	0.863	1.728	2.157	1.861	1.313	0.645
atac_L02991	k4me1_enh	3.629	1.073	1.027	2.165	2.16	1.597	1.978	1.335	2.444	1.978	1.242
atac_L03003	k4me1_enh	4.254	0	1.167	2.204	1.952	1.943	2.61	2.15	2.873	0.453	1.567
atac_P00622	k4me1_enh	3.945	1.055	1.259	1.434	1.718	1.827	2.18	1.314	2.651	1.376	1.145
atac_L03041	k4me1_enh	4.001	0	0.741	1.94	2.182	1.061	1.739	0	1.687	0.46	0.777
atac_L03046	k4me1_enh	3.95	0	1.269	1.996	2.158	1.637	2.361	0	3.422	1.697	1.646
atac_L03054	k4me1_enh	3.765	0	1.182	2.547	1.864	1.465	1.848	2.171	2.256	1.526	0.893
atac_L03061	k4me1_enh	4.574	0.699	1.069	2.886	2.247	1.693	2.609	0	2.479	0.797	1.177
atac_L03086	k4me1_enh	3.856	2.931	1.159	1.377	1.824	1.618	2.207	2.016	2.338	1.978	0.582
atac_L03089	k4me1_enh	3.89	2.425	0.371	1.402	2.11	1.602	1.831	0	2.097	1.31	0.767
atac_L03098	k4me1_enh	4.615	1.406	0.828	2.013	2.107	1.883	2.729	3.538	2.877	0.723	1.161
atac_L03102	k4me1_enh	3.442	1.509	0.659	1.708	2.038	1.872	2.257	0	1.555	1.066	1.167
atac_L03106	k4me1_enh	3.473	0	1.474	0.734	1.692	1.091	1.616	0	0.732	0	1.273
atac_L03114	k4me1_enh	4.891	1.171	1.262	1.795	1.805	1.699	2.554	0	2.024	0	0
atac_L03115	k4me1_enh	4.077	1.108	0.964	2.068	2.363	1.243	2.688	0	3.277	1.019	1.427
atac_L03116	k4me1_enh	3.372	0.557	0.873	2.312	2.664	1.985	2.337	2.293	2.986	0.877	1.54
atac_L03117	k4me1_enh	4.503	0	0.944	2.643	2.772	1.948	2.631	0	2.132	1.052	1.996
atac_L03125	k4me1_enh	4.787	1.456	1.156	2.799	2.411	2.061	2.746	2.072	2.555	1.907	1.565
atac_L03126	k4me1_enh	4.894	1.811	1.124	2.262	1.999	1.789	2.117	1.449	2.881	1.989	1.09
atac_L03128	k4me1_enh	4.065	0	1.049	2.318	1.982	2.173	2.515	1.418	2.75	2.591	1.322
atac_L03135	k4me1_enh	4.496	0	0.992	1.754	2.493	1.361	2.23	0	2.827	2.188	0.961
atac_L03143	k4me1_enh	3.515	1.037	0.638	1.334	2.254	1.508	2.286	1.964	1.98	0.698	1.409
atac_L03153	k4me1_enh	3.757	0	1.079	1.659	1.742	1.683	2.285	0	2.752	1.853	1.709
atac_L03178	k4me1_enh	4.362	0	1.039	1.886	1.605	1.81	2.224	2.181	3.317	2.012	1.006
atac_L03252	k4me1_enh	5.137	2.389	1.19	3.263	2.487	2.233	2.238	3.225	3.481	1.655	1.32
atac_L03253	k4me1_enh	5.041	2.389	0.904	2.942	2.471	1.773	2.416	2.774	3.194	1.81	1.808
atac_L03257	k4me1_enh	3.887	1.168	1.464	1.921	1.73	1.717	1.929	2.15	1.337	1.075	1.423
atac_L03259	k4me1_enh	3.513	0	1.015	2.249	2.402	0.972	2.827	0	3.209	2.782	1.342
atac_L03268	k4me1_enh	4.453	0.698	0.852	1.486	1.728	1.335	2.191	0	1.205	1.507	1.263
atac_L03343	k4me1_enh	5.339	0.655	0.745	3.147	2.297	1.876	2.451	0	2.894	2.022	0
atac_L03355	k4me1_enh	4.297	0.594	1.32	2.365	2.496	1.434	2.045	1.929	3.054	0.929	1.502
atac_L03357	k4me1_enh	4.166	1.097	1.344	2.377	2.374	1.92	2.169	3.584	3.373	0	1.268
atac_L03361	k4me1_enh	4.225	0	1.615	3.074	2.851	1.453	2.617	2.985	3.731	1.514	1.502
atac_L03362	k4me1_enh	4.789	1.183	1.481	3.505	3.111	1.963	3.094	3.729	3.906	1.526	1.44
atac_P00686	k4me1_enh	3.723	1.022	0.57	2.829	2.273	1.532	1.821	0	3.07	1.502	1.326
atac_L03367	k4me1_enh	3.823	1.187	1.407	2.178	2.038	1.741	2.299	2.177	2.045	2.138	0.896
atac_L03370	k4me1_enh	4.5	0	1.222	1.111	2.191	1.402	2.283	0	1.679	0	0.647
atac_L03371	k4me1_enh	3.938	2.108	0.831	1.965	1.655	1.509	2.733	0	2.543	0.986	1.082
atac_L03373	k4me1_enh	5.122	0	0.803	2.459	2.049	0.869	2.435	0	2.659	1.7	1.649
atac_P00690	k4me1_enh	5.15	0.995	0.716	2.26	2.68	1.861	2.505	1.903	2.752	2.512	1.59
atac_L03379	k4me1_enh	3.387	0	0.637	1.982	2.136	1.075	0.976	0	2.671	1.458	1.299
atac_L03381	k4me1_enh	4.263	0	1.65	3.046	3.019	2.6	3.244	2.157	4.179	2.346	1.934
atac_L03382	k4me1_enh	4.405	0.705	1.311	2.266	2.003	2.53	3.532	0	3.505	0.804	1.185
atac_L03416	k4me1_enh	4.275	1.18	0.456	1.222	1.948	1.29	1.493	2.997	2.554	0.807	0.513
atac_L03418	k4me1_enh	3.709	1.18	1.399	2.272	2.928	1.861	1.945	0	3.235	1.999	0.775
atac_L03420	k4me1_enh	3.875	1.545	0.379	1.747	2.294	1.626	2.447	0	2.861	2.259	1.005
atac_L03427	k4me1_enh	5.148	3.482	0.866	2.742	1.888	1.759	1.85	2.647	3.098	2.464	0.363
atac_L03434	k4me1_enh	3.466	0	1.309	1.607	2.235	1.384	1.305	2.927	2.487	2.659	0.621
atac_L03456	k4me1_enh	3.378	0	1.374	1.635	1.764	1.14	1.467	1.432	2.574	0.448	0.872
atac_L03467	k4me1_enh	3.416	0.656	1.316	1.415	2.003	1.702	2.391	3.161	2.008	1.898	1.026
atac_L03479	k4me1_enh	4.34	0	1.101	2.65	1.801	1.98	2.018	0	1.587	0	1.111
atac_L03491	k4me1_enh	3.499	0	0.59	0.854	1.482	0.927	0.588	2.133	0.895	0	0.352
atac_L03495	k4me1_enh	3.599	2.441	0.976	1.115	2.232	1.861	2.128	0	1.22	1.321	1.889
atac_L03500	k4me1_enh	3.518	0.699	1.119	1.487	1.951	1.6	1.604	0	2.422	0.797	1.177
atac_L03501	k4me1_enh	5.521	2.561	0.842	2.023	2.431	1.459	2.759	0	2.46	1.493	1.331
atac_L03504	k4me1_enh	3.451	1.394	0.968	1.099	1.826	1.834	1.874	0	2.143	1.382	1.676
atac_L03607	k4me1_enh	3.602	1.661	0.765	0.513	1.197	0.945	0.735	0	0.813	0.714	0.79
atac_L03612	k4me1_enh	4.628	1.15	1.325	2.414	2.172	1.649	1.998	2.95	3.346	1.289	0.97
atac_L03622	k4me1_enh	3.451	1.752	1.215	1.167	1.272	1.347	2.053	0	1.409	0.766	1.136
atac_L03625	k4me1_enh	4.99	1.617	1.024	3.037	2.796	2.371	3.243	2.745	4.198	2.224	0.431
atac_L03638	k4me1_enh	4.962	1.733	1.284	2.442	2.746	1.711	1.947	1.38	3.507	0.427	0.835
atac_L03663	k4me1_enh	3.452	1.474	1.3	1.44	1.581	0.939	1.556	0	2.721	0.767	1.221
atac_L03669	k4me1_enh	4.136	2.354	1.293	2.714	2.702	2.342	2.995	0	3.572	0.761	1.576
atac_L03700	k4me1_enh	4.001	1.182	1.48	2.461	2.412	2.09	1.495	3.906	2.186	1.525	1.279
atac_L03769	k4me1_enh	5.087	2.429	1.648	2.446	2.27	2.004	2.422	0	2.921	2.116	1.268
atac_L03818	k4me1_enh	3.36	0	0.869	1.593	1.519	1.55	2.049	0	1.966	2.738	1.368
atac_L03877	k4me1_enh	4.575	0	1.189	2.977	2.349	2.213	2.259	0	3.286	2.462	0.893
atac_L03887	k4me1_enh	3.683	0	1.024	1.896	2.103	1.448	0.277	0	2.944	1.154	0.661
atac_L03926	k4me1_enh	3.517	1.166	1.068	2.301	2.359	1.802	2.021	2.148	2.913	0	0.985
atac_L03927	k4me1_enh	3.405	1.099	1.053	1.947	1.938	2.043	2.619	1.365	1.847	2.015	1.271
atac_L03980	k4me1_enh	4.148	1.127	1.3	0.952	1.918	1.263	1.776	0	1.619	1.265	0.847
atac_L03989	k4me1_enh	4.268	1.46	0.566	1.156	1.902	1.162	1.656	0	1.154	0	0.728
atac_L04026	k4me1_enh	4.193	2.341	1.156	2.481	2.048	2.356	1.279	2.538	3.091	1.443	0.937
atac_L04031	k4me1_enh	3.399	1.759	1.036	1.36	0.798	0.749	1.437	0	1.625	1.795	0.851
atac_L04116	k4me1_enh	3.468	1.952	0.855	1.638	1.802	1.474	2.386	0	2.892	1.756	1.112
atac_P00843	k4me1_enh	3.633	0	0.57	1.393	1.714	1.51	1.637	1.942	1.958	0.687	0.549
atac_P00390	k4me1_enh	3.325	0	0.973	1.054	1.737	1.223	1.316	0	1.282	1.23	0.941
atac_L01607	k4me1_enh	4.151	1.129	1.082	3.165	2.795	1.892	2.36	0	2.974	2.175	1.139
atac_L01645	k4me1_enh	4.969	1.753	1.032	2.424	1.939	2.116	2.488	3.198	2.852	1.462	1.137
atac_L01684	k4me1_enh	4.135	0	0.687	1.578	2.09	1.081	2.099	0	2.404	1.813	0.614
atac_L01703	k4me1_enh	3.386	3.448	1.297	1.204	1.839	1.754	1.922	2.143	1.451	0.794	0.876
atac_L01744	k4me1_enh	5.052	1.175	1.077	2.407	2.432	1.703	1.348	2.16	1.949	1.316	0.886
atac_L01757	k4me1_enh	3.634	1.168	1.019	1.858	2.089	1.501	2.484	0	2.166	1.684	1.423
atac_L01777	k4me1_enh	4.041	3.253	1.429	2.259	2.137	1.499	1.671	0	2.124	0.706	0.879
atac_L01801	k4me1_enh	4.508	0.593	1.174	2.247	2.285	1.803	2.183	2.381	2.581	2.004	1.175
atac_L01815	k4me1_enh	3.378	0.692	1.06	1.199	1.999	1.296	0.812	2.962	1.752	1.297	0.872
atac_L01818	k4me1_enh	3.737	1.166	1.017	1.567	2.048	1.362	1.476	2.147	2.686	0.796	0.879
atac_L01819	k4me1_enh	4.363	0	0.38	0.883	2.003	1.105	1.75	0	3.032	0	0.657
atac_L01827	k4me1_enh	4.465	1.358	1.375	2.19	1.982	1.644	2.337	0	3.02	0.388	1.523
atac_L01841	k4me1_enh	4.096	0	1.534	2.249	2.945	1.712	2.775	1.439	3.486	0.795	0.878
atac_L01842	k4me1_enh	4.954	1.822	0.674	1.808	2.796	1.641	2.436	2.642	3.017	0.808	0.891
atac_L01843	k4me1_enh	3.432	0	0.871	1.514	1.274	1.173	1.75	3.299	1.23	0.815	1.107
atac_L01865	k4me1_enh	4.298	1.114	0.425	0.386	1.406	1.278	0.563	0	2.284	0.756	0.177
atac_L01866	k4me1_enh	4.05	0	0.292	1.227	1.2	0.501	1.031	0	1.225	0	0.516
atac_L01888	k4me1_enh	3.617	0.715	1.238	1.01	1.579	1.447	0.839	0	1.595	0	1.662
atac_L01907	k4me1_enh	3.756	1.705	1.26	2.144	1.744	1.704	2.233	0	1.914	0.739	1.262
atac_L01916	k4me1_enh	4.237	1.376	1.459	2.027	2.149	1.539	1.937	1.975	3.79	1.175	0.968
atac_L01921	k4me1_enh	4.642	1.812	0.529	0.994	1.29	1.608	1.485	2.158	1.343	1.849	1.091
atac_L01926	k4me1_enh	3.562	1.125	0.874	2.143	1.652	1.14	2.132	0	2.574	0.432	0.34
atac_L01948	k4me1_enh	4.406	1.177	0.603	2.538	2.535	1.75	2.497	0	2.313	0	0.773
atac_L01954	k4me1_enh	3.424	1.543	1.278	1.946	1.956	2.114	1.953	0	2.944	1.707	0.78
atac_L01975	k4me1_enh	3.353	0	0.802	1.641	1.553	1.476	2.022	2.877	2.639	1.434	0.473
atac_L01976	k4me1_enh	4.978	1.183	1.318	3.74	2.502	2.225	2.748	3.908	4.16	0.809	1.099
atac_L01977	k4me1_enh	4.826	1.134	1.462	3.677	2.472	2.203	2.674	3.826	3.907	1.043	0.853
atac_L01978	k4me1_enh	4.017	0	1.117	1.658	2.144	1.676	2.534	0	2.751	1.45	1.439
atac_L01981	k4me1_enh	4.463	3.855	1.237	2.336	1.684	1.974	1.75	0	2.819	2.474	1.449
atac_L01987	k4me1_enh	3.954	2.441	1.03	1.736	2.162	1.84	2.289	0	1.471	1.7	0.891
atac_L02000	k4me1_enh	5.247	0	1.477	2.773	2.575	1.911	2.802	2.077	3.815	2.039	1.125
atac_L02018	k4me1_enh	3.53	3.085	1.235	2.064	1.628	1.181	2.024	0	2.21	1.76	0.602
atac_L02023	k4me1_enh	3.402	0	0.796	1.492	2.076	1.398	1.61	0	0.908	1.313	0.884
atac_L02042	k4me1_enh	3.784	1.419	1.537	1.921	1.095	1.065	1.245	3.12	1.654	1.407	0.909
atac_L02043	k4me1_enh	3.602	0	1.032	1.665	1.622	1.025	1.201	0	1.784	1.089	1.715
atac_L02045	k4me1_enh	4.933	2.445	0.534	2.118	1.569	1.779	2.131	0	1.687	0.809	1.192
atac_L02048	k4me1_enh	3.606	2.881	0.378	0.587	0.358	0	0	0	0	0	0
atac_P00457	k4me1_enh	3.858	1.029	0.794	1.544	2.078	1.718	1.188	1.284	1.185	0.692	0.863
atac_L02119	k4me1_enh	4.017	1.118	1.549	1.158	1.382	1.391	2.041	0	2.228	1.45	0.61
atac_L02135	k4me1_enh	3.356	0	0.378	1.227	2.387	1.265	1.359	0	1.787	1.092	1.443
atac_L02157	k4me1_enh	3.839	1.087	0.895	2.277	1.977	1.355	1.105	0	1.982	0.736	1.008
atac_L02174	k4me1_enh	3.616	1.191	1.566	1.82	1.852	1.501	1.959	2.182	2.456	1.535	1.523
atac_L02226	k4me1_enh	3.373	1.155	0.899	1.091	1.237	0.964	0.323	0	1.552	0	0
atac_L02227	k4me1_enh	3.983	1.809	1.429	1.213	1.32	1.281	1.19	2.155	1.067	0.8	1.088
atac_L02232	k4me1_enh	3.911	1.155	1.154	1.774	2.279	1.351	1.589	3.479	1.442	1.294	0.351
atac_P00500	k4me1_enh	3.379	0	1.212	2.228	1.398	1.452	1.249	0	2.461	1.41	1.005
atac_L02275	k4me1_enh	4.237	2.028	0.957	2.55	2.436	1.409	2.654	3.246	2.899	0.79	1.412
atac_L02279	k4me1_enh	3.722	1.188	0.745	1.122	1.305	0.392	1.033	0	1.881	1.329	0.364
atac_L02295	k4me1_enh	4.553	3.118	1.325	2.182	1.85	1.991	2.866	0	2.77	2.011	1.005
atac_L02306	k4me1_enh	4.226	0.647	1.136	2.045	1.87	1.726	2.086	2.507	2.474	2.591	1.338
atac_L02322	k4me1_enh	4.571	1.088	0.843	2.521	2.374	1.89	1.508	2.037	3.051	1	0.815
atac_P00527	k4me1_enh	3.714	1.017	1.14	1.832	2.123	1.145	1.631	1.936	1.735	0.933	1.181
atac_L02328	k4me1_enh	3.65	0.624	0.531	1.189	1.59	0.912	2.38	0	2.139	0	0.79
atac_L02348	k4me1_enh	4.651	0	0.652	1.623	2.465	1.878	1.803	2.946	2.61	1.287	1.157
atac_L02401	k4me1_enh	4.243	0	1.602	2.195	2.256	1.935	2.014	0	3.025	1.676	1.079
atac_L02404	k4me1_enh	4.101	2.356	1.075	2.189	1.6	1.637	1.96	2.086	2.102	1.455	1.443
atac_L02405	k4me1_enh	3.922	0	0.96	1.48	1.673	1.3	2.184	2.141	1.931	2.329	0.875
atac_L02410	k4me1_enh	3.351	2.604	0.804	0.738	1.232	0.552	0.604	0	1.222	0.809	0.362
atac_L02411	k4me1_enh	3.335	2.588	0.734	0.731	0.999	0.386	0	0	0.908	0	0
atac_L02463	k4me1_enh	3.613	1.189	0.809	2.07	1.98	1.852	2.377	0	2.124	2.141	1.199
atac_L02467	k4me1_enh	3.358	0	0.715	1.462	1.702	0.992	1.8	0	1.826	1.813	1.322
atac_L02478	k4me1_enh	3.642	0	0.669	2.261	1.077	1.582	2.49	2.156	2.922	0.455	1.182
atac_L02487	k4me1_enh	4.396	0	1.505	2.156	1.956	1.966	1.725	0	2.171	0.8	1.5
atac_L02491	k4me1_enh	4.562	1.113	1.157	3.64	2.757	2.289	3.146	3.948	4.508	1.908	1.033
atac_L02510	k4me1_enh	4.46	1.962	1.274	1.924	1.901	1.607	1.667	0	2.679	1.1	1.509
atac_L02560	k4me1_enh	3.756	0	0.846	1.624	1.233	1.28	2.369	2.505	2.25	0	0.466
atac_L02577	k4me1_enh	5.271	1.976	1.772	2.747	2.895	2.42	3.306	2.083	3.961	2.161	1.755
atac_L02660	k4me1_enh	3.9	2.015	0.717	1.896	2.302	1.693	1.903	2.593	2.885	1.287	1.325
atac_L02687	k4me1_enh	3.814	2.02	0.443	1.901	0.941	1.558	1.323	0	1.191	1.821	0.35
atac_L02693	k4me1_enh	4.764	1.668	0.873	1.895	1.728	1.562	1.476	2.001	2.705	0.403	0.794
atac_P00581	k4me1_enh	3.456	0.627	1.062	1.102	1.373	1.378	1.081	0	1.948	0	1.231
atac_L02722	k4me1_enh	4.39	2.525	1.175	2.623	2.126	1.874	2.428	0	3.457	2.729	0.618
atac_L02839	k4me1_enh	3.35	0	0.855	2.208	2.25	1.424	2.73	0	3.142	1.894	0.827
atac_L23841	k4me1_enh	3.928	0	1.158	1.154	1.226	1.627	1.54	0	1.152	0	1.123
atac_L23876	k4me1_enh	4.14	0	1.122	1.921	2.184	1.448	2.763	0	2.235	0.763	0.946
atac_L23891	k4me1_enh	3.998	1.064	0.972	1.518	1.943	1.892	1.964	0	1.631	0.718	0.795
atac_L23895	k4me1_enh	3.784	2.239	0.79	1.916	2.37	1.859	2.926	2.144	2.908	0.794	0
atac_L23902	k4me1_enh	3.521	1.169	1.019	1.488	1.497	1.278	1.606	0	2.02	1.309	1.498
atac_L23918	k4me1_enh	3.411	0	1.269	2.055	2.437	2.37	2.036	0	2.656	0	1.941
atac_L23963	k4me1_enh	4.819	0	0.925	1.59	2.113	1.295	2.046	2.649	1.588	0.811	1.102
atac_L23964	k4me1_enh	4.562	0	1.169	1.542	2.407	1.847	1.614	2.842	3.008	0.733	1.529
atac_P04441	k4me1_enh	4.171	0	1.245	1.378	2.183	1.494	1.886	1.261	2.292	1.485	1.497
atac_L23965	k4me1_enh	3.326	0	0.91	2.151	2.143	2.266	2.109	0	2.094	1.508	1.566
atac_L23971	k4me1_enh	4.278	1.182	0.804	1.416	1.454	1.665	2.291	0	1.473	1.323	1.098
atac_P04452	k4me1_enh	3.716	2.611	0.553	1.761	1.95	1.807	1.733	0	3.129	0.742	0.595
atac_L23986	k4me1_enh	4.454	0	1.035	1.881	2.871	2.13	1.852	2.175	2.191	1.864	1.283
atac_L23998	k4me1_enh	3.85	3.336	0.584	1.829	1.292	1.062	1.316	0	1.043	1.054	0.184
atac_L23999	k4me1_enh	4.855	0	0.719	1.769	2.273	2.115	1.999	0	2.397	1.959	1.477
atac_L24016	k4me1_enh	3.963	0	1.363	1.743	2.205	1.826	0	0	2.26	1.864	0.364
atac_L24036	k4me1_enh	3.901	1.747	0.873	1.98	2.414	1.523	2.208	0	2.104	1.26	1.642
atac_L24063	k4me1_enh	3.652	0	0.584	1.892	1.629	1.062	1.453	2.119	1.642	1.054	0.495
atac_L24064	k4me1_enh	3.63	0	1.273	1.411	1.864	1.963	0.956	2.058	2.074	0.748	1.195
atac_L24066	k4me1_enh	5.431	1.835	1.04	3.104	3.285	2.121	2.762	0	3.033	1.536	1.524
atac_L24067	k4me1_enh	3.519	1.168	1.425	2.717	2.361	1.625	2.484	2.978	2.956	0.797	1.085
atac_L24069	k4me1_enh	4.996	2.16	1.014	3.131	2.826	2.391	2.976	3.402	3.648	2.446	1.561
atac_L24077	k4me1_enh	4.509	0	1.136	2.542	2.338	1.581	1.72	3.004	3.054	1.637	1.247
atac_L24080	k4me1_enh	5.64	1.802	1.256	3.091	2.358	1.646	1.602	0	3.106	1.506	2.168
atac_L24100	k4me1_enh	4.204	0	1.308	2.38	2.445	1.887	2.87	0	2.885	2.679	0.925
atac_L24123	k4me1_enh	3.562	1.708	1.34	2.241	1.725	1.933	1.828	1.358	3.059	0	1.338
atac_L24149	k4me1_enh	4.808	2.657	1.556	2.94	2.85	2.158	2.815	3.191	3.075	1.784	1.374
atac_L24150	k4me1_enh	4.945	2.169	1.159	2.599	2.835	2.097	2.896	2.075	3.095	1.772	1.748
atac_L24166	k4me1_enh	3.769	1.099	0.852	2.61	2.597	1.734	2.245	2.867	3.168	2.015	1.484
atac_L24172	k4me1_enh	3.337	1.174	0.858	1.407	1.918	1.989	0.825	0	2.309	1.314	1.183
atac_L24179	k4me1_enh	3.477	2.599	1.029	2.221	2.347	1.378	2.21	0	2.317	2.458	1.096
atac_L24205	k4me1_enh	4.875	2.435	1.619	2.215	2.548	1.973	2.358	2.161	3.533	1.518	1.827
atac_L24238	k4me1_enh	5.01	0	0.791	2.308	2.628	1.872	2.502	0	3.278	1.341	1.33
atac_L24281	k4me1_enh	3.996	1.129	1.382	2.508	2.226	1.873	2.29	1.4	3.219	1.791	1.048
atac_L24283	k4me1_enh	4.356	1.147	1.099	2.32	2.284	1.342	1.994	0	3.485	0.782	0
atac_L24301	k4me1_enh	4.093	1.828	1.322	2.593	1.997	1.784	1.853	3.53	2.327	0	1.003
atac_L24318	k4me1_enh	3.897	0	0.836	2.319	1.983	1.645	2.452	0	2.751	1.954	0.863
atac_L24323	k4me1_enh	3.506	0	1.835	1.735	1.552	1.231	1.143	0	2.805	2.051	1.515
atac_L24346	k4me1_enh	3.615	1.156	1.246	1.843	1.565	1.352	1.914	2.605	1.655	0.789	1.252
atac_P04515	k4me1_enh	4.303	1.064	1.415	1.284	1.173	1.648	2.045	2.003	1.337	1.196	1.306
atac_L24405	k4me1_enh	4.092	1.436	0.953	1.884	2.111	1.846	2.667	2.862	2.578	2.126	1.606
atac_P04533	k4me1_enh	4.119	0	1.156	1.453	1.299	1.506	1.366	0	1.548	1.85	1.08
atac_L24435	k4me1_enh	3.965	1.136	1.135	2.257	2.432	1.243	2.225	0	3.381	1.644	0.742
atac_L24481	k4me1_enh	3.804	0	1.266	0.995	1.041	0.823	1.194	2.16	0.526	1.316	0.647
atac_L24497	k4me1_enh	5.314	1.163	1.496	2.636	2.709	1.797	3.304	4.177	4.23	2.332	1.34
atac_L24503	k4me1_enh	3.421	0	0.98	0.877	1.844	0.951	0.605	0	0.918	1.704	0.778
atac_L24519	k4me1_enh	3.615	1.156	1.059	1.556	1.304	1.172	2.4	0	2.15	1.495	0.871
atac_L24523	k4me1_enh	4.546	0	0.96	2.302	2.054	1.93	1.745	0	2.439	1.239	1.113
atac_L24547	k4me1_enh	3.898	1.778	0.44	1.464	1.818	1.342	1.802	0	1.828	1.056	0.864
atac_L24563	k4me1_enh	3.664	1.093	0.616	1.479	1.747	0.454	2.087	2.044	1.255	1.42	1.603
atac_P04562	k4me1_enh	3.703	2.644	0.991	2.063	1.904	2.214	2.004	1.292	3.029	1.353	1.273
atac_L24639	k4me1_enh	3.508	1.513	0.726	2.088	2.287	1.856	1.332	0	2.773	1.3	0.98
atac_L24649	k4me1_enh	3.542	0	0.377	2.323	2.876	2	2.505	0	3.271	2.556	0.651
atac_L24683	k4me1_enh	4.449	2.037	0.85	2.435	2.816	2.013	2.266	0	3.14	0.795	0.878
atac_L24711	k4me1_enh	4.039	1.505	1.057	2.897	2.766	2.432	1.811	2.131	3.383	1.062	0.974
atac_L24720	k4me1_enh	4.221	1.17	0.912	2.922	2.317	2.056	2.836	2.153	3.842	1.844	1.087
atac_L24931	k4me1_enh	3.343	0	0.597	1.517	1.868	1.687	1.963	2.001	2.266	0.718	0.451
atac_L21295	k4me1_enh	3.544	2.296	1.472	2.813	2.205	1.27	2.22	2.491	3.455	0.994	0.703
atac_L21296	k4me1_enh	3.893	2.587	1.389	2.827	2.382	1.281	2.489	3.268	3.287	0.8	0.645
atac_L21348	k4me1_enh	5.178	2.377	0.99	2.738	2.252	1.992	1.681	3.651	2.865	1.94	1.658
atac_L21350	k4me1_enh	3.461	1.807	0.967	0.865	1.218	1.084	1.188	2.152	0.523	0.454	0.357
atac_L21354	k4me1_enh	4.216	1.804	1.258	1.857	2.107	1.575	2.109	0	1.854	1.982	0.88
atac_L21416	k4me1_enh	4.259	2.667	0.878	1.871	2.178	1.351	2.14	0	2.936	1.267	1.587
atac_L21427	k4me1_enh	4.993	0	1.031	1.792	2.457	1.736	2.643	1.895	3.482	1.46	1.471
atac_L21446	k4me1_enh	3.768	0	0.292	2.174	2.054	2.003	1.741	0	2.94	2.134	0.894
atac_L21485	k4me1_enh	4.662	2.247	1.169	0.729	1.847	1.553	1.48	2.98	1.857	1.31	0.357
atac_L21511	k4me1_enh	4.717	1.171	1.428	2.954	2.13	2.04	3.354	2.154	3.798	2.343	1.57
atac_L21551	k4me1_enh	4.384	0	1.063	2.121	2.148	1.956	1.753	2.068	2.277	1.612	1.796
atac_L21558	k4me1_enh	4.614	2.616	1.326	2.639	2.41	2.403	2.142	0	2.908	2.143	1.2
atac_L21606	k4me1_enh	4.509	3.077	0.79	2.711	2.275	1.879	1.923	2.144	3.306	1.836	1.692
atac_L21617	k4me1_enh	3.862	1.031	1.073	1.405	1.362	1.388	1.19	0	2.568	1.161	0.304
atac_L21620	k4me1_enh	4.67	2.019	1.012	2.364	1.798	1.219	1.97	3.003	3.053	0	1.442
atac_L21621	k4me1_enh	4.289	2.188	1.259	1.929	1.582	1.622	2.137	1.398	2.852	1.265	0.737
atac_P03982	k4me1_enh	4.113	2.452	0.433	1.285	1.267	1.433	2.089	0	1.704	1.866	0.833
atac_L21635	k4me1_enh	5.075	1.165	1.016	2.436	1.575	1.243	1.825	1.44	3.277	0	1.343
atac_L21645	k4me1_enh	3.565	2.234	1.565	3.082	2.617	2.836	2.968	3.25	3.506	1.499	2.329
atac_L21655	k4me1_enh	3.762	1.821	1.082	1.938	1.392	1.196	2.364	2.167	2.112	1.087	0.997
atac_L21670	k4me1_enh	4.456	4.023	0.654	0.973	2.241	1.976	1.906	0	2.664	0.784	0.497
atac_L21681	k4me1_enh	4.329	2.343	0.969	1.504	1.817	0.997	1.856	0	2.342	1.617	0.607
atac_P03994	k4me1_enh	4.157	2.135	1.675	1.399	1.351	1.411	1.729	0	1.915	1.419	0.919
atac_L21689	k4me1_enh	3.398	0	1.347	3.042	2.606	2.056	2.42	0	3.113	2.233	0.644
atac_L21690	k4me1_enh	4.499	1.175	1.077	2.93	2.64	2.351	2.356	3.274	3.915	0	1.354
atac_L21706	k4me1_enh	3.893	1.144	1.19	1.827	2.198	1.282	2.16	0	2.062	0.78	1.154
atac_L21715	k4me1_enh	4.395	0	1.308	2.38	2.561	1.261	1.521	2.867	3.404	1.751	1.019
atac_L21746	k4me1_enh	4.106	2.728	1.216	2.608	2.2	1.395	1.932	0	2.876	2.539	0.882
atac_L21763	k4me1_enh	4.583	1.04	1.42	1.488	1.962	1.083	1.057	1.968	1.766	0.954	0.873
atac_L21764	k4me1_enh	5.499	1.962	1.198	2.355	2.063	1.408	2.331	2.069	3.219	0.754	1.358
atac_L21765	k4me1_enh	4.779	2.237	0.369	1.563	1.965	0.854	2.102	2.969	2.158	1.302	0.638
atac_L21766	k4me1_enh	5.579	2.631	0.938	1.543	2.52	1.754	2.506	1.283	2.807	2.321	0.862
atac_L21774	k4me1_enh	3.442	0	0.902	0.979	1.367	1.296	1.593	0	1.657	0	1.167
atac_L21781	k4me1_enh	3.845	1.171	1.122	1.491	2.396	1.966	1.19	0	2.694	1.688	1.427
atac_L21816	k4me1_enh	4.034	1.448	0.858	2.304	2.344	1.878	2.105	2.063	2.146	1.241	1.278
atac_L21821	k4me1_enh	3.963	0	1.614	3.485	2.265	1.776	3.142	4.097	4.086	1.363	1.859
atac_P04022	k4me1_enh	3.451	0.901	1.014	1.664	1.602	1.451	2.07	2.199	1.958	1.728	1.182
atac_L21828	k4me1_enh	5.753	0	1.326	2.273	2.693	2.319	2.036	0	2.789	1.618	1.363
atac_L21829	k4me1_enh	5.841	0	1.403	2.812	2.653	1.781	2.044	2.173	3.241	0	1.364
atac_L21830	k4me1_enh	5.661	0.706	1.223	2.165	2.311	1.346	1.841	2.637	3.088	0	1.094
atac_L21831	k4me1_enh	5.139	1.52	0.91	1.307	2.05	1.15	1.72	2.149	2.299	0	0.642
atac_L21843	k4me1_enh	3.806	0	1.119	1.858	2.059	1.543	1.138	1.389	2.516	1.779	1.214
atac_L21844	k4me1_enh	3.643	0	1.47	0.708	1.519	1.248	0.578	0	2.056	1.65	1.059
atac_L21850	k4me1_enh	3.535	1.142	0.832	1.688	1.573	1.444	1.688	2.113	2.058	1.652	1.06
atac_P04035	k4me1_enh	3.564	0	1.191	1.196	1.453	1.303	2.045	3.091	2.085	0.719	1.155
atac_L21882	k4me1_enh	3.845	1.773	0.833	0	1.049	1.393	1.313	0	1.537	1.052	0.347
atac_L21896	k4me1_enh	3.969	0	0.984	2.127	1.339	2.047	1.631	0	1.36	1.711	1.199
atac_L21900	k4me1_enh	4.319	0.582	0.664	2.698	2.189	1.672	2.453	2.973	2.752	1.745	1.42
atac_L21972	k4me1_enh	3.548	0	1.035	1.12	1.302	0.831	1.626	2.175	1.691	0	1.195
atac_L21982	k4me1_enh	4.14	2.18	1.555	1.435	1.871	1.724	2.656	0	1.288	0.763	1.444
atac_L21985	k4me1_enh	4.054	1.074	0.934	2.607	2.46	2.389	2.278	2.018	2.921	1.98	1.454
atac_P04056	k4me1_enh	4.125	1.036	0.85	1.252	2.295	1.632	2.22	1.963	2.386	1.166	0.306
atac_L22104	k4me1_enh	4.192	1.132	0.766	1.069	1.685	1.433	1.974	0	2.184	1.041	1.141
atac_L22111	k4me1_enh	3.769	1.126	0.98	2.04	1.916	1.477	0.788	0	2.175	1.036	1.045
atac_L22139	k4me1_enh	4.332	1.133	0.576	1.448	2.371	1.651	2.497	2.57	2.313	1.796	0.488
atac_L22143	k4me1_enh	3.77	1.827	1.137	0.74	1.367	1.384	0.334	0	2.615	1.327	1.102
atac_L22220	k4me1_enh	3.87	1.542	0.925	1.12	1.955	1.265	2.135	0	1.588	1.327	0.516
atac_L22240	k4me1_enh	3.552	1.152	1.197	2.281	2.086	1.903	1.701	0	2.457	1.665	1.07
atac_L22245	k4me1_enh	3.53	0.704	0.971	1.315	1.762	0.823	2.031	0	1.677	1.315	0.359
atac_L22248	k4me1_enh	3.654	1.629	1.158	1.55	1.536	1.459	2.568	0	2.103	1.516	1.528
atac_L22258	k4me1_enh	3.855	1.149	0.586	1.465	2.204	1.758	3.04	0	1.741	2.311	0.969
atac_L25005	k4me1_enh	3.35	0	1.031	1.738	1.424	1.351	1.847	2.17	3.018	0	1.513
atac_L25030	k4me1_enh	3.324	0	0.674	1.813	1.94	1.455	1.507	0	2.303	1.221	1.179
atac_L25046	k4me1_enh	3.378	1.158	1.157	1.199	1.566	1.463	2.009	0	0.896	1.828	1.412
atac_L25047	k4me1_enh	4.22	1.191	1.37	1.427	1.552	1.769	2.519	0	1.971	1.714	0.658
atac_L25138	k4me1_enh	3.345	2.872	1.724	2.113	1.925	1.879	2.126	0	2.846	2.245	1.276
atac_L25160	k4me1_enh	3.476	0	1.13	1.114	1.193	0.867	1.198	0	1.683	0	1.095
atac_L25250	k4me1_enh	4.419	3.693	0.902	1.23	1.706	1.936	1.63	0	2.715	1.23	0.173
atac_L25294	k4me1_enh	3.698	2.253	1.717	1.109	1.078	0.98	1.193	0	2.175	1.692	1.091
atac_L25295	k4me1_enh	4.441	1.49	1.434	2.641	2.071	2.259	1.795	2.583	3.772	1.478	1.665
atac_L25333	k4me1_enh	4.587	0	1.529	3.239	2.456	1.812	2.226	2.658	3.072	2.66	0.784
atac_L25364	k4me1_enh	4.764	0	1.385	2.152	2.282	2.204	1.721	0	3.724	1.508	1.346
atac_P04675	k4me1_enh	4.375	1.388	1.37	2.432	2.254	2.296	1.468	1.99	2.89	1.953	1.431
atac_L25394	k4me1_enh	4.673	2.369	1.22	2.73	2.307	2.198	2.362	2.566	2.368	1.268	1.14
atac_L25415	k4me1_enh	3.733	1.798	0.523	1.714	1.545	1.078	1.01	0	1.759	0	0.355
atac_L25444	k4me1_enh	4.889	0	1.304	2.101	2.146	1.533	1.973	3.643	3.564	1.041	0.487
atac_L25450	k4me1_enh	3.669	1.75	0.928	1.865	1.527	1.318	1.144	0	2.472	0	1.516
atac_L25483	k4me1_enh	3.621	2.713	0.593	1.847	2.133	1.772	1.179	0	1.448	1.068	0.502
atac_L25493	k4me1_enh	5.114	1.176	1.026	2.408	2.534	2.064	2.681	3.275	2.178	1.518	2.137
atac_L25510	k4me1_enh	5.028	3.826	0.798	2.574	2.819	2.026	2.201	0	2.838	1.692	1.352
atac_L25518	k4me1_enh	4.675	2.054	0.2	2.165	2.064	1.612	1.49	0	2.376	0.805	0.511
atac_L25534	k4me1_enh	4.388	2.882	1.827	3.23	2.882	2.702	2.442	4.215	3.342	3.03	1.719
atac_L25547	k4me1_enh	3.765	0	1.274	1.417	1.724	1.165	1.848	0	0.53	1.526	1.279
atac_L25572	k4me1_enh	3.585	0	1.172	2.047	1.321	1.016	2.028	0	2.173	1.079	0.645
atac_L25700	k4me1_enh	3.733	2.155	1.058	2.584	2.02	1.524	2.453	2.878	3.916	1.759	1.025
atac_L25725	k4me1_enh	4.273	1.065	1.231	3.106	2.636	2.132	2.452	3.327	3.079	1.197	1.839
atac_L25736	k4me1_enh	3.974	0	0.324	0.99	1.925	1.124	1.068	1.984	1.857	0.709	0.567
atac_L25747	k4me1_enh	3.717	1.185	0.806	0.417	1.487	1.325	1.742	0	1.69	1.326	1.001
atac_L25754	k4me1_enh	4.053	0	1.604	1.482	1.599	1.301	1.599	0	2.415	1.303	1.627
atac_L25755	k4me1_enh	3.623	1.714	1.097	1.888	2.046	1.773	2.443	0	2.43	1.233	1.107
atac_L25756	k4me1_enh	5.111	0	1.137	2.592	2.387	1.597	2.575	0	3.243	1.327	1.002
atac_P04751	k4me1_enh	3.443	0	0.63	1.539	2.057	1.333	1.54	1.947	2.513	0.94	0.302
atac_L25765	k4me1_enh	3.568	1.128	0.821	0.554	1.393	0.903	0	2.562	1.294	0	0.848
atac_P04758	k4me1_enh	3.412	0.655	1.057	1.329	2.106	1.118	1.843	0	2.684	0	1.351
atac_L25787	k4me1_enh	3.6	2.551	1.237	1.695	2.185	1.502	1.455	0	1.644	2.2	0.629
atac_L25804	k4me1_enh	5.312	1.449	0.804	3.2	2.331	2.499	2.516	3.936	4.56	1.761	1.737
atac_L25822	k4me1_enh	3.699	1.773	1.275	2.848	2.179	1.309	2.511	2.585	2.265	1.654	0.86
atac_L25839	k4me1_enh	3.63	0	0.586	0	0.922	0.833	0.522	0	0.95	1.365	0.31
atac_L25846	k4me1_enh	3.427	0	0.949	2.015	1.387	1.504	1.582	2.123	1.741	1.057	0.752
atac_P04768	k4me1_enh	3.8	1.019	1.181	1.462	1.563	1.442	1.532	2.736	1.738	1.148	1.322
atac_L25859	k4me1_enh	3.543	1.882	1.052	2.18	1.981	1.769	2.432	0	2.885	0.71	1.552
atac_L25863	k4me1_enh	4.352	1.825	1.085	1.879	2.073	1.571	2.044	3.289	2.504	1.704	1.586
atac_L25869	k4me1_enh	3.698	0	1.717	1.109	2.02	1.583	1.193	0	3.155	1.314	0.51
atac_L25877	k4me1_enh	3.538	2.936	0.997	1.184	1.676	1.393	1.576	0	1.182	2.078	1.239
atac_L25878	k4me1_enh	4.395	1.784	1.004	2.075	1.36	1.289	1.17	0	1.833	0	1.247
atac_L25883	k4me1_enh	4.208	1.797	0.96	1.302	1.815	1.494	1.821	1.437	2.158	1.502	1.417
atac_L26041	k4me1_enh	3.581	0	0.793	2.332	1.519	1.524	1.906	1.215	1.327	1.094	0.622
atac_L26049	k4me1_enh	3.341	2.144	1.003	1.405	1.857	1.173	0	0	1.675	1.596	1.19
atac_L26065	k4me1_enh	3.919	1.829	1.088	0.741	1.68	1.357	1.501	1.465	1.479	1.866	0.896
atac_L40861	k4me1_enh	3.498	0	0.954	2.236	1.589	1.233	0.587	0	2.976	0.788	1.25
atac_L41241	k4me1_enh	4.05	1.795	1.16	1.638	1.672	1.466	2.658	3.251	2.578	1.5	1.688
atac_L40620	k4me1_enh	3.969	1.515	1.38	0.724	1.105	0.772	0	0	0.519	0.794	1.418
atac_L40583	k4me1_enh	3.668	1.188	0.746	0.742	1.576	1.444	2.447	2.179	2.511	0.813	0.782
atac_L41194	k4me1_enh	4.055	3.117	1.235	1.747	2.173	0.993	2.222	0	1.36	0.813	0.782
atac_L41287	k4me1_enh	3.4	2.8	1.533	1.447	1.777	1.737	1.975	0	1.892	2.063	1.456
atac_L41250	k4me1_enh	4.232	2.595	1.027	0.413	1.042	0.646	0.6	0	0	0	0.648
atac_L40460	k4me1_enh	4.096	0	1.34	2.391	2.065	1.444	2.266	0	2.161	1.836	0.878
atac_L28330	k4me2_enh	3.548	3.002	1.405	1.881	1.955	1.468	1.626	0	2.043	1.529	0.654
atac_L28341	k4me2_enh	4.578	3.347	1.152	1.702	1.911	1.865	1.702	2.129	0.892	2.513	1.329
atac_L28498	k4me2_enh	4.136	3.784	1.366	2.332	1.999	1.6	1.855	2.178	2.392	2.009	0.781
atac_L28900	k4me2_enh	3.697	3.691	2.183	1.493	2.019	1.988	1.346	0	1.462	1.848	1.503
atac_L28930	k4me2_enh	3.378	2.231	1.49	2.027	1.959	1.54	1.329	0	2.005	0.79	1.804
atac_L29073	k4me2_enh	4.92	1.928	0.911	2.473	2.215	1.734	0.969	2.897	2.039	1.804	1.533
atac_L29141	k4me2_enh	4.394	3.086	0.598	1.722	1.933	1.578	1.831	2.98	2.74	1.077	0.988
atac_L29201	k4me2_enh	3.415	2.441	1.439	2.624	2.299	2.388	2.629	3.283	3.016	1.321	1.097
atac_L29232	k4me2_enh	3.362	4.438	2.281	3.384	2.97	2.462	2.387	2.122	3.281	1.66	0.864
atac_L29451	k4me2_enh	4.893	1.053	0.396	1.271	1.756	1.183	0	0	2.003	0.967	0.446
atac_L29526	k4me2_enh	4.228	2.371	0.766	1.676	1.883	0.83	1.782	0	2.586	0	0.619
atac_L30247	k4me2_enh	3.703	3.386	0.531	1.41	1.857	1.02	2.123	0	3.42	0.804	1.093
atac_P06163	k4me2_enh	4.296	3.251	1.048	2.977	2.729	2.146	3.077	0	3.284	1.423	1.606
atac_L35327	k4me2_enh	4.974	4.31	1.03	1.297	1.154	1.263	0.54	1.338	1.815	0.727	0.805
atac_L35367	k4me2_enh	4.848	1.512	1.565	1.478	2.318	2.193	1.918	2.965	3.133	1.972	0.979
atac_L35432	k4me2_enh	5.23	1.826	1.096	2.327	2.7	1.804	1.625	0	2.35	1.892	1.559
atac_L35468	k4me2_enh	3.794	3.284	1.504	2.568	2.146	2.001	2.195	0	2.482	1.985	1.981
atac_L35631	k4me2_enh	4.586	3.293	0.916	2.313	2.001	1.894	1.347	0	2.49	0.802	0
atac_L35947	k4me2_enh	4.074	1.53	1.583	2.654	2.136	2.149	1.73	0	2.795	2.635	0.647
atac_L36088	k4me2_enh	4.104	3.085	1.071	1.401	2.071	1.577	1.722	0	2.167	1.685	1.178
atac_L36162	k4me2_enh	3.864	2.662	1.417	1.867	1.725	2.099	1.67	2.914	2.109	1.265	0.341
atac_L36197	k4me2_enh	3.95	0.706	1.397	2.166	1.79	1.257	1.024	2.164	1.778	0	0.649
atac_L36258	k4me2_enh	4.362	2.456	1.282	1.951	2.541	2.387	2.703	0	2.395	2.658	1.287
atac_L36395	k4me2_enh	4.762	1.537	1.228	2.461	1.991	1.883	1.355	2.17	1.873	2.249	1.835
atac_L36716	k4me2_enh	4.055	2.575	1.015	0.725	1.178	1.113	1.182	0	1.452	1.303	0.877
atac_L30583	k4me2_enh	3.667	3.116	1.889	1.948	1.731	1.871	1.629	0	3.377	2.009	1.368
atac_L30875	k4me2_enh	4.33	4.668	1.171	0.73	1.186	1.086	0.823	0	1.571	1.689	0.358
atac_L30945	k4me2_enh	4.455	3.186	1.425	2.255	1.845	1.824	1.479	3.5	2.956	1.308	1.423
atac_L31109	k4me2_enh	4.055	2.036	1.297	2.477	2.826	2.419	1.182	0	3.54	3.06	1.418
atac_L31119	k4me2_enh	4.444	4.072	1.131	2.367	2.178	2.122	1.492	0	1.955	0	0.513
atac_L31120	k4me2_enh	3.843	3.492	1.094	2.526	2.108	2.103	1.311	0	2.263	0	0.963
atac_L31255	k4me2_enh	3.9	2.616	0.904	1.888	1.618	0.877	1.397	0	1.261	1.75	1.19
atac_L31263	k4me2_enh	4.552	4.703	1.171	2.446	1.686	2.058	1.344	0	2.541	1.312	1.501
atac_L31338	k4me2_enh	4.832	4.533	1.429	2.918	2.225	2.353	2.526	1.338	3.391	2.097	1.581
atac_L31339	k4me2_enh	3.901	2.867	1.548	1.409	1.588	1.935	1.615	0	2.601	0.804	1.506
atac_L31677	k4me2_enh	4.222	2.427	2.032	1.212	1.66	1.478	1.482	2.154	2.484	0	1.762
atac_L31848	k4me2_enh	3.337	2.049	1.024	0.732	1.445	1.313	1.02	0	2.027	0.802	0.646
atac_L31877	k4me2_enh	4.487	0.7	0.666	1.21	1.846	0.938	1.016	0	1.568	1.842	0.643
atac_P05551	k4me2_enh	3.767	3.253	1.731	1.497	1.407	1.454	1.338	0	1.925	1.533	0.31
atac_P05563	k4me2_enh	4.817	3.77	1.103	1.708	1.925	1.592	1.64	0	1.931	1.433	1.113
atac_L32129	k4me2_enh	4.501	2.436	1.027	1.994	2.642	2.03	1.616	2.991	2.97	2.123	1.093
atac_L32259	k4me2_enh	3.734	3.449	1.737	3.032	2.43	2.305	1.6	2.971	2.949	0	1.259
atac_L32450	k4me2_enh	4.263	3.43	1.327	2.46	2.553	1.824	1.586	2.953	2.666	1.665	1.479
atac_L32577	k4me2_enh	3.414	1.82	1.553	1.806	1.565	1.349	1.736	0	2.933	1.321	1.189
atac_L32620	k4me2_enh	3.917	3.356	1.292	2.084	1.563	1.686	1.817	1.273	2.409	2.394	1.028
atac_L26153	k4me2_enh	3.647	2.434	0.53	0.412	1.041	1.158	1.022	0	1.214	0.803	0.359
atac_L26243	k4me2_enh	4.207	2.812	0.993	1.821	2.41	1.334	1.572	0	3.528	1.278	0.962
atac_P04815	k4me2_enh	3.491	3.553	1.052	1.705	1.513	1.592	1.464	0	2.36	1.373	0.884
atac_L26352	k4me2_enh	4.306	3.799	1.373	2.137	1.809	2.173	1.915	2.606	3.056	1.296	2.015
atac_L26359	k4me2_enh	4.258	4.304	1.467	1.86	1.87	2.091	1.932	0	2.303	0	0.357
atac_L26406	k4me2_enh	4.628	1.182	0.606	2.06	1.648	1.292	1.355	2.17	2.186	0.808	0.892
atac_L26435	k4me2_enh	3.55	3.507	1.366	2.279	1.929	1.901	2.523	0	3.317	1.29	1.546
atac_L26553	k4me2_enh	3.563	4.089	1.822	2.382	2.348	1.791	0.589	0	2.082	0.79	0.873
atac_L26804	k4me2_enh	3.341	3.549	0.199	1.731	1.002	1.125	1.022	0	2.601	0.804	1.272
atac_L26987	k4me2_enh	5.278	3.77	1.718	2.066	2.044	2.018	1.843	0	3	1.168	1.802
atac_L27001	k4me2_enh	5.279	2.238	1.014	2.558	1.966	1.776	0	0	2.293	1.835	1.561
atac_L27013	k4me2_enh	4.716	4.701	1.072	3.442	2.317	2.482	2.349	0	3.864	0.799	1.426
atac_L27073	k4me2_enh	3.584	2.25	1.306	1.574	2.017	1.721	1.344	0	2.368	2.235	1.268
atac_L27149	k4me2_enh	4.082	1.82	0.976	2.114	1.792	1.565	1.198	2.166	2.38	2.128	0.775
atac_L27192	k4me2_enh	3.334	2.98	1.171	1.862	1.872	1.721	1.018	2.983	1.944	1.312	0.508
atac_L27288	k4me2_enh	3.516	3.279	1.211	1.567	1.314	1.498	2.02	0	2.585	0	0.879
atac_L27386	k4me2_enh	3.911	3.394	0.804	1.586	1.298	1.024	0.604	0	2.038	1.323	0.651
atac_L27615	k4me2_enh	4.095	3.005	1.187	2.635	1.655	1.524	2.221	2.178	1.966	0.813	1.004
atac_L27648	k4me2_enh	4.686	1.824	1.084	2.589	2.32	1.964	2.043	3.526	3.24	1.325	1.778
atac_L27720	k4me2_enh	3.871	3.216	0.926	1.946	1.653	1.806	1.953	2.176	2.261	2.137	1.72
atac_P05028	k4me2_enh	3.532	2.534	0.808	0.642	1.431	1.203	0.726	1.977	1.204	0.395	1.354
atac_L28189	k4me2_enh	4.041	5.12	2.597	2.507	2.419	2.203	0.588	2.133	3.499	1.669	0.757
atac_P05126	k4me2_enh	3.445	1.353	1.15	1.064	1.549	1.578	1.541	0	2.152	1.155	1.115
atac_L28291	k4me2_enh	5.013	1.19	1.368	2.599	1.434	1.745	1.035	0	2.395	0.814	1.106
atac_P05879	k4me2_enh	3.867	2.981	1.233	2.653	2.267	1.857	1.935	2.06	2.491	0	1.276
atac_L33421	k4me2_enh	4.081	2.132	1.579	2.323	2.085	2.576	1.622	2.502	2.79	1.001	1.537
atac_L33480	k4me2_enh	4.156	3.027	0.642	2.697	2.587	1.818	2.143	2.1	3.157	2.179	1.524
atac_L33712	k4me2_enh	3.566	1.436	1.095	1.319	1.729	1.536	0.764	2.048	1.994	1.423	1.188
atac_L33944	k4me2_enh	3.536	1.491	1.316	0.71	1.438	1.22	0.58	0	1.821	1.281	1.394
atac_P06047	k4me2_enh	3.778	4.045	0.623	1.492	1.277	1.118	0.305	0	2.269	1.015	0.332
atac_L34108	k4me2_enh	4.647	4.093	1.764	2.244	1.622	1.971	1.819	0	2.679	1.3	1.256
atac_L34246	k4me2_enh	4.275	3.924	1.335	2.471	2.236	2.192	1.331	2.964	3.167	1.971	1.336
atac_L34259	k4me2_enh	4.002	1.508	1.373	1.634	1.643	1.658	1.466	2.135	2.624	0.789	0.758
atac_L16087	k4me2_enh	4.476	2.547	1.743	1.951	1.793	2.123	2.078	0	2.919	1.655	1.239
atac_L16101	k4me2_enh	5.058	3.102	1.397	1.583	1.814	1.919	1.025	0	3.591	1.997	0.649
atac_L16105	k4me2_enh	5.154	4.512	0.744	2.934	2.326	2.329	2.511	0	3.11	2.831	1.196
atac_L16114	k4me2_enh	3.375	4.568	1.818	2.769	1.666	2.122	1.813	2.133	2.854	0.447	0.87
atac_L16178	k4me2_enh	4.325	4.888	1.194	1.697	1.417	1.899	2.166	2.123	2.335	0.783	0.865
atac_L16208	k4me2_enh	5.22	2.257	1.222	2.8	2.27	2.232	1.779	1.992	2.737	2.366	1.828
atac_L16301	k4me2_enh	3.857	3.427	1.002	2.278	1.503	1.401	1.806	2.125	1.832	0	1.245
atac_L16306	k4me2_enh	4.037	1.818	0.919	1.113	1.082	1.288	1.024	2.164	1.468	1.697	0.649
atac_L16404	k4me2_enh	4.137	1.518	1.067	1.643	1.375	0.815	1.012	0	1.761	1.305	0.984
atac_P03189	k4me2_enh	5.668	1.353	1.403	1.95	2.166	1.208	1.314	2.748	1.964	0.386	0.861
atac_L16769	k4me2_enh	6.324	3.151	1.65	2.915	2.621	1.876	0.995	2.943	3.18	1.953	2.386
atac_L16828	k4me2_enh	4.188	1.172	1.649	0.58	1.687	1.155	0	2.156	1.572	1.988	0.884
atac_L16873	k4me2_enh	3.916	3.027	0.824	2.551	2.587	1.951	1.676	3.644	3.123	0.77	1.226
atac_L17692	k4me2_enh	3.801	1.528	1.651	2.212	1.98	1.481	2.425	2.158	3.19	1.081	1.43
atac_L00269	k4me2_enh	3.85	1.812	0.453	1.314	1.612	0.495	1.346	0	1.343	0.802	0.359
atac_P00068	k4me2_enh	4.045	3.862	0.948	2.631	1.943	2.154	2.159	0	2.791	0.738	1.099
atac_L00336	k4me2_enh	4.886	2.746	0.922	1.416	1.424	1.409	1.495	0	2.186	2.249	0.777
atac_L00337	k4me2_enh	4.09	1.826	0.98	1.507	0.969	1.264	1.03	0	0.531	0.81	0.653
atac_L00422	k4me2_enh	3.966	3.314	1.323	1.593	1.871	1.625	1.629	0	1.591	0	1.368
atac_L00450	k4me2_enh	4.06	3.011	1.327	2.753	2.486	2.013	1.366	0	3.147	1.333	1.108
atac_L00684	k4me2_enh	4.418	3.656	1.156	2.919	2.41	2.027	2.463	2.888	3.089	1.906	1.953
atac_L00747	k4me2_enh	4.541	4.34	1.341	0.862	1.653	1.304	0.327	2.973	1.761	0.452	0.878
atac_L00752	k4me2_enh	3.659	1.824	1.792	2.587	2.165	1.713	2.214	3.001	2.76	1.86	0.652
atac_L00947	k4me2_enh	3.47	2.985	1.175	1.11	1.355	1.222	1.614	2.633	2.373	1.316	1.185
atac_L01036	k4me2_enh	3.926	2.457	1.282	0.883	1.169	1.7	0.838	0	2.675	0.815	1.2
atac_L01042	k4me2_enh	4.165	3.106	1.48	1.416	1.424	1.164	1.847	2.17	1.473	1.323	1.361
atac_P00288	k4me2_enh	4.562	4.147	1.537	2.506	2.164	2.23	1.867	3.076	2.694	0.712	1.145
atac_P00311	k4me2_enh	3.39	3.905	1.299	1.998	1.678	1.153	0.886	0	2.208	0	2.204
atac_L01151	k4me2_enh	4.381	3.839	1.132	2	1.794	1.567	1.354	0	2.254	1.524	0.891
atac_L01208	k4me2_enh	3.484	3.247	0.999	1.954	1.727	1.934	1.694	0	1.911	0	0.863
atac_L01234	k4me2_enh	4.479	4.075	1.401	2.461	2.268	1.962	1.847	0	2.894	1.702	1.439
atac_L01284	k4me2_enh	4.236	1.919	1.079	2.026	1.872	1.561	1.901	0	1.651	1.404	1.249
atac_L38884	k4me2_enh	3.543	2.877	0.865	1.739	1.674	1.544	2.042	2.171	2.321	1.703	0.652
atac_L39129	k4me2_enh	5.54	2.92	1.11	2.726	2.778	1.98	1.696	2.815	3.707	2.084	1.308
atac_L39178	k4me2_enh	3.954	3.556	2.916	2.368	1.816	1.755	1.62	2.167	2.976	0.807	0.513
atac_L39539	k4me2_enh	5.11	4.31	1.421	2.61	2.485	2.254	1.398	0	3.261	1.889	1.484
atac_L39541	k4me2_enh	4.919	1.796	1.494	1.913	2.061	1.857	1.82	2.968	2.413	2.22	0.503
atac_L39590	k4me2_enh	4.751	2.615	0.985	2.428	1.896	0.917	1.632	0	1.884	1.096	0
atac_L39664	k4me2_enh	4.484	3.426	1.443	2.072	1.753	1.554	2.085	2.594	2.336	1.661	1.067
atac_L09892	k4me2_enh	3.954	1.821	1.399	1.807	1.861	0.986	1.026	0	2.554	0.807	1.774
atac_L10011	k4me2_enh	3.398	2.585	1.169	2.487	1.411	1.627	1.608	1.446	2.238	0	0.988
atac_P02065	k4me2_enh	3.621	2.319	1.345	2.775	2.147	1.081	2.17	0	2.198	1.596	1.106
atac_P02077	k4me2_enh	4.663	2.104	1.706	1.109	0.87	1.257	1.798	0	1.344	1.974	0.694
atac_P02081	k4me2_enh	4.411	2.858	1.153	1.159	1.436	1.409	0.89	0	1.587	1.511	0.665
atac_L10619	k4me2_enh	5.059	2.449	1.435	2.581	2.456	1.649	1.812	3.556	2.043	1.575	1.172
atac_L10713	k4me2_enh	4.115	4.117	0.916	2.162	1.898	1.726	1.838	2.16	2.177	1.693	1.354
atac_L10721	k4me2_enh	4.485	3.712	1.732	3.095	1.626	1.928	2.046	2.175	2.506	2.466	1.102
atac_L10775	k4me2_enh	4.482	4.202	1.017	2.437	2.211	2.015	2.545	2.147	2.734	2.621	1.343
atac_L10783	k4me2_enh	3.431	2.771	1.203	1.506	1.901	1.583	0.967	0	1.396	0.757	1.124
atac_L10789	k4me2_enh	3.93	2.383	0.772	0.842	1.742	1.362	0.99	2.112	2.128	1.945	0.962
atac_L11025	k4me2_enh	5.304	4.421	0.436	1.179	1.462	1.304	2.565	2.109	2.692	1.047	0.345
atac_L11036	k4me2_enh	4.406	2.408	1.291	2.084	1.539	1.325	1.916	2.136	1.445	1.297	1.555
atac_L11100	k4me2_enh	4.984	3.073	1.377	2.293	2.729	1.616	1.009	2.14	2.727	1.675	1.415
atac_L11138	k4me2_enh	3.855	5.085	1.484	1.797	2.026	2.025	2.128	2.086	2.031	2.716	0.946
atac_P02209	k4me2_enh	3.597	3.266	1.097	1.433	2.085	1.715	1.347	1.989	2.135	2.363	0.313
atac_L11589	k4me2_enh	4.216	0	0.538	2.597	2.21	1.577	2.642	3.011	3.44	2.011	0.656
atac_L18079	k4me2_enh	4.276	0.654	1.055	1.893	1.883	1.697	2.099	2.872	3.296	0	1.111
atac_L18192	k4me2_enh	4.548	4.485	1.446	2.373	2.03	2.15	1.323	2.128	3.048	1.665	0.868
atac_L18195	k4me2_enh	3.421	1.54	1.275	0	1.126	0.787	1.358	2.173	2.504	1.09	1.1
atac_L18212	k4me2_enh	4.231	2.023	1.329	2.584	2.278	1.56	1.173	2.131	2.669	1.823	1.331
atac_L18365	k4me2_enh	4.409	3.737	1.205	1.2	1.458	1.298	1.331	0	1.754	0.791	0
atac_L18496	k4me2_enh	4.103	1.145	0.998	2.01	2.02	1.253	1.315	0	1.312	0	1.063
atac_L18638	k4me2_enh	4.323	4.186	0.355	1.523	1.305	0.704	0.571	2.095	2.306	0.434	0.486
atac_L19178	k4me2_enh	4.21	1.516	1.254	2.434	2.324	2.012	1.823	2.616	2.777	0	1.418
atac_L19336	k4me2_enh	4.155	3.06	1.557	2.764	2.764	1.534	2.25	2.6	3.467	2.418	1.071
atac_L19506	k4me2_enh	3.47	1.814	0.859	1.867	1.69	1.19	1.194	2.989	2.6	1.316	1.272
atac_L19507	k4me2_enh	4.122	4.016	1.515	3.028	2.315	1.818	1.619	2.166	3.539	1.699	1.51
atac_L19726	k4me2_enh	3.375	2.025	1.007	1.842	1.59	1.586	1.813	2.133	1.75	0.788	0.634
atac_P06586	k4me2_enh	4.09	3.663	0.866	1.981	1.929	1.46	1.633	1.838	1.786	1.553	1.035
atac_P06709	k4me2_enh	4.013	1.774	1.057	1.338	1.765	1.41	1.37	2.94	1.517	1.101	1.135
atac_L37766	k4me2_enh	3.976	3.185	1.463	2.349	1.888	1.182	1.339	2.977	2.828	1.307	1.177
atac_L37813	k4me2_enh	4.649	2.99	1.028	2.055	1.881	1.486	1.351	0	2.889	0.805	1.71
atac_L37899	k4me2_enh	3.802	2.865	1.174	1.216	1.559	1.4	1.193	0	1.575	1.516	1.091
atac_L37903	k4me2_enh	3.767	4.371	1.318	2.463	1.887	2.075	1.029	2.172	1.96	1.703	0.893
atac_L37939	k4me2_enh	4.402	2.65	1.25	2.369	1.966	1.677	1.956	0	2.615	1.624	1.039
atac_L38093	k4me2_enh	5.487	4.679	1.551	2.318	2.376	1.837	2.036	0	3.692	1.52	0.774
atac_L38250	k4me2_enh	3.59	1.175	1.472	2.051	2.208	1.429	1.348	0	1.864	1.082	2.136
atac_L38287	k4me2_enh	4.649	1.533	0.531	1.804	2.158	1.161	1.197	0	1.868	1.319	1.188
atac_L38368	k4me2_enh	3.384	1.426	0.945	2.089	2.181	2.165	0.942	2.036	2.052	2.221	1.332
atac_L38487	k4me2_enh	4.287	0.698	0.665	1.306	1.654	1.575	1.603	0	2.017	0	1.084
atac_L38571	k4me2_enh	3.812	3.556	1.315	1.222	1.297	1.196	1.945	2.167	2.757	1.321	1.097
atac_L38572	k4me2_enh	4.743	3.262	1.411	1.473	1.762	1.294	2.328	2.133	2.854	0.788	1.251
atac_L38702	k4me2_enh	3.414	3.771	0.92	1.998	1.645	1.319	0.602	0	2.974	0.459	0.192
atac_L11915	k4me2_enh	4.055	1.164	1.569	1.977	1.84	1.938	1.335	0	3.103	1.679	1.562
atac_L12029	k4me2_enh	4.398	2.278	1.603	1.598	1.853	0.836	1.506	0	1.795	1.872	1.289
atac_L12036	k4me2_enh	4.786	3.454	1.462	2.252	2.195	1.391	1.827	2.148	2.533	1.306	1.344
atac_L12037	k4me2_enh	4.458	4.553	2.434	3.586	2.3	1.65	2.835	2.98	3.702	1.51	1.179
atac_L12177	k4me2_enh	3.391	1.705	1.447	2.915	1.701	1.704	2.084	2.042	3.363	1.741	1.262
atac_L12224	k4me2_enh	5.001	3.741	0.873	0.551	1.416	1.041	1.427	2.088	2.414	1.922	0.844
atac_P02320	k4me2_enh	4.33	3.224	1.341	2.355	2.017	1.521	2.51	0	2.522	2.234	1.195
atac_L12433	k4me2_enh	4.83	4.068	0.861	2.111	1.766	1.346	2.035	2.163	1.952	0	1.094
atac_L12578	k4me2_enh	4.611	1.81	1.43	2.047	1.783	1.744	2.49	0	1.86	1.988	0.645
atac_P02399	k4me2_enh	4.311	3.177	1.565	1.492	1.247	0.768	2.102	2.06	1.004	1.015	0.929
atac_L12679	k4me2_enh	4.45	3.182	1.498	1.484	1.247	1.548	1.184	2.973	2.418	1.072	1.174
atac_L12958	k4me2_enh	4.242	4.021	0.865	1.739	1.087	1.713	0.604	2.171	2.115	1.324	0.652
atac_L12969	k4me2_enh	3.545	3.211	0.923	1.505	1.049	1.41	1.496	2.172	1.474	1.325	1.1
atac_L13020	k4me2_enh	3.341	0.705	0.799	2.315	1.983	1.315	1.349	2.161	2.492	0	0.36
atac_L13027	k4me2_enh	4.218	1.701	1.087	2.233	2.197	1.679	1.998	2.037	2.184	0.737	1.333
atac_L13129	k4me2_enh	4.108	4.084	1.125	2.462	1.701	1.452	1.873	0	3.181	1.459	0.34
atac_P02519	k4me2_enh	3.362	2.933	1.16	1.796	1.657	1.391	1.603	0	2.225	1.207	2.242
atac_L07538	k4me2_enh	4.161	3.283	1.364	2.225	1.319	1.097	1.281	2.541	2.158	0	1.502
atac_L07597	k4me2_enh	3.588	2.432	1.351	1.99	1.853	1.558	2.354	0	2.243	0	1.504
atac_L07605	k4me2_enh	4.363	1.808	1.505	1.724	1.956	1.807	1.833	0	2.54	0	0.883
atac_P01546	k4me2_enh	4.469	2.686	0.713	2.001	2.248	1.582	1.876	0	2.205	1.551	1.07
atac_L07956	k4me2_enh	5.194	1.816	1.078	1.802	2.278	1.091	1.023	0	2.703	0.804	1.644
atac_L08142	k4me2_enh	3.363	2.758	0.985	1.819	1.434	0.876	1.035	0	1.793	1.332	1.37
atac_L08160	k4me2_enh	3.664	2.783	0.977	1.259	1.357	1.073	1.425	0	1.795	0.763	1.512
atac_L08289	k4me2_enh	4.188	4.52	1.218	1.796	1.661	1.788	2.278	2.629	2.241	0	1.269
atac_L05434	k4me2_enh	4.314	3.776	1.229	1.117	0.967	1.352	1.356	0	1.874	1.86	1.362
atac_L05583	k4me2_enh	4.688	2.727	1.215	1.31	1.41	1.673	1.342	0	2.237	0.799	1.635
atac_L05920	k4me2_enh	3.823	1.792	1.452	1.199	1.137	1.354	0.589	0	1.555	0.79	1.253
atac_L06066	k4me2_enh	4.719	4.238	1.447	1.947	1.935	1.89	1.032	0	1.082	0.812	0.655
atac_L06101	k4me2_enh	3.779	1.548	0.871	0	1.494	0.143	0.609	3.014	1.594	0	0.366
atac_L06184	k4me2_enh	4.348	2.876	0.864	3.323	2.57	2.375	2.366	0	2.443	2.249	1.191
atac_L06348	k4me2_enh	3.671	2.276	1.45	2.428	2.498	1.269	2.378	2.181	2.197	0.814	1.2
atac_L06358	k4me2_enh	4.362	3.46	1.388	2.258	1.934	1.927	1.932	2.153	2.876	0.799	1.426
atac_L06494	k4me2_enh	3.434	1.785	1.328	1.292	1.021	0.806	0.809	0	1.321	0.786	0.973
atac_L06529	k4me2_enh	3.752	4.217	0.971	1.495	1.291	1.372	0.599	0	2.372	1.081	0.646
atac_L06530	k4me2_enh	3.852	4.262	1.165	2.281	1.947	1.495	0.566	0	2.754	0.43	0.611
atac_L06531	k4me2_enh	4.021	3.085	1.214	2.567	1.953	1.118	0.595	0	2.364	0.798	1.086
atac_L13245	k4me2_enh	3.885	2.003	1.575	1.612	1.934	1.468	1.571	0	1.818	1.278	1.234
atac_L13392	k4me2_enh	3.7	0.704	0.67	1.866	1.762	1.253	1.938	0	2.372	1.315	0.992
atac_L13645	k4me2_enh	3.666	1.981	1.296	1.516	1.787	1.594	0	0	0.695	0.432	1.297
atac_L13679	k4me2_enh	3.826	3.219	1.526	1.594	1.872	1.809	1.362	0	1.791	1.71	1.368
atac_L13713	k4me2_enh	4.613	2.34	1.065	1.846	1.286	1.958	1.65	2.071	1.276	1.247	1.564
atac_L13849	k4me2_enh	3.689	0.639	1.207	2.979	2.247	2.965	1.811	2.837	1.898	1.726	0.908
atac_L14438	k4me2_enh	4.1	2.852	0.597	0.727	1.798	1.843	1.477	0	1.336	0.796	1.084
atac_L04180	k4me2_enh	3.653	3.701	0.862	1.5	1.537	0.947	0	0	1.349	0.806	1.095
atac_L04218	k4me2_enh	3.512	3.676	1.604	1.715	1.491	0.971	0	0	1.76	0.451	0.982
atac_L04284	k4me2_enh	4.056	3.316	1.14	1.512	2.041	1.698	1.035	2.18	2.265	1.711	1.447
atac_L04485	k4me2_enh	4.171	2.881	0.999	2.026	1.951	1.355	0.724	0	2.543	1.813	1.654
atac_L04486	k4me2_enh	4.372	3.037	1.227	2.481	2.239	1.387	0.797	0	3.233	2.07	1.721
atac_L04547	k4me2_enh	3.511	2.035	1.014	1.204	1.03	0.637	1.599	0	0.901	0	0.355
atac_L04680	k4me2_enh	4.141	4.804	3.016	3.621	3.017	2.755	1.633	2.182	4.082	2.569	1.726
atac_L04963	k4me2_enh	3.968	1.704	0.734	0.919	1.263	1.597	2.302	2.041	2.521	0.739	0.817
atac_L04994	k4me2_enh	3.583	3.999	1.466	1.532	1.487	1.087	0.317	0	1.726	0	1.231
atac_L05034	k4me2_enh	4.286	4.056	2.837	3.066	2.529	1.996	1.468	1.99	3.095	0.712	0.57
atac_L14681	k4me2_enh	4.205	2.235	1.112	1.3	2.079	1.835	1.596	0	2.525	1.973	1.256
atac_L14708	k4me2_enh	3.391	2.039	1.211	1.718	1.549	1.801	1.602	0	1.762	2.336	0.641
atac_L14860	k4me2_enh	4.054	1.83	1.562	1.883	1.731	1.673	1.629	0	2.046	1.867	1.722
atac_L14951	k4me2_enh	4.135	0.712	0.868	0.741	1.49	1.235	1.361	0	1.479	0.812	1.003
atac_L15077	k4me2_enh	3.954	1.18	0.803	1.807	1.646	1.435	1.845	0	2.934	0.807	1.437
atac_L15173	k4me2_enh	4.429	3.408	1.189	1.886	1.605	1.603	0.838	3.012	2.332	1.712	1.006
atac_L15268	k4me2_enh	4.146	2.908	1.75	3.303	2.767	2.39	1.873	3.431	3.276	1.926	1.3
atac_L15378	k4me2_enh	4.524	2.889	1.326	1.425	1.805	1.331	2.581	0	2.125	0	1.845
atac_L15395	k4me2_enh	4.963	2.378	1.572	1.999	2.204	2.176	1.567	2.107	2.489	1.046	1.832
atac_L15511	k4me2_enh	4.179	4.471	0.525	2.253	1.799	1.884	1.604	0	2.737	2.11	0.506
atac_P02972	k4me2_enh	4.588	3.119	1.455	2.375	2.23	1.634	1.796	0	3.118	2.087	0.8
atac_L15562	k4me2_enh	4.763	4.344	1.213	3.066	2.615	2.354	2.668	0	2.914	2.534	1.633
atac_L15692	k4me2_enh	3.887	4.105	1.167	0.577	1.217	1.15	1.187	0	1.064	0.797	0.642
atac_L15830	k4me2_enh	3.483	3.42	1.998	2.364	1.902	2.023	0.995	2.943	2.269	0	1.241
atac_P03037	k4me2_enh	3.697	2.373	1.116	2.104	1.917	2.154	2.279	0	2.57	0.947	1.041
atac_L08507	k4me2_enh	4.804	5.156	1.903	2.694	2.754	2.011	1.616	1.453	2.798	2.453	0.994
atac_L08661	k4me2_enh	4.874	3.601	1.064	2.195	1.943	2.179	2.184	0	2.728	0.792	0.875
atac_L08962	k4me2_enh	5.572	5.123	2.25	3.174	2.779	2.389	2.235	2.646	3.808	2.792	1.603
atac_L09012	k4me2_enh	4.337	3.951	1.077	2.214	1.941	1.483	1.487	0	2.701	0	0.359
atac_L09013	k4me2_enh	4.503	3.072	1.6	1.299	2.133	1.793	1.331	0	1.929	1.831	1.256
atac_L09253	k4me2_enh	3.594	1.177	1.027	1.995	1.294	1.256	1.35	2.163	1.681	0.805	0.511
atac_L09432	k4me2_enh	4.177	3.786	2.181	2.674	2.261	2.134	1.034	0	3.282	1.33	1.105
atac_L09455	k4me2_enh	3.344	2.871	0.455	2.112	1.813	1.918	1.351	3.517	2.656	0	1.095
atac_L09552	k4me2_enh	3.345	2.536	1.573	2.161	2.047	1.679	1.683	0	1.422	0.774	1.056
atac_L09594	k4me2_enh	3.747	4.344	1.508	2.402	2.015	1.391	1.795	1.414	2.441	0	1.317
atac_L09713	k4me2_enh	3.68	5.151	1.872	2.343	2.093	1.671	0.315	3.203	2.682	1.933	1.05
atac_L22455	k4me2_enh	3.909	2.442	1.4	1.939	2.107	1.321	1.621	0	2.977	2.13	1.582
atac_L22546	k4me2_enh	4.432	3.464	1.023	1.864	1.53	1.631	1.835	3.509	1.462	1.08	0.77
atac_L22681	k4me2_enh	3.591	2.435	0.917	0.413	1.878	1.345	2.033	2.99	2.246	2.241	0.994
atac_L22826	k4me2_enh	4.613	3.613	1.257	1.866	1.579	1.141	0.977	2.091	1.712	1.036	1.376
atac_L22881	k4me2_enh	4.584	3.854	0.985	2.428	2.022	1.269	1.035	3.012	1.969	0	1.902
atac_L23066	k4me2_enh	3.826	2.274	0.87	0.418	1.681	0.875	1.855	0	1.882	2.01	0.782
atac_L23072	k4me2_enh	4.162	3.899	1.271	2.583	1.263	1.258	1.944	0	2.756	1.321	0.89
atac_L23233	k4me2_enh	3.805	3.006	1.37	1.056	1.467	1.366	1.546	0	2.027	1.917	0.179
atac_L23384	k4me2_enh	3.436	2.647	1.205	1.254	0.602	0.966	0.564	0	1.872	0.429	1.037
atac_L19907	k4me2_enh	4.304	1.79	0.784	2.136	2.297	1.768	0	2.134	2.978	1.296	0.635
atac_L20179	k4me2_enh	3.69	3.283	0.853	1.401	1.707	1.501	1.722	0	2.236	1.685	0.881
atac_L20337	k4me2_enh	4.744	4.237	0.868	2.123	1.653	1.647	1.853	0	2.668	2.007	0.896
atac_L20443	k4me2_enh	4.847	3.004	1.138	1.815	2.207	1.89	0.607	0	1.88	1.866	0.655
atac_L20532	k4me2_enh	3.402	1.76	1.533	1.876	1.733	1.46	0.315	0	2.775	1.936	1.714
atac_L20650	k4me2_enh	3.72	1.544	1.734	2.067	1.705	0.874	1.501	0	1.789	0.812	0.517
atac_L20704	k4me2_enh	5.089	4.76	1.404	2.375	1.625	1.295	1.851	0	2.118	1.326	0.779
atac_L20732	k4me2_enh	3.621	3.305	0.876	1.597	1.53	1.204	1.146	0	2.578	1.265	0.736
atac_L20754	k4me2_enh	4.579	4.286	1.036	1.51	2.077	1.93	1.628	2.177	3.14	0.812	1.445
atac_P03840	k4me2_enh	3.624	2.7	1.197	1.374	0.791	1.527	1.701	0	0.972	0.723	1.239
atac_L21201	k4me2_enh	3.347	3.882	1.145	2.109	1.902	1.926	1.119	0	1.264	1.012	0.927
atac_L02956	k4me2_enh	3.9	3.053	0.779	1.697	1.445	1.529	1.582	2.123	2.885	1.057	0.496
atac_L02962	k4me2_enh	4.693	2.886	1.366	1.329	1.166	1.524	2.049	3.295	3.027	1.709	0.781
atac_L03265	k4me2_enh	3.604	2.554	0.895	0.566	1.446	1.427	1.168	2.124	1.545	0.783	0.865
atac_L03308	k4me2_enh	3.499	2.706	0.722	2.378	1.51	1.264	1.174	0	2.283	0.788	0.975
atac_L03440	k4me2_enh	3.574	2.322	0.742	1.14	1.596	1.631	0	0	2.202	1.429	1.417
atac_P00726	k4me2_enh	5.442	5.272	1.173	2.481	2.566	2.331	1.911	2.848	2.744	0.998	1.818
atac_L03507	k4me2_enh	4.253	1.985	1.339	1.354	1.58	1.643	0	2.092	1.518	1.264	1.377
atac_L03522	k4me2_enh	4.816	5.537	1.201	2.422	2.611	1.829	1.327	3.48	2.719	1.669	0.87
atac_L03656	k4me2_enh	4.841	3.755	1.388	1.723	1.826	1.217	2.196	0	0.523	1.511	0.882
atac_L03679	k4me2_enh	4.441	2.287	0.542	1.015	1.542	1.442	0.54	0	2.103	0.728	0.905
atac_L03718	k4me2_enh	3.71	1.835	1.109	1.598	1.514	1.129	1.461	2.183	2.199	0.326	0.9
atac_L03866	k4me2_enh	3.649	2.053	1.96	2.267	1.293	1.587	0.6	0	1.951	0.804	0.994
atac_L04025	k4me2_enh	4.494	2.073	1.529	2.184	2.063	2.329	2.054	3.299	2.951	1.097	1.2
atac_L04063	k4me2_enh	3.537	4.531	1.756	1.872	2.007	1.708	2.209	0	3.362	2.355	0.89
atac_L04064	k4me2_enh	3.657	4.214	1.117	2.278	1.865	2.019	1.954	0	3.065	1.622	0.48
atac_L01781	k4me2_enh	4.045	2.062	1.592	2.417	1.796	1.822	2.632	1.46	2.187	1.703	0.652
atac_L01844	k4me2_enh	4.738	2.266	1.229	1.001	1.724	1.735	1.028	2.171	1.222	0.809	1.192
atac_L01922	k4me2_enh	4.181	1.169	1.168	1.104	0.87	1.012	1.016	2.151	1.457	0	0.357
atac_L02243	k4me2_enh	5.173	0.705	1.175	1.409	1.899	0.905	1.349	0	1.775	1.317	1.432
atac_L02276	k4me2_enh	3.627	3.365	1.163	1.205	1.03	1.113	2.265	2.144	1.664	1.303	0.639
atac_L02394	k4me2_enh	3.569	3.737	0.787	2.458	1.947	2.213	2.169	1.207	1.659	1.699	1.047
atac_L02403	k4me2_enh	4.143	1.953	1.148	2.302	1.717	1.857	1.843	2.06	2.384	1.757	1.422
atac_L02461	k4me2_enh	4.645	3.696	1.353	1.217	1.259	1.61	2.033	2.161	2.75	0	1.643
atac_L02692	k4me2_enh	5.452	2.093	1.831	3.405	2.935	1.974	1.691	3.088	4.119	1.963	2.106
atac_L23948	k4me2_enh	4.012	3.871	0.906	1.098	1.105	1.331	1.01	2.143	1.663	1.678	0.763
atac_L23949	k4me2_enh	4.455	4.027	0.807	1.591	1.824	1.827	1.627	2.176	2.261	1.865	1.196
atac_L24178	k4me2_enh	4.488	1.544	1.365	2.817	2.207	1.624	1.361	2.177	3.176	2.366	1.197
atac_L24235	k4me2_enh	3.99	2.017	1.053	1.698	1.948	1.759	2.168	2.125	2.141	0	0.97
atac_L24255	k4me2_enh	3.757	2.739	0.918	0.734	1.507	1.485	1.941	2.163	2.18	1.519	0.36
atac_L24384	k4me2_enh	3.518	2.581	1.343	1.79	1.438	1.671	1.828	0	1.206	1.307	1.633
atac_L24489	k4me2_enh	4.046	2.84	0.724	1.845	1.485	0.967	1.468	0	1.556	0.79	0.636
atac_L24537	k4me2_enh	3.603	1.824	1.443	1.666	1.843	1.438	2.294	2.172	1.96	0.809	1.837
atac_L24609	k4me2_enh	3.336	4.06	0.529	2.573	1.353	2.179	1.936	0	2.596	0.801	0.645
atac_L24813	k4me2_enh	3.974	2.775	1.581	1.656	1.863	1.837	1.543	0	2.162	1.621	1.365
atac_P03928	k4me2_enh	3.352	3.643	1.314	2.061	2.189	1.838	0	3.158	2.207	1.604	1.024
atac_L21390	k4me2_enh	3.494	3.976	1.862	2.599	2.228	1.954	1.364	0	1.884	1.332	1.448
atac_L21495	k4me2_enh	4.629	3.967	1.103	1.699	0.721	1.401	1.7	1.424	2.398	1.96	0.866
atac_P03958	k4me2_enh	3.686	1.918	1.432	0.908	2	1.37	0.751	0	2.106	1.211	0.585
atac_P03969	k4me2_enh	4.288	3.96	1.409	2.611	1.873	2.463	1.258	1.226	2.898	1.722	1.719
atac_L21542	k4me2_enh	4.813	3.902	1.228	2.94	2.543	1.642	2.041	2.643	2.805	0.808	0.651
atac_L21605	k4me2_enh	4.442	3.701	1.029	1.936	2.085	1.775	2.037	0	2.034	1.32	1.358
atac_L21669	k4me2_enh	4.511	3.906	1.068	1.155	2.343	1.464	1.76	0	2.159	1.251	0.336
atac_L21727	k4me2_enh	3.525	2.73	1.022	1.405	1.977	1.34	2.198	0	2.486	1.079	1.702
atac_L21743	k4me2_enh	4.317	3.638	0.924	1.589	1.931	1.781	2.044	0	3.135	2.252	1.442
atac_L21823	k4me2_enh	4.778	3.649	1.314	2.251	2.14	2.154	2.777	3.715	2.8	1.713	1.574
atac_L22028	k4me2_enh	3.652	2.214	1.583	2.364	2.433	2.619	1.578	0	2.204	2.198	1.898
atac_L22147	k4me2_enh	3.972	2.681	0.58	1.821	2.105	1.362	0.578	2.933	2.546	0.776	0.345
atac_L22243	k4me2_enh	3.816	3.707	0.804	1.587	1.087	1.165	1.356	0	2.444	1.703	1.192
atac_L25110	k4me2_enh	3.446	3.456	1.04	2.894	2.714	2.004	1.87	1.249	3.229	2.36	0.836
atac_L25236	k4me2_enh	4.224	3.515	1.24	1.5	2.081	1.458	1.277	0	1.598	1.612	0
atac_P04654	k4me2_enh	3.56	3.921	0.944	0.974	1.865	1.504	1.193	0	2.331	1.351	1.271
atac_L25438	k4me2_enh	4.985	4.264	0.915	1.929	2.078	1.655	1.612	2.987	2.924	0.802	0.359
atac_L25571	k4me2_enh	4.165	1.182	1.273	2.416	2.089	1.642	0.604	3	2.978	1.525	0.651
atac_L25614	k4me2_enh	3.353	3.709	0.805	1.418	1.426	1.026	1.496	0	1.96	0	0
atac_L25795	k4me2_enh	4.018	2.04	1.017	2.715	2.328	1.214	1.827	3.26	1.937	2.228	1.176
atac_L25835	k4me2_enh	4.268	3.103	0.92	2.228	1.321	1.465	2.038	0	2.51	0	1.21
atac_L26033	k4me2_enh	3.546	3.562	1.483	3.148	2.43	1.737	1.85	2.647	3.843	1.527	1.001
atac_L41084	k4me2_enh	4.339	1.816	1.176	0.734	1.003	0.738	1.35	0	2.179	0	0.648
atac_L40743	k4me2_enh	4.417	2.998	0.458	2.173	1.514	0.95	1.741	0	2.322	0	0
atac_L40452	k4me2_enh	3.527	4.596	1.507	2.158	2.018	2.042	2.49	2.985	1.86	0.801	0.358
atac_L41192	k4me2_enh	3.889	3.808	1.091	1.819	1.965	0.797	1.39	0	1.369	0.739	1.184
atac_L41193	k4me2_enh	3.371	2.644	1.327	0.821	2.123	1.033	2.339	0	1.786	1.252	0.479
atac_L28308	k4me2_enh	3.606	3.213	0.98	1.326	1.516	1.52	1.851	0	1.877	1.326	1.282
atac_L28395	k4me2_enh	3.402	3.201	1.708	3.148	2.349	1.781	1.834	1.22	2.922	2.049	1.332
atac_L28913	k4me2_enh	3.733	2.92	0.825	1.174	2.149	1.535	0.984	0	1.172	1.043	0.956
atac_P05230	k4me2_enh	4.572	3.885	0.685	2.061	1.924	1.293	2.02	0	2.637	1.014	1.023
atac_L29230	k4me2_enh	4.991	3.411	1.093	3.078	2.65	2.329	1.985	2.581	3.389	1.278	1.15
atac_L29448	k4me2_enh	4.054	4.585	2.956	3.556	2.886	2.61	1.362	3.009	2.904	0	1.285
atac_L34863	k4me2_enh	3.666	4.137	1.598	1.422	1.754	1.785	0.607	0	2.669	1.708	0.896
atac_L34927	k4me2_enh	4.088	2.748	0.923	2.173	1.931	1.713	1.849	0	2.897	0.809	1.28
atac_L35084	k4me2_enh	3.928	1.114	0.63	2.361	1.514	1.333	0.966	2.075	2.745	1.445	0.836
atac_L35315	k4me2_enh	4.112	3.291	1.928	2.958	2.558	1.679	2.425	2.158	3.291	2.347	0.646
atac_P06245	k4me2_enh	4.247	4.213	1.307	2.738	2.186	2.226	2.464	2.364	3.288	2.523	0.839
atac_L35936	k4me2_enh	4.995	1.535	1.357	2.698	2.178	2.015	1.844	2.64	3.164	1.998	1.276
atac_L35983	k4me2_enh	4.273	3.005	0.922	2.745	2.11	1.283	2.474	0	3.438	2.368	1.128
atac_L36079	k4me2_enh	3.896	1.527	0.915	1.727	1.321	1.558	1.02	0	1.069	2.118	0.77
atac_L36103	k4me2_enh	3.673	1.098	1.142	1.486	1.112	1.562	1.397	0	1.923	1.233	1.19
atac_L36229	k4me2_enh	3.713	0	1.152	1.844	0.941	0.92	0.534	2.007	2.625	0	1.075
atac_L36439	k4me2_enh	4.445	2.573	1.603	2.475	1.838	1.753	1.334	0	3.101	0.793	1.258
atac_L36845	k4me2_enh	4.145	3.249	0.585	2.175	2.079	1.646	2.082	1.42	3.311	1.286	1.157
atac_P06539	k4me2_enh	3.905	1.885	1.22	1.828	1.779	1.573	1.467	0	2.96	0	1.295
atac_L36973	k4me2_enh	3.694	2.979	0.855	0.73	0.872	0.978	0.823	0	2.239	1.311	0.644
atac_L30454	k4me2_enh	3.847	2.588	1.023	2.402	2.383	1.83	2.617	2.985	2.744	1.313	0.769
atac_L30479	k4me2_enh	4.01	4.602	1.285	2.225	2.342	1.89	1.949	2.075	3.128	1.024	1.034
atac_L31157	k4me2_enh	3.628	1.992	1.263	0.702	1.508	0.829	0.573	0	1.624	0	1.05
atac_L31203	k4me2_enh	3.778	2.962	0.521	2.193	2.169	1.894	1.469	2.139	2.577	1.068	1.414
atac_L31264	k4me2_enh	4.576	4.502	1.185	2.065	1.846	2.042	1.952	0	2.506	1.529	0.895
atac_L31296	k4me2_enh	3.603	3.307	0.923	1.418	2.091	1.323	1.357	0	2.322	0.809	1.1
atac_L31406	k4me2_enh	3.66	3.481	1.229	1.666	1.597	1.736	1.357	0	1.474	2.558	0.778
atac_L31682	k4me2_enh	4.02	3.531	1.251	2.843	2.245	1.678	1.865	2.55	2.798	0.761	0.944
atac_L31892	k4me2_enh	3.65	2.596	0.974	1.498	1.507	1.563	1.49	3.278	2.108	2.243	1.578
atac_P05656	k4me2_enh	3.377	2.992	1.56	1.267	2.061	1.433	1.571	0	2.725	1.369	1.139
atac_L32600	k4me2_enh	3.718	2.066	1.445	1.743	1.846	1.622	1.626	0	3.024	1.706	0
atac_L32619	k4me2_enh	3.672	2.457	0.811	1.426	1.464	1.39	1.633	0	1.23	1.333	0.657
atac_L26076	k4me2_enh	3.872	1.544	0.536	2.067	1.628	2.044	1.501	2.177	2.121	0.812	0
atac_L26481	k4me2_enh	3.806	3.288	0.933	1.394	1.427	1.281	0.708	1.277	2.364	1.337	0.66
atac_L26604	k4me2_enh	4.074	2.985	1.393	1.867	1.786	1.748	1.022	3.274	2.029	0.803	0.993
atac_L26753	k4me2_enh	3.52	3.692	1.222	2.431	1.821	1.858	0.983	2.101	3.054	1.27	1.771
atac_L26913	k4me2_enh	3.359	2.068	0.982	2.067	2.038	1.648	1.032	0	1.789	1.866	0.194
atac_L27002	k4me2_enh	4.81	2.441	1.726	2.115	1.62	1.998	1.62	4.206	3.201	1.7	1.437
atac_L27003	k4me2_enh	4.835	1.967	1.201	2.36	1.752	1.581	0.562	3.41	3.022	1.249	0.938
atac_L27008	k4me2_enh	5.559	2.042	1.258	3.067	2.422	1.845	2.023	3.883	3.573	1.508	0.766
atac_L27085	k4me2_enh	3.542	2.996	1.441	0.415	1.595	1.131	1.355	2.17	1.783	2.131	0.777
atac_L27193	k4me2_enh	3.456	3.124	1.082	1.931	1.9	1.668	1.148	2.917	1.804	1.039	0.617
atac_L27405	k4me2_enh	4.904	3.77	1.477	2.113	2.377	2.121	2.433	0	1.869	1.698	1.358
atac_L27498	k4me2_enh	3.542	3.84	1.181	1.416	1.512	1.712	1.355	0	1.221	1.088	1.776
atac_L27766	k4me2_enh	4.457	3.824	1.83	2.78	1.861	1.371	0.768	3.591	2.434	1.6	1.021
atac_L27824	k4me2_enh	3.799	3.759	0.914	2.104	1.806	0.979	1.019	0	2.025	1.079	0.358
atac_P05076	k4me2_enh	3.803	3.115	1.234	0.899	1.047	0.851	2.125	0	1.544	0.405	0.897
atac_L28068	k4me2_enh	4.861	2.178	1.504	1.814	1.962	1.704	1.615	1.918	2.841	1.881	0.647
atac_L28100	k4me2_enh	5.291	4.32	1.658	2.872	2.672	2.087	2.363	0	4.063	2.128	0.775
atac_L28287	k4me2_enh	4.086	4.535	1.375	3.024	1.96	2.075	1.817	2.963	2.466	2.098	1.413
atac_L33062	k4me2_enh	3.812	3.741	1.486	2.239	1.171	1.683	1.291	0	2.236	1.783	1.133
atac_L33564	k4me2_enh	4.743	3.28	1.062	1.517	1.202	1.541	1.588	0	2.017	0.403	1.231
atac_L33684	k4me2_enh	3.657	1.537	1.083	1.001	1.723	1.517	1.355	2.17	1.873	1.859	1.191
atac_L33838	k4me2_enh	4.985	2.734	1.024	1.494	1.761	1.746	1.937	0	2.747	1.692	1.091
atac_L33841	k4me2_enh	4.049	1.485	1.136	1.682	1.783	1.49	1.888	2.107	1.53	1.275	0.743
atac_L34064	k4me2_enh	3.613	3.491	0.87	1.747	1.521	1.472	0.608	0	2.331	1.711	0.194
atac_P06048	k4me2_enh	4.13	2.86	0.954	1.631	1.493	1.467	1.834	1.362	2.374	1.231	0.469
atac_L34075	k4me2_enh	4.109	2.553	1.238	2.015	1.163	1.131	2.244	0	2.507	1.816	0.349
atac_P06051	k4me2_enh	4.648	4.785	1.822	3.171	2.368	2.543	2.635	0	3.363	1.568	1.166
atac_L34077	k4me2_enh	5.226	4.149	1.569	1.482	1.946	1.777	2.265	0	2.582	1.071	0.982
atac_L34109	k4me2_enh	4.06	3.529	1.657	2.024	1.469	1.746	1.495	0	2.344	1.985	1.086
atac_L34203	k4me2_enh	4.237	3.771	1.314	3.5	2.722	2.61	2.127	2.64	3.234	0.806	1.359
atac_P06086	k4me2_enh	4.178	3.994	1.314	2.545	2.189	1.93	1.843	2.06	3.077	1.896	0.332
atac_L34431	k4me2_enh	4.491	3.231	0.99	1.451	1.93	1.824	1.567	0	2.641	1.471	0.344
atac_P03090	k4me2_enh	3.637	3.846	0.759	2.264	1.888	1.923	1.77	1.308	2.953	0.708	0.445
atac_L16175	k4me2_enh	3.602	2.877	1.318	2.324	2.2	2.487	1.848	2.171	3.169	1.703	0.777
atac_L16177	k4me2_enh	4.352	4.233	0.805	1.226	1.515	1.294	2.044	0	1.475	0	0.894
atac_L16212	k4me2_enh	4.493	3.794	1.006	3.521	2.778	2.535	2.464	0	3.551	1.964	0.633
atac_L16305	k4me2_enh	3.999	2.06	0.921	1.939	1.77	1.291	0.333	0	2.185	1.322	0.891
atac_L16428	k4me2_enh	4.628	2.874	2.3	2.063	2.108	2.59	1.529	0	2.33	2.347	2.249
atac_L16515	k4me2_enh	4.361	1.189	1.038	1.231	1.873	1.138	0.608	0	0.534	1.331	1.105
atac_P03186	k4me2_enh	3.73	3.885	1.69	2.427	2.139	1.678	2.02	2.059	3.076	1.604	1.489
atac_L16608	k4me2_enh	5.697	1.824	1.318	1.739	2.235	1.061	1.356	3.001	2.187	0	0.652
atac_L16609	k4me2_enh	5.619	2.054	1.586	1.411	2.193	1.485	1.49	2.993	1.952	0	0.773
atac_L16610	k4me2_enh	5.598	2.276	1.801	1.674	2.211	1.767	1.035	2.181	1.697	1.096	1.106
atac_L16664	k4me2_enh	4.914	1.171	1.217	2.356	1.957	1.967	2.115	2.155	2.541	2.446	1.268
atac_L17262	k4me2_enh	4.34	3.139	1.183	1.683	1.569	1.02	1.308	0	2.379	1.803	0.744
atac_L17318	k4me2_enh	4.695	1.188	1.28	1.424	2.02	1.697	1.034	2.179	2.671	0.813	1.591
atac_L17441	k4me2_enh	3.832	4.542	0.789	1.915	2.082	1.665	2.339	0	2.907	0.794	0.982
atac_L17577	k4me2_enh	3.833	3.077	1.254	1.852	1.967	1.819	1.335	0	3.208	1.836	1.341
atac_L17637	k4me2_enh	3.702	2.435	0.199	1.409	1.387	1.223	0.827	2.99	1.576	0.804	0.36
atac_L00331	k4me2_enh	3.943	3.693	1.471	1.798	1.188	1.156	2.354	0	2.309	1.692	0.885
atac_L00399	k4me2_enh	4.102	2.891	1.04	2.014	1.963	1.994	1.211	0	2.268	1.872	0.366
atac_L00481	k4me2_enh	4.237	1.535	1.477	2.872	2.512	2.313	2.434	3.724	1.955	1.998	1.189
atac_L00702	k4me2_enh	4.356	2.271	0.868	1.881	1.777	1.469	2.372	0	2.12	2.256	1.102
atac_L00804	k4me2_enh	3.584	1.766	1.538	1.275	1.345	1.331	1.789	0	1.726	2.396	0.744
atac_P00242	k4me2_enh	3.531	1.872	1.46	0.765	0.771	0.934	0.904	0	1.315	1.531	0.442
atac_L00977	k4me2_enh	3.696	2.588	1.469	1.726	1.61	1.398	0.598	0	2.744	1.514	0.884
atac_L01029	k4me2_enh	3.478	2.21	0.889	1.759	2.179	1.19	0.993	0	1.985	0.779	1.666
atac_L01055	k4me2_enh	5.315	2.01	1.19	2.608	2.417	2.073	2.69	3.462	1.824	0.78	1.539
atac_L01074	k4me2_enh	4.266	3.165	1.287	2.185	1.76	1.7	1.911	2.131	2.46	1.964	0.974
atac_P00289	k4me2_enh	4.31	4.683	2.321	3.228	2.585	1.999	2.2	3.869	3.792	1.56	1.077
atac_L01139	k4me2_enh	4.049	2.448	0.608	1.59	1.702	1.887	1.03	3.29	2.118	1.705	0.363
atac_L01283	k4me2_enh	4.519	3.567	0.808	1.592	1.68	2.007	1.628	0	1.88	1.531	1.284
atac_L01353	k4me2_enh	3.332	2.859	0.795	1.986	1.287	1.368	1.343	0	3.15	1.311	1.088
atac_L38945	k4me2_enh	4.499	5.128	1.51	1.578	1.877	1.792	1.348	0	2.245	1.992	0.772
atac_L38976	k4me2_enh	4.169	2.064	0.535	1.003	1.396	1.571	1.95	0	2.117	1.09	1.653
atac_L39453	k4me2_enh	3.954	2.058	0.674	1.874	1.593	1.515	1.026	2.167	2.441	0	0.891
atac_L39540	k4me2_enh	5.06	3.084	1.214	2.44	2.59	2.267	1.34	0	3.11	2.339	1.873
atac_L39745	k4me2_enh	3.844	4.16	1.304	3.179	2.268	1.742	1.832	0	3.038	2.114	1.761
atac_L39896	k4me2_enh	3.996	2.598	1.08	1.936	1.451	1.614	1.491	2.165	1.954	0.806	0.361
atac_L40144	k4me2_enh	3.736	4.384	1.255	2.392	1.627	1.597	1.337	2.146	2.91	1.305	0
atac_L10055	k4me2_enh	5.293	1.181	1.272	0.737	1.621	1.49	1.354	2.169	2.113	1.701	1.36
atac_L10104	k4me2_enh	3.673	1.835	1.092	0.883	1.898	1.362	1.366	0	1.363	1.333	0.784
atac_L10268	k4me2_enh	5.179	3.631	1.136	2.705	2.361	1.302	1.155	2.929	2.542	1.275	1.596
atac_L10329	k4me2_enh	3.871	1.543	1.597	1.67	2.24	1.327	0.606	1.464	1.357	0.812	1.003
atac_L10366	k4me2_enh	3.638	3.46	1.072	2.528	1.633	1.965	2.349	2.153	1.858	0.799	1.266
atac_L10436	k4me2_enh	3.475	2.259	0.861	1.582	1.719	1.837	1.351	0	2.438	1.319	0.774
atac_P02063	k4me2_enh	3.899	2.97	1.59	2.378	1.774	0.948	1.737	0	2.134	1.596	1.018
atac_L10466	k4me2_enh	3.613	0.714	0.809	2.127	1.804	1.172	0.608	2.18	1.792	0	1.005
atac_L10548	k4me2_enh	4.665	2.754	1.279	1.005	0.794	0.554	0	0	2.121	2.008	1.003
atac_L10847	k4me2_enh	5.053	2.274	1.273	2.01	1.875	0.851	1.698	0	2.273	0.981	1.236
atac_L10984	k4me2_enh	3.782	3.273	0.727	2.09	1.723	1.687	1.334	0	1.932	1.677	0.876
atac_L11009	k4me2_enh	3.933	2.582	0.731	1.569	1.182	1.048	1.929	0	2.64	0.797	1.177
atac_L11071	k4me2_enh	4.523	2.614	1.67	3.043	2.312	2.587	2.14	4.222	3.03	1.331	1.592
atac_L11099	k4me2_enh	4.386	2.829	1.077	2.611	1.81	1.928	1.241	0	2.811	1.402	1.458
atac_L11179	k4me2_enh	3.417	4.755	1.133	1.416	1.298	1.351	0.604	0	1.958	1.525	0.892
atac_L18315	k4me2_enh	4.228	3.726	1.105	1.771	2.244	1.291	0.809	0	1.192	1.292	0
atac_L18366	k4me2_enh	4.46	3.975	1.189	1.331	1.577	1.269	1.363	0	1.592	0.814	0.898
atac_L18409	k4me2_enh	4.079	3.856	0.783	1.293	1.508	1.137	2.174	0	1.653	1.062	0.756
atac_L18445	k4me2_enh	3.61	2.754	1.766	1.592	2.018	1.497	1.628	0	1.693	1.329	1.103
atac_L18639	k4me2_enh	4.479	4.884	0.962	1.852	1.311	0.855	1.011	3.493	2.416	0	0.355
atac_L18654	k4me2_enh	3.48	2.875	0.977	1.415	1.99	1.463	1.027	0	0.916	0.808	1.191
atac_L18756	k4me2_enh	3.679	3.425	1.529	2.299	1.96	1.697	1.268	3.154	2.14	1.431	0.331
atac_L18788	k4me2_enh	3.737	2.039	1.165	1.398	1.376	1.842	2.343	2.147	1.936	0.796	0
atac_P03578	k4me2_enh	4.848	2.822	1.355	2.069	2.16	1.639	1.49	2.016	1.551	1.717	0
atac_L18888	k4me2_enh	4.255	3.009	2.058	2.821	1.658	2.328	2.643	2.181	2.818	2.261	2.009
atac_L18889	k4me2_enh	3.973	3.266	1.904	2.503	1.677	2.161	2.244	2.377	2.7	2	1.663
atac_L18916	k4me2_enh	5.351	4.546	0.963	2.299	2.066	1.548	0.593	0	2.584	0.795	0.64
atac_L19156	k4me2_enh	3.512	2.417	1.339	1.482	2.12	1.388	1.923	0	2.294	1.503	0.763
atac_L19369	k4me2_enh	4.52	4.895	1.467	2.858	2.791	2.892	1.832	3.504	3.577	1.687	1.266
atac_L19614	k4me2_enh	4.736	2.02	1.556	2.328	2.338	2.084	2.586	2.953	3.79	1.961	1.479
atac_L19639	k4me2_enh	3.712	3.394	0.533	2.371	1.484	1.903	2.13	0	2.038	0.808	0.892
atac_L19640	k4me2_enh	3.796	3.54	0.452	1.986	1.319	1.675	2.026	0	2.171	0.8	0.358
atac_L37234	k4me2_enh	3.487	2.014	0.717	0.971	1.196	1.528	0.805	0	1.434	0.782	0.864
atac_L37282	k4me2_enh	3.97	3.661	0.565	1.85	2.298	1.412	1.132	0	2.83	1.445	0.608
atac_L37446	k4me2_enh	3.846	3.945	1.429	2.446	1.382	1.629	1.344	0	1.674	1.312	1.088
atac_L37466	k4me2_enh	3.427	1.544	0.869	0.418	0.841	1.102	0	2.178	1.591	0.813	1.004
atac_L37648	k4me2_enh	4.318	2.037	1.421	2.345	2.649	1.522	1.336	0	2.161	1.68	1.562
atac_L37818	k4me2_enh	4.379	2.007	1.095	2.313	2.126	1.832	1.988	0	2.875	1.281	1.237
atac_L37840	k4me2_enh	3.939	3.542	1.123	2.571	2.254	2.058	1.344	2.155	2.962	1.513	1.427
atac_L37994	k4me2_enh	4.547	3.804	1.133	2.664	2.594	1.874	1.915	0	3.086	1.001	1.26
atac_L38005	k4me2_enh	4.556	3.291	1.173	1.407	1.737	1.017	0.599	0	1.213	0.802	0.359
atac_L38029	k4me2_enh	4.152	3.621	1.749	2.449	2.24	2.196	2.118	0	2.309	0	0.51
atac_L38115	k4me2_enh	3.971	2.616	1.04	1.233	0.54	0.957	1.21	0	1.23	1.097	0.899
atac_P06791	k4me2_enh	3.708	3.461	1.484	2.159	2.012	1.94	1.754	0	3.098	1.522	1.276
atac_L38495	k4me2_enh	4.213	2.656	0.353	1.516	2.064	1.169	1.291	0	2.171	0.432	0.733
atac_L38612	k4me2_enh	4.639	3.824	1.507	2.65	2.398	2.226	1.834	3.27	2.647	2.345	2.132
atac_L11860	k4me2_enh	4.302	3.371	0.972	1.584	1.322	1.652	0.969	2.078	2.562	1.621	1.21
atac_L11954	k4me2_enh	3.583	2.979	1.217	1.925	0.782	1.368	1.608	1.447	0.524	0.8	0.644
atac_L12225	k4me2_enh	4.175	3.451	1.255	1.717	1.773	1.243	1.825	0	2.296	1.837	0.878
atac_L12232	k4me2_enh	3.634	1.168	1.119	1.308	1.524	1.048	1.605	0	2.019	1.308	0.88
atac_L12428	k4me2_enh	4.578	4.285	0.982	2.123	1.679	1.827	2.136	0	1.964	0	1.366
atac_L12589	k4me2_enh	3.45	3.076	1.419	2.034	2.044	1.937	1.715	0	2.355	1.976	1.259
atac_L12758	k4me2_enh	4.227	2.608	0.736	2.194	2.141	1.879	2.236	1.358	2.796	1.227	1.974
atac_L13026	k4me2_enh	3.947	3.173	1.007	1.565	1.691	1.052	0.954	0	1.85	0.421	1.785
atac_L13040	k4me2_enh	4.333	3.793	1.901	2.184	3.037	1.846	1.588	1.427	2.567	0.787	1.407
atac_L13110	k4me2_enh	3.481	2.876	1.083	1.876	1.673	1.38	1.028	0	2.501	0.808	0.999
atac_L13146	k4me2_enh	4.301	2.616	1.004	2.536	2.046	1.793	0.952	0	2.068	2.237	1.107
atac_L06924	k4me2_enh	3.67	2.071	0.809	1.124	1.014	1.359	0.608	0	0.923	0	0.898
atac_L07036	k4me2_enh	4.604	2.725	1.07	2.041	1.284	1.421	1.015	0	0.905	1.508	1.817
atac_L07199	k4me2_enh	4.052	3.177	1.114	1.394	1.104	0.683	1.181	0	1.56	0	0.638
atac_L07209	k4me2_enh	4.556	3.855	2.006	1.675	1.551	1.768	2.304	2.182	1.794	1.713	1.958
atac_L07210	k4me2_enh	4.849	3.95	1.433	1.245	1.427	1.598	0.961	0	2.276	1.903	1.74
atac_L07349	k4me2_enh	3.634	3.282	0.793	1.209	1.284	1.246	1.479	3.5	1.457	0	0.642
atac_L07353	k4me2_enh	4.092	2.608	0.459	1.743	1.545	1.547	2.046	3.005	1.477	0.811	0.654
atac_L07388	k4me2_enh	3.543	3.56	1.402	1.224	1.232	1.491	0.832	0	2.187	1.703	1.362
atac_L07394	k4me2_enh	3.724	3.47	1.259	1.987	1.582	1.622	2.055	0	2.178	0	0.951
atac_P01491	k4me2_enh	3.743	2.722	1.037	1.614	1.13	1.158	1.248	2.031	1.744	1.868	0.588
atac_P01531	k4me2_enh	3.991	1.952	1.232	2.007	1.844	1.678	1.744	0	2.206	0	0.929
atac_L07638	k4me2_enh	4.331	3.952	1.434	3.006	1.793	1.914	1.098	1.343	2.967	1.574	1.702
atac_L07711	k4me2_enh	4.188	3.463	1.898	1.575	1.61	1.766	1.61	2.156	2.487	1.079	1.269
atac_L07722	k4me2_enh	4.092	1.542	0.807	1.004	1.011	1.826	1.359	2.649	0.29	0.811	1.781
atac_L07768	k4me2_enh	4.285	2.609	1.406	2.007	1.729	1.469	1.032	2.176	3.278	0	1.283
atac_L07783	k4me2_enh	3.462	3.19	1.121	0.729	1.554	1.014	1.017	0	1.858	0	0.882
atac_P01573	k4me2_enh	3.575	2.701	1.458	2.456	2.32	1.936	2.628	3.102	2.76	1.714	1.08
atac_L08108	k4me2_enh	3.502	3.733	1.247	2.38	1.853	1.658	2.095	2.961	3.056	1.671	1.166
atac_L08209	k4me2_enh	3.488	2.271	0.982	1.509	1.012	1.135	1.032	0	1.226	0	1.003
atac_L08215	k4me2_enh	3.544	4.495	1.544	2.177	2.104	2.112	1.416	2.075	2.558	1.771	0.478
atac_L08290	k4me2_enh	4.555	4.777	1.108	1.388	1.538	1.702	2.095	2.96	2.079	0	1.166
atac_L05712	k4me2_enh	4.335	3.762	1.076	2.313	2.416	1.253	2.202	3.273	2.432	1.692	0.51
atac_L05752	k4me2_enh	3.733	2.574	1.253	0.984	1.31	1.241	1.599	0	1.332	1.503	0.876
atac_L06067	k4me2_enh	4.589	4.132	1.268	2.202	1.858	1.812	1.264	1.363	1.261	0.744	0.597
atac_L06098	k4me2_enh	3.981	3.672	1.251	1.859	1.889	1.446	0.972	0	2.665	0.761	0.612
atac_L06109	k4me2_enh	4.147	3.089	1.122	2.685	2.721	2.56	2.888	2.154	3.078	1.986	1.18
atac_L06417	k4me2_enh	4.372	4.843	1.222	2.109	2.062	1.954	1.839	0	3.048	1.317	1.093
atac_L06434	k4me2_enh	3.703	3.098	0.8	1.41	1.615	1.403	1.023	0	2.179	1.519	0.36
atac_L06442	k4me2_enh	3.664	2.449	1.971	1.59	1.933	1.168	0	2.175	2.9	1.864	0.364
atac_L06631	k4me2_enh	3.384	2.964	1.161	2.431	1.859	1.544	1.597	2.141	2.774	0.792	0.638
atac_L06878	k4me2_enh	3.385	2.46	1.257	2.039	1.43	1.55	1.106	0	1.663	0.737	0.707
atac_L13693	k4me2_enh	4.9	2.418	1.015	2.031	2.253	1.692	1.379	1.764	2.552	1.612	1.243
atac_L13895	k4me2_enh	3.346	2.927	0.646	1.683	1.375	1.612	1.684	0	2.32	1.276	0.345
atac_L13978	k4me2_enh	4.136	0.713	2.203	2.379	2.243	2.116	1.502	2.178	2.452	1.867	1.658
atac_L14043	k4me2_enh	4.933	2.044	1.02	2.257	2.644	1.867	2.112	2.152	2.958	2.113	0.882
atac_P02713	k4me2_enh	4.181	5.061	1.475	2.976	2.68	2.452	1.32	1.957	3.602	2.327	0.769
atac_P02721	k4me2_enh	4.157	2.735	1.339	1.226	1.61	1.822	1.625	1.356	1.369	0.739	1.012
atac_L14177	k4me2_enh	4.123	3.995	1.636	2.434	2.201	1.212	1.565	2.925	1.812	0.772	1.527
atac_L14185	k4me2_enh	3.576	2.421	1.424	2.603	1.679	1.737	1.927	0	2.164	0	1.495
atac_P02758	k4me2_enh	4.027	2.555	1.444	1.65	1.286	1.741	1.584	0	2.202	2.179	0.315
atac_L14279	k4me2_enh	4.167	5.525	1.392	2.991	2.393	2.162	2.151	2.931	2.868	1.943	0.96
atac_L14403	k4me2_enh	3.733	3.645	1.916	1.955	2.158	1.949	2.39	0	1.492	1.24	1.277
atac_L14439	k4me2_enh	4.382	2.035	0.523	0.984	1.572	1.754	1.334	0	1.332	0.794	0.982
atac_P00886	k4me2_enh	4.234	3.325	1.208	1.813	2.084	1.379	1.453	1.974	2.496	2.05	0.441
atac_L04386	k4me2_enh	4.502	3.442	1.529	2.192	2.285	1.893	1.818	2.138	3.331	1.971	1.747
atac_L04581	k4me2_enh	3.826	2.613	0.928	0.742	1.053	0.916	0.836	0	1.48	1.33	0.517
atac_L04591	k4me2_enh	4.184	2.044	1.304	2.306	2.092	2.223	2.025	2.626	2.17	2.342	1.636
atac_L04643	k4me2_enh	3.733	2.83	0.606	1.972	1.391	1.515	1.096	0	1.65	1.572	0.459
atac_L04941	k4me2_enh	3.514	4.364	1.342	1.443	1.305	1.046	0	2.096	2.18	0.768	1.452
atac_L04942	k4me2_enh	3.377	2.407	1.332	0.72	0.945	1.409	1.328	0	1.444	0.789	1.253
atac_P01036	k4me2_enh	4.881	2.3	1.322	2.654	1.815	1.214	1.683	1.89	2.878	1.112	1.284
atac_L04995	k4me2_enh	3.837	4.153	1.801	1.644	1.678	1.498	1.013	0	1.564	0	0.879
atac_L05317	k4me2_enh	4.169	2.268	0.458	2.59	1.973	1.803	2.133	3.003	3.06	2.134	0.515
atac_L14613	k4me2_enh	4.397	4.737	1.022	2.356	1.957	1.849	2.027	0	2.646	1.987	0.883
atac_L14722	k4me2_enh	3.968	2.274	1.449	2.853	2.173	2.099	1.63	3.01	2.393	0.813	1.447
atac_L14785	k4me2_enh	3.353	4.723	2.787	3.252	1.773	1.199	1.624	2.172	2.558	1.703	1.363
atac_L14786	k4me2_enh	3.691	3.829	2.267	2.261	2.121	1.44	1.157	2.109	2.193	1.943	1.313
atac_L14835	k4me2_enh	4.073	0.704	1.546	1.495	0.875	1.68	1.193	0	0.526	1.315	0.886
atac_L14909	k4me2_enh	3.633	5.061	1.119	1.982	1.705	0.817	1.339	0	2.299	0.797	0.642
atac_P02866	k4me2_enh	4.374	3.941	1.009	1.239	1.845	1.499	0.556	2.876	1.383	1.896	1.113
atac_L15012	k4me2_enh	3.741	4.662	0.666	0.864	2.162	1.117	2.11	2.15	2.019	1.841	0.642
atac_L15658	k4me2_enh	3.97	3.009	1.141	2.286	2.409	1.745	1.749	2.181	3.441	1.332	1.106
atac_L15831	k4me2_enh	3.606	3.111	1.856	2.279	1.867	1.966	1.03	3.29	2.505	0	1.282
atac_L15832	k4me2_enh	3.905	3.16	1.69	2.129	1.733	1.863	1	0	2.511	1.29	0.754
atac_L15867	k4me2_enh	3.966	3.314	1.562	3.492	2.722	2.248	2.375	0	4.416	1.532	1.722
atac_L15995	k4me2_enh	3.886	2.854	0.597	1.307	2.125	2.266	2.022	2.977	2.872	1.307	1.177
atac_L08460	k4me2_enh	3.423	2.608	1.363	2.176	2.355	1.326	0.606	3.529	2.717	0	1.283
atac_L08508	k4me2_enh	4.672	5.104	1.834	2.753	2.728	2.013	1.634	0	2.909	2.475	0.9
atac_L08883	k4me2_enh	3.429	1.5	1.195	2.127	2.838	1.672	1.998	2.95	2.801	2.087	1.159
atac_P01799	k4me2_enh	4.822	3.478	1.003	2.695	2.443	1.781	1.458	0	2.681	1.179	0.566
atac_L08963	k4me2_enh	5.852	5.313	2.243	2.973	2.995	2.127	2.571	1.461	4.01	2.732	1.441
atac_L09037	k4me2_enh	4.321	2.012	1.236	1.544	1.63	1.575	0	1.419	2.608	1.483	1.242
atac_L09223	k4me2_enh	3.79	1.804	1.166	1.72	1.109	1.693	1.014	2.149	2.588	2.11	1.177
atac_L09277	k4me2_enh	3.333	4.041	1.13	2.296	1.882	1.048	1.781	0	1.623	1.638	1.05
atac_L09462	k4me2_enh	4.565	3.602	1.064	2.516	2.383	1.641	2.015	2.142	3.206	1.07	2.118
atac_P01909	k4me2_enh	4.395	3.65	1.035	1.619	2.057	1.346	0.895	0	2.743	1.353	0.959
atac_L09532	k4me2_enh	3.929	4.202	1.707	2.251	1.314	0.973	0	0	1.667	0	0.765
atac_L09559	k4me2_enh	4.27	3.527	1.205	1.726	1.689	1.818	1.285	2.898	3.199	0.759	1.751
atac_P01947	k4me2_enh	3.691	4.469	1.777	1.969	1.995	1.076	0.868	2.713	2.48	1.759	1.492
atac_L22488	k4me2_enh	6.032	4.19	1.249	2.872	2.378	2.268	2.655	3.689	3.531	1.97	0.978
atac_L22527	k4me2_enh	4.137	5.202	1.488	2.333	2.099	1.525	2.222	0	1.791	1.095	0.365
atac_L22629	k4me2_enh	4.066	3.19	1.121	0	0.635	0.642	0.596	0	1.569	1.31	0.357
atac_L22819	k4me2_enh	3.735	2.576	0.907	2.036	1.796	1.47	1.183	2.145	1.665	0.795	1.174
atac_L22827	k4me2_enh	4.662	3.458	1.215	1.859	1.658	1.152	0.596	2.152	1.857	0.799	0.767
atac_L22882	k4me2_enh	4.483	3.71	1.033	2.004	1.624	1.411	1.03	3.003	2.041	0	1.717
atac_L22929	k4me2_enh	5.116	3.729	1.448	2.284	2.262	1.743	1.173	2.131	2.147	2.515	0.756
atac_L22983	k4me2_enh	5.751	1.176	0.799	2.266	2.173	2.01	2.205	0	1.576	1.993	1.355
atac_L23084	k4me2_enh	4.621	2.438	1.224	1.804	2.345	1.376	1.617	0	1.778	1.697	0.995
atac_L23174	k4me2_enh	4.381	3.961	1.4	2.503	1.884	2.191	1.2	2.169	2.936	1.088	0.362
atac_L23270	k4me2_enh	3.599	2.744	1.478	1.321	1.566	1.687	1.026	0	1.781	2.357	1.097
atac_L23421	k4me2_enh	4.44	2.384	1.644	2.443	2.291	1.278	1.159	0	2.873	0.777	1.059
atac_L23452	k4me2_enh	4.221	1.791	1.109	2.686	2.501	2.242	2.935	3.193	3.668	3.05	1.913
atac_L19765	k4me2_enh	4.117	2.988	0.918	2.053	1.943	1.635	2.359	2.636	2.843	1.994	1.355
atac_L19766	k4me2_enh	3.876	2.757	0.87	1.424	1.549	1.852	2.14	3.011	2.394	1.331	1.105
atac_L19946	k4me2_enh	3.69	2.678	0.885	1.074	1.404	1.274	0	2.108	2.192	0.774	0.623
atac_P03702	k4me2_enh	4.01	2.852	0.846	1.478	1.379	0.977	0.946	0	2.42	0	1.101
atac_L20409	k4me2_enh	4.047	1.997	0.989	1.072	1.909	0.946	1.566	2.105	2.432	1.273	0.854
atac_L20431	k4me2_enh	3.599	2.643	0.753	1.722	2.052	1.464	1.76	2.075	2.223	0	0.837
atac_L20986	k4me2_enh	4.347	4.591	1.73	2.761	2.545	2.027	1.253	1.352	3.183	0.737	1.259
atac_L03062	k4me2_enh	4.579	4.9	1.431	2.55	2.005	1.527	2.456	2.53	2.08	1.608	1.279
atac_L03376	k4me2_enh	4.075	3.199	1.267	2.655	2.1	1.814	2.496	3.718	2.796	2.8	1.272
atac_L03377	k4me2_enh	4.349	2.847	1.065	2.197	2.005	1.797	1.473	0	2.088	0	0.982
atac_L03722	k4me2_enh	4.115	2.783	1.327	2.034	1.751	2.019	1.571	1.308	3.207	0.963	1.487
atac_L03766	k4me2_enh	4.536	2.888	1.158	1.909	2.12	1.558	1.948	2.54	2.283	1.249	0.177
atac_L03822	k4me2_enh	3.659	2.959	1.219	1.551	1.035	1.074	1.108	0	1.913	2.325	0
atac_L03952	k4me2_enh	4.225	1.526	0.734	1.214	1.352	0.862	1.019	0	2.542	0.801	1.089
atac_L03953	k4me2_enh	4.196	2.596	1.513	2.111	1.718	1.317	0.601	2.163	3.05	1.318	0.648
atac_L02038	k4me2_enh	4.565	2.991	1.029	1.413	1.509	1.348	1.352	2.995	1.869	1.32	0.649
atac_L02060	k4me2_enh	4.766	3.569	1.23	2.424	2.247	1.397	1.266	2.87	2.633	2.017	1.11
atac_P00461	k4me2_enh	4.598	2.753	1.232	1.041	1.448	1.425	1.639	0	1.852	1.238	0.929
atac_L02111	k4me2_enh	3.827	3.718	1.038	2.597	2.21	2.047	1.631	3.011	1.481	1.095	0.898
atac_L02222	k4me2_enh	3.901	2.987	0.799	1.317	1.899	1.457	1.615	2.161	1.679	1.317	0.647
atac_L02468	k4me2_enh	4.249	1.518	1.382	2.945	2.447	2.032	1.718	2.146	3.43	0.795	1.63
atac_L02751	k4me2_enh	3.674	3.865	1.293	1.636	1.834	1.988	1.331	2.609	2.41	0	1.077
atac_L02808	k4me2_enh	3.829	3.649	0.611	2.184	1.274	1.301	1.21	0	2.126	0	1.007
atac_L23871	k4me2_enh	4.505	3.305	0.762	1.168	1.792	1.204	0	0	2.109	1.037	1.518
atac_L23946	k4me2_enh	3.702	4.22	2.187	2.109	1.64	1.835	1.022	2.635	2.312	1.993	1.576
atac_L24091	k4me2_enh	4.728	2.716	1.735	1.302	1.461	1.387	0.816	0	2.354	2.103	1.809
atac_P04500	k4me2_enh	4.579	2.563	1.269	1.366	1.348	1.822	2.262	0	2.21	1.841	0.452
atac_L24305	k4me2_enh	5.413	3.463	1.39	2.986	2.759	1.722	1.61	0	2.791	0.455	1.089
atac_L24413	k4me2_enh	4.788	4.828	0.91	1.72	1.971	1.15	1.014	0	1.063	1.075	0.88
atac_L24418	k4me2_enh	4.587	1.191	1.04	1.515	1.373	1.58	2.055	0	1.231	0	1.959
atac_P04550	k4me2_enh	3.776	2.623	1.425	1.04	1.42	0.987	1.525	0	1.488	1.238	0.718
atac_L24538	k4me2_enh	3.728	3.443	1.794	1.095	1.878	1.517	2.012	0	2.155	0	1.807
atac_L24539	k4me2_enh	3.59	1.814	1.175	1.73	1.855	1.285	1.838	2.16	1.465	0.803	1.432
atac_L24665	k4me2_enh	4.429	2.276	1.368	2.335	2.346	1.745	0.838	0	2.049	1.332	1.2
atac_L24682	k4me2_enh	3.524	3.191	0.599	2.045	1.582	1.186	1.018	0	1.943	1.311	0.883
atac_L24795	k4me2_enh	4.188	3.618	1.58	2.612	1.473	1.281	1.019	2.156	2.025	1.313	0.769
atac_L21253	k4me2_enh	5.14	3.169	0.785	1.968	1.367	1.462	2.008	0	1.554	1.671	0.977
atac_L21453	k4me2_enh	5.664	2.884	2.001	3.615	3.218	2.533	3.01	3.736	3.631	2.366	2.242
atac_L21496	k4me2_enh	3.331	3.539	1.504	2.306	1.554	0.819	1.017	0	1.942	0.799	0.882
atac_L21531	k4me2_enh	4.731	2.51	1.333	1.161	1.67	1.256	1.289	0	1.611	1.453	0.481
atac_L21543	k4me2_enh	4.429	4.041	1.101	2.649	2.488	1.737	1.119	2.521	2.587	0.747	1.022
atac_L21587	k4me2_enh	4.599	2.603	1.031	1.504	1.454	1.436	0.831	0	2.255	1.088	1.361
atac_L21607	k4me2_enh	5.078	3.166	1.058	2.377	2.544	1.945	2.175	3.242	3.194	1.965	1.681
atac_L21613	k4me2_enh	4.116	3.057	1.042	1.395	1.348	1.072	2.157	2.851	1.833	1	1.098
atac_L21661	k4me2_enh	4.957	3.709	1.229	1.74	1.843	2.02	2.294	2.172	2.897	0.809	0.893
atac_L21732	k4me2_enh	4.789	3.237	0.887	0	0.666	0.951	0	0	0.707	1.476	1.059
atac_L21769	k4me2_enh	4.006	4.574	1.492	2.774	2.481	2.328	2.011	0	3.201	1.971	0.979
atac_L21826	k4me2_enh	3.912	2.795	1.174	2.199	1.728	1.873	0.79	2.096	2.041	0.768	0.617
atac_L21887	k4me2_enh	3.446	2.515	1.028	1.516	1.932	1.746	2.13	2.907	2.033	2.375	0.733
atac_L21891	k4me2_enh	4.227	3.381	1.024	1.728	1.29	0.863	1.346	2.987	1.069	1.314	0.359
atac_L21892	k4me2_enh	4.255	3.408	0.81	1.951	1.55	1.418	1.632	2.181	1.361	1.096	0.365
atac_L21969	k4me2_enh	3.399	2.635	1.268	2.101	1.803	1.433	1.916	0	3.02	1.346	1.195
atac_L22021	k4me2_enh	3.564	2.03	1.062	0.857	1.541	1.813	1.595	2.138	1.557	0.791	0.502
atac_L22074	k4me2_enh	3.396	2.368	1.261	2.427	2.381	2.227	2.291	0	3.484	1.932	1.139
atac_L22145	k4me2_enh	4.682	3.478	1.227	2	1.794	1.799	0.603	0	2.609	1.322	0.651
atac_L22193	k4me2_enh	4.102	2.245	0.793	1.569	0.684	1.117	1.015	0	2.3	0.797	0.88
atac_L22223	k4me2_enh	3.58	2.584	1.02	2.568	2.657	1.719	2.612	2.625	3.183	0.799	0.643
atac_L25088	k4me2_enh	4.139	2.882	0.999	1.42	1.703	1.28	1.205	2.778	2.676	2.157	0.676
atac_L25107	k4me2_enh	3.667	2.273	1.234	1.423	1.519	1.102	1.033	0	2.046	1.709	1.197
atac_P04664	k4me2_enh	3.724	3.093	0.915	0.993	1.297	1.252	1.451	0	2.685	0.876	0.885
atac_L25441	k4me2_enh	4.757	3.19	1.013	1.36	2.259	1.468	2.037	0	1.711	1.698	1.226
atac_L25582	k4me2_enh	5.288	1.188	1.563	2.514	2.226	1.576	0	2.179	1.882	1.71	0.365
atac_L25631	k4me2_enh	4.375	3.535	1.411	2.087	1.624	1.422	1.96	0	2.467	1.455	0.946
atac_L25632	k4me2_enh	4.179	3.854	1.039	2.183	1.522	1.473	1.857	0	2.332	0.814	0.365
atac_L25654	k4me2_enh	4.016	0	1.142	2.013	2.176	1.579	1.036	2.182	1.23	1.713	1.449
atac_L25757	k4me2_enh	5.261	2.196	0.935	3.094	2.326	1.629	2.145	2.102	2.588	2.181	1.591
atac_L25975	k4me2_enh	3.442	4.035	1.527	2.628	1.566	2.589	1.916	0	1.657	0	0.353
atac_L26066	k4me2_enh	3.389	3.745	0.907	1.099	1.213	0.895	1.183	0	1.203	0.795	1.493
atac_L41284	k4me2_enh	3.964	2.271	0.974	1.785	1.455	1.11	1.882	0	1.444	0.979	0.988
atac_L40907	k4me2_enh	3.502	4.509	1.448	1.797	1.695	1.342	2.206	2.086	1.512	0	0.482
atac_P05132	highk4_prom	3.585	3.191	1.605	0.907	1.629	0.859	1.24	0	1.618	0.907	0.735
atac_L28401	highk4_prom	3.681	2.239	0.849	2.637	1.546	1.733	1.6	0	2.089	0	0.188
atac_L28414	highk4_prom	4.014	3.181	1.915	3.089	2.139	1.596	2.878	0	2.95	0.795	1.629
atac_L28425	highk4_prom	3.492	3.449	2.102	2.564	1.82	1.855	1.542	2.895	2.748	2.263	0.838
atac_L28434	highk4_prom	4.235	2.686	1.187	2.238	2.045	2.279	1.586	0	3.494	1.961	0.793
atac_L28439	highk4_prom	3.435	4.564	2.611	3.099	1.933	2.63	2.251	0	3.382	2.092	0.756
atac_L28440	highk4_prom	3.335	3.223	0.824	1.602	1.001	1.671	1.675	0	1.624	1.269	1.77
atac_L28445	highk4_prom	3.916	4.608	3.209	3.133	2.914	2.221	1.467	3.484	3.754	2.215	0.636
atac_L28515	highk4_prom	3.966	3.741	1.765	2.908	2.67	2.097	1.009	2.141	3.365	1.676	1.339
atac_L28542	highk4_prom	4.402	4.081	1.662	2.376	2.061	1.54	2.344	0	3.025	1.615	1.422
atac_P05154	highk4_prom	4.825	2.839	1.367	1.468	1.552	1.067	1.381	0	2.408	0.733	1.005
atac_L28608	highk4_prom	3.428	2.274	1.736	0.418	0.539	1.525	1.034	0	0.922	0.813	1.105
atac_P05165	highk4_prom	4.878	4.975	2.064	2.446	1.483	2.182	1.254	0	2.519	0	1.01
atac_L28658	highk4_prom	3.355	2.269	1.231	1.226	1.334	1.52	0.605	0	0.738	0.81	1.442
atac_L28690	highk4_prom	4.431	3.943	1.793	2.518	1.487	1.538	2.784	0	2.376	2.394	0.622
atac_L28698	highk4_prom	3.421	1.075	1.496	0.523	1.055	1.392	1.093	0	2.395	1.208	0.698
atac_L28722	highk4_prom	4.137	4.158	1.447	2.586	1.847	1.763	1.786	0	2.786	1.702	1.229
atac_L28733	highk4_prom	4.058	3.418	1.307	1.321	1.177	1.049	1.632	0	2.198	0.744	1.343
atac_L28740	highk4_prom	4.481	4.35	1.684	3.186	2.632	2.195	2.013	2.052	3.456	1.426	1.107
atac_L28761	highk4_prom	3.932	4.83	2.937	1.724	1.862	2.067	1.542	0	2.403	2.039	1.805
atac_L28790	highk4_prom	4.389	5.284	1.642	2.75	2.212	1.979	2.191	2.148	2.298	2.785	0.765
atac_L28793	highk4_prom	3.948	3.296	1.354	2.267	1.506	1.635	1.35	0	2.435	1.317	1.885
atac_L28807	highk4_prom	4.051	3.361	0.661	0.723	1.028	0.727	0	1.436	1.559	1.069	0.503
atac_L28838	highk4_prom	3.771	2.851	1.263	1.73	1.132	1.905	1.642	0	1.492	1.654	1.262
atac_L28841	highk4_prom	3.585	4.308	1.39	1.863	1.501	1.155	1.727	2.156	2.369	0	1.502
atac_L28845	highk4_prom	3.608	4.027	2.399	3.152	2.037	1.74	1.744	2.176	2.261	2.256	0.654
atac_L28848	highk4_prom	4.745	3.101	1.068	1.342	1.32	1.161	1.655	3.177	2.286	0	0.94
atac_L28858	highk4_prom	4.143	2.787	0.928	1.352	1.5	0.9	1.429	2.09	1.515	1.631	1.581
atac_L28878	highk4_prom	3.587	3.564	2.485	2.164	2.32	2.032	1.891	2.111	1.981	1.475	1.234
atac_L28894	highk4_prom	4.962	5.248	1.716	2.448	2.115	1.851	1.346	2.157	2.697	0.801	1.269
atac_L28911	highk4_prom	4.133	5.147	2.225	2.671	2.057	1.762	1.627	0	1.692	0	1.003
atac_L28924	highk4_prom	3.533	3.567	1.828	2.485	1.81	1.592	1.311	2.113	1.308	2.584	1.724
atac_L28935	highk4_prom	4.137	3.451	1.016	1.918	1.863	1.735	2.189	2.146	2.733	0.795	1.563
atac_L28969	highk4_prom	4.465	3.514	3.041	3.852	2.718	2.368	2.071	3.801	3.724	1.917	0.16
atac_P05201	highk4_prom	4.524	4.159	1.481	2.868	1.942	1.518	1.877	0	2.662	2.078	1.071
atac_L29002	highk4_prom	3.439	2.126	0.992	1.749	1.453	1.218	0.545	0	1.659	1.219	1.177
atac_L29021	highk4_prom	4.682	4.508	1.771	3.297	2.947	2.54	2.343	2.619	3.516	0	1.175
atac_L29024	highk4_prom	5.306	4.221	1.654	2.614	1.946	1.195	1.167	2.123	2.611	1.66	1.325
atac_L29057	highk4_prom	4.691	4.031	1.289	1.775	1.482	1.434	2.399	0	2.218	0.447	0.352
atac_L29072	highk4_prom	4.469	4.526	2.187	2.693	2.062	2.293	2.121	0	2.841	2.35	1.355
atac_P05219	highk4_prom	4.021	3.82	1.415	1.483	1.393	1.549	1.553	0	2.044	0.39	1.201
atac_L29110	highk4_prom	4.269	4.677	1.549	2.73	2.101	2.1	1.616	2.991	2.798	1.519	1.273
atac_L29120	highk4_prom	3.947	4.734	1.24	1.548	1.907	1.901	1.169	2.125	2.141	1.058	0.631
atac_L29124	highk4_prom	4.449	4.917	2.331	2.877	1.622	2.019	1.356	0	0.917	0.809	1.514
atac_L29166	highk4_prom	4.084	4.648	2.391	2.369	2.623	1.641	0.831	4.064	2.254	2.358	1.191
atac_L29180	highk4_prom	4.222	4.057	1.505	1.986	1.149	0.734	1.018	0	1.34	0.8	1.088
atac_P05246	highk4_prom	3.429	3.665	2.003	3.155	1.75	1.981	1.497	0	2.553	1.404	1.808
atac_L29224	highk4_prom	4.138	3.571	1.038	0.59	0.295	0.791	0	0	1.229	1.711	0
atac_L29245	highk4_prom	3.951	4.362	1.871	3.097	2.566	2.166	2.249	3.474	3.156	2.207	1.479
atac_L29263	highk4_prom	3.329	2.424	1.019	1.648	1.073	0.544	1.016	0	1.856	0.798	1.265
atac_L29300	highk4_prom	4.261	4.736	1.367	2.954	2.525	1.995	1.701	2.952	3.318	1.489	0.186
atac_L29305	highk4_prom	3.79	4.697	1.95	2.889	2.86	2.707	2.582	0	3.369	2.256	0.834
atac_L29311	highk4_prom	3.812	4.502	1.742	3.161	2.456	2.757	1.737	2.051	3.481	1.596	0.823
atac_L29326	highk4_prom	4.195	3.59	1.628	2.867	1.761	1.828	1.174	2.957	2.569	1.493	0.975
atac_L29339	highk4_prom	4.791	4.953	1.576	2.485	1.756	2.038	1.607	2.152	2.831	1.31	0.357
atac_L29344	highk4_prom	3.981	3.892	2.619	3.125	2.115	2.599	2.636	0	3.494	2.097	1.085
atac_L29404	highk4_prom	5.784	3.715	2.337	4.18	3.567	2.657	1.854	5.247	4.238	2.737	2.871
atac_L29642	highk4_prom	3.582	2.728	0.372	1.723	1.527	1.014	0	3.708	0.907	0.799	0.357
atac_L30296	highk4_prom	3.356	3.354	0.963	2.012	1.628	1.478	0.558	0	2.273	0.424	0.474
atac_L34653	highk4_prom	3.684	2.85	1.117	2.148	1.968	1.92	0	0	1.935	1.681	1.343
atac_P06133	highk4_prom	3.679	4.614	2.619	3.215	2.392	2.753	2.591	1.98	3.564	2.991	1.485
atac_L34917	highk4_prom	4.599	2.419	0.908	1.717	1.521	1.94	1.601	0	3.211	0.795	1.261
atac_L34943	highk4_prom	3.419	3.948	2.02	2.474	1.744	1.298	1.75	0	2.081	1.609	1.028
atac_L34962	highk4_prom	4.135	3.136	1.123	0.909	1.75	1.094	0.751	0	1.651	0.411	0.808
atac_L34972	highk4_prom	4.448	4.277	1.173	2.149	2.656	2.084	2.289	0	2.973	2.383	1.927
atac_L34973	highk4_prom	3.654	4.164	2.773	2.601	2.458	2.28	1.656	2.895	3.46	1.62	1.57
atac_L34991	highk4_prom	3.692	3.465	1.209	1.805	1.252	0.67	1.499	2.028	1.561	0	0.323
atac_L35001	highk4_prom	4.099	3.679	1.499	2.818	2.048	2.308	0.819	2.147	3.57	2.336	0.641
atac_L35090	highk4_prom	3.356	4.193	1.317	2.94	1.909	2.132	1.407	0	2.443	1.017	1.62
atac_L35154	highk4_prom	3.758	4.17	1.711	2.903	2.529	1.656	1.422	0	2.351	1.917	0.611
atac_L35201	highk4_prom	3.874	4.038	1.668	2.809	1.744	1.591	0.59	0	2.289	1.3	1.077
atac_L35238	highk4_prom	3.879	3.404	1.225	2.35	1.826	1.33	1.305	0	1.813	0.438	0.958
atac_P06193	highk4_prom	4.278	4.287	1.361	2.279	1.798	1.425	1.041	1.129	2.873	1.014	0.661
atac_L35289	highk4_prom	4.007	3.319	1.427	1.878	1.641	1.803	1.441	0	2.432	2.184	1.31
atac_L35302	highk4_prom	4.204	3.803	1.112	1.392	1.72	1.639	1.819	0	1.199	1.3	0.353
atac_L35331	highk4_prom	4.255	4.627	2.332	2.484	1.868	2.48	2.347	3.264	2.301	0	1.568
atac_L35343	highk4_prom	3.769	3.639	1.63	3.399	2.705	2.666	1.03	3.528	3.462	1.091	0.894
atac_L35348	highk4_prom	4.162	4.32	2.261	3.39	2.409	1.88	1.492	0	3.091	1.086	1.189
atac_L35357	highk4_prom	4.74	4.132	1.135	1.325	1.233	0.651	0.605	0	0.918	0	0.363
atac_L35360	highk4_prom	5.173	4.143	1.862	1.896	2.221	1.838	1.64	0	2.491	1.239	1.024
atac_L35362	highk4_prom	4.609	3.435	1.245	2.236	2.053	1.744	1.912	0	3.16	2.32	0
atac_L35370	highk4_prom	4.16	5.259	4.159	3.27	3.152	2.534	1.025	3.518	4.172	2.552	1.58
atac_P06202	highk4_prom	3.639	4.881	1.334	2.384	1.924	1.871	1.042	0	2.685	2.128	0.551
atac_L35380	highk4_prom	5.006	4.33	1.277	1.669	0.696	1.716	2.046	0	1.787	2.255	0.654
atac_P06205	highk4_prom	3.844	3.886	1.127	1.812	1.211	1.144	0.902	0	2.055	1.174	0.876
atac_L35409	highk4_prom	4.184	4.16	0.912	1.572	1.975	1.217	1.017	0	2.832	1.511	0.644
atac_L35412	highk4_prom	3.679	3.075	1.252	1.975	1.598	1.209	1.334	0	2.227	0.45	1.56
atac_L35422	highk4_prom	4.601	3.481	0.845	2.094	1.7	1.074	1.255	0	2.418	0	0.709
atac_L35435	highk4_prom	3.696	4.107	3.185	3.012	2.549	1.498	0.544	2.493	2.937	1.409	0.462
atac_L35457	highk4_prom	4.691	4.834	1.681	2.954	2.646	2.702	2.421	0	3.68	3.072	0.883
atac_L35464	highk4_prom	4.298	5.322	1.764	2.403	1.59	1.412	1.132	0	2.284	1.617	0
atac_L35473	highk4_prom	3.864	4.188	1.627	2.137	1.162	1.675	1.346	2.447	2.851	2.171	0.683
atac_L35486	highk4_prom	3.545	1.824	2.833	3.091	2.559	2.177	2.043	3.002	3.517	2.558	0.515
atac_L35492	highk4_prom	4.327	3.408	2.058	2.558	2.762	2.776	0.838	0	3.181	2.142	1.2
atac_L35497	highk4_prom	4.242	4.395	1.718	2.058	2.366	1.472	1.84	0	3.002	1.754	1.838
atac_P06225	highk4_prom	4.524	2.781	1.252	2.458	1.848	1.745	1.066	2.438	1.778	2.261	1.486
atac_L35513	highk4_prom	3.568	3.306	2.717	2.62	1.607	1.731	1.432	0	2.852	1.265	0.848
atac_L35530	highk4_prom	4.61	2.73	1.123	1.862	0.636	1.154	0.597	0	1.461	1.689	0.883
atac_L35532	highk4_prom	3.405	5.387	2.518	2.615	2.307	2.181	1.193	0	2.176	0.802	0.51
atac_L35536	highk4_prom	5.109	4.309	1.431	2.311	1.979	1.767	2.2	0	2.697	2.118	0.991
atac_L35537	highk4_prom	4.173	4.06	2.798	3.373	2.55	2.229	1.16	3.22	3.858	1.652	0.747
atac_L35546	highk4_prom	3.483	2.879	2.586	3.034	3.065	1.595	1.357	2.172	3.306	1.325	0.893
atac_L35564	highk4_prom	4.042	5.095	2.272	3.104	2.313	2.02	2.095	2.134	2.623	1.967	1.252
atac_L35569	highk4_prom	4.82	4.162	1.306	2.86	2.335	2.256	2.027	0	2.646	1.513	1.181
atac_L35572	highk4_prom	4.305	2.513	1.378	1.163	2.248	1.647	1.55	2.414	3.119	1.798	1.843
atac_L35574	highk4_prom	4.401	3.699	1.502	0.961	1.643	1.7	2.301	2.107	1.977	0	1.832
atac_L35575	highk4_prom	3.715	5.062	1.871	2.328	1.391	2.067	2.001	2.128	2.512	0.445	0.632
atac_L35587	highk4_prom	4.461	4.595	1.389	1.795	1.413	1.154	0	2.155	2.024	1.312	1.35
atac_L35593	highk4_prom	3.819	1.986	0.82	1.064	1.606	1.173	1.146	0	2.11	0.767	1.221
atac_L35595	highk4_prom	3.963	3.401	1.726	2.352	1.945	1.858	1.958	0	2.524	0.921	0.842
atac_L35599	highk4_prom	4.062	5.417	3.47	3.116	2.715	2.256	1.522	3.387	3	1.011	1.192
atac_L35609	highk4_prom	3.494	4.338	2.717	2.921	2.555	2.267	2.378	2.181	2.674	2.897	1.106
atac_L35612	highk4_prom	3.374	4.017	3.55	3.217	2.317	2.237	0.78	2.078	2.749	2.264	0.728
atac_L35636	highk4_prom	3.869	3.535	1.933	2.748	2.021	1.826	2.218	2.838	2.554	1.864	1.089
atac_L35637	highk4_prom	5.202	4.814	1.516	2.144	2.202	1.62	2.493	2.042	1.988	2.004	0.918
atac_L35656	highk4_prom	3.376	3.168	1.332	2.379	1.808	1.435	0.588	1.43	2.72	1.064	0.976
atac_L35680	highk4_prom	4.718	4.518	1.659	2.725	2.515	1.851	1.967	2.093	3.278	1.265	1.647
atac_P06247	highk4_prom	4.384	3.946	1.43	2.862	1.906	2.379	2.688	2.02	2.924	1.401	1.085
atac_L35687	highk4_prom	3.37	5.121	3.486	3.514	2.172	2.724	2.036	0	3.195	2.261	1.631
atac_L35719	highk4_prom	4.949	3.328	1.093	1.456	1.546	1.592	2.073	0	1.636	1.477	0.858
atac_L35749	highk4_prom	4.779	2.278	1.567	1.676	2.103	1.554	2.055	2.658	2.676	2.144	1.007
atac_L35757	highk4_prom	4.64	5.043	1.339	1.927	1.701	1.233	1.669	0	1.801	2.279	1.301
atac_L35761	highk4_prom	4.61	3.462	1.217	1.651	1.583	0.82	0.823	2.155	1.674	1.079	0.883
atac_L35764	highk4_prom	3.617	3.856	2.616	2.475	2.835	1.916	1.859	3.539	2.952	1.333	0.658
atac_L35769	highk4_prom	4.36	4.919	1.622	3.066	2.576	2.516	1.998	2.95	3.253	1.818	1.545
atac_L35772	highk4_prom	5.023	5.006	0.923	0.416	0.968	1.492	1.029	0	0.531	2.003	0.893
atac_L35783	highk4_prom	4.553	5.159	1.335	1.591	0.701	1.473	1.141	0	1.879	1.259	0.339
atac_L35800	highk4_prom	4.43	3.433	1.243	2.419	2.34	1.291	1.91	0	2.618	1.823	1.33
atac_L35814	highk4_prom	4.519	2.976	1.387	2.043	2.743	1.216	1.607	0	3.251	1.31	0.357
atac_L35815	highk4_prom	4.972	3.122	1.283	1.427	1.495	1.419	1.366	0	0.925	2.66	1.524
atac_L35818	highk4_prom	3.921	4.623	2.081	2.818	2.39	1.97	1.855	2.178	2.768	2.258	0.781
atac_L35822	highk4_prom	4.034	2.663	3.068	2.656	2.691	1.871	1.876	2.915	2.893	1.635	0
atac_L35835	highk4_prom	4.471	5.232	1.475	1.318	1.294	1.816	0.601	0	1.777	1.084	0.773
atac_L35852	highk4_prom	4.593	5.415	1.69	2.733	1.617	2.203	1.942	0	2.705	2.244	0.995
atac_L35858	highk4_prom	4.441	3.329	2.162	2.486	1.917	1.495	1.16	2.113	2.993	0.777	0.184
atac_L35863	highk4_prom	5.307	5.027	1.274	2.257	2.018	1.679	1.404	2.06	2.269	2.439	1.49
atac_L35865	highk4_prom	4.213	4.223	2.18	3.077	2.611	1.807	1.771	0	2.469	1.26	1.217
atac_L35866	highk4_prom	4.359	4.39	1.678	2.205	2.013	1.804	1.187	2.151	2.364	0.798	1.086
atac_L35919	highk4_prom	3.503	4.164	2.153	2.324	1.806	1.618	1.915	2.853	2.307	1.224	1.26
atac_L35927	highk4_prom	3.835	5.258	2.695	3.272	2.783	2.526	2.019	2.146	3.176	2.436	1.261
atac_L35953	highk4_prom	4.559	2.968	1.266	2.835	2.4	1.669	1.262	2.863	2.957	2.011	0.469
atac_L35966	highk4_prom	4.821	4.027	3.343	2.85	2.057	2.114	2.298	0	3.343	0.812	0.516
atac_L35989	highk4_prom	4.783	3.976	1.296	2.286	1.444	1.57	1.962	0	3.209	2.049	0.733
atac_L35997	highk4_prom	3.737	3.743	2.491	1.828	1.001	1.213	1.467	0	2.734	0.712	1.145
atac_L36003	highk4_prom	4.536	2.888	1.285	1.153	1.796	1.462	1.856	0	1.783	0	0.726
atac_L36011	highk4_prom	4.155	3.097	0.671	1.579	1.666	1.223	2.033	0	2.106	0.804	1.093
atac_L36017	highk4_prom	5.035	3.931	1.584	2.247	2.003	1.632	2.396	2.008	2.091	1.2	0.897
atac_L36031	highk4_prom	4.943	5.513	2.114	2.494	2.042	1.875	1.348	2.989	2.795	1.851	1.883
atac_P06329	highk4_prom	4.246	5.001	0.745	1.953	1.117	1.321	1.527	2.876	1.931	0.749	1.113
atac_L36080	highk4_prom	4.573	5.322	0.587	2.127	1.093	1.401	1.321	3.234	2.845	1.818	0.631
atac_L36095	highk4_prom	5.297	5.003	2.032	2.391	1.907	2.108	2.367	0	3.092	1.937	0.489
atac_L36126	highk4_prom	4.603	5.109	3.261	3.123	1.968	1.862	1.886	0	3.021	2.659	1.145
atac_L36129	highk4_prom	4.11	4.987	2.182	3.183	2.168	2.459	1.61	0	2.542	2.345	0.645
atac_P06345	highk4_prom	4.567	5.494	3.056	3.515	2.846	2.433	2.055	3.54	2.988	2.972	1.08
atac_L36133	highk4_prom	5.121	4.226	1.256	2.754	2.387	1.923	0.976	2.09	1.798	0.432	1.643
atac_L36138	highk4_prom	4.409	4.107	2.868	2.047	1.918	1.535	1.871	2.454	2.931	1.697	1.067
atac_L36139	highk4_prom	4.096	4.16	1.14	1.537	1.72	1.683	1.572	2.113	2.129	2.074	1.316
atac_L36149	highk4_prom	4.15	4.309	1.87	2.159	2.384	1.969	2.279	2.157	2.43	0.456	0.77
atac_P06347	highk4_prom	4.714	4.495	1.721	3.238	2.199	2.225	1.61	3.416	3.033	1.988	0.745
atac_L36157	highk4_prom	3.817	5.142	3.024	2.463	2.107	2.378	0.81	0	2.001	1.964	0.756
atac_P06348	highk4_prom	4.075	4.971	2.09	3.168	2.515	2.244	1.94	2.782	3.172	2.16	0.879
atac_L36159	highk4_prom	4.015	5.003	2.921	3.296	2.828	2.551	1.337	2.973	2.992	2.531	1.63
atac_L36175	highk4_prom	3.632	3.316	1.134	2.301	1.664	1.016	2.064	0	2.373	1.469	1.053
atac_L36180	highk4_prom	4.258	3.309	1.869	2.294	1.728	1.43	1.558	0	1.967	1.267	1.048
atac_L36186	highk4_prom	5.084	3.479	1.401	1.876	1.863	1.689	1.201	2.17	2.759	0	0
atac_L36191	highk4_prom	4.47	4.684	2.249	2.676	2.44	1.748	1.794	2.113	2.599	1.946	0.625
atac_L36193	highk4_prom	3.476	4.519	1.665	2.692	2.257	2.164	1.939	0	2.689	1.018	1.621
atac_L36196	highk4_prom	4.301	2.433	0.735	0	1.189	0.981	0	0	0.91	1.081	0.886
atac_L36205	highk4_prom	3.816	4.358	3.224	3.433	2.513	2.403	1.554	0	3.213	1.632	0.949
atac_P06354	highk4_prom	3.374	4.675	2.559	2.457	2.153	1.647	2.097	1.98	2.595	1.534	0.566
atac_L36226	highk4_prom	4.8	5.982	2.253	2.727	2.274	2.097	0.599	2.988	2.545	2.798	1.431
atac_L36245	highk4_prom	3.67	3.224	2.805	3.029	2.277	2.003	2.083	1.775	2.364	1.948	0.579
atac_L36252	highk4_prom	3.743	2.381	1.228	2.057	0.969	1.089	1.57	0	1.728	0.775	0.491
atac_L36255	highk4_prom	3.797	2.643	1.114	1.654	2.105	1.098	1.858	0	2.092	1.251	1.503
atac_L36259	highk4_prom	4.846	3.959	0.651	2.067	1.943	1.914	1.993	0	2.921	1.483	0.628
atac_L36265	highk4_prom	3.822	4.454	3.002	2.901	2.56	2.157	1.466	3.483	2.939	1.671	1.484
atac_L36269	highk4_prom	4.764	3.658	1.509	2.95	2.049	1.69	2.641	3.173	3.455	1.616	1.361
atac_L36271	highk4_prom	4.285	3.772	1.458	2.015	1.899	1.678	1.799	0	2.54	0	0.695
atac_L36289	highk4_prom	4.28	4.394	0.187	2.683	2.468	1.845	1.77	2.906	3.142	2.165	0.179
atac_L36296	highk4_prom	3.956	3.548	1.382	1.808	1.796	1.775	0.572	0	2.583	2.176	1.65
atac_L36303	highk4_prom	4.253	3.404	2.041	1.621	2.39	1.134	1.823	0	2.306	1.738	1.098
atac_L36385	highk4_prom	3.879	3.603	1.767	2.91	1.924	1.858	1.599	2.97	2.948	1.835	1.752
atac_L36386	highk4_prom	4.078	4.27	3.021	3.082	2.157	2.101	1.35	3.899	3.011	1.318	0.888
atac_L36387	highk4_prom	4.199	5.185	3.704	3.582	2.968	2.621	0.602	4.204	3.983	1.086	1.276
atac_L36390	highk4_prom	3.621	3.803	1.6	2.906	1.595	1.412	1.469	2.965	2.817	0.791	1.624
atac_L36413	highk4_prom	4.411	4.409	1.179	2.168	1.619	0.947	1.492	0	1.955	1.321	0.997
atac_L36423	highk4_prom	4.227	2.432	1.351	2.263	2.338	1.989	1.937	0	2.243	1.849	0.885
atac_L36424	highk4_prom	3.661	4.832	1.519	2.501	1.93	1.581	1.17	0	2.277	2.089	0.632
atac_P06425	highk4_prom	4.906	5.223	2.11	2.946	2.076	2.415	2.444	2.804	2.423	1.382	1.301
atac_L36457	highk4_prom	4.64	2.957	1.06	1.296	0.772	0.965	2.178	0	1.444	0.789	0.635
atac_L36469	highk4_prom	4.625	2.744	1.18	2.222	1.968	1.541	2.289	2.167	2.112	2.247	1.097
atac_L36479	highk4_prom	4.925	4.209	1.512	1.912	2.284	1.835	2.269	2.076	1.504	2.038	0.727
atac_L36492	highk4_prom	4.023	1.414	1.564	1.859	1.495	1.344	0.75	0	2.038	0.99	1.522
atac_L36502	highk4_prom	4.329	5.013	3.037	3.232	2.721	1.928	1.608	1.447	3.22	1.311	0.358
atac_L36515	highk4_prom	4.325	2.887	1.324	1.884	1.63	1.067	1.034	2.179	0.534	1.095	1.286
atac_P06445	highk4_prom	4.666	5.553	2.146	2.478	2.298	2.454	2.224	2.033	2.741	1.87	1.4
atac_L36543	highk4_prom	4.644	4.363	1.26	2.425	2.209	2.225	1.147	2.916	2.365	1.79	1.223
atac_L36555	highk4_prom	3.71	3.786	3.917	3.429	2.712	2.24	2.167	3.47	3.404	2.596	1.245
atac_L36562	highk4_prom	3.661	3.911	1.813	2.129	2.498	1.289	1.701	0	2.759	1.06	0.867
atac_L36633	highk4_prom	4.125	3.065	1.519	2.737	2.66	1.985	1.515	0	3.191	1.592	1.41
atac_L36638	highk4_prom	3.787	2.85	1.77	2.639	2.261	1.573	1.601	2.618	3.068	1.979	0.64
atac_L36643	highk4_prom	4.014	3.976	1.368	2.128	1.805	1.205	1.364	0	2.049	1.096	1.106
atac_L36653	highk4_prom	4.314	3.964	1.662	1.224	1.332	0.829	1.356	0	1.687	0.809	1.777
atac_L36678	highk4_prom	4.184	3.683	1.838	1.867	0.837	1.479	1.67	0	1.802	0	1.45
atac_L36690	highk4_prom	3.984	4.913	1.44	2.409	2.504	2.352	2.081	0	2.796	1.954	1.323
atac_L36728	highk4_prom	4.142	4.224	1.717	2.94	2.524	2.291	1.552	3.631	3.419	1.457	1.298
atac_L36740	highk4_prom	4.56	3.982	0.725	3.263	2.453	2.224	2.656	3.869	3.909	1.674	1.487
atac_P06501	highk4_prom	4.689	3.419	1.208	2.066	2.077	1.82	1.372	2.325	3.46	1.445	0.818
atac_L36759	highk4_prom	4.771	2.775	1.646	1.054	1.436	1.28	0.564	0	1.155	0	1.036
atac_L36763	highk4_prom	3.742	3.542	3.339	2.78	2.623	1.747	2.111	1.925	2.919	1.138	1.376
atac_L36805	highk4_prom	4.612	4.438	1.402	2.512	2.109	1.565	1.501	2.029	2.458	1.729	1.174
atac_L36814	highk4_prom	4.302	4.383	1.958	2.08	1.962	1.63	0.564	2.896	2.659	1.449	1.126
atac_L36820	highk4_prom	4.211	2.849	3.027	3.388	2.914	2.336	1.824	4.179	3.567	2.928	1.419
atac_L36823	highk4_prom	4.499	4.009	1.433	2.314	2.242	0.781	1.73	3.274	2.795	2.24	1.432
atac_L36825	highk4_prom	3.767	3.637	0.979	1.418	2.072	0.989	1.741	0	2.116	0.809	0.778
atac_P06523	highk4_prom	3.346	3.017	2.733	3.503	2.507	2.175	1.881	2.464	2.791	1.387	1.306
atac_L36829	highk4_prom	4.038	5.008	1.812	2.624	1.891	1.935	1.94	0	2.081	1.018	1.355
atac_L36874	highk4_prom	5.096	5.125	1.8	3.1	2.594	1.416	2.222	2.654	3.143	2.14	0.365
atac_P06547	highk4_prom	3.69	3.911	1.439	2.463	2.198	2.28	1.646	1.952	2.269	2.709	1.193
atac_L36880	highk4_prom	4.178	4.475	1.806	2.786	2.372	1.976	2.282	0	2.299	1.457	1.869
atac_L36890	highk4_prom	4.391	4.093	1.383	2.1	1.635	1.177	0.791	2.098	1.623	1.268	0.739
atac_L36898	highk4_prom	3.879	4.746	3.157	3.426	2.889	2.103	1.251	3.363	3.537	2.219	0.59
atac_L36900	highk4_prom	3.546	2.88	1.629	2.174	1.75	1.571	1.85	0	2.258	1.862	1.1
atac_P06558	highk4_prom	3.78	4.415	1.409	2.467	2.143	1.478	0.891	0	2.735	1.16	0.435
atac_L36937	highk4_prom	4.637	3.117	1.297	1.924	1.552	1.525	0.569	1.394	3.004	0.764	1.374
atac_L36944	highk4_prom	4.528	3.328	2.161	1.822	2.78	1.81	0.991	0	3.301	0.777	0.962
atac_L36949	highk4_prom	3.586	4.309	2.74	3.402	2.675	2.588	1.02	2.986	3.472	1.691	1.351
atac_L36967	highk4_prom	4.258	3.65	1.979	2.717	2.122	1.677	2.226	3.539	3.072	1.714	1.45
atac_L37001	highk4_prom	4.405	4.22	1.127	2.408	2.243	1.681	1.615	2.161	3.664	1.993	0.887
atac_L30467	highk4_prom	3.662	4.756	2.845	2.145	2.171	2.377	1.512	2.506	2.95	2.005	1.772
atac_L30540	highk4_prom	3.601	3.854	1.172	2.624	1.841	1.737	0.94	0	2.864	1.733	1.4
atac_L30546	highk4_prom	3.984	5.226	1.864	2.174	1.703	1.193	0.804	0	3.076	1.483	1.472
atac_L30572	highk4_prom	3.777	4.942	3.073	2.73	2.212	2.329	2.292	2.098	2.897	1.932	1.651
atac_L30640	highk4_prom	4.342	2.354	1.025	0.207	1.028	0.933	0.972	0	2.232	1.626	1.13
atac_L30661	highk4_prom	3.554	4.38	1.114	2.667	1.949	1.702	2.276	1.955	2.92	0.388	0.435
atac_L30676	highk4_prom	3.73	3.128	1.727	1.675	1.338	1.114	0.982	0	2.481	1.794	0.619
atac_L30822	highk4_prom	4.174	4.339	1.46	2.974	1.749	1.361	2.341	0	3.029	1.304	1.342
atac_L30828	highk4_prom	3.608	3.161	1.591	1.961	1.533	1.23	1.908	0	2.4	0	0.498
atac_L30869	highk4_prom	3.857	4.174	1.028	1.804	1.902	1.684	1.617	0	3.012	1.319	0.995
atac_L30893	highk4_prom	3.885	2.998	1.578	2.669	1.88	1.412	1.653	0	2.655	1.445	0.938
atac_L30915	highk4_prom	4.385	3.049	0.892	0.399	0.852	0.956	0.995	0	1.642	0	1.607
atac_L30932	highk4_prom	4.254	4.988	1.704	1.595	2.328	1.627	1.631	0	2.672	1.331	1.005
atac_L30958	highk4_prom	4.587	4.513	1.529	1.01	1.095	1.14	0.839	2.183	2.571	1.536	0.9
atac_L30960	highk4_prom	3.795	4.251	1.848	1.849	2.219	1.712	1.758	2.54	2.399	1.445	1.207
atac_L30977	highk4_prom	4.446	4.601	1.048	0.923	1.515	1.283	1.83	0	1.578	1.745	0
atac_L30986	highk4_prom	4.09	3.79	1.115	2.706	2.123	1.873	1.134	0	2.609	2.155	1.632
atac_L31030	highk4_prom	3.812	3.731	0.91	2.032	1.187	1.565	0.907	2.438	1.697	0.396	1.057
atac_L31052	highk4_prom	4.599	4.182	1.683	2.214	2.239	1.89	1.093	2.019	3.589	0.727	1.318
atac_L31099	highk4_prom	3.758	2.394	0.948	1.831	1.356	1.098	1.803	0	2.272	1.66	0.751
atac_L31105	highk4_prom	3.722	4.575	2.007	2.809	2.445	2.009	1.521	2.517	3.404	2.13	1.108
atac_L31121	highk4_prom	4.186	4.357	0.586	2.456	1.128	1.4	1.583	0	2.612	1.058	1.245
atac_L31122	highk4_prom	3.575	3.813	3.092	3.224	2.327	2.323	1.338	2.147	3.46	1.838	0.984
atac_L31150	highk4_prom	4.04	2.992	1.226	0.873	0.153	0.784	1.619	0	2.658	0.459	0
atac_L31158	highk4_prom	4.586	3.936	1.252	1.144	1.291	0.939	1.173	0	2.194	0.932	0.757
atac_L31171	highk4_prom	4.098	3.567	1.624	0.927	0.895	1.05	1.739	0	2.484	1.234	0.824
atac_L31177	highk4_prom	4.723	3.333	0.714	2.221	2.312	1.893	1.798	2.117	2.793	2.305	1.397
atac_L31182	highk4_prom	5.212	5.409	1.734	2.512	1.43	1.599	2.137	0	3.211	0	1.103
atac_L31204	highk4_prom	3.678	3.995	1.921	3.057	2.326	1.377	1.983	1.276	3.244	1.648	0.946
atac_L31222	highk4_prom	3.766	3.772	2.126	2.531	1.781	1.412	1.703	2.823	3.694	1.976	0.901
atac_L31226	highk4_prom	4.22	4.136	1.172	2.197	1.938	2.066	1.432	0	2.528	2.28	1.046
atac_L31235	highk4_prom	4.381	2.602	0.74	2.273	2.233	2.036	0.603	2.169	3.303	1.701	1.278
atac_L31237	highk4_prom	4.194	4.061	1.874	3.086	2.735	1.58	1.652	0	3.092	1.249	1.122
atac_L31271	highk4_prom	4.891	3.309	1.483	1.59	2.203	1.621	1.03	0	1.69	1.705	1.364
atac_L31282	highk4_prom	3.609	4.349	2.659	2.714	2.214	2.137	1.662	2.903	2.41	1.78	1.04
atac_L31287	highk4_prom	3.369	4.511	2.672	2.69	1.503	1.721	1.336	1.975	1.922	0.959	1.211
atac_L31294	highk4_prom	4.005	4.247	2.309	3.547	2.568	2.77	0.308	2.071	3.37	2.45	1.031
atac_L31300	highk4_prom	3.718	4.365	1.693	3.127	2.583	2.364	1.589	2.956	2.216	2.319	1.25
atac_L31301	highk4_prom	4.572	3.694	1.498	1.362	1.428	1.435	1.678	2.102	2.118	1.043	1.228
atac_L31314	highk4_prom	3.479	4.328	2.526	3.131	2.461	2.04	0	2.067	2.692	1.903	0.934
atac_L31316	highk4_prom	3.921	4.446	1.576	2.442	2.18	2.208	1.506	0	1.908	1.221	0.59
atac_L31324	highk4_prom	4.738	3.107	1.274	2.225	1.772	1.69	0.604	3.001	2.611	0	1.892
atac_L31327	highk4_prom	3.478	4.368	2.091	2.217	1.582	1.726	1.646	2.066	1.388	0	1.201
atac_L31347	highk4_prom	3.742	3.94	2.393	3.15	2.315	2.221	2.194	0	2.424	2.789	0.357
atac_L31352	highk4_prom	4.711	5.72	2.175	2.349	1.705	1.551	2.109	3.499	2.094	1.982	0.356
atac_L31354	highk4_prom	3.76	4.971	2.957	3.296	2.553	2.681	0.829	3.519	3.566	2.246	1.832
atac_L31390	highk4_prom	4.172	4.581	2.128	3.671	2.59	2.906	1.499	3.005	3.434	2.466	1.002
atac_L31425	highk4_prom	3.46	2.67	1.305	1.446	1.685	1.778	0.792	2.1	2.311	1.467	0.74
atac_L31432	highk4_prom	4.338	4.418	2.306	3.609	2.86	2.079	2.438	3.831	3.574	2.294	0.959
atac_L31441	highk4_prom	4.628	3.871	1.107	1.284	1.771	1.379	1.479	0	0.966	0.719	0.986
atac_L31446	highk4_prom	3.927	4.513	1.412	2.237	1.735	1.994	2.305	0	2.127	1.714	0.519
atac_L31447	highk4_prom	3.446	4.129	2.647	3.604	2.428	2.29	1.869	2.088	3.302	1.26	1.513
atac_L31456	highk4_prom	4.339	4.216	1.072	0.945	0.912	1.311	1.138	0	2.166	2.268	0.841
atac_P05484	highk4_prom	4.382	3.856	1.432	2.144	1.76	1.921	2.305	2.317	2.676	1.278	0.981
atac_P05486	highk4_prom	4.513	3.803	2.167	3.489	2.34	3.054	2.379	0	3.811	3.267	1.777
atac_L31464	highk4_prom	5.064	4.036	1.528	2.427	1.742	2.023	2.01	0	2.9	2.098	0.759
atac_L31478	highk4_prom	4.862	5.016	1.471	2.526	2.338	1.964	0.579	0	3.173	1.28	0.625
atac_L31483	highk4_prom	3.529	4.672	2.184	3.132	3.125	2.061	1.485	2.987	3.583	1.515	1.183
atac_L31506	highk4_prom	4.264	4.775	3.29	3.185	2.306	2.718	1.612	0	3.415	2.449	1.641
atac_L31520	highk4_prom	3.406	3.231	1.763	1.94	1.847	1.273	0.796	2.106	1.63	0	0.49
atac_L31548	highk4_prom	5.456	4.924	1.071	1.489	1.912	1.926	2.274	2.152	2.365	2.113	1.086
atac_P05499	highk4_prom	3.779	4.984	2.183	2.226	2.222	2.227	0.287	3.073	2.923	2.53	1.144
atac_L31556	highk4_prom	3.927	4.2	3.38	3.319	2.544	1.644	1.924	2.617	3.276	2.996	1.629
atac_L31558	highk4_prom	4.688	3.842	1.016	1.247	1.158	1.187	1.853	0	2.279	0.754	1.12
atac_L31582	highk4_prom	4.381	4.787	1.359	1.503	2.088	1.942	1.846	2.169	2.5	2.248	0.891
atac_L31612	highk4_prom	4.822	4.838	2.534	3.333	3.058	2.391	1.192	2.986	3.154	2.118	0.885
atac_L31621	highk4_prom	4.191	4.404	1.004	1.383	1.058	0.484	1.323	0	0.514	0	0
atac_L31627	highk4_prom	4.017	3.599	1.369	1.51	1.382	1.133	1.764	2.547	1.608	0.759	1.038
atac_L31635	highk4_prom	4.179	4.692	1.804	1.692	1.962	1.549	2.634	2.942	2.999	0.78	0
atac_L31638	highk4_prom	4.279	3.48	1.274	1.324	1.455	0.988	1.623	0	0.53	2.132	0.362
atac_L31686	highk4_prom	3.425	3.723	2.752	3.524	2.165	1.857	1.095	2.483	2.85	1.859	0.998
atac_L31703	highk4_prom	3.399	4.044	3.145	3.708	2.743	2.782	1.562	2.1	2.859	2.732	1.826
atac_L31706	highk4_prom	5.411	5.726	1.505	3.608	2.411	2.747	2.35	2.627	3.253	2.234	1.349
atac_L31713	highk4_prom	4.654	4.1	1.016	1.643	1.726	1.548	1.012	0	2.733	1.505	0.505
atac_L31729	highk4_prom	4.101	4.741	2.443	2.78	2.152	1.696	1.741	2.055	3.323	0	1.613
atac_P05527	highk4_prom	5.339	4.277	0.96	2.257	2.653	2.261	1.64	0	3.357	1.015	0.719
atac_L31735	highk4_prom	3.515	2.368	0.932	1.673	1.584	1.691	0.981	2.097	1.968	1.637	0.486
atac_L31759	highk4_prom	4.668	3.118	1.09	1.512	1.204	1.445	1.363	0	2.567	1.095	1.105
atac_L31772	highk4_prom	4.45	4.515	2.459	2.822	2.823	2.159	2.517	3.229	3.641	2.756	0.348
atac_L31803	highk4_prom	4.413	4.038	2.808	2.722	2.195	2.103	2.093	2.78	3.14	1.176	1.211
atac_L31811	highk4_prom	4.168	4.457	1.557	1.878	2.27	1.925	1.496	3.526	2.188	1.861	0.193
atac_L31817	highk4_prom	4.94	4.73	1.748	2.226	2.301	2.128	2.518	3.23	3.078	2.31	0.969
atac_L31818	highk4_prom	4.057	4.151	1.83	2.639	1.521	1.333	2.019	2.146	2.418	1.305	0
atac_L31824	highk4_prom	3.846	5.316	2.958	3.044	2.697	2.51	2.115	2.155	3.498	0.8	1.571
atac_L31825	highk4_prom	4.314	4.576	1.519	2.324	2.183	1.779	1.74	0	1.874	1.703	1.715
atac_L31853	highk4_prom	3.77	4.692	1.321	2.376	2.52	2.451	1.743	3.529	2.615	2.006	1.443
atac_L31857	highk4_prom	4.27	2.565	1.412	2.735	2.463	2.563	2.095	3.244	2.978	1.967	0.758
atac_L31859	highk4_prom	4.096	4.583	1.498	2.093	2.065	1.389	0.817	2.145	1.563	0	0.878
atac_L31882	highk4_prom	5.136	3.117	1.83	1.594	2.04	1.872	1.034	2.179	2.816	0.813	0.898
atac_L31883	highk4_prom	3.625	4.244	2.518	2.144	2.353	2.212	2.185	0	2.947	1.677	1.34
atac_L31888	highk4_prom	4.696	2.936	0.944	1.69	2.163	0.799	2.077	2.94	2.201	0.779	0.861
atac_L31889	highk4_prom	4.402	4.311	1.174	2.615	1.559	2.045	1.837	0	2.545	1.991	0.992
atac_L31890	highk4_prom	4.205	4.242	1.294	2.67	1.814	2.21	1.919	0	2.352	2.219	0.875
atac_L31912	highk4_prom	5.386	2.971	0.964	1.567	1.521	1.445	1.719	0	2.092	1.682	1.494
atac_L31918	highk4_prom	3.517	4.618	2.694	3.158	2.779	1.897	1.594	2.468	2.329	0.98	0.318
atac_L31927	highk4_prom	4.662	2.538	0.58	0.84	1.118	1.216	2.152	3.453	2.055	0.775	1.661
atac_L31946	highk4_prom	4.33	2.761	1.191	0	1.016	1.239	1.211	0	1.231	0.816	1.108
atac_L31964	highk4_prom	4.459	1.831	1.139	2.471	1.63	1.471	1.855	0	1.592	1.33	1.368
atac_L31967	highk4_prom	4.519	4.695	0.926	3.097	1.754	2.324	2.374	2.177	3.279	1.866	1.519
atac_L31980	highk4_prom	4.323	4.593	1.596	2.857	2.949	2.21	1.297	3.639	3.455	1.463	0.341
atac_L32020	highk4_prom	4.049	3.111	0.866	3.229	2.203	1.572	1.742	2.174	2.324	2.253	1.001
atac_L32053	highk4_prom	4.059	4.085	2.144	2.46	2.417	1.831	0.952	2.866	2.135	1.597	1.344
atac_L32067	highk4_prom	3.815	2.907	1.17	1.595	0.995	0.901	0.313	0	1.408	1.786	0.846
atac_L32081	highk4_prom	3.818	3.638	1.564	2.231	2.451	1.91	2.453	0	3.437	1.345	1.462
atac_L32083	highk4_prom	4.663	4.349	1.216	1.31	1.253	1.503	2.275	0	2.483	0.454	0.768
atac_L32088	highk4_prom	3.421	2.064	0.742	1.419	1.726	1.439	0.605	0	2.854	1.527	0.363
atac_L32090	highk4_prom	4.314	3.526	1.114	2.09	1.31	1.732	1.181	2.142	2.527	1.302	1.809
atac_L32092	highk4_prom	4.137	2.007	0.889	1.372	1.521	1.365	0.992	2.114	2.497	0	0.626
atac_L32102	highk4_prom	4.585	5.357	1.016	2.22	1.833	1.273	1.412	0	1.862	1.246	0.334
atac_P05605	highk4_prom	3.627	4.394	1.884	3.214	2.216	2.242	0.954	0	2.723	1.891	1.551
atac_L32166	highk4_prom	3.938	1.808	1.428	1.724	1.185	1.396	1.018	2.154	2.023	1.311	1.427
atac_P05642	highk4_prom	4.674	4.776	1.597	2.301	1.576	1.425	1.269	0	3.041	1.756	0.718
atac_P05644	highk4_prom	3.653	3.294	1.416	2.12	2.172	1.763	2.435	0	3.204	1.292	0.731
atac_L32216	highk4_prom	4.732	4.15	0.276	1.878	1.343	1.357	0.986	0	2.05	0.773	0
atac_L32230	highk4_prom	4.45	3.153	0.836	2.225	1.965	0.627	1.166	0	1.991	0.782	0.348
atac_L32250	highk4_prom	4.494	3.261	1.371	2.08	2.295	1.701	2.093	0	2.764	1.063	0.634
atac_L32255	highk4_prom	5.038	3.441	1.322	3.03	1.855	1.904	2.031	1.378	3.504	2.148	1.204
atac_P05662	highk4_prom	4.129	3.067	1.452	2.018	1.675	0.992	1.447	0	0.943	0	0.775
atac_L32278	highk4_prom	4.232	3.252	2.002	2.978	2.094	1.919	2.24	2.048	3.425	1.594	0.922
atac_L32300	highk4_prom	4.784	3.967	1.054	1.899	1.584	1.939	1.459	2.126	3.008	1.29	0.866
atac_L32337	highk4_prom	4.148	5.147	2.033	2.157	2.037	2.004	0.597	2.155	2.486	2.344	0.883
atac_L32339	highk4_prom	4.128	4.954	1.64	2.74	2.347	2.421	2.228	2.577	2.691	1.802	2.129
atac_L32356	highk4_prom	3.36	4.409	1.757	2.695	1.533	1.807	0.961	2.067	3.015	1.903	1.029
atac_L32358	highk4_prom	3.657	4.945	2.073	2.323	1.771	1.734	0.604	0	1.352	2.001	0.892
atac_L32365	highk4_prom	3.427	5.389	2.68	3.154	2.172	2.183	1.362	3.009	2.565	2.009	0.517
atac_P05678	highk4_prom	5.278	3.906	1.18	1.576	1.652	1.573	1.577	2.794	2.888	1.951	1.554
atac_L32367	highk4_prom	5.01	4.66	0.927	2.232	1.431	1.625	1.362	2.178	0.922	0	0.364
atac_L32395	highk4_prom	4.535	3.785	1.473	2.596	2.218	1.603	0.562	2.073	2.652	1.023	1.688
atac_L32397	highk4_prom	4.751	3.33	1.449	2.411	2.68	2.244	2.434	0	3.023	1.59	1.476
atac_P05690	highk4_prom	4.069	4.618	2.904	2.817	2.221	2.113	0.957	2.876	2.729	2.138	1.113
atac_L32416	highk4_prom	4.238	4.054	1.634	2.573	2.256	1.63	1.617	0	2.828	0.626	1.023
atac_L32419	highk4_prom	4.019	5.153	1.961	2.531	2.022	1.699	0.971	3.801	1.791	1.624	0.338
atac_L32424	highk4_prom	4.551	3.766	1.607	2.597	1.738	1.386	1.307	0	1.978	1.942	0.744
atac_L32426	highk4_prom	3.655	4.647	2.751	2.321	1.989	2.19	2.211	2.997	2.934	2.247	1.19
atac_L32431	highk4_prom	3.458	3.754	2.298	2.66	2.307	1.756	1.436	2.098	2.309	1.932	1.225
atac_L32463	highk4_prom	4.548	4.62	1.597	2.377	2.152	1.74	1.205	2.65	3.405	1.707	0.654
atac_L32466	highk4_prom	4.215	4.298	1.832	2.715	1.908	1.715	1.338	0	1.763	1.981	0.641
atac_P05696	highk4_prom	3.628	4.395	2.274	3.327	2.119	2.078	0.555	2.871	2.634	2.758	1.838
atac_L32482	highk4_prom	3.875	4.507	2.029	2.01	1.803	1.137	0.608	0	2.511	1.868	0.782
atac_P05698	highk4_prom	5.083	3.708	1.39	1.773	2.054	1.475	1.527	0	2.328	2.245	1.113
atac_L32519	highk4_prom	4.616	2.321	1.268	2.294	2.064	1.734	1.836	2.517	2.72	1.233	1.108
atac_L32524	highk4_prom	4.232	4.339	1.114	2.635	1.959	1.65	1.76	2.542	2.223	1.251	1.208
atac_P05705	highk4_prom	4.028	4.396	1.859	2.299	1.979	2.11	1.932	2.057	2.539	1.431	0.928
atac_L32555	highk4_prom	3.837	5.435	2.025	2.818	2.159	1.941	2.107	2.147	2.686	2.621	0.879
atac_L32630	highk4_prom	4.098	4.217	1.208	2.085	1.928	1.103	1.423	0	2.099	1.452	1.441
atac_L32646	highk4_prom	3.624	4.445	1.841	2.248	2.126	1.854	1.434	2.917	3.153	2.283	1.304
atac_L32650	highk4_prom	3.334	2.25	0.856	1.106	1.287	1.281	1.344	2.155	1.859	1.312	0.645
atac_L32669	highk4_prom	3.8	4.005	1.684	1.653	1.784	2.195	1.835	2.986	2.37	1.989	1.503
atac_P05752	highk4_prom	3.575	3.197	1.287	2.252	1.82	1.969	1.173	3.008	1.281	1.329	1.562
atac_L32770	highk4_prom	3.792	3.677	1.173	1.871	2.011	0.903	1.91	0	2.412	0.998	1.007
atac_L26087	highk4_prom	3.439	4.137	1.246	2.287	1.977	2.073	0.588	3.481	2.623	0	0.871
atac_L26159	highk4_prom	5.045	4.926	1.932	3.029	2.688	2.788	1.963	0	3.043	1.553	2.186
atac_L26165	highk4_prom	3.517	3.609	1.642	2.202	1.908	2.016	1.185	0	2.478	2.438	1.565
atac_L26201	highk4_prom	3.824	3.736	1.334	2.29	1.457	1.565	1.007	0	3.02	0	2.017
atac_L26203	highk4_prom	3.333	3.159	1.925	2.241	2.382	1.665	1.392	2.044	3.394	0.74	0.819
atac_L26210	highk4_prom	3.486	4.053	2.117	2.266	1.833	1.54	1.61	1.343	2.233	1.988	1.001
atac_L26257	highk4_prom	3.551	3.217	1.279	0.879	0.929	0.7	0	0	2.813	1.329	0.364
atac_L26329	highk4_prom	4.038	3.363	1.451	2.007	1.429	1.786	1.881	0	2.27	1.388	1.568
atac_L26332	highk4_prom	3.336	3.62	2.206	3.184	1.784	2.363	1.02	0	3.756	1.691	0.885
atac_L26350	highk4_prom	3.616	3.721	1.04	2.752	2.556	1.811	1.365	0	2.514	2.262	0.783
atac_P04829	highk4_prom	3.785	2.679	1.63	0.361	1.166	1.533	0.529	0	1.623	1.545	0.79
atac_L26515	highk4_prom	4.07	2.421	1.148	1.951	1.77	1.647	1.588	2.809	2.322	1.964	0.795
atac_L26541	highk4_prom	3.865	4.7	1.164	1.917	2.244	1.625	1.242	2.834	2.812	1.723	1.321
atac_L26554	highk4_prom	3.703	3.626	1.354	1.732	1.692	2.135	1.023	2.162	2.798	1.519	1.273
atac_L26570	highk4_prom	3.977	4.387	1.967	0.966	1.409	1.64	0.992	0	2.199	2.193	2.043
atac_L26584	highk4_prom	3.926	4.511	1.04	1.887	1.404	1.27	1.21	2.182	3.109	0	0.657
atac_L26611	highk4_prom	4.187	2.278	1.198	1.598	2.334	1.717	1.702	2.013	3.121	1.203	1.08
atac_L26619	highk4_prom	3.54	5.023	1.319	1.762	1.441	1.095	2.514	0	2.063	1.054	0.749
atac_L26621	highk4_prom	3.419	2.009	0.775	1.184	0.934	0.954	0.993	0	1.429	1.052	0
atac_L26625	highk4_prom	4.259	4.481	1.283	2.127	1.583	1.317	1.169	0	2.454	1.488	0.631
atac_L26628	highk4_prom	4.327	4.699	1.576	2.206	1.183	1.395	1.016	0	2.786	1.31	0.882
atac_L26678	highk4_prom	4.259	4.189	1.663	1.808	1.337	1.531	1.435	2.097	1.717	2.567	1.305
atac_P04848	highk4_prom	4.731	3.269	1.011	2.044	1.392	1.37	0.734	0	2.563	1.545	0.314
atac_L26680	highk4_prom	3.805	2.823	1	1.831	1.472	1.897	1.58	2.121	2.609	1.286	0.348
atac_L26685	highk4_prom	4.4	5.104	2.471	3.043	2.448	2.444	1.955	2.9	3.733	2.043	0.943
atac_P04849	highk4_prom	5.19	4.837	1.631	2.436	2.005	2.121	2.318	1.317	3.221	1.832	1.066
atac_L26692	highk4_prom	4.07	5.026	2.798	2.84	2.08	2.172	0.92	2.001	2.619	0.976	1.504
atac_L26695	highk4_prom	5.655	5.745	1.822	3.144	2.07	2.332	1.028	2.17	3.238	2.461	0.999
atac_L26719	highk4_prom	3.954	4.452	2.121	3.297	2.841	2.694	1.945	3.521	4.388	2.953	0.997
atac_L26746	highk4_prom	4.03	4.44	2.126	2.228	2.082	1.919	0.584	3.47	3.043	1.661	1.545
atac_L26767	highk4_prom	4.312	4.718	1.708	1.756	1.743	1.592	1.311	1.413	2.44	1.946	1.15
atac_L26779	highk4_prom	5.061	4.732	1.678	2.099	2.283	2.453	1.93	1.444	3.521	2.231	1.424
atac_L26784	highk4_prom	4.13	4.395	1.85	1.863	2.313	1.988	1.329	1.967	2.625	1.523	1.277
atac_L26826	highk4_prom	4.216	4.322	1.355	2.011	1.651	1.702	2.105	2.063	3.045	1.898	1.492
atac_L26865	highk4_prom	4.098	4.549	2.972	3.043	2.609	2.536	0.336	2.18	2.862	1.331	1.522
atac_L26895	highk4_prom	4.492	5.095	1.506	2.827	1.997	2.161	1.19	3.506	3.152	2.235	1.181
atac_L26903	highk4_prom	4.351	5.117	1.453	2.421	2.138	1.79	1.965	2.091	2.764	1.926	0.735
atac_L26936	highk4_prom	3.335	3.69	3.155	2.922	2.481	1.932	1.3	0	2.858	0.436	1.652
atac_L26950	highk4_prom	3.618	3.414	1.68	2.893	1.874	2.101	1.261	2.048	2.956	1.884	1.606
atac_L26951	highk4_prom	4.268	3.624	1.222	1.409	1.325	1.125	1.488	2.161	1.95	0	0.994
atac_L26966	highk4_prom	4.608	4.277	1.593	2.185	2.262	1.169	0.587	2.602	3.193	1.667	0.186
atac_L26977	highk4_prom	3.625	3.177	1.637	2.432	1.985	1.973	0.592	2.142	2.729	1.302	1.417
atac_L27010	highk4_prom	4.334	3.318	1.224	3.294	2.234	2.321	1.786	3.209	3.38	2.291	1.774
atac_L27046	highk4_prom	4.347	4.72	1.993	3.116	2.284	2.285	2.953	2.169	2.893	2.644	1.438
atac_L27051	highk4_prom	5.083	3.403	1.57	1.072	1.781	1.654	2.148	0	1.975	0.773	1.23
atac_L27069	highk4_prom	5.214	4.191	1.703	2.819	2.594	2.168	0.608	0	3.468	2.471	1.447
atac_L27091	highk4_prom	4.097	3.57	1.28	2.982	2.607	2.168	1.362	3.01	2.671	2.01	2.107
atac_L27094	highk4_prom	4.297	4.396	2.182	3.045	2.32	2.288	2.028	0	3.499	1.69	1.269
atac_L27099	highk4_prom	4.379	3.599	0.904	1.561	1.34	1.11	0.815	0	2.578	1.832	1.97
atac_L27129	highk4_prom	3.867	4.654	2.244	2.742	2.271	2.476	2.044	3.289	2.504	1.527	1.442
atac_L27130	highk4_prom	3.433	5.242	2.304	2.955	2.04	2.127	1.716	1.345	2.736	1.577	1.528
atac_L27139	highk4_prom	3.428	4.191	1.089	2.233	2	2.249	2.222	0	2.047	2.14	1.286
atac_P04911	highk4_prom	3.891	4.644	1.758	2.951	2.608	2.091	1.94	3.296	2.594	1.533	1.421
atac_L27174	highk4_prom	3.779	4.282	2.339	3.807	2.684	2.653	1.3	3.821	2.858	2.387	0.954
atac_L27195	highk4_prom	3.531	4.949	3.528	3.521	2.653	2.474	1.604	3.344	3.542	1.856	1.084
atac_L27210	highk4_prom	4.501	4.315	2.966	3.766	3.286	2.543	1.941	4.663	3.42	2.123	1.507
atac_L27212	highk4_prom	4.867	4.189	2.493	2.964	3.18	2.282	2.402	3.484	3.297	2.324	1.075
atac_L27215	highk4_prom	3.988	3.293	1.433	2.96	2.224	2.245	2.558	0	2.839	2.944	1.271
atac_L27217	highk4_prom	3.992	4.892	2.538	3.411	2.441	2.639	2.393	2.952	3.084	3.162	2.192
atac_P04919	highk4_prom	4.69	4.773	1.939	3.014	2.502	2.43	2.075	3.126	3.841	1.581	0.705
atac_L27230	highk4_prom	3.916	3.182	1.012	2.066	1.452	1.704	2.393	0	1.494	1.608	1.116
atac_L27232	highk4_prom	3.947	4.683	2.195	3.081	2.777	2.103	2.463	3.477	3.154	1.166	1.273
atac_L27264	highk4_prom	3.457	1.167	1.301	1.72	1.25	0.937	1.339	0	2.234	0	1.084
atac_P04934	highk4_prom	4.25	4.019	2.27	3.433	2.632	2.145	1.923	4.594	2.661	1.165	1.53
atac_L27332	highk4_prom	3.493	2.757	1.368	2.557	1.917	1.933	2.302	0	2.265	1.331	0.898
atac_P04943	highk4_prom	3.568	4.176	1.454	2.291	1.876	1.201	1.736	0	1.922	1.748	0.822
atac_L27355	highk4_prom	4.368	4.277	1.725	2.66	2.033	2.153	1.325	2.131	2.281	1.493	0.633
atac_L27372	highk4_prom	4.647	5.546	1.992	2.998	1.814	1.616	1.332	0	2.904	1.068	1.17
atac_L27374	highk4_prom	4.971	3.993	0.729	2.393	1.549	1.622	1.826	0	2.016	1.838	1.083
atac_L27378	highk4_prom	4.983	4.642	2.14	3.335	2.038	2.17	2.069	1.343	3.644	1.575	0.809
atac_L27390	highk4_prom	3.43	4.194	2.614	2.953	2.541	2.084	2.378	2.656	3.181	1.332	0.899
atac_L27392	highk4_prom	3.55	5	3.086	3.783	2.988	2.467	2.04	3.416	1.95	1.775	1.127
atac_L27395	highk4_prom	4.205	4.279	2.124	2.877	2.252	2.391	1.623	0	2.256	1.324	0.652
atac_L27399	highk4_prom	3.535	3.699	2.824	2.836	2.421	2.369	1.616	2.993	2.55	1.318	0.648
atac_L27408	highk4_prom	3.688	4.827	1.595	2.038	2.463	2.039	1.575	1.986	3.025	1.54	1.552
atac_L27409	highk4_prom	4.463	4.035	1.602	2.823	1.434	1.39	1.858	0	2.724	1.333	0.657
atac_L27436	highk4_prom	3.578	3.03	0.768	2.105	1.986	1.63	2.064	0	3.056	1.937	0.741
atac_L27440	highk4_prom	3.748	4.063	1.201	1.786	1.879	1.159	1.132	0	1.278	1.024	1.033
atac_L27443	highk4_prom	3.988	4.562	1.984	2.653	1.94	1.894	1.938	0	1.948	0.802	0.646
atac_P04959	highk4_prom	5.01	4.206	1.726	2.005	2.469	1.822	0.921	2.003	2.48	1.196	1.155
atac_L27457	highk4_prom	3.88	3.122	1.951	1.676	2.024	1.14	1.366	2.183	1.699	1.714	1.372
atac_L27499	highk4_prom	3.957	2.949	0.892	1.926	1.425	1.545	2.223	0	1.904	1.218	1.254
atac_L27506	highk4_prom	4.132	3.106	4.096	3.539	2.652	2.18	0.782	2.08	3.437	1.776	0.84
atac_L27514	highk4_prom	3.338	4.217	3.952	3.633	3.275	2.898	2.494	5.085	4.164	3.256	0.992
atac_L27523	highk4_prom	3.829	5.206	2.814	3.159	2.212	2.12	1.21	3.538	3.876	0.815	1.523
atac_L27530	highk4_prom	4.553	4.295	1.825	2.308	1.763	1.807	2.566	2.11	2.739	1.277	1.532
atac_L27537	highk4_prom	4.219	3.94	1.345	2.441	2.249	2.14	2.023	2.979	3.074	1.309	1.086
atac_L27548	highk4_prom	3.366	4.482	1.406	2.458	1.845	1.739	0.585	2.951	1.832	2.205	1.16
atac_L27564	highk4_prom	4.132	4.613	1.675	2.935	2.38	2.049	1.792	2.111	2.829	2.298	0.624
atac_L27568	highk4_prom	4.045	5.192	2.352	2.462	2.516	1.963	1.623	3.001	2.256	2.36	1.715
atac_L27571	highk4_prom	3.834	2.057	1.314	2.245	2.123	1.396	1.658	2.422	2.047	1.67	1.345
atac_L27576	highk4_prom	4.15	4.444	2.607	2.097	2.176	1.732	1.672	0	2.365	1.266	0.617
atac_L27577	highk4_prom	3.961	4.98	3.046	2.945	2.432	1.907	2.509	3.004	3.1	1.705	0.779
atac_L27582	highk4_prom	4.322	5.138	2.286	3.299	2.75	2.59	1.014	3.498	3.179	1.839	1.263
atac_L27607	highk4_prom	3.654	3.249	1.777	1.764	1.325	1.972	2.242	0	2.883	1.659	0.864
atac_L27677	highk4_prom	3.633	3.995	3.511	3.931	3.186	2.73	1.72	4.184	4.134	1.84	1.345
atac_L27682	highk4_prom	4.475	3.475	1.314	2.501	2.124	2.573	2.038	2.166	3.091	2.805	1.51
atac_P04994	highk4_prom	4.298	3.223	1.397	2.026	1.946	1.667	1.9	2.024	2.813	1.986	1.17
atac_L27699	highk4_prom	3.951	4.273	3.33	3.412	2.275	1.719	1.171	2.128	3.256	2.207	0.498
atac_L27729	highk4_prom	3.895	5.246	1.319	2.066	1.942	1.573	0.803	2.118	1.184	1.656	0
atac_L27739	highk4_prom	3.667	3.014	1.747	0.828	1.359	1.107	1.292	0	2.105	1.784	0.947
atac_L27747	highk4_prom	4.177	4.719	1.776	2.374	1.872	1.957	0.975	2.088	2.572	1.26	1.297
atac_L27811	highk4_prom	4.077	3.894	2.364	2.835	2.812	1.682	2.497	2.162	3.087	0.804	0.888
atac_L27820	highk4_prom	3.605	5.031	3.615	3.272	2.576	2.426	2.168	3.853	3.646	2.204	0.866
atac_L27826	highk4_prom	4.397	4.339	1.529	2.336	1.464	2.314	1.365	3.299	2.333	1.333	1.007
atac_L27895	highk4_prom	3.345	4.716	1.787	1.413	1.591	1.939	1.025	0	2.89	1.521	1.51
atac_P05066	highk4_prom	4.069	3.082	1.057	1.143	1.448	1.475	1.935	0	2.076	0	0.473
atac_L27952	highk4_prom	3.724	4.482	1.032	2.465	1.977	1.622	1.297	2.562	2.972	2.056	0.617
atac_L27983	highk4_prom	3.539	3.361	0.807	1.577	0.387	0.888	0	0	1.863	0	0.334
atac_L27998	highk4_prom	4.149	4.261	1.58	2.447	2.186	2.178	1.345	2.156	2.744	2.236	1.089
atac_L27999	highk4_prom	4.042	4.137	1.488	2.287	2.092	1.746	1.465	0	2.766	1.296	1.074
atac_L28019	highk4_prom	3.82	4.89	0.925	1.742	0.969	1.063	1.03	0	0.919	1.326	1.001
atac_L28021	highk4_prom	4.498	3.089	1.318	1.841	1.722	1.27	1.75	0	1.776	1.018	1.117
atac_L28045	highk4_prom	3.63	4.726	2.305	3.518	2.122	2.884	1.718	3.496	3.646	2.225	1.174
atac_L28052	highk4_prom	3.942	5.522	1.777	2.013	1.605	2.11	1.455	2.121	2.206	2.2	1.608
atac_L28070	highk4_prom	4.279	2.877	1.442	2.372	2.252	1.594	2.506	3.524	2.895	1.703	1.584
atac_L28081	highk4_prom	3.782	4.637	1.955	3.04	1.906	1.717	0.984	2.923	3.16	1.271	1.384
atac_L28095	highk4_prom	3.362	4.696	1.975	1.464	1.752	1.819	1.167	1.42	1.913	1.287	0.969
atac_L28098	highk4_prom	3.648	3.493	2.526	2.395	1.986	1.847	1.779	2.798	3.276	1.545	1.297
atac_L28133	highk4_prom	3.405	3.89	1.718	2.493	2.291	1.343	2.119	0	3.045	0.802	1.353
atac_L28136	highk4_prom	3.34	4.197	2.033	2.392	1.802	1.462	0.985	0	1.527	1.643	1.054
atac_P05114	highk4_prom	4.055	4.497	1.973	3.539	2.761	2.949	1.707	2.48	3.063	2.203	1.318
atac_L28174	highk4_prom	4.417	4.652	2.149	2.878	2.352	2.194	1.029	2.172	3.206	2.558	1.778
atac_P05116	highk4_prom	3.696	4.889	2.801	2.435	2.182	2.106	1.075	0	3.359	1.189	1.672
atac_P05117	highk4_prom	4.313	4.128	1.431	2.713	2.202	1.833	0.883	3.019	2.759	1.905	0.761
atac_P05119	highk4_prom	3.869	4.848	2.052	1.618	1.627	1.345	1.553	1.961	2.385	1.165	0.669
atac_L28196	highk4_prom	3.676	4.136	1.909	2.339	1.86	2.076	1.74	2.054	2.678	2.433	0.825
atac_L28210	highk4_prom	4.298	3.873	1.651	1.32	1.11	1.047	1.631	0	1.259	0	1.105
atac_L28246	highk4_prom	4.644	3.963	1.811	2.878	2.343	1.833	2.226	2.847	3.24	1.22	1.007
atac_L28282	highk4_prom	3.86	3.205	1.131	2.367	1.329	2.298	0.602	0	1.87	1.699	1.712
atac_L32925	highk4_prom	3.506	4.332	2.655	3.447	2.334	2.652	2.334	0	3.56	2.429	0.76
atac_L32952	highk4_prom	3.664	4.284	1.405	2.67	1.752	1.693	1.359	2.175	2.448	1.706	1.002
atac_L32954	highk4_prom	4.09	3.888	1.503	1.818	2.332	0.948	0.988	0	2.257	1.473	0.856
atac_L32962	highk4_prom	5.477	4.574	1.352	1.611	1.669	1.612	2.069	2.578	2.258	0	1.057
atac_L32967	highk4_prom	3.794	2.976	0.794	1.984	1.498	1.152	1.016	2.152	1.671	0.799	1.086
atac_L32970	highk4_prom	3.774	4.832	1.487	2.18	1.092	0.875	1.033	0	1.479	1.329	0.364
atac_L32984	highk4_prom	4.237	2.746	1.525	1.889	1.993	1.672	1.836	0	2.136	1.01	1.019
atac_L33043	highk4_prom	3.976	5.095	2.018	2.938	1.697	1.79	2.074	2.113	2.697	1.28	1.06
atac_L33054	highk4_prom	3.607	4.619	1.087	2.744	2.548	1.805	1.852	2.175	3.243	2.006	1.102
atac_L33060	highk4_prom	4.509	3.529	1.254	2.092	1.724	1.496	2.187	0	1.664	0.794	1.562
atac_L33061	highk4_prom	4.186	3.436	1.279	1.714	1.631	1.184	1.941	0	1.495	1.244	0.722
atac_L33063	highk4_prom	5.254	2.276	0.929	1.008	1.578	1.418	1.035	0	0.923	1.534	1.448
atac_L33067	highk4_prom	4.195	3.386	1.268	1.317	0.787	0.983	0.6	2.162	1.866	1.317	0.773
atac_L33069	highk4_prom	3.823	4.095	2.195	2.817	1.925	1.7	1.27	0	1.49	2.138	1.113
atac_L33071	highk4_prom	4.403	3.293	1.65	1.918	1.738	1.037	0.566	1.389	2.464	0.761	1.441
atac_L33091	highk4_prom	5.437	4.186	2.497	2.914	2.616	2.531	2.297	3.529	3.576	1.327	1.195
atac_L33117	highk4_prom	4.668	3.491	1.09	2.285	1.549	1.103	1.035	0	2.722	1.331	0.518
atac_L33144	highk4_prom	3.417	4.821	2.351	3.001	2.182	2.613	1.028	3.285	2.61	1.088	1.098
atac_P05821	highk4_prom	3.875	4.758	2.253	3.44	2.932	3.03	1.474	3.998	3.738	2.459	1.562
atac_L33158	highk4_prom	4.187	3.682	1.41	2.73	1.742	1.837	2.158	2.502	1.664	1.586	1.26
atac_L33164	highk4_prom	4.797	4.502	0.755	2.676	1.802	1.133	1.545	0	1.79	1.776	1.572
atac_L33171	highk4_prom	5.561	5.708	1.911	1.392	1.814	1.794	2.1	2.14	1.66	2.101	1.17
atac_L33177	highk4_prom	3.55	4.332	2.104	3.257	2.037	2.096	1.36	2.65	3.175	2.736	1.72
atac_P05826	highk4_prom	5.203	4.443	2.69	2.981	2.116	1.993	1.591	3.863	3.373	2.187	1.376
atac_L33198	highk4_prom	3.797	2.98	2.157	1.862	2.056	2.127	1.934	2.983	3.381	1.312	1.501
atac_L33205	highk4_prom	3.612	4.029	2.646	1.903	2.07	1.743	2.174	2.131	1.837	1.667	1.072
atac_L33225	highk4_prom	3.992	5.555	2.116	3.023	2.138	2.168	1.732	2.162	3.328	1.853	2.393
atac_L33268	highk4_prom	3.428	2.07	1.037	2.596	1.894	1.601	2.447	0	2.566	1.33	1.005
atac_P05860	highk4_prom	4.717	3.754	1.236	1.47	2.081	1.675	1.831	1.868	2.554	1.832	0.623
atac_L33308	highk4_prom	4.571	4.258	0.812	1.585	1.689	1.563	1.42	2.079	1.607	1.449	0.729
atac_L33353	highk4_prom	4.639	4.698	1.472	2.313	1.856	1.509	1.278	2.888	3.055	1.614	0.936
atac_L33359	highk4_prom	4.037	3.271	0.804	2.167	1.808	1.212	1.273	0	1.858	0.424	1.2
atac_L33375	highk4_prom	3.946	3.881	1.746	2.716	2.5	1.776	2.016	2.52	3.61	1.891	0.717
atac_L33379	highk4_prom	3.533	4.504	2.642	3.615	2.746	1.907	0	2.935	3.238	1.946	1.535
atac_L33383	highk4_prom	4.859	5.069	2.095	3.327	2.271	2.702	1.776	0	2.851	2.381	1.873
atac_L33406	highk4_prom	3.546	3.504	0.779	1.287	1.326	1.344	1.167	0	1.646	1.66	0.349
atac_L33412	highk4_prom	3.409	3.2	1.512	2.9	1.984	2.168	1.732	0	2.751	0	1.273
atac_L33416	highk4_prom	4.029	4.439	1.686	1.084	1.263	1.315	0.805	0	1.83	1.66	0.752
atac_L33492	highk4_prom	4.219	5.767	2.192	3.36	2.478	2.775	1.994	0	3.215	2.2	1.4
atac_L33494	highk4_prom	4.213	4.339	1.29	2.344	1.751	1.871	1.21	0	2.804	0.963	1.357
atac_L33501	highk4_prom	3.409	2.257	1.585	1.994	1.419	1.02	1.023	0	2.031	0.804	1.093
atac_L33509	highk4_prom	3.506	3.67	2.117	2.593	2.318	2.414	1.819	0	3.202	1.972	1.337
atac_L33518	highk4_prom	3.919	3.83	3.048	3.089	2.42	1.618	1.201	2.426	2.829	1.809	1.13
atac_L33522	highk4_prom	4.4	4.322	1.244	2.833	2.789	2.153	2.326	2.956	3.725	1.667	1.072
atac_L33540	highk4_prom	4.494	4.339	2.033	3.385	2.499	2.71	1.036	4.224	3.109	2.013	1.007
atac_L33543	highk4_prom	4.6	4.834	2.591	2.568	2.039	1.443	1.659	2.9	1.952	1.623	0.48
atac_L33550	highk4_prom	3.794	5.118	2.03	2.857	2.631	2.507	2.55	3.503	3.408	1.51	1.266
atac_L33552	highk4_prom	4.769	3.846	1.445	1.813	2.075	2.078	1.852	0	2.562	1.529	1.84
atac_L33555	highk4_prom	4.526	3.893	1.536	2.513	1.606	1.746	1.274	0	2.497	1.901	0.603
atac_L33562	highk4_prom	5.577	2.61	1.647	1.939	1.659	1.727	1.515	2.045	2.797	1.421	1.542
atac_L33565	highk4_prom	4.278	3.84	1.083	2.664	2.318	1.981	2.13	0	2.383	1.702	0.999
atac_L33569	highk4_prom	3.793	3.678	2.902	2.555	2.59	1.777	2.227	2.848	3.014	1.735	0.814
atac_L33578	highk4_prom	3.802	3.958	2.072	2.682	2.343	2.074	1.315	0	2.837	2.08	0.749
atac_L33600	highk4_prom	4.733	5.534	2.388	3.197	2.663	2.351	2.544	0	2.868	1.837	1.082
atac_L33619	highk4_prom	4.745	3.169	1.489	2.589	2.182	2.056	2.33	2.135	3.776	1.296	1.075
atac_L33630	highk4_prom	4.325	4.069	1.763	3.11	2.401	2.083	2.427	0	2.924	1.77	1.559
atac_L33634	highk4_prom	4.416	2.494	1.398	1.15	1.748	1.093	1.128	2.886	1.274	1.021	0.605
atac_L33651	highk4_prom	3.358	3.581	1.013	1.417	1.891	1.122	0.96	2.882	2.213	0	0.475
atac_L33656	highk4_prom	4.574	5.108	1.731	2.256	2.234	1.653	0.985	2.104	2.639	1.643	1.229
atac_L33661	highk4_prom	3.756	4.487	4.088	2.9	2.59	2.368	1.616	3.277	3.738	1.994	1.991
atac_L33667	highk4_prom	3.454	2.038	0.524	1.206	1.28	0.972	0.593	0	1.761	1.305	0.984
atac_L33673	highk4_prom	3.762	4.03	1.094	1.996	1.749	1.078	0.949	2.047	2.194	1.593	0.328
atac_P05953	highk4_prom	3.619	2.859	1.05	1.558	1.269	0.912	1.395	0	2.257	1.595	1.267
atac_L33727	highk4_prom	4.867	4.211	1.542	1.986	1.608	0.82	1.343	2.154	2.645	1.311	0.768
atac_L33738	highk4_prom	4.258	3.157	1.339	1.757	1.512	1.999	1.11	0	2.366	0.739	0.593
atac_L33745	highk4_prom	5.029	4.851	1.532	2.778	1.924	1.936	1.01	0	2.631	1.502	0.188
atac_L33752	highk4_prom	3.516	3.395	2.076	2.695	2.307	2.12	1.781	2.919	3.155	1.268	0.181
atac_L33764	highk4_prom	3.606	4.868	3.699	3.257	2.767	2.403	1.784	0	3.338	2.371	1.301
atac_L33793	highk4_prom	4.242	2.266	1.032	2.172	2.128	1.544	2.042	2.171	2.662	0.809	1.099
atac_L33804	highk4_prom	4.126	5.675	2.737	3.394	2.515	2.512	2.13	3.523	2.383	1.525	1.513
atac_L33807	highk4_prom	5.142	3.904	0.777	0.713	1.704	1.691	2.579	0	2.066	1.286	1.323
atac_L33811	highk4_prom	4.699	4.812	1.298	2.969	2.136	1.762	1.51	1.354	2.52	0.738	1.335
atac_L33835	highk4_prom	3.35	5.433	3.486	3.652	2.482	2.904	1.572	4.139	3.959	2.584	1.943
atac_L33844	highk4_prom	4.442	3.09	0.561	0.383	1.016	0.557	0.961	0	1.146	0.425	0.333
atac_L33868	highk4_prom	4.657	3.534	1.41	2.455	2.025	1.52	1.959	2.085	2.101	0.762	1.812
atac_L33891	highk4_prom	4.775	4.883	1.278	3.289	2.329	1.988	2.24	0	2.795	1.657	1.95
atac_L33892	highk4_prom	4.294	4.901	1.238	3.076	2.776	1.875	2.055	3.015	2.866	1.714	1.201
atac_L33988	highk4_prom	4.457	2.572	1.387	1.451	1.673	1.256	1.087	2.011	1.884	0.723	1.512
atac_L34001	highk4_prom	4.569	4.767	1.665	1.745	2.294	1.818	0	0	2.817	2.388	2.029
atac_L34009	highk4_prom	3.911	4.19	1.835	1.641	1.184	1.547	1.271	0	2.077	1.434	1.025
atac_P06039	highk4_prom	3.728	2.285	1.161	1.735	1.541	1.289	1.238	0	2.226	1.719	0.904
atac_L34045	highk4_prom	4.233	4.504	1.445	2.806	2.595	1.887	2.187	2.456	3.071	2.458	1.437
atac_L34058	highk4_prom	4.399	3.997	0.989	1.997	1.312	1.213	0.575	0	1.42	1.471	0.621
atac_L34066	highk4_prom	3.878	4.432	1.578	2.65	2.272	2.095	1.661	0	2.392	0.392	1.205
atac_L34072	highk4_prom	4.07	4.553	1.919	2.943	1.875	1.83	1.873	2.091	2.849	1.787	0.735
atac_L34073	highk4_prom	4.543	4.463	1.162	1.254	1.409	1.337	1.954	0	1.155	0.759	1.127
atac_L34133	highk4_prom	4.254	4.3	1.258	2.918	2.089	1.845	1.721	2.978	2.738	0.797	0
atac_L34134	highk4_prom	4.158	4.11	1.873	2.558	2.368	1.792	1.756	2.072	3.158	1.907	0
atac_P06063	highk4_prom	3.676	4.22	1.558	1.731	1.74	1.437	1.235	0	2.541	2.092	0.696
atac_L34156	highk4_prom	3.765	3.841	2.393	2.462	1.513	2.176	2.438	3.286	2.979	2.36	1.44
atac_L34157	highk4_prom	3.547	5.196	3.612	3.279	2.338	2.779	2.217	3.29	3.403	3.381	1.001
atac_L34160	highk4_prom	4.344	3.631	0.532	2.413	1.51	1.227	0.602	0	2.497	1.321	0.361
atac_L34183	highk4_prom	4.085	2.408	1.06	1.908	1.897	1.769	1.329	2.962	3.328	1.672	1.485
atac_L34209	highk4_prom	3.775	3.315	1.861	2.471	2.06	1.83	2.05	0	3.497	1.095	0.782
atac_P06080	highk4_prom	3.47	2.624	1.564	2.161	2.122	1.699	1.269	0	2.438	1.014	1.112
atac_L34296	highk4_prom	3.74	3.186	1.349	1.82	1.481	1.672	1.964	0	3.015	1.886	1.242
atac_L34322	highk4_prom	3.633	3.254	1.676	2.127	1.644	1.521	0.906	0	3.369	1.179	1.287
atac_L34412	highk4_prom	4.12	3.064	1.449	1.965	1.761	1.723	1.812	2.132	2.621	1.668	1.551
atac_L34429	highk4_prom	3.496	4.896	1.006	3.254	2.645	2.721	1.703	0	3.382	2.514	0.756
atac_L34545	highk4_prom	3.49	4.105	1.402	2.313	1.129	1.752	1.501	0	2.295	1.216	1.174
atac_P03073	highk4_prom	3.994	3.159	1.281	2.371	1.086	1.943	1.56	1.97	1.916	0.393	0.561
atac_P03074	highk4_prom	3.578	3.988	2.685	2.75	2.374	2.292	1.205	1.975	2.834	0.958	0.78
atac_P03075	highk4_prom	3.842	3.642	1.303	1.505	1.271	1.253	0.862	0	0.906	0.373	0.925
atac_L16080	highk4_prom	3.43	4.243	3.041	2.889	2.9	2.458	0.609	0	2.818	2.012	0.899
atac_L16140	highk4_prom	4.205	3.389	1.167	2.028	1.447	1.322	1.098	0	1.973	1.214	0.909
atac_P03089	highk4_prom	4.295	3.414	1.572	2.506	2.594	1.639	1.624	3.435	4.147	1.488	1.175
atac_L16148	highk4_prom	3.437	4.184	2.471	3.129	1.714	2.121	2.005	2.957	3.354	2.421	1.409
atac_L16157	highk4_prom	3.454	4.426	3.287	3.912	3.016	3.186	1.601	3.496	3.371	0.795	1.63
atac_L16159	highk4_prom	4.438	4.371	2.09	2.806	2.713	1.54	0.589	0	2.625	1.297	1.335
atac_L16176	highk4_prom	3.817	4.371	1.696	2.226	1.993	1.736	1.741	3.002	2.713	2.463	1.363
atac_L16180	highk4_prom	4.048	3.523	1.293	1.911	1.79	1.384	2.099	2.139	2.944	0	0.353
atac_L16183	highk4_prom	3.558	3.739	2.088	2.907	2.453	1.955	0.973	3.188	2.999	1.781	1.443
atac_L16206	highk4_prom	4.589	4.817	2.045	2.606	1.939	1.365	0.58	2.115	2.551	2.303	1.061
atac_P03107	highk4_prom	3.342	1.357	1.113	1.545	1.531	1.927	2.07	0	2.271	0.945	0.864
atac_L16230	highk4_prom	5.221	4.558	1.102	2.278	1.822	1.579	2.168	0	2.337	2.087	0.97
atac_L16234	highk4_prom	3.55	3.713	1.278	3.205	2.507	2.558	1.032	2.176	2.857	1.328	0.896
atac_L16235	highk4_prom	4.111	2.863	1.581	2.533	1.959	1.911	2.353	0	1.676	1.989	0.77
atac_L16238	highk4_prom	4.711	3.964	1.134	2.225	1.971	1.666	2.042	0	2.444	1.526	0.362
atac_L16240	highk4_prom	4.089	2.412	0.958	1.911	1.569	1.412	0.814	2.139	2.726	0.791	0.874
atac_L16254	highk4_prom	3.844	2.728	1.923	1.403	1.733	1.45	1.608	0	2.539	0.799	0.882
atac_L16274	highk4_prom	4.259	4.526	1.322	2.173	1.991	1.848	1.853	0	2.649	1.767	1.43
atac_L16284	highk4_prom	3.855	4.717	1.554	2.647	1.203	1.497	0.973	3.188	2.234	1.921	1.577
atac_L16289	highk4_prom	4.411	3.599	2.441	2.386	1.901	1.708	0.591	1.435	2.412	1.068	0.188
atac_L16297	highk4_prom	4.002	5.624	1.759	2.049	1.455	1.877	0.574	2.922	2.25	1.042	1.227
atac_L16314	highk4_prom	3.639	4.736	1.428	1.861	2.055	2.456	1.608	0	2.645	1.512	1.637
atac_L16315	highk4_prom	4.302	4.607	1.738	2.868	2.192	2.132	1.284	2.078	2.347	1.621	0.839
atac_L16317	highk4_prom	3.68	4.582	2.214	2.466	1.55	1.874	1.121	2.523	2.726	1.603	1.274
atac_L16318	highk4_prom	3.957	4.641	3.51	3.503	2.649	2.525	1.174	2.959	3.703	2.212	0.634
atac_L16344	highk4_prom	3.658	3.786	1.517	2.228	2.045	1.453	1.583	2.948	2.755	0	1.067
atac_L16348	highk4_prom	4.848	3.61	0.992	2.135	2.045	1.654	1.382	2.495	2.241	1.87	1.006
atac_L16359	highk4_prom	4.06	4.074	1.742	1.795	1.947	1.762	1.138	0	2.352	1.452	1.039
atac_L16365	highk4_prom	3.794	3.614	1.679	2.206	1.756	1.602	1.607	2.152	2.958	0.799	1.086
atac_L16386	highk4_prom	4.441	3.553	0.455	2.54	2.246	2.137	1.024	0	2.656	2.126	1.095
atac_L16407	highk4_prom	4.612	4.606	1.246	2.836	2.463	2.204	2.329	2.134	2.518	0.789	0.758
atac_L16485	highk4_prom	4.36	4.002	3.218	2.682	2.246	2.078	1.497	2.025	3.036	2.793	1.088
atac_L16488	highk4_prom	3.615	1.79	1.905	2.423	2.519	1.746	2.095	2.96	2.518	2.095	0.976
atac_L16503	highk4_prom	4.279	4.614	1.792	2.972	1.842	1.963	1.356	3.001	2.611	2.462	1.514
atac_L16506	highk4_prom	4.217	4.394	1.651	2.068	1.655	1.622	0.582	0	1.911	0	1.472
atac_L16508	highk4_prom	4.451	4.725	2.174	2.374	2.385	2.745	1.358	0	3.626	1.862	1.1
atac_L16510	highk4_prom	3.478	4.508	1.915	2.606	2.4	2.169	1.797	2.115	2.386	1.809	0.493
atac_L16512	highk4_prom	3.572	3.754	3.085	3.063	2.547	1.836	1.781	0	3.221	1.932	0.85
atac_L16547	highk4_prom	4.079	1.452	1.47	0.936	1.314	1.155	1.851	2.068	2.336	1.44	1.357
atac_L16574	highk4_prom	4.49	3.726	1.286	1.962	1.506	0.886	2.002	2.129	1.192	2.317	0.632
atac_L16578	highk4_prom	3.528	4.005	1.47	2.613	1.736	1.892	1.611	2.157	2.792	2.118	1.09
atac_P03181	highk4_prom	5.065	3.734	1.255	1.833	1.493	1.418	1.176	1.936	2.017	0	0.157
atac_L16587	highk4_prom	4.45	3.777	1.557	2.667	1.93	2.02	2.368	0	2.663	2.003	0.778
atac_P03184	highk4_prom	3.86	4.758	2.906	3.094	2.524	2.006	0.89	2.409	3.083	2.325	0.555
atac_L16631	highk4_prom	4.5	3.667	1.334	2.427	2	1.931	1.916	0	2.77	0.79	1.336
atac_L16633	highk4_prom	4.028	4.545	1.886	2.782	2.436	2.094	1.525	2.872	3.173	1.602	1.348
atac_L16650	highk4_prom	4.208	2.88	1.362	1.119	0.792	0.787	0.605	2.173	1.689	0	1.586
atac_L16654	highk4_prom	4.164	3.136	1.351	1.941	1.89	0.793	0.987	0	2.542	1.046	1.055
atac_L16659	highk4_prom	3.65	2.344	1.325	1.91	1.406	1.19	0.563	0	2.455	1.024	0.836
atac_L16662	highk4_prom	3.421	4.579	1.483	1.003	1.267	0.989	1.497	0	0.531	0	0.653
atac_L16677	highk4_prom	4.092	3.83	0.992	0.707	0.969	0.835	1.445	0	2.194	2.297	0.491
atac_L16679	highk4_prom	3.341	5.361	3.261	3.407	2.283	2.265	2.225	2.927	3.196	2.575	0.958
atac_L16682	highk4_prom	4.421	4.377	1.61	3.259	2.632	2.304	1.948	4.091	3.508	1.909	0.335
atac_L16683	highk4_prom	3.867	4.324	1.488	3.281	2.545	1.829	2.328	3.863	3.655	2.422	0.634
atac_L16686	highk4_prom	4.624	4.176	1.081	0.222	1.296	0.74	0.602	0	1.87	0	0.65
atac_L16693	highk4_prom	4.521	4.081	2.577	3.204	2.694	2.119	1.002	2.13	3.158	1.963	1.163
atac_L16695	highk4_prom	4.308	2.81	1.468	2.262	2.121	1.905	1.57	3.453	2.784	1.803	0.961
atac_L16700	highk4_prom	3.773	1.508	1.109	1.093	1.272	0.85	1.915	2.135	1.751	1.296	1.334
atac_L16713	highk4_prom	4.545	2.607	1.559	2.005	1.775	1.264	1.204	0	2.387	0	0.363
atac_L16732	highk4_prom	4.292	4.155	1.016	1.649	1.935	1.216	2.523	2.887	2.981	0.754	0.476
atac_P03216	highk4_prom	4.377	5.208	1.421	1.809	1.818	2.139	1.331	1.298	1.844	1.809	1.05
atac_L16761	highk4_prom	4.316	4.752	1.535	1.899	1.28	1.703	0.959	0	2.332	1.242	0.333
atac_L16781	highk4_prom	4.352	2.447	1.135	0.416	1.515	0.83	1.497	0	1.475	1.325	1.364
atac_L16784	highk4_prom	4.197	3.761	1.463	1.814	1.114	1.3	0.985	0	1.527	1.47	0.957
atac_L16807	highk4_prom	4.414	2.264	1.082	1.585	1.047	0.696	1.027	0	0.736	0	0.651
atac_L16826	highk4_prom	3.664	3.347	1.447	1.194	1.201	0.535	1.909	2.6	1.919	0	0.351
atac_P03248	highk4_prom	3.816	5.12	2.658	2.662	1.434	2.062	0.712	1.951	2.095	0.387	0.862
atac_L16856	highk4_prom	4.573	5.29	3.574	3.2	2.503	2.363	1.949	3.287	3.43	2.133	0.363
atac_L16865	highk4_prom	4.801	5.391	2.057	2.334	1.895	2.386	1.748	0	1.883	2.26	1.005
atac_L16869	highk4_prom	4.752	4.676	1.175	2.109	1.533	1.61	1.022	2.161	3.086	0.457	1.272
atac_L16877	highk4_prom	4.55	4.665	2.735	3.664	3.063	2.62	1.724	4.747	3.988	2.937	0.988
atac_L16880	highk4_prom	3.857	5.577	3.902	3.111	2.481	2.533	1.351	2.994	2.8	1.319	1.275
atac_L16882	highk4_prom	4.531	2.386	0.889	0.966	1.745	1.64	2.075	0	2.326	1.479	0.347
atac_L16883	highk4_prom	3.624	3.672	1.418	2.195	1.431	1.042	1.18	0	2.01	0.792	0.188
atac_L16887	highk4_prom	4.288	3.404	1.139	2.009	1.755	1.673	0.607	2.178	2.392	0.813	1.368
atac_L16934	highk4_prom	3.81	4.91	2.016	3.245	2.104	2.482	2.5	2.165	2.932	0.806	2.141
atac_L16938	highk4_prom	4.094	3.004	1.48	2.082	1.736	1.364	0.97	0	3.03	1.028	0.61
atac_L16955	highk4_prom	4.598	4.193	2.911	2.8	2.31	1.083	1.302	2.922	3.348	1.27	1.456
atac_L16998	highk4_prom	4.132	4.502	0.981	2.376	2.075	2.229	1.204	0	2.9	1.864	1.781
atac_L16999	highk4_prom	3.864	3.039	2.335	2.124	1.335	1.092	1.898	0	2.642	0.99	1.391
atac_L17000	highk4_prom	5.146	3.395	0.865	1.941	2.53	1.779	2.214	0	2.557	1.089	1.192
atac_L17002	highk4_prom	4.285	4.42	1.945	3.124	1.913	1.762	1.5	0	2.944	1.093	0.516
atac_L17005	highk4_prom	4.106	3.286	1.895	2.89	2.58	2.056	2.275	0	3.409	1.511	1.636
atac_L17008	highk4_prom	4.04	4.113	2.038	2.32	1.803	1.959	1.821	2.849	2.612	1.736	0.915
atac_L17023	highk4_prom	4.038	4.276	3.247	3.393	2.293	2.721	2.091	4.41	3.576	1.492	1.407
atac_L17024	highk4_prom	3.977	5.263	1.834	3.543	2.265	2.398	2.193	2.15	3.573	1.308	1.177
atac_L17032	highk4_prom	4.486	5.607	1.498	2.155	1.778	2.156	1.784	2.923	2.251	2.39	0.956
atac_L17061	highk4_prom	4.467	3.181	1.892	2.116	2.331	1.898	2.183	2.529	3.212	2.025	0.932
atac_L17076	highk4_prom	3.478	2.935	0.582	0.563	0.85	0.714	0.993	0	1.639	1.052	0.626
atac_L17084	highk4_prom	4.994	5.235	1.623	3.027	2.007	2.236	1.943	0	2.316	0.806	0.996
atac_L17090	highk4_prom	3.765	3.776	1.032	1.587	1.748	1.594	1.74	0	1.784	2.25	1.514
atac_L17091	highk4_prom	3.724	4.237	2.618	2.336	2.267	2.125	0.589	2.136	2.769	1.828	1.253
atac_L17108	highk4_prom	3.45	3.603	4.013	3.244	2.869	2.621	1.334	1.438	3.808	1.835	1.08
atac_L17114	highk4_prom	3.441	2.23	1.109	1.296	1.397	0.586	0.588	2.961	2.285	0.448	1.253
atac_P03333	highk4_prom	4.149	2.609	1.389	1.384	1.392	0.998	1.627	1.931	3.146	0	1.023
atac_L17163	highk4_prom	4.008	4.613	1.701	2.632	1.745	1.685	1.712	2.14	2.47	1.675	0.354
atac_L17182	highk4_prom	3.964	3.954	1.282	2.018	2.352	1.922	1.755	0	2.825	2.032	1.12
atac_L17188	highk4_prom	5.357	4.424	1.432	1.821	1.975	1.187	1.572	0	2.382	1.476	0.962
atac_L17200	highk4_prom	5.135	5.574	1.845	2.9	2.342	2.531	1.941	0	3.831	2.876	0.994
atac_L17208	highk4_prom	3.916	1.826	1.231	1.226	0.745	0.952	1.03	1.462	0.531	0.81	1.001
atac_L17242	highk4_prom	4.573	4.558	1.868	3.198	2.627	2.029	1.806	2.125	3.67	2.204	1.612
atac_L17265	highk4_prom	5.556	4.54	0.974	2.902	2.161	1.677	0.97	2.081	2.35	1.777	0.73
atac_P03356	highk4_prom	3.663	1.862	0.901	0.979	1.115	0.861	0.518	0	2.708	1.806	0.775
atac_L17297	highk4_prom	3.412	2.981	2.337	2.507	1.717	1.781	0.77	0	2.591	1.239	0.828
atac_L17298	highk4_prom	3.93	3.237	1.676	2.4	1.742	2.016	1.159	2.112	2.196	1.65	0.962
atac_L17315	highk4_prom	3.353	4.428	2.628	2.678	2.577	1.947	2.309	3.221	3.422	1.808	1.467
atac_P03359	highk4_prom	4.101	4.802	2.674	2.206	1.82	1.495	0.554	2.055	2.679	1.6	1.347
atac_L17334	highk4_prom	3.504	2.903	1.076	1.436	1.416	0.469	0.568	0	2.033	1.26	0
atac_L17340	highk4_prom	4.276	4.307	1.025	1.589	1.201	1.367	1.662	0	2.711	2.046	0.612
atac_L17409	highk4_prom	3.405	4.834	1.18	2.737	2.267	2.235	0.986	3.447	2.864	1.273	1.528
atac_L17484	highk4_prom	3.514	2.565	1.232	1.004	1.349	1.429	2.047	0	2.943	1.198	0.895
atac_L17499	highk4_prom	3.622	4.242	1.992	2.293	1.858	0.727	2.013	0	3.826	1.832	0
atac_L17521	highk4_prom	3.338	3.762	1.509	1.315	1.04	0.904	0	2.159	1.773	2.45	0.771
atac_L17563	highk4_prom	4.511	3.606	1.998	3.247	2.388	2.513	2.544	3.258	3.487	2.783	0.764
atac_L17646	highk4_prom	3.584	1.486	1.311	2.056	1.849	1.303	1.789	2.108	3.166	0	1.232
atac_P03397	highk4_prom	3.464	4.334	3.015	3.333	2.257	2.606	0.535	0	3.295	1.845	1.076
atac_L17668	highk4_prom	3.329	4.661	2.655	2.465	2.175	1.667	1.297	2.094	2.81	1.929	0.737
atac_L17673	highk4_prom	3.562	3.679	1.687	2.241	1.745	1.662	1.143	0	2.671	0.764	0.845
atac_L17694	highk4_prom	3.33	3.997	1.526	1.318	1.921	1.512	1.428	2.743	2.907	1.784	0.66
atac_L17696	highk4_prom	3.63	4.657	1.64	3.09	2.158	2.067	1.475	2.973	3.309	1.305	1.261
atac_L17709	highk4_prom	3.888	3.645	1.987	2.596	2.071	1.632	1.362	3.097	3.296	0.721	0.693
atac_L17748	highk4_prom	4.674	3.098	0.531	1.732	1.667	1.485	1.35	1.453	2.247	0.804	1.507
atac_L17856	highk4_prom	3.88	3.809	1.534	2.711	1.883	1.798	2.017	0	3.456	1.679	0.188
atac_L00003	highk4_prom	3.361	2.274	1.703	2.284	1.803	1.329	1.034	0	1.882	1.33	0.656
atac_L00019	highk4_prom	3.767	3.905	1.033	1.942	1.396	1.492	0.832	1.461	2.04	1.325	1.1
atac_P00005	highk4_prom	4.005	3.744	0.896	3.329	2.068	2.182	1.509	2.039	2.946	2.323	1.181
atac_L00088	highk4_prom	4.268	3.493	2.728	3.299	2.643	2.209	1.519	0	3.507	2.129	1.106
atac_L00219	highk4_prom	3.665	4.796	1.972	1.881	1.976	1.623	1.744	0	2.901	1.53	1.656
atac_L00224	highk4_prom	4.213	3.747	1.422	2.148	1.927	2.168	2.189	0	2.733	1.072	0.878
atac_L00225	highk4_prom	3.686	4.51	0.73	1.919	1.775	1.78	0.594	0	2.87	1.074	1.084
atac_P00049	highk4_prom	3.608	4.788	3.421	3.302	2.562	2.618	2.258	0	3.655	2.281	1.372
atac_L00253	highk4_prom	3.648	4.486	2.557	3.799	2.478	2.216	1.488	2.99	3.358	2.241	1.827
atac_L00278	highk4_prom	4.506	3.956	1.437	3.005	2.012	1.275	1.854	3.788	3.284	1.248	1.904
atac_L00280	highk4_prom	3.35	4.709	3.399	3.212	2.553	2.057	1.838	1.96	3.18	1.923	1.468
atac_L00283	highk4_prom	4.677	3.871	1.065	1.303	1.49	1.043	1.334	0	1.202	0	0.504
atac_L00292	highk4_prom	3.863	1.718	0.958	0.81	0.973	0.88	1.931	2.056	2.587	0.747	0.927
atac_L00305	highk4_prom	3.807	2.781	0.976	1.161	1.868	1.613	1.958	2.084	1.51	1.257	0.731
atac_L00314	highk4_prom	4.926	3.224	1.283	1.01	1.341	1.475	1.634	0	2.676	2.373	1.108
atac_L00339	highk4_prom	4.764	3.817	1.425	1.983	1.438	1.501	1.829	2.622	2.64	2.111	1.264
atac_L00344	highk4_prom	4.382	3.95	1.757	2.338	1.963	1.937	1.752	0	2.516	1.714	1.711
atac_L00371	highk4_prom	5.011	4.927	0.87	2.126	1.979	1.743	2.05	0	2.33	1.33	1.447
atac_L00385	highk4_prom	5.032	3.893	1.783	3.022	2.788	2.437	0.6	2.99	3.048	0.804	1.506
atac_L00412	highk4_prom	3.416	4.454	1.59	1.875	1.862	1.06	1.027	0	1.782	0.808	0.891
atac_L00435	highk4_prom	4.607	2.728	0.795	1.211	1.318	1.423	2.025	2.981	2.022	0.799	0.768
atac_L00437	highk4_prom	4.395	4.024	2.031	2.829	2.47	2.013	2	2.952	3.084	1.29	1.957
atac_P00123	highk4_prom	4.931	4.403	1.883	2.811	2.308	2.172	0.92	0	2.865	1.964	1.072
atac_L00462	highk4_prom	4.319	3.15	1.649	1.461	1.088	1.16	0.32	0	1.736	0.78	1.063
atac_L00466	highk4_prom	3.687	5.262	3.626	3.696	2.576	2.155	2.547	3.499	4.023	2.707	1.696
atac_L00471	highk4_prom	4.742	4.89	0.98	1.326	1.599	1.621	1.498	0	2.324	0	1.194
atac_L00478	highk4_prom	3.457	4.051	2.793	2.978	1.315	2.07	1.339	0	1.854	2.11	1.422
atac_L00479	highk4_prom	3.942	4.943	2.514	2.977	2.202	1.935	1.317	2.945	3.002	2.41	1.732
atac_L00501	highk4_prom	4.347	5.377	3.141	3.438	2.216	2.107	1.027	2.642	3.513	2.248	1.278
atac_L00517	highk4_prom	3.909	2.875	0.921	1.223	1.483	1.024	1.027	0	1.352	1.701	1.191
atac_L00535	highk4_prom	4.264	4.328	1.264	2.049	1.246	0.907	0.983	0	1.626	0	1.227
atac_P00143	highk4_prom	4.764	5.599	2.718	2.712	2.029	2.383	2.628	1.967	2.969	0.7	1.205
atac_L00561	highk4_prom	3.862	4.648	1.59	2.773	2.216	1.516	1.738	2.169	2.609	2	1.438
atac_L00586	highk4_prom	4.079	5.039	3.774	4.203	3.322	3.224	2.174	4.72	3.725	2.42	1.799
atac_L00588	highk4_prom	3.97	2.239	1.798	2.035	1.246	1.146	0	2.144	2.089	0	0.877
atac_L00603	highk4_prom	4.454	3.878	1.343	1.982	2.465	1.961	1.828	2.149	3.034	0.797	0.986
atac_P00166	highk4_prom	4.115	5.651	2.859	3.435	2.621	2.816	1.603	2.698	3.538	2.084	0.641
atac_P00167	highk4_prom	3.987	5.096	1.804	3.118	2.475	2.405	2.098	3.153	2.928	1.601	1.022
atac_L00627	highk4_prom	4.45	4.886	1.382	3.09	1.726	2.694	2.189	2.146	3.03	2.335	1.42
atac_P00173	highk4_prom	3.77	3.59	2.108	3.481	2.557	1.989	1.601	3.543	3.916	1.566	1.082
atac_L00658	highk4_prom	4.079	4.667	2.644	3.168	2.44	2.33	1.973	2.099	2.977	2.061	1.712
atac_P00182	highk4_prom	4.573	3.504	1.233	1.239	1.421	1.266	1.27	0	1.853	1.757	1.276
atac_L00698	highk4_prom	4.678	3.937	1.913	1.657	1.559	1.37	1.724	0	2.711	1.775	1.025
atac_L00701	highk4_prom	4.904	4.789	1.3	2.915	1.748	1.851	1.556	0	2.42	0	0.847
atac_L00713	highk4_prom	4.321	4.036	1.721	2.544	1.77	2.032	1.146	0	2.528	0.434	0.616
atac_P00185	highk4_prom	3.683	4.189	2.448	2.991	2.479	2.835	1.404	3.774	3.615	1.896	1.276
atac_L00724	highk4_prom	3.994	4.362	2.294	3.26	1.997	1.752	1.777	3.198	3.426	1.929	1.047
atac_L00746	highk4_prom	4.226	4.236	2.235	3.116	2.56	2.054	2.669	3.82	2.976	1.793	1.225
atac_L00765	highk4_prom	4.594	4.183	1.687	2.54	2.118	1.696	2.016	0	2.486	1.429	0.926
atac_L00767	highk4_prom	4.569	3.633	0.977	2.059	1.16	1.592	0.831	0	2.609	1.858	0.651
atac_L00782	highk4_prom	4.901	4.652	1.645	2.728	2.153	1.308	1.886	0	2.384	2.193	1.31
atac_L00788	highk4_prom	4.185	5.229	2.324	2.824	2.117	2.145	1.456	3.672	2.799	2.311	1.61
atac_L00792	highk4_prom	4.726	5.23	2.278	3.022	2.575	2.555	1.615	3.897	3.294	1.694	1.643
atac_L00805	highk4_prom	4.063	3.973	2.421	3.177	2.646	1.844	1.29	3.424	3.443	1.781	1.041
atac_P00219	highk4_prom	4.2	5.21	1.751	2.776	2.233	1.791	1.849	1.971	2.973	0.956	1.478
atac_L00847	highk4_prom	3.412	4.252	3.122	3.156	2.32	2.164	1.891	2.58	2.99	1.649	1.149
atac_L00855	highk4_prom	4.748	3.816	1.459	2.66	2.038	2.183	2.218	2.919	2.771	0.435	0.85
atac_L00870	highk4_prom	4.732	3.157	1.052	2.497	1.529	1.453	1.32	0	3.006	0.783	0.97
atac_L00906	highk4_prom	4.138	4.976	2.56	2.818	1.842	2.476	1.926	2.619	2.532	0	1.083
atac_L00925	highk4_prom	4.565	3.898	1.552	1.936	1.36	1.539	1.618	2.165	2.034	1.521	1.188
atac_L00926	highk4_prom	4.516	3.428	1.841	2.54	2.653	2.18	1.459	3.854	3.254	1.29	0.866
atac_P00251	highk4_prom	3.805	4.823	2.032	2.379	2.02	2.082	1.426	0	2.905	2.22	0.946
atac_L00967	highk4_prom	4.227	3.657	1.732	1.719	1.897	1.03	0.964	3.172	2.22	1.768	0.177
atac_L00978	highk4_prom	3.647	2.165	0.629	1.152	0.945	1.602	1.946	0	1.782	1.768	0.937
atac_L00981	highk4_prom	4.016	3.341	1.711	1.092	1.13	0.908	0.526	2.793	1.526	0.398	1.362
atac_L01001	highk4_prom	4.283	4.185	1.483	1.742	1.911	1.782	1.625	0	2.983	2.005	1.516
atac_L01010	highk4_prom	4.1	3.681	2.822	2.679	2.588	2.069	2.021	0	3.858	1.306	1.084
atac_L01019	highk4_prom	4.367	5.546	1.624	2.205	1.242	1.29	0.554	0	2.433	1.599	1.02
atac_L01024	highk4_prom	4.501	4.746	1.655	2.11	1.419	1.635	1.616	2.162	1.216	1.317	1.273
atac_L01038	highk4_prom	5.526	5.515	1.461	2.299	1.821	2.29	2.672	2.101	3.054	1.795	1.142
atac_L01047	highk4_prom	5.421	4.385	1.14	3.558	2.802	2.243	2.307	0	2.992	1.946	0.746
atac_L01051	highk4_prom	3.883	3.889	2.388	2.481	1.762	1.744	1.79	2.109	2.868	0.775	0.345
atac_P00276	highk4_prom	5.103	3.301	1.357	1.856	1.786	1.578	1.238	0	2.447	1.568	0.458
atac_L01056	highk4_prom	3.677	4.848	2.752	2.843	2.381	2.096	2.183	2.14	2.629	2.525	1.17
atac_L01058	highk4_prom	3.872	4.862	2.4	2.124	2.309	1.969	1.954	3.008	2.617	0	0.896
atac_P00283	highk4_prom	3.887	4.294	1.962	2.56	2.314	1.632	1.085	0	2.754	2.382	0
atac_P00287	highk4_prom	4.037	3.979	1.512	2.772	2.312	1.803	1.774	0	2.778	1.736	0.636
atac_L01097	highk4_prom	4.843	3.111	1.32	1.119	1.544	1.669	1.742	2.648	2.042	1.705	0.894
atac_L01108	highk4_prom	3.827	3.803	4.034	3.666	3.066	2.043	0	3.691	3.301	2.218	1.337
atac_P00297	highk4_prom	4.105	4.044	1.313	1.835	2.204	1.613	1.526	2.059	1.682	2.137	0.331
atac_L01133	highk4_prom	4.795	3.606	1.418	1.65	1.869	2.067	2.043	1.264	2.703	1.488	1.02
atac_L01161	highk4_prom	4.699	4.601	1.025	2.692	1.476	1.401	2.356	2.16	3.121	0.803	1.706
atac_L01197	highk4_prom	3.352	4.875	1.434	2.677	2.071	1.927	1.795	0	3.239	1.478	0.625
atac_L01213	highk4_prom	4.355	2.312	1.047	2.285	1.539	1.6	1.731	2.044	3.059	1.227	0.92
atac_L01221	highk4_prom	4.552	4.624	1.695	2.883	2.389	2.223	2.184	1.374	3.182	1.762	0.831
atac_P00330	highk4_prom	4.658	3.266	1.097	1.433	1.252	1.292	0.733	0	3.029	1.828	1.775
atac_P00336	highk4_prom	4.113	3.021	1.194	1.902	2.167	1.693	2.198	2.007	3.208	2.551	0.578
atac_L01286	highk4_prom	4.234	2.437	0.974	0.734	1.156	1.706	1.35	0	1.467	1.084	1.094
atac_L01289	highk4_prom	4.039	4.07	1.515	0.873	1.591	1.796	1.735	2.639	2.034	0.806	1.095
atac_L01293	highk4_prom	3.383	4.242	1.601	2.293	2.116	1.953	2.013	2.14	2.629	1.675	1.078
atac_L01299	highk4_prom	4.142	2.095	1.149	1.782	1.32	1.109	1.227	0	1.949	0.719	0.69
atac_L01313	highk4_prom	3.648	4.603	2.611	3.29	2.654	2.85	2.496	2.161	3.639	1.694	1.185
atac_L01322	highk4_prom	3.481	2.746	1.627	1.323	1.54	0.828	2.291	0	1.584	1.859	0.892
atac_L01325	highk4_prom	3.487	4.071	1.894	1.831	1.841	1.757	1.456	0	2.207	1.66	1.474
atac_P00350	highk4_prom	3.381	4.443	2.455	2.517	1.758	2.055	1.383	2.846	2.356	1.219	0.813
atac_L01351	highk4_prom	4.415	3.812	1.412	1.949	1.959	1.705	1.476	0	2.704	1.384	0.892
atac_L01437	highk4_prom	3.584	4.202	2.179	2.839	2.222	1.994	1.307	0	2.257	1.275	0.345
atac_L01459	highk4_prom	3.971	3.53	0.728	1.205	2.276	1.444	1.717	0	2.358	1.304	1.26
atac_L01503	highk4_prom	3.918	4.49	0.935	1.812	1.709	1.24	1.438	0	2.046	1.042	0.62
atac_L38831	highk4_prom	3.66	3.397	1.968	2.741	2.399	2.475	1.624	4.461	2.713	2.251	0.778
atac_L38839	highk4_prom	4.06	3.574	2.365	2.073	1.92	1.605	2.645	0	2.397	0	1.289
atac_L38845	highk4_prom	3.505	4.504	1.854	1.651	1.724	1.834	1.353	0	2.262	1.382	1.228
atac_L38869	highk4_prom	4.816	5.01	1.387	2.755	2.379	1.805	2.195	0	3.251	1.686	1.347
atac_L38878	highk4_prom	3.889	2.685	1.231	1.182	1.048	0.952	1.16	2.936	1.039	1.28	0
atac_L38901	highk4_prom	3.81	3.909	1.149	2.578	1.659	1.759	0.999	3.471	2.71	1.289	1.068
atac_L38924	highk4_prom	3.494	5.219	1.984	2.839	1.884	2.479	2.199	2.079	2.46	2.63	1.911
atac_L38926	highk4_prom	3.652	3.336	1.235	2.532	1.726	1.836	2.24	0	2.064	1.284	0.862
atac_L38934	highk4_prom	3.493	3.647	1.09	1.747	1.577	1.138	1.363	0	1.592	1.331	0.365
atac_L38979	highk4_prom	3.468	4.062	1.22	1.654	1.83	1.632	0.599	0	2.027	0.802	1.704
atac_L38983	highk4_prom	3.816	2.248	1.176	1.764	1.437	1.458	1.212	0	1.7	0.709	0.785
atac_L39037	highk4_prom	4	3.918	0.955	2.422	1.785	2.171	2.094	0	2.218	1.295	0.5
atac_L39056	highk4_prom	4.153	3.657	1.004	1.088	1.166	1.29	1.001	0	1.834	0.785	0.868
atac_L39063	highk4_prom	4.57	3.606	2.447	2.882	2.559	1.958	1.184	2.973	3.743	1.681	1.755
atac_L39070	highk4_prom	3.411	2.055	0.801	1.113	1.082	0.694	1.024	0	1.217	1.52	0.512
atac_L39095	highk4_prom	3.912	2.12	1.288	1.864	1.688	1.518	1.099	0	1.973	0.731	1.09
atac_L39127	highk4_prom	3.403	4.35	1.799	2.053	1.754	1.444	1.835	0	2.719	1.426	1.726
atac_L39131	highk4_prom	4.069	2.788	1.377	1.062	0.918	1.373	1.553	0	1.024	1.459	0
atac_L39157	highk4_prom	3.819	4.726	1.455	2.423	2.255	1.908	1.776	0	2.578	1.634	0.95
atac_L39170	highk4_prom	3.679	2.846	1.603	1.394	2.136	2.028	2.475	2.142	3.064	2.432	1.079
atac_P06923	highk4_prom	4.626	3.433	1.148	1.655	1.619	1.107	1.477	2.001	2.266	1.553	0.689
atac_L39172	highk4_prom	3.483	2.011	0.835	1.082	1.498	0.759	0.582	0	1.541	1.054	0.184
atac_L39189	highk4_prom	3.347	2.512	1.508	2.396	1.986	1.48	1.919	3.037	3.491	1.162	0.16
atac_L39194	highk4_prom	3.922	3.629	1.039	1.176	1.759	1.052	1.154	0	1.42	0.773	0.344
atac_L39234	highk4_prom	3.895	3.498	1.235	2.066	1.524	1.666	1.693	2.118	3.073	1.054	1.47
atac_L39283	highk4_prom	3.329	3.39	1.259	1.868	2.071	1.293	1.777	1.398	2.178	0.767	1.302
atac_L39285	highk4_prom	3.864	3.639	1.231	1.142	1.599	1.589	1.525	2.057	1.587	0.421	1.022
atac_L39295	highk4_prom	5.401	4.167	1.174	2.493	2.258	1.952	1.021	0	1.948	1.85	1.504
atac_L39301	highk4_prom	3.873	4.682	1.205	1.971	1.899	1.854	1.331	2.138	1.328	1.299	1.556
atac_L39324	highk4_prom	4.057	3.412	1.739	1.822	1.546	1.335	1.986	0	2.787	1.477	0.962
atac_L39327	highk4_prom	3.343	3.099	1.55	1.934	1.668	0.906	1.616	2.163	2.654	1.318	0.36
atac_L39330	highk4_prom	4.644	4.196	1.673	2.288	2.213	1.956	1.751	0	2.774	1.333	1.289
atac_L39331	highk4_prom	4.343	4.172	1.555	3.138	2.413	2.153	1.797	3.335	3.181	0.982	0.319
atac_L39333	highk4_prom	4.304	3.386	1.354	2.053	2.138	0.945	1.489	0	2.247	1.519	0.648
atac_L39353	highk4_prom	4.473	4.346	1.772	1.759	1.813	1.338	1.313	2.115	2.2	1.052	0.626
atac_L39357	highk4_prom	4.489	3.538	2.29	1.211	1.44	1.118	0.596	0	2.425	0.454	0
atac_L39367	highk4_prom	4.81	5.029	1.879	2.502	2.332	1.84	2.039	2.167	2.112	2.129	1.097
atac_L39379	highk4_prom	4.11	3.652	2.964	3.295	2.271	2.209	2.245	3.233	2.844	0.783	1.735
atac_L39387	highk4_prom	4.033	4.63	1.969	2.455	2.288	1.902	1.041	2.399	2.416	1.651	0.661
atac_P06981	highk4_prom	3.66	4.847	2.35	2.978	2.097	1.687	1.691	4.002	2.322	1.195	1.153
atac_L39397	highk4_prom	4.117	4	3.295	2.904	2.533	2.021	2.241	3.838	2.727	1.946	1.14
atac_L39399	highk4_prom	3.583	3.616	1.714	2.355	2.093	1.28	2.488	2.982	2.099	1.688	0.644
atac_L39405	highk4_prom	3.75	4.065	1.735	3.238	2.387	2.048	1.858	2.893	2.559	2.626	0.608
atac_L39419	highk4_prom	4.044	3.634	1.228	1.223	1.231	1.229	1.739	0	2.383	0.808	0.651
atac_L39420	highk4_prom	4.448	3.989	1.066	2.88	2.156	1.521	1.823	0	2.089	1.977	0
atac_L39422	highk4_prom	3.661	3.859	2.086	2.282	2.465	1.953	0.972	2.084	2.921	0.761	1.756
atac_L39428	highk4_prom	3.983	5.222	2.769	2.86	2.485	2.272	2.422	2.983	3.525	2.94	1.268
atac_L39433	highk4_prom	4.997	5.237	1.553	2.874	2.364	2.173	2.039	2.997	3.235	2.357	1.19
atac_L39439	highk4_prom	4.546	1.722	1.274	1.239	0.687	0.807	1.527	0	0.681	1.239	0.601
atac_L39466	highk4_prom	3.383	4.376	2.32	3.448	2.098	2.162	1.712	2.14	3.423	2.776	0.875
atac_L39470	highk4_prom	3.92	2.57	0.521	1.201	1.102	1.207	0.59	0	2.351	0.791	0.637
atac_L39499	highk4_prom	3.61	4.189	1.365	1.229	1.705	1.297	1.206	0	1.082	0.462	0.896
atac_L39504	highk4_prom	4.8	3.738	1.205	2.705	1.621	1.933	1.819	3.691	2.86	1.831	1.256
atac_L39509	highk4_prom	4.375	4.838	2.259	2.302	2.157	1.637	2.253	2.061	2.543	2.246	1.423
atac_L39515	highk4_prom	3.522	2.722	1.012	2.075	1.741	1.388	0.503	0	2.132	1.489	1.315
atac_L39532	highk4_prom	4.22	4.071	1.62	2.536	2.378	1.917	0.805	2.122	2.506	1.66	0.629
atac_L39548	highk4_prom	3.503	1.123	1.027	1.733	0.833	0.971	0.974	2.087	2.103	1.921	1.217
atac_L39556	highk4_prom	3.402	5.199	2.439	2.861	2.076	1.453	1.019	0	2.025	1.514	1.182
atac_L39575	highk4_prom	3.345	3.204	0.739	1.872	0.417	1.022	1.618	2.165	1.469	0	0.361
atac_L39582	highk4_prom	4.648	5.05	1.583	3.624	2.433	2.323	0.995	0	3.11	2.753	1.54
atac_L39594	highk4_prom	4.894	4.537	1.824	1.972	1.027	1.989	1.008	0	2.577	2.1	2.115
atac_L39620	highk4_prom	3.407	3.819	2.307	2.154	1.885	1.59	1.923	0	2.618	1.165	1.044
atac_L39624	highk4_prom	5.106	4.976	1.662	2.372	1.124	1.944	2.214	0	2.039	1.703	1.44
atac_L39625	highk4_prom	3.456	5.113	3.634	3.834	2.75	2.684	2.344	3.498	3.648	3.299	1.495
atac_L39628	highk4_prom	4.47	3.328	1.045	1.756	1.01	0.837	0.579	0	1.535	0.777	0.492
atac_L39629	highk4_prom	3.402	1.81	1.58	1.726	1.583	1.155	2.028	0	2.173	0.801	0
atac_L39645	highk4_prom	4.805	3.41	1.238	1.233	1.92	1.271	1.859	0	1.484	1.536	1.662
atac_L39652	highk4_prom	4.421	5.63	2.792	3.25	1.95	2.154	1.927	2.148	3.033	1.839	0.879
atac_L39668	highk4_prom	4.426	5.055	1.76	2.591	1.756	2.024	0.315	0	2.118	1.936	0.741
atac_P07081	highk4_prom	4.569	4.482	1.891	2.82	2.301	2.457	1.997	2.035	3.179	2.22	1.469
atac_L39669	highk4_prom	3.537	3.837	0.889	2.36	2.073	1.663	2.158	0	2.386	2.404	0.184
atac_L39671	highk4_prom	3.664	3.431	1.928	2.183	2.37	2.183	1.324	4.29	2.849	1.491	0.351
atac_L39688	highk4_prom	4.22	3.189	1.02	1.31	1.553	1.553	1.188	2.152	0.727	1.686	0.643
atac_L39692	highk4_prom	4.945	5.025	2.236	2.789	1.959	1.872	0.729	0	2.88	2.442	1.139
atac_P07089	highk4_prom	5.501	3.656	1.315	1.917	1.891	1.444	1.755	0	2.899	0.954	0.963
atac_L39743	highk4_prom	4.466	4.462	1.54	2.354	2.19	1.905	1.685	2.11	2.126	2.071	2.039
atac_L39759	highk4_prom	3.347	4.409	2.326	2.839	2.178	2.313	1.619	0	2.317	2.128	0.997
atac_L39765	highk4_prom	3.808	4.308	1.652	2.906	2.293	2.185	1.289	0	2.756	1.92	1.041
atac_L39800	highk4_prom	4.891	3.639	1.763	0.74	1.268	1.546	1.204	0	2.259	2.135	1.442
atac_L39863	highk4_prom	4.915	4.65	1.519	3.272	2.976	2.041	2.046	3.626	3.622	1.92	0.612
atac_L39898	highk4_prom	3.388	3.016	2.227	1.983	1.954	1.261	1.553	2.09	2.036	1.786	0.615
atac_L39909	highk4_prom	4.122	3.554	2.141	2.181	1.513	1.461	1.345	0	2.811	1.373	0.976
atac_L39921	highk4_prom	4.221	4.258	1.467	2.756	2.301	1.927	1.342	0	3.285	1.31	1.266
atac_P07155	highk4_prom	4.244	4.478	2.124	2.904	2.55	2.523	2.54	0	3.352	1.732	1.254
atac_L40010	highk4_prom	4.613	2.164	1.017	1.846	1.635	1.187	1.278	0	2.154	1.247	1.284
atac_L40069	highk4_prom	3.447	3.116	1.255	1.061	1.788	1.23	0	0	2.47	1.457	0.734
atac_L40071	highk4_prom	4.682	1.997	1.039	2.393	2.267	1.437	1.566	2.105	3.163	1.045	1.459
atac_L40117	highk4_prom	3.695	3.565	1.47	3.326	2.686	1.637	1.793	0	2.872	2.494	1.15
atac_L40119	highk4_prom	3.977	3.241	1.142	2.168	1.674	0.952	0.992	0	2.199	1.051	1.152
atac_L40290	highk4_prom	3.469	3.547	1.685	1.408	2.041	1.372	1.613	2.159	1.214	1.315	1.184
atac_L40325	highk4_prom	4.447	5.019	2.806	3.394	2.877	2.393	1.146	3.974	3.917	2.173	1.378
atac_L40326	highk4_prom	4.308	4.647	2.322	3.246	2.631	2.722	0.783	0	3.713	1.257	1.369
atac_P01972	highk4_prom	4.054	2.08	1.097	1.506	1.252	1.038	1.577	1.989	1.528	1.827	1.063
atac_L09977	highk4_prom	3.623	4.674	1.59	2.154	1.878	2.21	1.738	0	1.763	1.597	0.715
atac_L09997	highk4_prom	3.731	3.673	1.796	2.812	2.413	1.936	1.714	0	3.537	1.302	0.876
atac_L10012	highk4_prom	4.385	2.312	1.975	2.974	2.851	1.824	0.947	2.858	3.524	2.006	1.264
atac_L10013	highk4_prom	3.951	3.835	2.167	3.366	2.496	2.312	1.352	2.165	3.718	0.806	1.188
atac_P01983	highk4_prom	4.113	4.792	1.496	2.696	1.829	1.921	2.098	3.064	2.596	1.179	0.678
atac_L10023	highk4_prom	4.556	3.093	1.22	1.798	1.188	1.583	1.02	0	1.862	1.692	0.992
atac_L10026	highk4_prom	3.864	2.704	1.41	1.09	0.815	1.292	1.811	2.956	0.716	1.293	1.25
atac_L10079	highk4_prom	3.821	3.194	2.66	2.302	2.086	1.371	1.919	2.247	2.875	0.851	1.084
atac_L10089	highk4_prom	3.673	4.66	1.455	1.986	1.792	1.644	1.67	0	2.177	1.037	0.736
atac_L10124	highk4_prom	3.803	2.82	1.4	1.762	1.86	1.254	0.32	0	1.431	1.054	1.155
atac_L10138	highk4_prom	3.528	3.076	2.064	2.557	2.534	2.041	1.851	1.974	3.137	1.678	0.967
atac_L10140	highk4_prom	4.489	3.031	1.267	1.814	1.987	0.946	1.885	0	1.173	0	0.853
atac_P02010	highk4_prom	3.867	4.618	1.691	2.162	1.695	1.741	1.27	2.525	2.005	2.022	0.719
atac_L10153	highk4_prom	3.81	1.5	2.386	2.37	1.907	1.801	2.086	1.423	2.07	2.087	1.245
atac_L10159	highk4_prom	4.142	4.206	3.484	2.643	1.845	1.083	1.829	2.978	2.095	1.684	1.567
atac_L10161	highk4_prom	3.33	1.705	1.09	0.673	1.138	0.976	1.389	0	2.058	1.418	0.466
atac_L10174	highk4_prom	4.5	3.838	2.115	1.646	1.989	1.124	1.41	2.884	2.499	1.439	0.475
atac_L10180	highk4_prom	4.272	4.336	1.212	2.172	1.973	1.606	1.568	2.783	2.948	2.055	1.659
atac_L10181	highk4_prom	4.735	4.948	1.462	2.341	1.482	1.851	1.568	1.979	2.548	0.961	0.678
atac_P02018	highk4_prom	3.668	2.472	1.049	2.456	2.007	2.101	1.832	2.048	2.919	1.746	1.267
atac_L10249	highk4_prom	4.644	4.152	1.868	2.508	2.087	2.087	1.442	0	2.433	2.142	1.272
atac_L10312	highk4_prom	4.526	3.495	1.066	2.077	1.306	1.693	1.139	0	2.617	1.453	1.281
atac_L10313	highk4_prom	3.801	4.018	2.377	3.594	2.901	2.789	0.969	2.546	3.408	1.914	1.037
atac_L10400	highk4_prom	3.779	2.277	1.282	1.333	1.606	1.553	1.036	1.469	2.456	1.871	0.657
atac_P02046	highk4_prom	3.854	3.48	1.174	1.349	1.73	1.385	1.34	0	2.406	1.685	0.783
atac_L10413	highk4_prom	4.119	3.72	1.199	2.072	1.954	1.709	2.189	0	2.338	0.426	1.12
atac_L10416	highk4_prom	3.917	4.556	1.867	2.76	1.809	2.281	1.75	0	2.69	1.901	1.739
atac_L10427	highk4_prom	3.876	4.801	1.956	2.475	1.779	0.981	1.884	2.924	1.811	1.272	1.143
atac_L10440	highk4_prom	4.054	5.15	2.316	3.154	1.893	2.508	1.033	3.533	2.392	1.709	0.364
atac_L10446	highk4_prom	3.798	2.544	1.317	1.281	1.722	0.67	1.45	0	1.639	0	1.152
atac_P02056	highk4_prom	4.289	2.678	1.099	1.83	0.858	1.071	0.734	0	1.939	0.97	0.314
atac_L10454	highk4_prom	3.963	5.485	1.852	2.383	1.877	2.16	2.597	2.138	2.467	0.791	1.414
atac_P02061	highk4_prom	4.46	3.768	1.312	1.566	1.42	1.021	0.769	2.058	1.681	0	0.827
atac_L10462	highk4_prom	3.407	3.56	3.284	2.558	2.221	1.61	1.306	3.652	3.624	1.646	0.855
atac_L10473	highk4_prom	4.127	4.981	1.764	2.395	2.119	1.804	1.306	0	2.377	0.774	0.344
atac_L10483	highk4_prom	4.613	5.372	1.645	2.712	1.466	2.244	1.894	0	2.441	2.075	1.601
atac_L10486	highk4_prom	3.733	3.554	1.667	2.205	2.114	1.382	1.976	2.102	3.378	1.936	1.457
atac_L10499	highk4_prom	3.865	2.445	1.696	1.665	1.648	1.131	1.028	2.171	2.115	2.25	0.514
atac_L10508	highk4_prom	3.902	3.463	1.862	2.576	2.169	2.439	0.975	2.556	2.237	2.167	1.298
atac_L10510	highk4_prom	4.704	4.971	1.968	3.43	2.608	2.609	1.715	3.492	3.305	2.78	1.08
atac_L10511	highk4_prom	4.632	4.67	1.368	2.955	2.631	2.628	1.323	2.599	2.931	1.821	1.07
atac_L10514	highk4_prom	5.151	4.186	1.137	2.422	2.355	1.67	2.371	0	2.811	2.562	1.365
atac_L10519	highk4_prom	4.545	4.418	1.665	2.913	2.238	2.291	2.217	0	2.042	1.705	0.653
atac_L10528	highk4_prom	5.181	4.992	1.412	2.185	2.159	1.896	2.055	2.183	2.515	0.816	0.9
atac_L10570	highk4_prom	4.777	4.914	0.585	2.013	1.883	1.502	1.802	0	2.609	0	0
atac_L10581	highk4_prom	4.39	3.097	0.751	1.249	1.057	1.51	1.131	0	2.869	1.023	0.607
atac_L10596	highk4_prom	4.25	3.539	1.488	1.437	1.418	1.45	1.553	1.394	2.624	1.924	0.734
atac_L10606	highk4_prom	3.925	3.518	0.863	1.965	0.647	1.03	1.13	2.538	1.943	1.248	0.606
atac_P02095	highk4_prom	4.148	4.703	1.597	2.503	1.967	1.665	1.32	0	2.886	1.348	1.04
atac_L10615	highk4_prom	5.047	4.308	1.469	0.867	1.636	2.288	1.935	0	2.173	2.236	1.269
atac_P02105	highk4_prom	3.73	4.177	1.125	1.865	1.167	1.444	0.497	0	1.267	0.673	0.538
atac_P02106	highk4_prom	5.044	5.423	1.481	3.24	2.175	2.128	1.787	3.524	2.477	1.839	1.836
atac_L10674	highk4_prom	3.989	2.051	1.175	0.995	1.417	1.895	1.348	2.16	2.245	1.082	1.185
atac_L10679	highk4_prom	5.591	4.578	1.602	2.707	2.061	2.179	1.333	2.141	2.819	1.676	1.079
atac_L10690	highk4_prom	4.918	4.901	1.546	2.574	1.503	1.912	0.599	2.158	2.544	1.314	1.504
atac_L10735	highk4_prom	3.86	4.226	1.757	2.168	1.538	1.92	1.736	1.457	2.183	1.856	0.775
atac_L10742	highk4_prom	4.359	3.717	1.28	1.33	1.305	1.329	1.362	0	1.967	0	0.365
atac_L10798	highk4_prom	3.87	4.151	1.508	2.831	2.152	2.193	2.44	2.8	3	2.275	0.685
atac_L10806	highk4_prom	4.879	2.978	0.855	0.538	1.046	0.952	0	0	1.768	1.602	0.717
atac_L10963	highk4_prom	3.969	2.807	0.939	1.533	1.849	0.948	0.988	0	1.632	1.275	0.623
atac_P02151	highk4_prom	3.875	3.713	1.691	3.012	2.364	2.484	2.77	3.047	3.477	2.337	0.774
atac_L10981	highk4_prom	3.547	2.396	0.949	0.566	1.092	1.031	1.457	0	1.435	0.783	0.97
atac_L10986	highk4_prom	3.406	4.199	2.035	2.988	2.268	2.295	1.979	2.106	2.906	1.645	1.055
atac_L10988	highk4_prom	3.727	4.472	3.524	3.349	2.706	2.682	2.676	2.056	3.725	2.683	0.826
atac_L10999	highk4_prom	3.516	5.187	2.487	3.198	2.123	2.119	2.481	0	2.993	2.437	1.421
atac_L11017	highk4_prom	3.564	4.782	3.2	3.135	2.481	2.144	1.178	0	3.235	0.791	0.979
atac_L11018	highk4_prom	4.535	3.806	0.905	1.913	1.984	1.731	1.18	2.141	1.661	2.102	0.761
atac_L11042	highk4_prom	4.058	2.039	2.101	1.718	1.751	1.334	1.338	0	2.232	0.452	1.083
atac_L11044	highk4_prom	3.532	5.007	1.06	2.692	2.51	2.28	2.576	0	3.334	1.437	1.279
atac_L11075	highk4_prom	4.87	4.452	0.507	0.958	1.215	1.695	0.574	2.102	2.118	1.796	0.488
atac_P02176	highk4_prom	3.927	4.175	1.368	2.266	1.501	1.998	1.312	1.279	1.665	1.154	1.457
atac_L11093	highk4_prom	4.728	2.868	1.078	1.41	1.388	1.316	0.827	2.162	2.375	0.804	0.648
atac_L11098	highk4_prom	4.409	2.569	1.415	2.029	1.719	1.706	0	2.138	3.021	1.674	1.556
atac_L11103	highk4_prom	4.769	4.11	1.428	2.891	2.318	2.075	2.026	3.888	3.04	1.311	0.644
atac_L11104	highk4_prom	5.289	3.998	1.503	3.15	2.467	2.157	2.67	4.043	3.493	1.509	1.424
atac_L11119	highk4_prom	4.246	5.17	1.826	3.065	2.289	1.354	1.851	2.174	2.505	0.81	0.894
atac_L11123	highk4_prom	4.306	2.258	1.656	2.111	2.175	1.287	2.035	2.163	2.494	0	0.888
atac_L11134	highk4_prom	4.36	4.633	1.531	3.265	2.001	2.105	2.06	2.099	3.122	2.061	1.05
atac_L11205	highk4_prom	4.06	3.099	1.407	1.712	2.121	1.598	1.955	0	2.42	0.714	1.368
atac_L11214	highk4_prom	3.768	5.134	2.919	3.195	2.796	2.428	1.429	1.945	3.103	2.126	1.033
atac_L11224	highk4_prom	3.646	3.494	2.47	2.678	2.054	1.791	1.796	0	2.326	0.778	1.318
atac_L11244	highk4_prom	4.389	4.06	1.437	2.02	1.256	1.557	1.756	0	2.827	1.768	1.032
atac_L11264	highk4_prom	3.845	2.21	1.358	2.117	1.495	1.771	0.993	0	1.906	1.281	0.347
atac_L11266	highk4_prom	4.332	4.059	1.39	2.261	2.114	1.744	1.191	2.985	2.836	1.69	0.358
atac_L11303	highk4_prom	3.551	4.464	2.623	2.604	2.038	2.118	0.565	3.181	2.228	1.45	0.729
atac_L11309	highk4_prom	3.771	4.136	2.124	2.647	2.013	1.695	1.838	2.869	2.848	1.235	1.671
atac_L11310	highk4_prom	4.215	2.513	1.445	0.755	1.952	1.546	1.44	1.958	2.163	0.389	1.404
atac_L11371	highk4_prom	3.415	4.118	0.995	1.078	1.676	0.896	1.93	0	2.049	2.426	0.873
atac_L11501	highk4_prom	3.668	4.191	1.975	2.426	1.272	1.498	1.034	2.179	2.947	2.471	1.286
atac_L11576	highk4_prom	3.417	3.147	0.944	1.373	1.65	1.618	0.58	0	1.639	1.949	1.061
atac_L17965	highk4_prom	4.489	3.831	1.316	1.599	1.761	1.658	1.488	0	2.221	0.985	1.577
atac_L17977	highk4_prom	3.714	2.901	0.977	2.61	2.08	1.314	1.549	2.086	2.102	1.627	1.296
atac_L17978	highk4_prom	3.475	2.157	0.911	1.242	1.28	1.241	0.959	0	1.686	1.242	0.333
atac_L17997	highk4_prom	4.06	3.57	1.647	3.136	2.783	1.833	2.076	3.841	3.175	1.949	1.319
atac_L18029	highk4_prom	3.854	4.01	1.619	2.109	1.716	1.345	1.022	2.161	1.576	0.804	0.887
atac_L18041	highk4_prom	3.444	3.859	1.786	2.187	1.941	1.637	1.508	2.5	1.832	0	0.591
atac_L18067	highk4_prom	4.147	4.211	1.067	2.29	1.874	1.77	1.697	2.007	2.329	1.2	1.571
atac_P03434	highk4_prom	3.944	4.46	2.08	2.99	1.966	1.753	1.681	1.99	2.774	1.375	1.145
atac_L18073	highk4_prom	3.531	4.525	1.393	3.021	1.81	1.509	1.939	0	2.373	2.24	1.092
atac_L18114	highk4_prom	3.748	3.695	1.665	2.515	2.204	1.818	2.041	1.999	2.571	1.551	1.152
atac_L18116	highk4_prom	3.695	1.489	0.711	2.215	1.975	1.567	1.572	3.218	2.494	1.278	1.392
atac_P03451	highk4_prom	4.223	3.125	0.721	0.66	1.538	0.664	0.929	0	1.551	1.396	1.164
atac_L18171	highk4_prom	3.336	3.464	2.086	1.406	1.896	1.931	1.611	3.509	1.573	1.313	1.09
atac_L18173	highk4_prom	4.417	3.677	2.558	1.917	1.6	1.444	1.336	0	2.684	1.072	0.355
atac_L18176	highk4_prom	3.714	4.077	1.326	2.501	2.01	1.94	1.322	0	2.143	1.29	0.35
atac_L18184	highk4_prom	3.633	4.155	2.91	3.459	2.179	2.052	1.604	3.261	3.072	1.982	1.263
atac_L18231	highk4_prom	3.554	4.276	2.179	1.963	1.912	1.826	0.586	2.13	2.342	1.293	1.071
atac_P03464	highk4_prom	3.749	4.67	1.752	2.534	1.877	1.291	1.829	1.216	2.552	1.434	0.517
atac_L18289	highk4_prom	3.39	4.001	1.83	2.225	1.758	1.617	1.909	0	3.011	1.34	1.189
atac_L18297	highk4_prom	4.023	5.58	1.54	2.442	2.234	1.763	1.607	2.152	1.857	1.31	1.179
atac_L18331	highk4_prom	3.411	4.069	1.313	2.365	1.79	1.513	0	2.994	2.181	2.455	0.649
atac_L18338	highk4_prom	3.338	2.05	1.472	1.866	1.786	2.045	1.613	0	2.372	0	0.359
atac_L18354	highk4_prom	4.658	3.535	1.856	1.864	1.873	1.423	1.988	0	2.349	1.406	1.172
atac_P03483	highk4_prom	5.52	4.635	1.456	1.811	1.722	1.913	1.85	0	2.541	2.252	0.674
atac_L18385	highk4_prom	4.309	3.236	1.469	2.562	1.347	1.217	1.891	3.217	2.493	1.278	1.058
atac_L18419	highk4_prom	4.069	3.886	0.734	1.107	1.352	1.63	1.935	0	2.306	1.69	0.645
atac_L18423	highk4_prom	4.406	2.874	1.235	1.33	0.385	0.6	0	0	2.271	0.75	0
atac_L18464	highk4_prom	4.333	4.454	1.956	2.206	1.639	1.487	1.679	1.405	2.732	2.29	1.829
atac_L18467	highk4_prom	4.394	4.275	1.119	2.544	2.398	2.186	2.15	1.961	2.333	2.333	0.558
atac_L18471	highk4_prom	4.396	4.828	2.009	3.088	2.339	1.987	2.149	3.123	2.651	1.578	1.529
atac_L18483	highk4_prom	3.953	3.855	1.485	1.902	1.993	1.743	2.091	0	1.92	0.787	0.633
atac_L18485	highk4_prom	4.195	4.301	1.678	2.372	2.108	1.747	1.392	0	2.423	1.228	1.542
atac_P03516	highk4_prom	4.177	4.01	1.403	2.55	2.008	1.83	1.381	2.031	2.511	1.731	1.093
atac_L18539	highk4_prom	3.873	2.759	1.394	2.261	2.059	1.618	2.257	0	2.212	1.437	0.721
atac_L18547	highk4_prom	4.04	3.73	1.33	2.929	1.935	1.888	1.912	0	2.217	1.824	1.409
atac_P03531	highk4_prom	3.724	4.672	1.16	2.646	2.531	2.285	1.872	3.745	2.683	1.619	1.087
atac_L18574	highk4_prom	4.398	4.888	1.625	2.297	2.118	2.526	2.098	1.366	2.723	2.34	0.926
atac_L18595	highk4_prom	3.709	4.017	1.553	2.502	2.711	1.921	1.62	0	2.892	1.857	1.19
atac_L18630	highk4_prom	3.418	5.265	2.801	2.372	1.864	1.618	1.356	2.171	1.473	1.526	0.362
atac_P03539	highk4_prom	3.894	4.218	1.738	2.243	2.342	1.918	2.089	0	1.919	1.883	1.479
atac_L18640	highk4_prom	4.46	5.508	2.129	1.255	2.145	1.655	2.201	0	1.508	2.55	0.943
atac_L18644	highk4_prom	3.442	4.571	2.207	3.236	2.422	2.312	1.329	2.962	2.348	0.79	1.167
atac_L18656	highk4_prom	3.632	2.853	1.068	1.306	1.145	1.245	0.594	0	1.668	0.796	1.263
atac_L18662	highk4_prom	4.1	4.049	1.017	1.568	2.049	2.12	1.014	2.148	2.017	1.306	0.879
atac_L18665	highk4_prom	3.753	3.371	2.699	2.602	2.302	2.116	1.762	1.385	3.752	1.774	0.941
atac_L18688	highk4_prom	3.536	4.21	2.092	2.445	2.369	1.791	1.449	0	2.326	0.778	1.237
atac_P03545	highk4_prom	5.052	4.89	2.037	2.936	2.272	1.871	0.757	2.848	2.413	0.736	1.008
atac_L18706	highk4_prom	4.333	4.46	1.613	1.507	1.291	1.561	1.134	2.077	1.87	1.448	1.036
atac_L18718	highk4_prom	3.909	4.727	1.259	2.292	1.977	1.454	1.432	0	0.698	1.789	1.222
atac_L18729	highk4_prom	5.07	4.135	1.321	2.229	2.056	2.164	2.046	2.175	2.667	0.811	0.364
atac_L18730	highk4_prom	4.816	4.605	1.876	1.387	1.956	1.633	1.706	2.133	2.078	1.064	1.743
atac_L18733	highk4_prom	4.735	4.464	1.77	2.676	2.429	2.134	2.56	3.146	2.317	2.235	0.329
atac_L18734	highk4_prom	3.928	3.367	1.64	1.979	1.575	1.691	1.337	2.973	1.935	0.795	0.984
atac_P03559	highk4_prom	5.208	5.605	2.04	3.248	2.508	2.501	2.582	2.428	3.007	2.43	1.706
atac_L18774	highk4_prom	3.591	5.022	3.227	2.765	2.506	1.681	1.731	0	3.009	2.72	0.887
atac_L18790	highk4_prom	3.93	2.93	1.093	2.601	1.571	1.888	1.793	2.112	2.128	1.805	0.624
atac_L18795	highk4_prom	3.715	3.778	1.794	2.42	1.888	1.596	1.03	0	2.664	2.004	0.894
atac_L18801	highk4_prom	4.696	3.323	1.296	2.404	1.996	1.33	2.229	3.131	2.245	0.415	0.815
atac_L18821	highk4_prom	4.356	5.087	1.861	2.15	1.97	1.446	0	0	2.913	1.306	0.506
atac_L18822	highk4_prom	3.713	3.365	1.31	2.059	1.815	2.028	2.394	2.007	2.382	2.468	0.798
atac_L18827	highk4_prom	4.51	4.94	2.584	2.952	2.204	2.204	1.281	2.075	2.7	1.445	1.287
atac_L18839	highk4_prom	4.158	3.73	1.371	2.024	2.144	1.926	1.912	0	2.404	2.093	1.073
atac_L18847	highk4_prom	4.055	3.49	1.089	2.426	1.78	1.416	0.836	0	2.047	0	1.368
atac_L18857	highk4_prom	4.584	1.04	1.204	1.338	1.798	1.375	0	0	2.491	0.955	1.13
atac_L18863	highk4_prom	4.046	4.326	1.824	2.226	1.232	1.438	1.624	0	1.223	1.703	0.652
atac_L18867	highk4_prom	4.166	3.701	2.368	2.671	1.784	2.029	1.444	2.108	2.543	1.473	0.856
atac_L18917	highk4_prom	4.067	3.944	0.855	2.859	1.351	1.786	1.018	2.154	2.239	1.078	1.5
atac_L18918	highk4_prom	4.963	3.301	1.077	1.924	1.3	1.201	1.293	0	2.359	1.458	1.643
atac_L18924	highk4_prom	4.966	5.151	2.612	3.515	2.853	2.859	2.05	3.01	3.439	2.369	2.486
atac_L18968	highk4_prom	4.49	5.368	2.422	2.38	1.756	1.809	1.502	3.01	1.48	0.813	1.286
atac_L18981	highk4_prom	3.519	4.765	3.743	3.46	2.776	2.018	1.015	0	3.073	2.23	1.264
atac_L18983	highk4_prom	4.412	2.845	1.418	1.48	1.516	1.208	1.009	0	2.01	0	0.354
atac_L18994	highk4_prom	3.767	4.672	2.308	2.953	2.147	2.399	2.093	2.051	2.996	1.009	1.547
atac_L18996	highk4_prom	4.278	4.65	2.639	2.603	2.317	1.957	1.861	3.068	2.643	1.946	0.974
atac_L19003	highk4_prom	3.686	3.877	0.286	1.208	1.033	1.046	1.603	0	2.361	1.074	0.641
atac_L19004	highk4_prom	4.19	4.901	1.125	2.16	1.257	1.873	1.485	1.45	1.574	2.544	0.359
atac_L19030	highk4_prom	4.706	4.971	1.936	2.735	2.394	2.252	1.353	2.166	1.581	2.356	1.359
atac_L19033	highk4_prom	3.527	3.075	1.88	2.166	1.323	1.494	1.333	0	2.495	1.174	0.563
atac_L19038	highk4_prom	3.991	4.232	1.564	2.99	2.122	2.015	2.731	3.392	2.541	1.238	1.421
atac_L19039	highk4_prom	3.978	3.897	2.045	2.94	2.443	2.071	1.575	0	3.175	1.479	0.626
atac_L19048	highk4_prom	4.044	4.058	1.54	2.765	1.834	1.187	0	0	2.553	1.247	1.204
atac_L19049	highk4_prom	4.995	2.227	1.107	2.236	1.64	1.511	1.812	0	2.282	1.493	0.5
atac_L19051	highk4_prom	3.567	4.702	2.027	2.865	2.428	2.022	1.735	0	3.131	2.675	1.413
atac_L19053	highk4_prom	3.852	2.736	1.077	2.536	1.962	1.934	0.826	0	2.311	2.121	0.51
atac_L19055	highk4_prom	3.721	4.085	2.208	2.336	1.754	1.562	1.264	2.052	2.199	1.75	0.597
atac_L19086	highk4_prom	3.861	4.078	1.446	1.628	1.686	1.558	1.701	2.128	1.998	0	0.632
atac_L19109	highk4_prom	4.213	3.941	0.745	1.896	1.601	1.266	1.64	0	2.729	0.422	0.929
atac_L19133	highk4_prom	3.98	4.578	2.282	2.747	2.366	2.088	2.125	2.083	3.494	0.761	0.338
atac_L19144	highk4_prom	4.009	3.806	1.966	2.245	1.792	1.617	1.333	1.436	2.946	1.676	0.875
atac_L19153	highk4_prom	3.737	4.366	0.963	2.261	1.121	0.73	0.558	2.064	2.08	0.751	0.831
atac_L19173	highk4_prom	3.412	4.408	2.408	2.804	2.066	2.154	1.943	0	2.846	2.355	0.774
atac_L19192	highk4_prom	3.946	2.219	1.404	1.958	1.296	1.602	1.32	0	3.08	0.783	0.753
atac_L19199	highk4_prom	4.576	5.288	2.373	2.718	1.755	1.982	2.347	2.979	2.957	2.231	0.881
atac_L19203	highk4_prom	4.163	4.996	1.823	2.772	2.549	1.651	1.283	2.543	3.025	2.363	0.837
atac_L19251	highk4_prom	5.104	3.628	1.095	1.482	1.384	1.441	0.551	0	2.529	0.418	0.468
atac_L19260	highk4_prom	3.878	3.319	1.566	2.287	1.169	1.723	1.036	0	3.252	0.815	1.449
atac_L19263	highk4_prom	3.625	2.974	1.143	3.324	2.065	2.476	2.015	3.924	3.743	1.234	0.33
atac_L19278	highk4_prom	3.468	2.816	1.069	1.451	1.46	1.229	1.485	0	2.489	0.723	1.16
atac_L19301	highk4_prom	3.507	4.616	3.066	2.818	2.649	1.742	1.919	1.957	3.625	0	0.16
atac_L19309	highk4_prom	4.659	4.102	1.08	2.177	1.753	1.881	0.753	2.028	3.479	1.215	1.09
atac_P03637	highk4_prom	4.169	3.721	1.283	1.259	1.722	1.962	1.934	0	2.673	1.361	0.966
atac_L19415	highk4_prom	3.468	3.381	1.685	1.654	1.713	1.4	1.346	2.158	0.73	1.081	0.51
atac_L19420	highk4_prom	3.337	4.441	1.685	2.69	1.918	2.114	2.118	0	2.544	2.449	1.27
atac_L19422	highk4_prom	3.411	3.768	1.847	2.365	1.359	1.661	1.351	1.455	2.033	1.854	0.995
atac_L19438	highk4_prom	3.521	2.424	0.371	1.401	1.657	0.818	0.328	2.151	2.537	1.509	1.086
atac_L19582	highk4_prom	4.313	3.148	1.37	1.618	1.258	0.938	0.941	0	2.051	0	0.172
atac_L37091	highk4_prom	3.603	1.461	1.116	0.943	0.742	1.336	0.969	0	1.788	0.758	0.337
atac_L37127	highk4_prom	3.338	3.881	3.268	3.36	2.801	2.883	1.563	2.102	3.319	2.734	0.343
atac_L37130	highk4_prom	3.553	3.971	1.691	3.071	2.414	1.483	2.25	2.954	3.381	0.786	1.162
atac_L37132	highk4_prom	3.361	3.127	2.086	1.966	2.509	2.1	1.49	2.017	3.248	1.398	1.316
atac_L37157	highk4_prom	3.372	4.199	1.098	2.292	2.026	2.156	2.048	1.268	2.497	2.877	0.655
atac_L37177	highk4_prom	3.55	4.301	3.241	3.333	2.539	2.632	2.272	0	3.753	1.914	1.291
atac_L37378	highk4_prom	3.616	0.715	0.538	0	1.056	0.656	1.633	0	1.97	2.013	1.107
atac_L37386	highk4_prom	4.776	3.735	1.291	1.16	2.128	1.952	1.864	0	3.032	1.778	1.129
atac_P06629	highk4_prom	4.815	4.371	1.452	1.844	1.815	1.651	1.229	2.007	3.114	0.979	0.692
atac_L37410	highk4_prom	4.105	5.461	1.861	2.686	2.251	1.964	1.639	0	3.041	1.238	0.929
atac_L37421	highk4_prom	3.417	3.647	2.088	2.391	1.807	1.478	2.024	0	2.688	2.349	0.721
atac_L37428	highk4_prom	4.527	4.811	1.332	1.634	1.367	1.204	1.176	0	1.751	1.296	0.872
atac_L37442	highk4_prom	3.627	4.507	2.08	2.252	1.939	1.796	0	0	2.964	1.012	0.825
atac_L37445	highk4_prom	3.636	4.698	1.864	1.983	1.993	1.577	2.194	2.979	2.997	1.509	0.881
atac_L37447	highk4_prom	4.395	4.587	1.364	1.572	1.51	1.61	1.342	0	2.303	1.537	1.359
atac_L37460	highk4_prom	3.687	5.539	2.478	2.737	1.115	1.991	1.305	0	2.905	2.393	1.884
atac_L37483	highk4_prom	3.449	3.602	0.789	1.563	1.341	1.177	1.181	0	2.82	2.331	0.876
atac_L37501	highk4_prom	3.921	3.898	3.219	2.592	2.009	1.644	1.412	0	3.28	1.021	1.563
atac_L37503	highk4_prom	3.471	3.385	1.874	1.497	1.963	2.01	1.195	0	2.652	1.694	0
atac_L37550	highk4_prom	4.218	4.194	1.447	1.91	1.49	1.269	0.894	1.961	2.617	1.351	1.124
atac_L37558	highk4_prom	4.313	3.672	0.726	1.639	2.004	1.358	1.471	0	2.774	1.833	1.416
atac_L37599	highk4_prom	3.509	4.301	2	1.994	1.811	1.707	2.006	3.141	2.526	1.005	1.103
atac_L37642	highk4_prom	3.606	4.329	1.32	2.508	2.306	1.325	1.498	0	2.666	1.326	0.515
atac_L37645	highk4_prom	3.589	3.49	2.868	3.557	2.79	2.398	1.892	3.658	3.724	2.073	0.858
atac_L37655	highk4_prom	3.948	4.632	1.518	2.828	1.929	1.882	2.459	0	2.711	0.784	2.393
atac_P06702	highk4_prom	5.505	4.35	1.504	1.433	1.675	1.827	1.951	2.448	2.995	0.712	0.977
atac_L37714	highk4_prom	3.506	3.245	1.898	1.624	1.234	1.531	1.918	1.356	1.475	0.739	1.101
atac_L37755	highk4_prom	4.376	4.964	2.245	2.828	2.405	2.044	1.682	1.991	2.467	1.83	1.495
atac_L37768	highk4_prom	3.658	5.128	2.979	2.184	2.32	1.74	0.565	0	2.795	1.623	1.439
atac_L37771	highk4_prom	4.725	4.709	2.482	3.021	2.418	2.23	1.73	2.16	2.795	1.082	1.272
atac_L37774	highk4_prom	3.964	1.543	1.322	0.417	0.928	0.914	1.205	0	1.589	0	0.896
atac_L37775	highk4_prom	4.659	3.611	1.742	1.983	1.656	1.365	1.829	0	2.69	1.983	1.346
atac_L37803	highk4_prom	3.673	4.145	2.427	1.821	2.084	1.605	0.839	0	1.484	0.816	0.784
atac_L37805	highk4_prom	4.024	4.474	1.972	1.543	1.726	1.475	1.8	0	1.642	2.307	1.155
atac_L37811	highk4_prom	4.895	2.068	1.186	1.005	1.43	1.235	1.628	2.177	2.813	1.708	0.78
atac_L37816	highk4_prom	3.474	2.437	1.355	2.317	1.742	1.287	1.024	0	2.752	1.318	0.995
atac_L37829	highk4_prom	3.858	1.981	1.169	1.437	1.389	0.783	1.292	0	2.237	0.432	1.58
atac_L37841	highk4_prom	3.627	3.652	2.628	2.703	1.654	1.699	0	3.339	2.842	1.564	0.901
atac_L37860	highk4_prom	4.597	4.017	1.18	2.584	1.671	2.238	1.026	2.167	2.318	1.857	1.097
atac_L37862	highk4_prom	4.294	2.827	1.283	0.401	0.855	1.1	0.806	0	1.189	1.488	1.068
atac_L37865	highk4_prom	4.55	5.059	3.388	3.853	2.846	2.938	2.415	4.235	3.329	2.372	0.732
atac_L37866	highk4_prom	3.767	3.972	0.953	2.132	1.912	1.458	1.002	0	3.087	1.667	1.407
atac_L37902	highk4_prom	3.531	2.051	1.783	1.867	1.56	1.315	1.838	0	1.864	2.451	1.354
atac_L37910	highk4_prom	5.031	3.294	0.736	1.8	1.041	1.429	1.614	2.16	1.678	1.316	0.993
atac_L37914	highk4_prom	5.069	5.428	1.669	2.195	1.309	1.877	0.591	2.141	2.157	0.792	0.354
atac_L37915	highk4_prom	4.83	4.513	2.034	2.717	1.784	2.103	1.751	3.744	2.676	1.872	0.658
atac_L37921	highk4_prom	4.558	5.245	3.734	3.527	2.975	2.515	1.467	3.484	3.232	2.52	1.075
atac_L37928	highk4_prom	4.422	5.352	1.495	2.66	2.11	2.12	1.56	2.098	2.937	2.568	0.953
atac_L37931	highk4_prom	4.158	4.345	3.167	3.12	2.458	2.022	1.091	4.02	3.387	0	1.316
atac_L37941	highk4_prom	4.169	4.281	1.319	2.004	2.167	2.592	2.216	0	2.613	1.325	1.717
atac_L37942	highk4_prom	4.137	5.125	2.422	2.819	2.736	2.671	1.502	0	3.029	1.33	1.521
atac_L37949	highk4_prom	4.872	4.741	1.9	2.574	2.322	1.852	2.118	0	2.747	1.692	0.992
atac_L37971	highk4_prom	4.083	5.111	1.85	2.058	2.395	1.941	1.62	2.997	2.757	2.129	1.359
atac_L37976	highk4_prom	4.455	3.216	1.666	0.417	1.201	0.653	0.606	2.176	2.044	1.093	0.516
atac_L37978	highk4_prom	4.57	4.755	1.661	2.371	1.907	1.712	1.028	0	2.894	1.702	1.513
atac_L37987	highk4_prom	4.452	5.561	2.441	3.589	2.768	2.16	2.165	0	3.459	2.594	1.401
atac_L37993	highk4_prom	3.563	4.181	3.936	3.473	2.721	2.61	1.294	4.361	3.18	2.052	1.219
atac_L37996	highk4_prom	4.253	4.697	1.563	1.594	1.491	1.851	0.336	2.179	2.047	1.095	0.365
atac_L37998	highk4_prom	3.985	4.353	2.662	2.457	2.184	1.682	0.568	2.906	2.844	1.456	1.372
atac_L38001	highk4_prom	4.606	3.819	1.576	1.722	1.606	1.422	0.329	2.152	2.021	1.31	0.988
atac_L38003	highk4_prom	4.609	5.124	1.86	0.589	1.49	1.235	1.362	0	2.263	0.813	1.004
atac_L38013	highk4_prom	4.555	3.039	1.393	1.455	1.435	1.416	1.446	1.411	1.306	0	0.745
atac_L38016	highk4_prom	4.837	3.662	0.425	2.129	1.059	0.854	0.563	0	1.503	1.446	0.336
atac_L38019	highk4_prom	4.181	4.869	1.863	3.238	2.923	2.284	2.816	2.182	3.35	2.262	1.288
atac_L38020	highk4_prom	4.509	4.698	1.976	2.2	2.259	1.874	2.058	0	3.049	2.176	1.224
atac_L38035	highk4_prom	5.306	3.7	1.437	1.733	1.669	1.661	1.734	2.164	2.033	1.697	0.649
atac_L38064	highk4_prom	4.368	4.283	1.78	2.398	1.99	1.158	2.15	0	2.652	0.413	0.704
atac_L38086	highk4_prom	4.382	3.981	1.79	3.043	2.34	2.207	0.876	1.267	3.024	1.894	0.939
atac_L38109	highk4_prom	3.722	3.12	0.701	0.698	1.141	1.503	0.978	0	2.419	1.036	1.046
atac_L38122	highk4_prom	3.626	2.035	0.594	1.482	1.141	1.21	0.816	0	1.202	0.794	0
atac_L38143	highk4_prom	5.158	4.406	1.224	1.871	1.767	1.957	2.208	2.164	2.495	0.805	0.649
atac_L38145	highk4_prom	4.697	4.181	1.736	1.351	1.304	1.034	2.307	0	2.066	1.37	0.567
atac_L38154	highk4_prom	3.543	2.062	1.402	0.876	2.012	1.352	1.356	0	2.187	0	1.44
atac_L38168	highk4_prom	3.547	4.655	1.885	1.88	1.867	1.597	2.217	3.528	1.476	1.705	0.894
atac_L38171	highk4_prom	4.403	3.237	2.311	1.751	2.098	1.406	2.078	2.035	3.014	0.736	0.706
atac_L38179	highk4_prom	3.893	5.122	1.868	2.446	2.149	1.744	2.198	0	3.116	1.846	1.427
atac_L38181	highk4_prom	4.095	4.921	1.855	2.902	2.476	2.103	2.042	0	3.324	1.451	1.573
atac_L38195	highk4_prom	4.523	3.27	1.393	1.957	1.451	0.847	1.847	0	1.144	1.608	0.333
atac_L38227	highk4_prom	4.087	3.841	1.592	2.665	2.2	2.109	1.848	2.171	2.444	1.86	1.099
atac_L38228	highk4_prom	4.215	2.421	1.257	0.576	0.351	1.116	1.014	0	2.017	1.306	1.084
atac_L38279	highk4_prom	3.994	1.811	1.237	2.31	1.765	1.282	1.705	1.914	2.906	1.13	0.421
atac_L38360	highk4_prom	3.773	3.403	2.105	3.402	2.42	2.025	1.032	3.293	3.605	1.329	0
atac_L38374	highk4_prom	3.906	2.057	1.691	1.22	1.859	1.589	3.131	2.165	2.801	0.806	0.89
atac_L38414	highk4_prom	3.558	4.175	1.886	2.329	1.828	1.785	1.14	2.086	3.072	0.763	0.843
atac_L38416	highk4_prom	3.713	4.79	1.556	2.462	2.382	2.074	1.74	0	2.662	0.809	1.279
atac_L38440	highk4_prom	4.535	5.146	1.492	2.425	2.422	2.21	1.877	0	3.482	1.93	0.737
atac_L38442	highk4_prom	4.849	3.867	1.16	1.848	1.401	1.299	2.336	0	2.29	0	1.749
atac_L38451	highk4_prom	4.069	2.361	0.928	1.519	1.27	1.232	1.429	0	2.174	0.433	0.615
atac_L38465	highk4_prom	4.172	2.882	0.925	0.74	0.84	1.064	0.606	0	1.878	2.136	0.779
atac_L38476	highk4_prom	3.367	4.353	1.953	2.504	1.417	1.581	1.984	0	2.344	1.723	1.086
atac_L38478	highk4_prom	3.85	2.277	1.815	2.16	2.275	1.655	1.485	2.471	2.218	1.973	0.899
atac_L38502	highk4_prom	3.632	4.154	1.257	2.394	2.246	1.623	0.594	2.148	2.533	1.683	1.176
atac_L38509	highk4_prom	4.249	4.861	1.186	2.177	1.6	1.265	1.36	0	1.964	0.812	1.196
atac_L38514	highk4_prom	3.43	4.735	2.578	3.13	1.683	2.328	1.632	2.181	2.395	1.712	0
atac_L38542	highk4_prom	4.941	4.286	1.036	1.745	1.236	1.235	1.745	3.008	1.226	1.866	0.655
atac_L38553	highk4_prom	3.626	2.69	1.785	3.303	2.187	1.859	2.218	2.693	3.247	0.911	1.292
atac_L38557	highk4_prom	4.546	2.922	1.636	2.555	2.025	2.008	1.304	0	1.723	2.392	1.527
atac_L38568	highk4_prom	4.402	4.776	2.01	2.691	2.171	2.045	2.426	3.273	2.839	1.692	1.184
atac_L38595	highk4_prom	3.714	4.87	2.58	3.048	2.215	2.384	1.549	2.905	3.623	2.164	0.613
atac_L38596	highk4_prom	4.172	4.96	2.414	3.204	2.123	2.255	1.378	2.839	3.427	2.212	0.587
atac_L38597	highk4_prom	4.688	4.229	1.724	2.419	2.34	1.924	1.91	2.955	3.321	1.492	0.351
atac_L38619	highk4_prom	3.95	3.601	1.325	2.175	1.446	1.398	1.811	0	2.292	0.992	0.586
atac_L38634	highk4_prom	3.834	2.968	1.116	1.396	0.951	1.444	1.824	0	1.333	1.304	0.983
atac_L38648	highk4_prom	4.988	4.518	2.429	2.423	1.679	1.832	1.776	0	3.081	1.461	1.302
atac_L38650	highk4_prom	4.113	4.363	1.596	1.869	1.242	1.144	1.297	0	1.804	0	1.048
atac_L38694	highk4_prom	3.804	3.159	1.45	3.104	1.851	1.686	1.111	0	1.756	2.122	0.594
atac_L38695	highk4_prom	4.01	4.63	1.483	2.972	1.537	2.048	1.257	0	2.619	1.419	1.475
atac_L38698	highk4_prom	3.715	2.949	1.242	1.383	1.586	1.102	1.908	1.425	1.439	1.06	1.161
atac_L38706	highk4_prom	3.52	3.879	1.264	2.299	1.925	1.354	1.562	0	2.312	0.771	1.052
atac_L38708	highk4_prom	4.226	4.633	1.445	3.175	2.525	2.415	2.088	0	3.155	1.489	1.069
atac_L38716	highk4_prom	3.54	2.994	0.921	0.999	0.88	1.29	1.62	2.167	1.956	0	0.997
atac_L38743	highk4_prom	4.579	4.768	1.261	0.866	1.892	1.477	1.481	1.446	1.942	0	1.348
atac_P06849	highk4_prom	3.844	3.481	1.219	2.487	1.232	1.894	1.108	3.573	2.364	0.739	0.917
atac_L11623	highk4_prom	3.589	3.237	1.093	2.113	2.123	1.443	0.318	0	1.425	0	0.858
atac_L11691	highk4_prom	3.791	2.638	0.863	1.247	1.43	0.649	0.561	0	1.781	2.149	1.284
atac_L11812	highk4_prom	4.085	3.318	1.426	1.53	2.431	0.871	2.147	2.104	2.253	0.772	1.229
atac_L11879	highk4_prom	3.894	4.03	1.224	2.639	2.16	1.44	1.113	2.047	2.84	0.742	0.468
atac_L11910	highk4_prom	3.35	4.821	2.195	2.416	2.268	2.09	1.847	3.285	3.747	2.249	1.439
atac_L11912	highk4_prom	4.099	4.01	1.802	2.643	1.549	1.929	1.162	3.222	2.443	1.949	0.964
atac_L11937	highk4_prom	4.216	4.659	2.34	3.424	2.419	2.108	2.08	0	3.278	2.408	0.967
atac_L11951	highk4_prom	4.392	2.612	1.323	1.746	1.129	1.575	1.955	2.178	2.194	0.813	0.897
atac_L11952	highk4_prom	3.547	5.269	2.742	3.725	2.68	2.408	2.37	3.004	3.372	2.813	0.894
atac_L11955	highk4_prom	3.445	4.537	1.7	2.775	1.878	1.517	1.711	3.87	3.06	1.3	1.169
atac_L11996	highk4_prom	4.914	5.293	1.389	2.985	2.5	2.256	1.609	0	2.541	2.116	1.638
atac_L12009	highk4_prom	3.519	3.751	1.425	2.152	2.012	1.671	1.34	2.15	2.996	1.983	1.177
atac_L12013	highk4_prom	4.302	4.961	1.935	2.703	2.263	2.088	1.629	0	3.484	1.493	1.179
atac_L12021	highk4_prom	4.357	4.14	1.724	1.988	1.558	2.069	1.779	1.4	2.974	1.636	0.952
atac_L12051	highk4_prom	3.601	4.789	3.58	3.323	2.774	2.072	1.495	3.906	2.894	2.359	0.892
atac_L12094	highk4_prom	3.745	4.649	1.99	3.131	3.117	2.357	2.154	2.112	3.501	1.476	0.346
atac_L12100	highk4_prom	4.687	3.283	2.701	2.822	2.127	1.337	1.479	2.151	2.236	1.509	1.424
atac_L12135	highk4_prom	4.087	3.395	1.182	2.324	2.599	2.639	1.948	2.171	3.337	2.36	0.999
atac_L12151	highk4_prom	4.557	4.332	2.28	2.956	2.117	1.787	1.481	2.466	1.879	0	1.308
atac_L12155	highk4_prom	3.83	2.374	1.179	2.156	1.311	1.117	2.146	0	2.638	1.272	0.741
atac_L12159	highk4_prom	3.34	4.082	2.364	3.06	2.287	2.134	0.95	0	2.76	1.008	1.414
atac_L12174	highk4_prom	4.358	4.697	1.425	2.152	1.845	1.526	1.015	2.15	2.095	1.508	1.423
atac_L12175	highk4_prom	4.248	3.565	1.277	2.376	1.996	1.201	1.952	3.005	2.9	1.327	0.516
atac_L12193	highk4_prom	3.729	4.5	1.456	2.293	1.791	1.385	1.47	2.14	2.525	2.101	0.354
atac_L12202	highk4_prom	3.486	4.335	2.002	2.632	2.326	2.472	2.034	2.073	3.285	2.035	1.033
atac_L12217	highk4_prom	3.643	2.252	1.264	0.868	1.473	1.122	2.029	2.157	2.596	1.313	1.503
atac_L12227	highk4_prom	3.829	3.947	1.602	2.066	1.829	1.573	1.749	0	1.387	1.608	0.932
atac_L12228	highk4_prom	4.868	3.462	0.856	1.926	2.056	1.765	1.609	0	1.859	1.079	0.645
atac_L12235	highk4_prom	4.209	3.274	1.767	1.851	1.545	1.495	2.103	2.143	2.088	0.794	1.172
atac_L12236	highk4_prom	4.789	4.47	1.388	3.018	2.232	1.861	1.932	0	3.25	1.675	0.965
atac_L12275	highk4_prom	3.914	2.63	0.911	1.957	1.478	1.502	1.124	0	2.642	0.424	0.932
atac_L12317	highk4_prom	4.194	3.26	1.287	2.079	1.827	1.432	2.174	0	1.653	1.964	0.974
atac_L12348	highk4_prom	3.915	3.934	1.263	2.047	1.636	1.817	1.88	0	2.183	2.387	1.05
atac_L12349	highk4_prom	3.4	4.162	1.925	1.725	1.805	1.505	0.597	0	1.341	2.793	0.645
atac_L12365	highk4_prom	4.358	5.055	1.516	2.979	2.364	1.344	1.456	2.947	1.435	1.057	0.63
atac_P02354	highk4_prom	4.413	3.429	0.767	1.192	0.7	0.34	1.078	1.998	1.944	1.192	0.315
atac_L12376	highk4_prom	3.546	4.281	2.893	2.975	2.56	2.145	2.369	2.173	2.762	2.252	1.194
atac_L12384	highk4_prom	4.214	2.154	2.413	2.787	2.48	1.57	2.253	3.394	3.145	0.749	0.828
atac_L12408	highk4_prom	4.264	3.545	0.67	0.869	0.96	1.221	1.346	0	2.431	1.314	0
atac_L12416	highk4_prom	4.805	4.2	1.836	2.588	2.327	1.904	2.597	2.033	3.207	1.87	0.705
atac_L12417	highk4_prom	4.983	3.67	2.043	2.937	2.524	1.707	2.099	2.965	3.534	1.831	0.637
atac_L12422	highk4_prom	3.867	5.382	2.267	2.705	2.475	2.227	0.605	2.173	3.307	0	1.586
atac_L12425	highk4_prom	4.433	3.858	2.405	3.428	2.985	2.305	0.758	4.403	3.464	1.873	1.47
atac_P02357	highk4_prom	4.602	4.595	2.177	3.05	2.138	2.031	2.369	2.855	3.123	1.225	0.593
atac_L12431	highk4_prom	3.819	4.472	1.35	2.298	2.119	2.012	2.248	2.056	2.634	1.892	1.11
atac_L12447	highk4_prom	5.552	4.772	1.507	2.724	2.542	2.273	1.019	0	2.744	1.847	0.884
atac_L12449	highk4_prom	3.949	4.178	2.031	3.123	2.368	2.346	1	2.598	3.349	2.315	1.405
atac_L12450	highk4_prom	5.06	3.939	1.214	1.487	2.144	1.905	1.479	1.443	2.829	1.983	0.766
atac_L12454	highk4_prom	4.803	3.549	1.222	1.317	1.81	1.536	1.022	2.161	1.865	0.804	0.994
atac_L12458	highk4_prom	3.918	3.758	3.481	2.345	2.279	1.934	0.983	0	2.684	1.935	0.852
atac_L12470	highk4_prom	3.875	4.412	1.347	1.362	1.537	1.148	0.984	0	2.186	0.437	1.052
atac_P02373	highk4_prom	4.678	2.27	1.581	1.722	2.179	1.629	2.392	1.326	1.801	1.556	1.233
atac_L12482	highk4_prom	4.589	3.242	1.545	2.36	1.919	1.686	1.69	0	2.265	0.779	1.061
atac_L12492	highk4_prom	3.924	4.582	2.775	3.033	1.946	2.147	0.922	2.005	2.978	1.967	1.074
atac_L12503	highk4_prom	4.127	4.782	1.699	2.553	1.789	1.411	1.007	0	1.754	1.674	0.873
atac_L12506	highk4_prom	3.82	4.568	2.249	2.769	1.453	1.656	1.813	0	2.078	2.094	1.251
atac_L12514	highk4_prom	4.314	4.963	2.019	2.218	2.144	1.279	1.312	2.937	2.199	1.808	0.626
atac_L12529	highk4_prom	4.591	2.189	1.456	3.164	2.225	2.164	1.877	2.916	3.249	1.463	1.586
atac_L12537	highk4_prom	4.25	3.15	0.835	0.399	1.47	1.34	1.315	0	1.909	0.442	1.24
atac_L12558	highk4_prom	4.542	3.321	1.215	2.231	2.164	1.592	1.251	2.848	2.904	1.221	1.096
atac_L12568	highk4_prom	3.405	4.375	4.27	3.449	2.714	1.782	1.681	3.987	3.163	1.939	1.387
atac_L12580	highk4_prom	4.879	1.818	1.177	0.998	1.157	1.257	1.842	0	2.551	0.805	0.995
atac_L12585	highk4_prom	4.242	4.541	1.576	2.356	1.407	1.277	1.892	0	2.494	0.776	0.858
atac_L12613	highk4_prom	4.464	2.835	1.787	2.285	1.333	1.17	1.003	0	2.516	1.493	1.618
atac_L12618	highk4_prom	4.39	4.219	1.887	2.081	2.272	1.408	1.459	1.98	1.319	2.057	0.566
atac_L12648	highk4_prom	4.155	4.935	0.799	2.266	1.533	1.771	1.488	2.161	2.246	1.317	1.432
atac_L12657	highk4_prom	3.691	4.924	1.466	2.719	1.891	1.65	1.931	2.152	2.786	1.686	0.988
atac_L12664	highk4_prom	4.09	4.678	2.553	3.178	2.646	2.063	1.307	2.93	3.232	1.047	0
atac_L12670	highk4_prom	4.539	2.967	0.523	1.715	1.404	1.113	1.011	0	1.849	1.303	0.639
atac_P02411	highk4_prom	4.022	3.097	2.017	2.315	1.821	1.698	1.218	1.316	2.695	1.831	0.314
atac_L12676	highk4_prom	4.157	2.674	2.424	2.936	2.178	2.116	2.03	2.794	2.309	1.827	1.493
atac_L12680	highk4_prom	3.768	2.447	1.23	2.227	1.198	0.787	1.358	0	1.586	1.325	0.653
atac_P02418	highk4_prom	4.124	5.603	2.321	3.27	2.748	2.405	1.731	3.913	3.339	1.591	1.603
atac_L12709	highk4_prom	5.176	3.262	1.007	2.135	1.334	1.434	1.327	0	1.654	1.494	1.483
atac_L12714	highk4_prom	4.445	3.747	3.159	2.822	2.712	1.598	2.606	2.56	3.148	1.633	1.221
atac_L12739	highk4_prom	4.387	4.246	2.876	2.398	2.231	1.73	1.649	0	2.502	1.905	1.031
atac_L12788	highk4_prom	5.085	4.377	2.82	3.017	2.716	2.352	1.789	3.449	3.695	1.472	1.596
atac_L12795	highk4_prom	3.506	2.787	1.807	2.539	2.283	1.848	1.871	3.632	1.881	1.262	0.614
atac_L12804	highk4_prom	3.719	5.295	2.129	2.816	2.372	1.548	1.205	2.176	2.857	2.467	0.364
atac_L12822	highk4_prom	4.116	3.779	1.32	2.476	1.724	1.727	1.533	2.067	2.599	1.245	0.832
atac_L12849	highk4_prom	3.423	1.147	0.836	2.012	1.293	1.063	1.993	0	2.449	1.954	0.628
atac_L12853	highk4_prom	3.652	3.049	0.999	1.284	0.808	0.992	1.694	0	1.826	1.284	0.628
atac_L12878	highk4_prom	3.57	1.989	1.784	2.467	1.395	1.294	0.98	2.096	2.18	0.768	0.617
atac_L12908	highk4_prom	3.875	2.92	1.347	1.936	1.663	1.327	1.563	3.207	1.893	1.642	1.052
atac_L12919	highk4_prom	4.391	4.156	1.464	1.983	1.8	1.717	2.726	2.15	2.64	0.797	0
atac_L12929	highk4_prom	4.275	4.814	1.667	0.981	2.077	2.042	0.59	0	2.467	1.83	1.077
atac_L12943	highk4_prom	4.335	2.592	0.67	1.866	1.981	0.823	0	0	2.176	0	0.359
atac_L12945	highk4_prom	4.49	4.198	1.088	2.053	1.968	1.213	1.566	2.927	2.189	0.773	0.489
atac_L12954	highk4_prom	4.754	4.745	1.371	3.174	2.423	2.039	1.423	4.103	3.069	2.269	1.441
atac_L12966	highk4_prom	4.741	2.682	0.993	2.524	1.571	1.66	1.985	2.112	3.171	1.65	1.465
atac_P02490	highk4_prom	4.413	2.685	1.187	1	1.639	1.219	2.04	0	2.57	0.716	1.069
atac_L13060	highk4_prom	4.238	4.036	1.334	2.511	2.019	1.205	1.007	2.137	2.153	0.79	1.413
atac_P02504	highk4_prom	3.712	3.895	1.99	3.031	2.706	2.445	1.499	2.693	3.349	1.976	1.64
atac_P02507	highk4_prom	4.865	2.764	1.24	2.245	1.871	1.442	1.927	0	2.824	1.355	1.276
atac_L13101	highk4_prom	3.798	2.423	0.823	2.005	1.575	1.016	1.227	1.325	2.324	0.719	1.375
atac_L13107	highk4_prom	3.383	4.576	2.798	2.843	2.304	2.57	1.596	2.966	3.932	0.792	0.98
atac_P02511	highk4_prom	3.787	1.924	1.211	0.668	1.369	1.401	1.247	0	0.984	1.867	0.911
atac_L13116	highk4_prom	3.759	2.944	1.364	1.546	1.632	1.372	2.166	0	1.544	1.057	0.63
atac_L13174	highk4_prom	3.677	3.637	1.23	2.057	1.735	1.61	0.954	2.055	2.071	0.746	1.418
atac_L13180	highk4_prom	4.411	2.992	0.605	2.114	1.158	1.59	0.602	0	1.075	1.321	1.276
atac_L13191	highk4_prom	3.838	3.994	1.257	1.919	2.16	1.55	1.719	0	1.205	0.796	0.356
atac_L07015	highk4_prom	4.158	4.633	1.64	1.965	1.75	1.461	1.279	2.072	2.088	1.023	0.177
atac_L07033	highk4_prom	4.053	4.673	2.192	2.897	1.82	1.335	1.952	2.077	3.164	0	1.289
atac_L07090	highk4_prom	3.758	3.052	1.62	2.226	1.925	2.009	1.318	2.122	2.272	1.287	1.157
atac_L07094	highk4_prom	3.864	3.729	1.244	0.403	1.508	1.262	1.003	0	2.216	0	0.869
atac_L07102	highk4_prom	4.308	4.716	1.552	2.456	1.987	2.312	2.287	3.28	2.605	2.88	1.887
atac_L07104	highk4_prom	3.933	4.156	2.49	2.44	1.972	1.761	1.929	2.978	3.281	1.684	1.177
atac_L07167	highk4_prom	5.095	3.972	1.369	2.659	2.487	2.069	2.527	3.68	4.056	0.446	1.249
atac_L07178	highk4_prom	3.74	4.104	1.88	3.178	2.435	2.394	1.789	0	3.264	1.047	0.959
atac_P01451	highk4_prom	4.108	3.852	1.253	2.316	1.778	1.476	2.151	0	2.697	1.218	1.093
atac_L07197	highk4_prom	3.985	1.526	1.43	0.992	1.186	0.902	1.345	0	1.86	0	0.884
atac_L07212	highk4_prom	3.33	3.086	2.669	3.125	2.496	2.222	1.931	0	3.251	1.985	0.988
atac_L07214	highk4_prom	4.449	3.811	0.907	2.298	1.905	1.389	0	0	2.417	0.451	0.764
atac_L07226	highk4_prom	3.868	2.448	0.806	1.003	1.089	0.501	1.03	2.174	0.531	1.528	0.653
atac_L07230	highk4_prom	3.405	4.167	3.504	3.405	2.416	2.165	1.837	4.196	3.445	2.12	1.504
atac_L07231	highk4_prom	3.689	2.855	1.948	1.983	1.551	1.365	1.605	2.15	1.765	1.508	0.357
atac_L07268	highk4_prom	4.386	4.34	2.774	2.945	2.748	2.393	2.342	3.496	3.62	1.681	1.976
atac_L07274	highk4_prom	3.898	5.444	1.807	2.854	2.284	2.474	1.58	3.848	3.641	2.083	0.751
atac_L07290	highk4_prom	3.991	3.696	1.687	1.993	1.64	1.749	1.731	0	2.601	1.993	1.768
atac_L07346	highk4_prom	4.358	2.825	1.364	1.465	1.906	1.426	0.998	0	1.914	1.287	0.496
atac_L07352	highk4_prom	4.489	2.273	1.525	2.425	1.999	1.55	1.362	2.178	2.72	1.329	1.285
atac_L07383	highk4_prom	3.767	4.427	2.439	3.299	2.666	2.293	2.67	2.051	3.197	2.129	1.414
atac_L07386	highk4_prom	3.748	4.868	2.846	3.183	2.428	3.028	2.787	2.156	3.412	1.313	1.639
atac_L07393	highk4_prom	3.939	2.938	1.319	2.407	1.259	2.14	1.992	2.118	2.92	1.054	1.729
atac_L07414	highk4_prom	4.27	4.609	2.077	2.927	1.754	1.887	1.836	0	2.805	1.01	1.61
atac_L07455	highk4_prom	3.449	4.062	2.561	2.944	2.558	1.985	1.686	1.996	2.82	1.834	1.068
atac_L07467	highk4_prom	3.661	4.132	1.362	1.741	1.866	1.668	1.85	2.173	2.854	1.704	1.364
atac_L07494	highk4_prom	3.686	3.507	3.168	3.126	2.521	2.36	1.272	2.063	2.897	2.024	0.829
atac_L07502	highk4_prom	4.569	4.068	3.507	3.287	2.839	2.503	1.543	3.415	3.837	2.458	1.571
atac_L07507	highk4_prom	3.849	5.098	2.251	2.725	2.115	2.319	1.484	0	2.923	0.801	1.503
atac_L07510	highk4_prom	4.647	3.098	1.078	1.498	1.226	0.693	1.195	2.162	2.031	1.853	1.273
atac_L07511	highk4_prom	4.547	4.347	1.408	2.233	2.04	1.781	1.287	0	2.027	1.256	1.368
atac_L07531	highk4_prom	5.074	5.233	2.099	3.17	2.309	2.151	1.601	2.145	2.417	1.304	1.562
atac_L07543	highk4_prom	4.736	4.634	1.591	2.502	2.122	2.134	1.323	0	3.048	1.291	1.479
atac_L07568	highk4_prom	3.47	3.633	3.526	3.075	2.172	2.956	1.79	3.451	2.544	1.474	1.597
atac_L07581	highk4_prom	4.125	3.134	1.088	2.106	2.344	1.698	1.566	0	2.487	1.644	1.459
atac_L07583	highk4_prom	3.885	2.421	1.257	1.789	1.821	0.897	1.719	0	2.093	0.796	1.565
atac_L07603	highk4_prom	4.676	5.179	2.28	3.626	2.834	2.933	1.901	3.848	3.513	2.593	1.065
atac_L07631	highk4_prom	4.818	2.935	1.358	2.117	2.092	1.365	1.797	0	2.876	0.779	0.748
atac_L07635	highk4_prom	4.116	3.988	1.421	2.201	1.453	1.67	1.56	2.098	2.043	0	1.05
atac_L07636	highk4_prom	4.04	4.571	1.658	2.905	2.231	2.298	1.844	1.457	2.847	2.356	1.437
atac_L07694	highk4_prom	4.607	5.414	1.785	2.927	2.309	2.246	2.647	0	3.012	1.963	1.249
atac_L07695	highk4_prom	4.47	4.813	2.418	2.241	2.131	2.005	1.916	2.137	3.166	1.498	0.759
atac_L07697	highk4_prom	3.335	3.69	2.182	2.261	1.687	1.744	1.345	2.985	2.101	0.801	0.99
atac_L07705	highk4_prom	3.943	4.31	2.892	2.359	2.152	1.533	0.825	0	2.243	0.802	0.992
atac_L07737	highk4_prom	5.251	5.188	1.386	3.116	2.473	2.198	1.4	2.054	2.722	1.6	0
atac_P01552	highk4_prom	4.788	5.737	1.813	2.444	2.1	2.252	2.079	0	2.304	2.938	2.101
atac_L07739	highk4_prom	3.409	4.945	2.793	3.285	2.541	2.418	1.638	3.39	2.929	1.431	0.717
atac_L07741	highk4_prom	4.862	4.507	1.503	2.779	2.557	2.155	2.218	3.733	2.602	1.406	0.702
atac_L07746	highk4_prom	4.409	4.964	2.042	2.936	2.863	1.834	0	2.609	2.816	2.428	0.637
atac_L07757	highk4_prom	4.034	3.385	1.311	1.801	2.448	1.61	0	2.99	2.841	1.694	1.272
atac_L07826	highk4_prom	4.59	4.165	1.474	2.269	1.468	2.089	0.801	1.416	2.499	0	0.347
atac_L07837	highk4_prom	4.288	4.799	2.106	3.207	2.566	2.481	2.221	2.178	2.619	2.47	0.364
atac_L07840	highk4_prom	3.474	4.341	2.608	2.906	2.866	2.165	1.572	2.934	3.237	1.945	1.316
atac_L07847	highk4_prom	4.556	5.429	1.22	2.574	2.385	1.679	2.03	2.631	3.044	0	0.646
atac_L07861	highk4_prom	4.28	4.687	2.236	2.744	2.189	2.098	1.821	0	2.631	1.302	1.56
atac_L07864	highk4_prom	4.469	4.959	1.542	3.182	2.439	2.301	1.31	3.455	3.029	1.476	1.723
atac_P01598	highk4_prom	3.582	4.61	1.756	2.692	1.989	2.405	0.522	2.781	3.014	2.738	1.285
atac_L07909	highk4_prom	4.768	5.397	0.658	2.025	2.374	1.264	1.59	0	2.622	1.966	0.757
atac_L07926	highk4_prom	3.808	1.466	1.333	2.086	1.266	1.368	1.663	0	2.922	0	1.865
atac_L07927	highk4_prom	4.895	3.927	1.251	1.3	1.243	1.328	2.261	0	1.756	1.3	1.415
atac_L08005	highk4_prom	4.69	3.82	0.795	2.399	1.554	1.627	1.832	0	2.787	0.799	0.988
atac_L08014	highk4_prom	3.805	4.388	1.711	3.358	2.111	2.284	2.043	2.901	3.466	2.268	0.841
atac_L08059	highk4_prom	4.196	4.196	1.603	1.937	2.43	2.092	1.44	1.405	3.161	1.797	1.053
atac_L08065	highk4_prom	3.769	4.418	2.077	2.228	2.055	1.669	1.358	3.004	2.387	1.326	0.653
atac_L08069	highk4_prom	5.147	4.577	1.541	1.369	1.764	1.468	2.506	3.217	2.647	0.776	0.857
atac_L08070	highk4_prom	5.47	4.006	1.505	0.937	1.657	0.812	2.03	0	2.449	0.754	0
atac_L08157	highk4_prom	3.528	4.93	2.295	3.379	2.473	2.433	2.2	0	3.189	1.313	0.645
atac_L08163	highk4_prom	4.094	2.754	1.186	0.879	1.73	1.202	1.501	0	1.965	1.329	0
atac_L08182	highk4_prom	3.611	4.985	2.131	3.333	2.659	1.871	1.855	3.533	3.408	2.258	1.368
atac_L08185	highk4_prom	4.805	4.176	1.027	2.33	1.415	2.124	0.568	2.554	1.796	1.456	0.482
atac_L08186	highk4_prom	4.007	4.135	2.335	2.707	2.257	2.366	0	4.465	3.174	1.092	1.195
atac_L08207	highk4_prom	3.88	2.637	1.322	2.312	1.429	1.126	1.853	1.378	2.553	1.247	0.724
atac_L08216	highk4_prom	4.399	5.811	2.182	2.956	2.771	2.635	2.352	0	3.222	2.236	1.089
atac_L08224	highk4_prom	4.05	4.539	2.656	2.555	1.922	2.345	1.819	2.14	2.009	2.101	0.638
atac_L08288	highk4_prom	4.135	4.73	1.233	2.124	1.091	1.763	1.361	2.177	2.767	1.329	0
atac_L08299	highk4_prom	4.649	4.77	1.405	2.774	2.332	2.252	2.271	0	3.261	1.253	1.21
atac_L08303	highk4_prom	3.404	4.216	3.474	3.31	2.737	2.406	2.03	4.195	3.635	1.692	1.27
atac_L08339	highk4_prom	3.829	3.806	1.064	1.713	1.516	1.709	1.471	0	2.774	1.501	1.339
atac_L05444	highk4_prom	3.753	3.198	2.214	2.407	2.09	1.948	1.135	2.078	2.915	1.774	1.571
atac_L05452	highk4_prom	4.246	3.569	1.83	2.168	1.698	1.983	2.075	0	1.821	1.479	1.467
atac_L05466	highk4_prom	3.421	3.895	2.383	2.553	1.852	1.727	0.961	2.067	1.938	1.903	0.934
atac_L05470	highk4_prom	3.704	3.246	1.4	2.223	2.25	2.141	2.692	3.227	2.838	1.657	0.495
atac_L05481	highk4_prom	4.881	4.704	2.428	2.83	2.158	1.824	1.701	2.128	3.573	1.821	1.329
atac_L05484	highk4_prom	5.018	3.065	0.843	0.977	1.061	1.138	1.004	2.959	2.57	0.788	0.634
atac_L05508	highk4_prom	3.375	2.836	1.331	0.854	1.51	0.964	1.813	2.604	1.923	1.295	0.975
atac_L05511	highk4_prom	3.872	3.891	1.012	0.933	0.861	1.121	0.959	1.373	2.009	0.424	0.176
atac_L05517	highk4_prom	4.428	4.227	2.032	2.232	2.209	1.978	0	2.599	2.278	2.09	1.796
atac_L05559	highk4_prom	4.789	5.746	1.785	2.987	1.587	2.583	2.463	0	2	1.293	1.48
atac_L05562	highk4_prom	4.937	4.306	1.429	3.354	2.457	1.676	1.19	2.628	3.351	1.987	1.571
atac_L05571	highk4_prom	4.174	2.977	1.657	0.929	1.714	1.177	1.742	2.871	2.435	1.601	1.348
atac_L05578	highk4_prom	3.426	4.122	2.281	2.823	2.506	2.382	1.902	0	2.884	1.287	1.474
atac_L05631	highk4_prom	4.758	4.294	0.85	2.036	1.312	1.547	1.336	0	1.85	1.978	1.693
atac_L05649	highk4_prom	3.537	4.153	1.539	2.07	1.913	1.827	1.128	2.068	2.448	1.245	0.934
atac_L05652	highk4_prom	3.784	3.365	1.42	1.715	1.279	1.242	1.823	0	2.529	0.794	1.081
atac_L05660	highk4_prom	4.633	5.817	1.404	2.847	2.221	2.228	1.625	2.174	2.042	2.005	1.001
atac_P01172	highk4_prom	4.093	3.981	2.382	3.275	2.33	1.847	0.95	2.863	3.257	1.595	1.342
atac_L05668	highk4_prom	4.099	4.899	1.671	2.183	2.297	1.722	1.632	0	3.108	2.012	0.194
atac_L05670	highk4_prom	3.325	3.184	1.708	1.645	1.775	1.182	0.327	0	1.763	1.683	1.344
atac_L05696	highk4_prom	4.921	5.125	0.984	2.333	1.803	1.851	1.362	2.179	2.393	0.813	1.447
atac_L05713	highk4_prom	3.633	3.995	0.989	2.803	2.168	1.74	2.368	2.104	2.431	2.065	0.344
atac_P01186	highk4_prom	3.914	3.279	1.017	1.312	1.445	1.893	1.726	0	2.079	2.011	1.026
atac_L05727	highk4_prom	4.464	4.773	1.023	2.404	1.852	1.767	1.02	0	2.596	1.514	0.885
atac_L05731	highk4_prom	3.909	3.952	1.287	2.221	1.158	1.184	1.61	2.488	1.56	0.992	0.17
atac_P01188	highk4_prom	3.358	3.771	2.382	2.515	2.199	1.874	1.447	2.423	2.111	2.506	1.411
atac_L05754	highk4_prom	5.148	3.687	1.218	1.807	1.795	1.377	1.434	0	2.974	0.768	0.738
atac_L05755	highk4_prom	5.397	4.447	1.09	1.568	1.273	1.092	0.523	1.305	1.61	0.962	0.782
atac_L05766	highk4_prom	4.675	2.894	1.051	2.178	2.398	1.691	1.573	2.79	1.427	0.709	1.718
atac_L05780	highk4_prom	4.694	3.648	1.615	2.9	2.099	1.281	2.464	0	3.612	1.755	0.745
atac_L05808	highk4_prom	4.13	4.979	0.98	3.005	2.22	2.435	1.95	0	2.898	2.464	1.001
atac_L05814	highk4_prom	3.658	4.559	1.703	2.665	1.699	1.963	2.159	0	2.983	0.738	0.592
atac_P01201	highk4_prom	3.991	4.508	1.537	2.311	2.14	2.126	1.499	4.034	2.603	1.865	1.91
atac_L05830	highk4_prom	4.67	4.899	1.368	3.044	2.498	1.853	2.643	2.181	3.471	2.371	1.448
atac_L05832	highk4_prom	3.976	3.938	2.746	3.602	2.493	1.961	1.928	2.977	3.28	2.11	0.88
atac_L05837	highk4_prom	4.194	3.314	1.085	1.993	1.246	1.408	1.882	2.101	1.971	1.042	0.62
atac_L05887	highk4_prom	3.845	3.495	2.336	3.083	2.162	1.497	1.313	0	2.746	1.949	0.626
atac_L05891	highk4_prom	4.62	3.099	1.268	2.217	2.045	1.937	2.285	2.163	2.248	1.696	0.995
atac_L05963	highk4_prom	4.005	4.673	2.901	3.014	2.759	2.376	1.565	3.649	2.733	2.183	1.386
atac_L05968	highk4_prom	4.17	5.092	3.647	3.176	2.588	2.26	1.625	3.004	2.715	2.005	1.101
atac_L05970	highk4_prom	4.547	4.388	1.445	2.28	2.275	1.565	0	0	2.709	2.044	0.943
atac_L05972	highk4_prom	4.938	3.442	1.881	2.086	2.114	1.566	1.818	3.249	1.754	1.067	0.76
atac_L05975	highk4_prom	3.928	3.96	3.347	3.164	2.681	2.031	2.194	3.614	3.225	1.617	0.608
atac_L06000	highk4_prom	3.863	2.876	1.317	2.504	1.595	2.125	2.291	2.17	2.255	1.323	0.777
atac_L06002	highk4_prom	4.419	1.165	1.255	1.854	0.91	1.009	2.019	0	2.091	0.795	0.355
atac_L06008	highk4_prom	5.025	3.867	0.928	1.353	0.877	1.042	1.294	0	2.417	0.765	1.375
atac_L06009	highk4_prom	3.813	2.06	0.921	1.223	0.881	0.696	1.027	0	2.113	0.808	0.651
atac_P01250	highk4_prom	4.372	4.143	1.219	2.226	2.207	1.655	1.346	3.073	2.559	1.95	1.493
atac_L06026	highk4_prom	4.072	4.546	2.746	2.446	1.908	2.056	2.121	0	2.708	1.386	1.232
atac_L06029	highk4_prom	4.564	4.014	0.919	2.055	1.563	0.599	1.734	0	1.868	1.52	1.188
atac_L06030	highk4_prom	3.35	3.706	1.702	3.011	2.228	1.712	2.455	0	2.872	0.98	0.692
atac_L06037	highk4_prom	3.671	2.758	1.039	1.748	1.981	1.603	0.609	3.012	1.482	1.332	1.37
atac_L06052	highk4_prom	3.97	4.853	3.137	3.516	2.401	2.419	1.011	2.144	3.139	1.303	1.628
atac_L06056	highk4_prom	4.528	4.6	1.025	2.264	1.94	1.455	1.486	0	2.883	1.081	0.886
atac_L06058	highk4_prom	3.703	4.36	2.234	2.993	1.857	2.465	2.123	1.453	2.653	1.695	0.648
atac_P01266	highk4_prom	3.745	3.853	1.084	1.47	1.504	1.16	1.103	0	2.513	0.997	0.463
atac_L06086	highk4_prom	3.68	1.992	0.88	1.172	1.707	1.146	1.781	2.92	2.248	1.639	1.382
atac_P01268	highk4_prom	4.324	3.624	1.736	0.803	1.588	0.909	1.626	2.044	1.477	1.227	1.014
atac_L06095	highk4_prom	4.416	3.18	0.79	1.977	1.817	1.416	0.592	2.971	2.777	0	0.639
atac_L06097	highk4_prom	4.464	4.702	1.894	2.923	2.585	2.36	2.921	3.301	3.473	1.536	1.289
atac_L06105	highk4_prom	4.752	3.602	1.331	0.549	1.692	1.225	1.546	0	1.401	0.761	1.129
atac_L06144	highk4_prom	3.955	3.811	3.247	3.343	2.739	2.17	0.738	3.086	2.785	2.62	0.574
atac_L06156	highk4_prom	3.717	3.743	1.747	1.734	1.893	1.371	2.482	0	2.358	1.457	0.845
atac_L06165	highk4_prom	3.889	3.537	1.071	2.042	2.145	0.938	1.722	1.444	2.481	0	0.767
atac_L06176	highk4_prom	4.21	2.565	1.549	2.244	1.553	1.405	1.359	0	1.801	1.198	1.307
atac_L06177	highk4_prom	3.488	4.657	2.591	2.423	2.372	1.909	0.606	2.176	2.718	2.007	1.003
atac_L06180	highk4_prom	3.706	3.834	2.303	2.62	2.212	1.976	1.351	2.164	2.438	0	0.512
atac_L06187	highk4_prom	4.15	4.655	1.444	3.261	2.197	1.854	1.62	0	2.659	0.737	1.18
atac_L06190	highk4_prom	4.077	4.12	1.268	2.053	1.26	1.511	1.023	0	1.951	0	1.769
atac_L06197	highk4_prom	3.464	2.673	2.174	2.051	2.217	1.511	0.794	2.924	2.82	1.469	0.853
atac_L06215	highk4_prom	4.932	3.88	0.853	1.922	1.552	1.804	1.016	2.151	1.67	1.309	0.767
atac_L06221	highk4_prom	4.083	4.41	1.726	1.736	1.593	1.163	2.502	0	2.381	1.321	0.997
atac_L06248	highk4_prom	4.275	4.33	2.14	2.192	2.394	1.834	1.595	0	1.754	0.791	0.353
atac_L06268	highk4_prom	3.718	3.724	1.672	2.026	1.764	1.495	2.092	1.975	2.796	1.529	0.968
atac_L06270	highk4_prom	3.965	4.333	1.206	1.096	1.308	0.853	1.008	0	1.057	1.3	1.415
atac_L06277	highk4_prom	4.369	5.276	2.154	3.471	2.656	2.557	1.788	3.651	3.521	2.067	1.231
atac_L06280	highk4_prom	3.843	4.506	1.677	2.526	1.854	2.288	0.991	2.113	2.058	1.05	0.625
atac_L06306	highk4_prom	3.582	3.539	1.021	2.207	2.539	1.742	1.932	2.981	2.592	2.233	0.882
atac_L06333	highk4_prom	4.845	3.863	0.957	1.477	1.457	1.074	1.594	0	1.658	1.066	0.353
atac_L06335	highk4_prom	5.205	1.952	1.351	1.894	2.104	1.568	1.269	0	2.811	1.603	1.349
atac_P01331	highk4_prom	3.884	2.27	0.771	1.52	1.529	1.544	0.741	2.005	1.542	1.198	0.577
atac_L06346	highk4_prom	4.748	4.624	1.83	2.471	2.482	1.99	1.502	2.179	2.453	0.813	1.105
atac_L06355	highk4_prom	4.31	4.565	0.917	1.969	1.962	1.843	1.162	1.256	2.48	1.626	0.842
atac_L06365	highk4_prom	4.404	2.177	2.062	3.019	2.803	2.153	1.866	2.084	3.691	2.162	0.944
atac_L06374	highk4_prom	4.284	4.315	0.761	2.616	2.359	1.809	2.133	3.811	1.882	1.035	0
atac_L06375	highk4_prom	3.582	4.555	2.179	3.645	2.165	2.442	1.932	3.504	3.149	2.444	0.882
atac_L06382	highk4_prom	3.797	3.09	1.348	1.405	1.114	0.778	0.329	0	1.461	0.8	1.088
atac_L06388	highk4_prom	3.943	4.884	2.367	2.421	2.132	1.693	1.521	0	2.885	1.427	1.019
atac_L06389	highk4_prom	3.818	4.433	2.91	2.739	2.44	1.879	1.93	3.188	3.407	1.732	1.146
atac_L06390	highk4_prom	3.969	5.045	3.282	2.887	2.54	2.118	1.748	3.919	3.316	2.011	0.656
atac_L06391	highk4_prom	4.616	1.966	1.157	1.848	1.613	0.997	0.562	0	1.601	0.755	0.477
atac_L06415	highk4_prom	3.966	0	1.487	1.229	1.202	0.701	1.033	0	2.194	0	0.655
atac_L06440	highk4_prom	4.478	4.411	1.4	1.808	1.594	1.882	1.354	0	2.71	2	1.278
atac_L06458	highk4_prom	3.476	1.912	1.392	1.378	1.634	1.391	0.748	3.108	1.553	1.855	0.903
atac_L06521	highk4_prom	3.35	4.721	3.041	2.586	2.366	2.159	1.622	4.209	3.057	1.702	1.191
atac_L06528	highk4_prom	4.045	5.173	1.06	3.332	2.094	2.625	2.654	2.136	3.447	3.113	0.501
atac_L06559	highk4_prom	4.325	4.335	2.318	1.884	1.681	1.359	1.63	2.179	1.791	1.868	0.898
atac_L06603	highk4_prom	3.814	3.613	1.734	3.9	2.78	2.166	2.594	4.621	4.142	2.164	1.424
atac_L06618	highk4_prom	4.094	4.644	2.434	2.987	2.732	2.297	0.97	3.418	3.464	1.915	0
atac_L06620	highk4_prom	3.41	3.641	1.938	1.238	1.802	1.568	0.304	0	2.636	1.432	0.331
atac_L06634	highk4_prom	3.99	3.389	1.034	2.176	1.687	1.423	1.902	1.343	2.894	1.864	1.395
atac_L06670	highk4_prom	4.517	3.539	1.491	1.87	1.269	1.662	1.762	0	1.921	0.704	1.655
atac_L06671	highk4_prom	4.482	4.56	1.87	2.226	1.777	1.807	2.177	1.988	3.184	1.95	1.363
atac_L06672	highk4_prom	4.673	4.093	1.417	2.194	2.06	1.663	1.712	2.966	2.727	2.43	1.17
atac_L06693	highk4_prom	4.201	2.893	1.116	1.725	2.142	1.223	1.762	0	2.459	1.027	0.941
atac_L06696	highk4_prom	4.533	2.388	0.944	2.607	1.857	1.642	1.314	2.116	1.986	1.052	0.347
atac_L06719	highk4_prom	3.928	3.563	1.392	0.963	1.376	1.517	1.157	2.579	2.194	0	0.857
atac_L06726	highk4_prom	3.9	3.718	1.496	2.167	2.223	1.577	0.93	0	2.682	1.718	1.083
atac_L06744	highk4_prom	4.188	3.805	1.58	2.042	1.866	1.458	1.255	0	2.662	1.739	1.473
atac_L06811	highk4_prom	3.393	2.973	1.258	2.203	1.888	2.121	1.478	2.149	3.248	1.683	1.263
atac_L06812	highk4_prom	4.248	3.014	1.451	1.261	1.499	1.398	1.428	0	2.415	0.432	0.947
atac_L06879	highk4_prom	3.845	3.822	1.938	1.725	2.228	1.879	2.332	3.096	2.872	1.39	0.578
atac_P02531	highk4_prom	4.865	3.487	1.181	2.567	2.341	1.557	2.307	2.046	3.877	1.229	1.265
atac_L13233	highk4_prom	3.642	2.337	1.539	0.384	1.054	0.959	0.775	2.068	1.597	2.146	0.476
atac_L13307	highk4_prom	3.973	4.471	1.864	1.75	2.084	1.362	1.366	0	2.624	1.536	0.658
atac_L13326	highk4_prom	4.476	3.507	1.517	1.721	1.792	1.628	1.479	2.004	2.906	1.387	0.987
atac_L13342	highk4_prom	4.54	3.634	1.401	2.001	1.54	1.923	1.495	0	2.443	0.808	1.279
atac_L13343	highk4_prom	3.903	3.099	1.079	1.318	1.693	1.877	0.601	0	2.494	0.805	0.511
atac_L13349	highk4_prom	3.449	3.673	2.144	3.827	2.398	2.734	0.592	2.142	3.641	2.527	0.503
atac_L13384	highk4_prom	3.861	4.017	1.516	2.459	2.348	2.315	1.354	0	3.365	1.857	0.891
atac_L13441	highk4_prom	4.943	4.63	1.517	2.759	2.271	2.451	2.085	2.124	3.375	1.661	1.159
atac_L13442	highk4_prom	4.03	3.745	1.256	1.667	1.361	0.973	0.569	2.09	2.672	1.262	0.615
atac_L13443	highk4_prom	4.746	4.52	1.39	1.726	1.916	1.121	1.727	0	2.836	1.988	0.769
atac_L13449	highk4_prom	4.232	3.628	1.555	2.198	1.874	2.004	1.517	2.048	2.993	2.01	1.016
atac_L13453	highk4_prom	4.189	3.584	2.307	2.28	1.611	2.083	1	0	2.399	0.445	0
atac_L13475	highk4_prom	3.96	4.644	2.358	2.426	1.979	1.986	0.812	2.136	2.465	1.066	0.872
atac_L13491	highk4_prom	4.28	4.976	1.315	2.009	1.216	1.401	2.253	2.877	2.27	2.023	1.197
atac_L13496	highk4_prom	3.648	3.295	2.163	3.214	2.419	2.423	2.205	0	3.477	2.452	1.272
atac_L13499	highk4_prom	3.59	4	2.198	3.365	2.344	2.537	1.861	1.984	3.499	2.525	1.55
atac_L13564	highk4_prom	4.531	4.037	1.492	1.477	1.789	1.298	1.007	1.433	2.41	0.791	0.637
atac_L13594	highk4_prom	5.002	4.329	1.061	2.629	2.316	1.95	1.817	3.867	2.522	1.298	1.168
atac_P02579	highk4_prom	4.46	3.992	1.19	1.894	1.276	1.612	1.121	0	2.141	1.238	0.472
atac_L13613	highk4_prom	3.515	3.934	0.851	0.862	1.464	1.304	1.718	0	0.902	1.305	1.493
atac_L13614	highk4_prom	4.64	3.861	1.452	3.105	2.282	1.948	1.915	2.135	2.979	1.671	0.872
atac_L13615	highk4_prom	4.524	5.254	2.341	3.734	2.81	2.416	0.609	3.298	3.761	1.87	0.783
atac_L13627	highk4_prom	4.426	3.344	1.366	0.402	1.233	0.762	1.584	2.951	1.189	0.445	0.971
atac_L13631	highk4_prom	4.432	4.036	1.327	3.187	2.159	1.701	1.634	2.183	2.952	1.333	1.289
atac_L13647	highk4_prom	4.598	3.208	1.88	2.273	2.333	1.436	2.04	2.169	2.555	0.808	0.362
atac_L13648	highk4_prom	3.344	4.643	1.143	2.055	1.302	1.445	0.767	2.053	1.485	1.234	0.47
atac_L13652	highk4_prom	4.106	4.277	2.152	3.476	2.687	2.434	1.404	1.37	3.077	2.345	1.276
atac_L13678	highk4_prom	3.831	1.135	0.936	1.175	1.216	1.436	1.304	2.104	2.486	0.772	1.593
atac_L13684	highk4_prom	4.336	5.16	2.131	2.478	2.475	1.863	1.305	2.928	3.23	1.94	1.529
atac_P02599	highk4_prom	4.782	5.633	2.591	3.03	2.676	2.151	1.066	0	3.371	2.262	0.783
atac_L13702	highk4_prom	3.57	3.931	4.366	3.614	2.838	2.134	1.298	3.818	3.751	1.931	0.738
atac_P02627	highk4_prom	4.762	3.655	1.528	1.113	2.046	2.054	0.538	0	1.963	0.986	0.995
atac_P02629	highk4_prom	4.619	4.678	1.459	2.004	2.278	2.124	2.622	2.055	2.434	2.682	1.418
atac_L13735	highk4_prom	5.107	4.889	1.443	2.456	2.045	2.028	1.805	1.422	2.14	1.661	1.326
atac_L13742	highk4_prom	4.528	3.486	1.926	1.994	2.282	1.707	1.921	0	3.025	1.228	0.595
atac_L13751	highk4_prom	3.763	3.478	1.694	2.46	2.233	2.207	1.027	2.169	2.382	1.088	1.89
atac_L13755	highk4_prom	4.602	4.856	1.729	2.003	1.57	2.075	2.215	0	2.853	0.809	1.515
atac_L13759	highk4_prom	4.201	4.275	1.553	2.806	1.948	1.515	1.62	2.167	2.036	2.643	1.097
atac_L13769	highk4_prom	4.721	4.298	1.766	2.671	2.238	2.161	1.761	0	2.022	0.757	1.504
atac_L13784	highk4_prom	5.415	5.563	1.895	3.213	2.772	2.225	1.877	2.095	3.427	2.174	0.951
atac_L13789	highk4_prom	4.866	3.733	3.305	3.769	2.923	2.283	2.124	2.081	3.593	2.043	1.212
atac_L13809	highk4_prom	4.702	1.119	1.072	1.43	1.644	1.195	0	1.387	1.952	1.777	1.368
atac_L13816	highk4_prom	4.9	4.465	1.768	2.035	2.026	1.302	1.011	0	0.901	1.503	0.877
atac_L13843	highk4_prom	5.263	2.009	1.358	2.315	2.18	1.793	2.159	4.001	2.835	0.779	1.469
atac_L13844	highk4_prom	4.214	3.771	2.739	3.148	2.072	1.349	1.844	3.597	3.007	2.688	1.113
atac_P02673	highk4_prom	3.608	4.923	1.227	1.778	1.074	1.3	1.785	0	1.439	1.193	1.732
atac_L13866	highk4_prom	4.088	4.051	1.268	2.107	1.184	1.655	1.681	2.106	1.725	1.471	1.055
atac_P02680	highk4_prom	3.998	4.667	3.041	3.352	2.191	2.143	2.418	3.056	2.447	1.677	0.966
atac_L13885	highk4_prom	4.001	4.452	1.819	2.9	2.463	2.055	1.327	2.134	3.357	1.296	0.976
atac_L13887	highk4_prom	4.775	3.762	1.718	1.577	1.586	1.089	1.729	0	2.748	1.692	0.359
atac_L13888	highk4_prom	5.012	4.2	1.737	1.978	2.007	1.644	1.601	2.145	2.99	1.504	1.174
atac_L13892	highk4_prom	4.821	3.914	1.301	1.582	2.073	1.322	1.781	1.995	2.656	0.401	0.449
atac_L13898	highk4_prom	4.55	4.052	1.606	2.596	2.595	1.784	0.576	2.107	2.824	0.774	1.055
atac_L13923	highk4_prom	4.668	2.049	0.797	0.993	1.039	0.903	0.824	0	2.102	1.691	0.645
atac_P02686	highk4_prom	3.341	3.512	1.594	2.273	1.929	2.093	1.741	1.952	1.968	0	0.554
atac_L13942	highk4_prom	3.695	3.493	1.743	2.356	2.255	1.718	1.469	1.992	2.198	0.713	0.789
atac_L13960	highk4_prom	4.075	3.471	1.692	2.887	1.92	1.689	1.147	3.975	3.01	1.79	1.451
atac_L14052	highk4_prom	4.418	4.557	2.232	2.466	2.531	2.051	1.558	0	3.047	1.463	0.951
atac_L14057	highk4_prom	4.332	3.564	2.622	2.292	2.179	1.173	1.263	0	3.133	0.744	0.469
atac_L14075	highk4_prom	4.949	3.495	1.283	1.676	2.395	2.031	1.366	2.183	1.484	2.014	1.45
atac_L14083	highk4_prom	3.474	4.363	2.588	2.82	2.3	1.502	0.959	1.372	2.442	0.75	1.424
atac_L14095	highk4_prom	4.344	5.028	1.515	3.085	2.512	2.221	1.844	2.64	2.606	1.998	0.89
atac_L14111	highk4_prom	3.909	4.132	2.594	3.099	2.788	2.246	1.81	3.477	3.05	1.963	0.974
atac_L14155	highk4_prom	4.026	4.217	2.634	2.534	1.923	2.042	2.385	0	2.962	1.813	1.472
atac_L14159	highk4_prom	5.348	4.918	1.907	3.242	2.193	2.133	2.702	3.797	3.515	1.254	1.506
atac_L14196	highk4_prom	3.746	4.211	1.896	2.685	1.634	1.985	1.018	0	3.439	1.845	0.883
atac_L14199	highk4_prom	3.473	4.712	1.435	2.316	1.419	1.955	1.616	2.991	2.602	1.695	1.885
atac_L14203	highk4_prom	3.531	4.54	4.24	2.81	2.778	2.241	0.989	2.58	3.17	2.072	0.857
atac_L14249	highk4_prom	4.392	4.637	1.364	2.952	2.521	1.997	1.759	3.411	3.484	0.756	0.478
atac_L14256	highk4_prom	4.284	3.924	1.779	2.579	1.768	1.829	1.553	1.395	2.472	1.262	1.219
atac_P02762	highk4_prom	4.303	4.472	2.449	3.008	2.852	2.199	1.989	2.028	3.504	2.491	0.809
atac_P02767	highk4_prom	4.496	2.513	1.117	1.407	1.256	1.318	1.44	0	0.792	1.163	1.339
atac_L14280	highk4_prom	4.362	2.018	1.24	1.29	1.684	1.58	1.906	2.126	1.996	1.488	1.613
atac_L14281	highk4_prom	4.13	5.427	1.251	3.164	2.441	1.639	1.819	2.966	2.352	1.3	0.638
atac_L14282	highk4_prom	3.818	3.824	1.23	2.34	1.597	1.588	1.119	3.152	2.486	1.236	0
atac_L14305	highk4_prom	4.249	3.244	1.943	2.449	1.627	1.222	2.16	0	1.735	1.283	0.347
atac_L14306	highk4_prom	4.094	2.827	1.714	2.465	2.148	1.944	1.709	0	2.727	1.983	0.905
atac_L14361	highk4_prom	3.392	5.261	3.779	3.541	2.938	2.381	2.021	2.975	3.9	1.839	1.084
atac_P02790	highk4_prom	4.32	3.992	0.664	2.212	0.948	1.576	1.369	0	2.033	1.567	1.316
atac_L14401	highk4_prom	3.573	2.974	1.186	2.156	1.47	1.715	0.953	0	2.584	1.428	0.716
atac_L14411	highk4_prom	4.549	4.029	1.088	1.592	1.518	1.297	0.607	2.651	2.767	0	1.103
atac_L14416	highk4_prom	3.39	4.151	0.851	2.25	1.464	1.8	1.475	2.146	2.418	1.681	0.878
atac_L14436	highk4_prom	3.919	3.185	0.806	0.686	0.736	0.993	0.559	0	0.49	0.752	0.604
atac_L04207	highk4_prom	3.369	4.524	2.968	3.227	2.369	1.199	1.171	3.474	2.278	1.291	0.35
atac_L04233	highk4_prom	3.487	2.608	1.522	1.327	0.48	1.355	1.626	0	1.356	0	1.002
atac_L04238	highk4_prom	3.384	2.728	1.041	1.873	1.166	1.329	1.507	0	1.364	0.736	1.179
atac_L04259	highk4_prom	3.422	4.014	1.891	1.376	1.442	1.449	2.08	0	1.184	0	0.628
atac_L04280	highk4_prom	4.231	4.745	2.163	3.29	2.667	1.935	1.488	0	2.796	1.694	0.994
atac_L04281	highk4_prom	3.642	5.015	2.182	2.893	1.583	1.788	2.116	0	3.117	1.69	1.428
atac_L04293	highk4_prom	4.066	3.088	1.347	2.354	2.092	1.742	1.017	2.153	2.741	1.687	1.348
atac_L04307	highk4_prom	3.771	3.823	1.053	1.89	1.712	1.609	1.266	2.054	2.632	0.746	1.109
atac_L04336	highk4_prom	3.578	3.884	1.748	1.706	1.864	1.568	0.556	1.368	1.769	1.432	1.274
atac_P00866	highk4_prom	3.408	3.825	1.35	3.067	1.862	1.757	1.637	1.367	2.68	1.601	0.471
atac_L04344	highk4_prom	4.361	3.458	1.646	3.178	2.182	2.582	1.016	0	2.591	2.232	1.086
atac_L04345	highk4_prom	4.724	4.483	1.126	1.495	1.323	1.791	1.347	0	1.575	1.85	0.886
atac_L04359	highk4_prom	4.235	3.32	1.268	2.518	2.152	1.586	1.979	2.106	2.051	1.94	1.658
atac_L04391	highk4_prom	3.664	1.467	1.334	1.162	0.874	1.228	0.567	3.627	1.795	0.763	1.371
atac_P00896	highk4_prom	4.302	4.086	1.772	3.114	2.713	2.282	1.836	2.053	3.63	2.431	0.598
atac_P00898	highk4_prom	3.918	4.069	2.743	3.24	2.205	2.143	1.356	2.46	3.107	0.976	1.504
atac_L04447	highk4_prom	3.351	2.753	0.96	1.835	1.277	0.918	0.956	0	1.77	1.432	0.601
atac_L04479	highk4_prom	3.466	5.109	2.198	3.07	2.063	2.026	1.886	0	3.196	2.292	0.958
atac_L04491	highk4_prom	4.333	3.38	1.47	2.491	2.133	2.113	2.117	0	2.543	2.237	1.182
atac_P00909	highk4_prom	4.497	4.062	2.425	3.925	2.783	2.828	1.921	4.407	3.69	2.14	1.746
atac_L04502	highk4_prom	3.767	4.082	1.687	2.969	2.458	2.478	1.667	2.909	2.966	0.764	1.134
atac_L04541	highk4_prom	4.607	4.157	1.056	2.731	2.464	2.356	1.894	3.44	3.459	2.301	1.178
atac_L04543	highk4_prom	3.905	3.789	1.624	2.129	2.157	1.718	1.585	2.127	2.712	2.315	0.867
atac_L04546	highk4_prom	4.157	4.133	1.725	2.235	1.974	1.925	1.173	3.241	2.46	0.787	1.164
atac_L04575	highk4_prom	4.34	3.921	1.878	2.901	2.676	2.527	1.592	2.135	3.529	1.296	1.253
atac_L04599	highk4_prom	3.9	2.944	0.949	1.287	1.326	0.482	0.583	0	1.646	1.957	0.349
atac_L04610	highk4_prom	4.088	4.078	1.443	1.002	1.333	1.691	1.496	3.002	2.385	1.325	1.28
atac_P00924	highk4_prom	4.788	4.901	0.597	2.482	1.943	2.347	2.044	2.462	2.707	0.718	1.231
atac_L04616	highk4_prom	4.025	3.191	1.714	2.722	2.055	1.849	2.114	0	3.078	1.845	1.349
atac_L04619	highk4_prom	4.47	4.284	1.528	2.666	2.653	2.298	1.71	2.963	2.9	0.79	0.353
atac_L04630	highk4_prom	3.534	4.12	2.364	2.835	2.138	2.232	0	4.057	3.01	1.317	1.093
atac_L04635	highk4_prom	4.852	3.72	0.929	2.071	1.094	1.526	1.632	0	3.108	1.332	0.657
atac_L04636	highk4_prom	4.022	4.585	2.188	2.645	1.961	1.968	1.314	0	2.998	2.5	1.47
atac_P00927	highk4_prom	3.478	4.349	3.348	3.594	2.863	2.827	1.896	4.154	3.613	1.569	0.805
atac_L04638	highk4_prom	4.259	2.796	1.343	1.601	1.243	1.323	1.299	0	2.308	1.267	0
atac_L04642	highk4_prom	3.554	4.745	2.85	3.337	2.895	2.271	1.767	3.421	3.235	2.463	0.944
atac_L04644	highk4_prom	3.89	5.331	1.771	2.359	2.035	2.152	1.574	2.114	2.698	2.748	0.747
atac_L04655	highk4_prom	4.965	3.465	0.988	0.666	1.448	0.826	1.245	0	1.741	1.727	0.702
atac_P00934	highk4_prom	3.429	3.387	1.629	2.308	1.852	1.914	1.243	0	1.651	1.574	1.249
atac_L04691	highk4_prom	3.99	3.846	3.21	3.512	3.087	2.308	1.499	3.119	3.503	1.406	1.462
atac_L04699	highk4_prom	4.213	3.403	0.678	2.008	1.957	1.266	1.032	0	2.451	2.008	0
atac_L04703	highk4_prom	3.782	4.911	2.28	3.192	2.568	2.028	0	0	3.304	1.502	1.258
atac_L04725	highk4_prom	5.036	4.53	2.324	2.87	2.006	1.858	1.942	1.455	2.705	0	2.044
atac_L04729	highk4_prom	3.403	4.521	2.847	3.017	2.429	2.043	1.936	2.986	2.648	1.989	1.704
atac_L04746	highk4_prom	4.423	4.013	1.674	2.403	2.188	2.189	1.132	0	2.655	1.024	0.938
atac_L04750	highk4_prom	3.881	2.719	1.381	1.643	1.818	1.147	1.601	0	2.161	0	0.64
atac_P00960	highk4_prom	4.294	4.756	1.339	2.617	1.314	1.19	1.584	0	2.142	1.959	0.45
atac_L04775	highk4_prom	3.636	3.753	2.129	3.372	2.481	2.356	1.93	3.501	2.957	2.34	1.178
atac_L04781	highk4_prom	4.167	2.062	1.402	0.416	1.266	1.437	1.848	3.001	1.959	1.089	0.362
atac_L04785	highk4_prom	3.522	4.699	2.312	3.178	2.128	2.819	2.419	2.152	3.037	1.077	0.643
atac_P00968	highk4_prom	4.421	4.176	1.419	2.246	2.374	2.292	2.377	2.05	2.717	2.012	0.714
atac_L04788	highk4_prom	3.885	3.749	1.802	3.065	2.343	1.843	1.185	2.148	2.298	1.507	0.641
atac_L04793	highk4_prom	4.123	3.94	3.126	3.892	2.929	2.189	1.786	3.446	4.061	0	1.31
atac_L04824	highk4_prom	3.656	4.944	1.316	1.808	1.393	1.567	1.2	2.169	2.319	1.701	0.998
atac_P00984	highk4_prom	4.802	4.197	1.692	2.4	1.592	1.373	1.352	0	2.371	1.699	0.792
atac_L04857	highk4_prom	4.934	3.697	0.954	2.104	2.13	1.83	1.632	2.865	2.844	1.596	0.924
atac_P01003	highk4_prom	5.336	3.936	1.139	2.478	2.105	2.03	2.315	1.933	2.404	2.302	1.179
atac_L04890	highk4_prom	4.117	2.988	1.435	1.732	1.879	1.091	1.195	2.636	2.493	0.804	0.511
atac_P01008	highk4_prom	4.791	3.956	2.261	2.573	2.265	1.825	2.246	2.794	3.456	1.826	1.062
atac_L04910	highk4_prom	4.154	4.914	2.453	2.151	1.797	1.894	2.292	0	2.771	1.268	1.14
atac_L04928	highk4_prom	4.018	3.836	2.611	2.878	2.229	1.64	0.992	2.114	3.14	2.193	1.394
atac_L04930	highk4_prom	4.833	4.273	1.935	2.582	2.361	2.357	1.735	2.165	2.496	0.806	1.436
atac_L04936	highk4_prom	4.342	3.628	1.961	2.903	2.422	2.137	1.49	2.164	3.089	1.854	0.889
atac_L04937	highk4_prom	4.237	2.567	1.009	1.389	1.566	1.107	0.812	0	1.054	0.79	0.977
atac_L04948	highk4_prom	4.141	5.396	1.919	3.066	2.213	1.76	1.828	0	3.28	2.786	1.263
atac_L04950	highk4_prom	4.88	4.779	2.246	2.743	2.068	1.636	1.791	0	2.739	0	0.961
atac_L04952	highk4_prom	3.858	4.559	1.623	2.18	2.156	1.901	1.807	0	2.846	2.205	0.497
atac_L04954	highk4_prom	3.415	3.042	0.995	1.947	1.977	1.219	1.795	0	2.058	1.05	1.151
atac_P01025	highk4_prom	5.363	4.525	1.256	1.705	1.815	2.023	1.214	0	2.848	2.169	1.061
atac_L04970	highk4_prom	4.297	4.063	2.853	3.473	3.108	1.648	2.116	2.891	3.482	0.756	1.033
atac_L04974	highk4_prom	3.677	4.183	1.1	1.704	1.573	1.89	2.247	0	2.071	0	1.551
atac_L04979	highk4_prom	3.763	3.478	0.74	1.939	1.621	1.617	1.354	0	2.5	0.808	0.776
atac_L04996	highk4_prom	3.774	4.731	3.223	3.07	2.566	2.454	2.138	2.178	3.027	2.738	1.783
atac_P01045	highk4_prom	4.767	3.131	1.321	2.386	1.979	1.368	2.139	2.02	2.595	1.209	0.699
atac_L05058	highk4_prom	3.595	4.057	2.054	1.216	1.55	0.934	1.814	0	1.655	0.732	0.323
atac_L05089	highk4_prom	3.426	3.783	2.219	2.892	2.372	1.84	1.607	2.833	3.1	0.99	1.321
atac_L05112	highk4_prom	3.541	3.364	1.4	2.799	1.728	1.602	0.964	2.072	2.827	0.755	1.205
atac_L05250	highk4_prom	4.192	4.486	0.841	1.47	1.059	1.102	1.461	0	0.892	2.091	0.632
atac_L05301	highk4_prom	3.38	4.285	1.667	1.78	1.429	1.75	1.007	2.609	1.659	0	0.502
atac_L14454	highk4_prom	3.347	4.544	2.081	2.464	2.834	1.816	2.318	1.367	2.002	2.018	0.927
atac_L14475	highk4_prom	3.441	3.593	0.844	1.198	1.239	1.563	1.005	0	1.196	1.065	1.075
atac_L14495	highk4_prom	3.443	4.238	1.989	3.401	1.855	2.109	0.589	3.247	3.234	2.216	1.076
atac_L14497	highk4_prom	4.042	4.56	2.094	2.917	1.953	1.847	1.754	0	3.017	1.246	1.203
atac_L14521	highk4_prom	3.356	3.215	0.807	2.67	1.89	1.761	1.952	2.175	3.063	1.706	1.517
atac_L14597	highk4_prom	3.591	4.209	1.677	3.133	1.875	2.167	2.308	3.22	3.556	1.652	1.892
atac_L14599	highk4_prom	3.955	4.058	1.291	2.72	2.221	1.901	2.072	2.03	2.651	1.217	1.591
atac_L14609	highk4_prom	4.006	3.845	1.231	2.005	1.268	1.232	1.03	0	2.259	1.326	1.194
atac_L14648	highk4_prom	3.908	4.043	1.389	1.411	1.276	1.634	1.841	0	1.14	2.02	1.42
atac_L14676	highk4_prom	4.715	5.039	0.772	2.164	1.764	2.37	2.888	2.111	3.236	2.072	0.491
atac_P02830	highk4_prom	4.158	4.996	2.815	3.784	3.172	2.718	1.892	2.016	3.697	0.726	0.697
atac_L14715	highk4_prom	3.821	4.33	1.732	2.422	2.371	1.986	2.046	0	2.943	1.327	1.283
atac_L14727	highk4_prom	4.145	3.375	1.428	3.098	2.619	1.674	0	2.153	3.409	2.342	1.179
atac_L14728	highk4_prom	4.244	4.365	2.948	3.362	2.847	2.204	0.939	4.169	3.534	2.578	0.462
atac_L14730	highk4_prom	4.378	3.631	2.017	2.413	1.882	1.92	1.492	2.996	2.183	1.522	0.775
atac_L14735	highk4_prom	3.739	3.937	1.802	1.568	0.47	1.245	1.014	0	1.763	1.683	0.985
atac_P02837	highk4_prom	4.352	0.584	1.302	1.125	1.161	1.416	0.69	0	2.326	1.125	0.924
atac_P02839	highk4_prom	4.37	4.428	1.08	2.678	2.389	1.97	1.446	0	2.706	1.167	0.871
atac_L14812	highk4_prom	3.838	2.58	1.708	1.856	1.843	1.693	1.338	2.148	2.361	1.981	0.641
atac_L14814	highk4_prom	4.216	3.842	1.745	2.787	2.447	2.28	1.164	3.227	2.838	1.813	0.348
atac_L14817	highk4_prom	4.171	4.96	2.575	3.158	2.291	2.399	1.986	3.219	2.831	1.477	1.393
atac_P02845	highk4_prom	3.89	3.75	1.136	1.937	1.435	1.076	1.257	0	2.252	0.74	1.773
atac_P02847	highk4_prom	4.015	1.095	1.586	0.923	1.074	1.311	1.113	0	1.759	1.593	0.821
atac_L14839	highk4_prom	4.69	4.593	0.732	2.858	2.235	1.554	1.017	3.266	2.303	1.687	1.179
atac_L14842	highk4_prom	4.211	4.796	2.153	2.978	2.388	2.656	1.36	3.007	3.494	2.007	1.782
atac_L14847	highk4_prom	3.967	3.699	2.746	3.25	2.681	2.324	0	2.107	3.548	2.489	1.146
atac_L14875	highk4_prom	4.484	4.239	1.697	2.153	1.904	2.215	2.061	3.644	2.773	1.795	1.226
atac_L14880	highk4_prom	4.175	4.848	3.092	3.236	2.654	2.305	0.801	4.143	3.141	1.281	1.468
atac_L14896	highk4_prom	3.412	1.819	1.657	1.583	2.159	1.589	1.843	0	2.316	0.806	0.89
atac_L14904	highk4_prom	4.651	3.554	1.878	3.14	1.903	2.033	2.287	2.165	2.932	2.245	1.358
atac_L14910	highk4_prom	4.624	4.072	1.357	2.32	1.769	1.978	1.619	0	2.317	0.806	1.276
atac_L14923	highk4_prom	4.111	2.946	1.688	1.289	1.056	1.53	1.583	0	2.396	1.488	0.631
atac_L14933	highk4_prom	3.562	4.419	1.552	1.626	1.89	1.879	2.006	0	2.127	0	0.819
atac_L14939	highk4_prom	4.265	5.372	1.558	2.987	2.194	2.231	1.703	1.427	3.258	1.293	1.908
atac_L14945	highk4_prom	4.143	2.043	1.12	2.304	1.801	2	1.016	0	2.537	1.309	1.178
atac_L14976	highk4_prom	3.866	4.277	1.949	2.657	1.772	1.964	1.558	2.095	2.111	1.79	0.486
atac_L15017	highk4_prom	4.053	3.703	1.608	2.809	2.672	1.333	1.89	2.11	2.827	1.475	0.623
atac_L15018	highk4_prom	3.95	4.554	2.636	3.16	2.528	1.665	1.775	1.396	3.505	0	0.34
atac_L15025	highk4_prom	4.327	4.126	1.868	2.127	1.359	1.92	1.583	0	1.742	2.597	0.35
atac_L15026	highk4_prom	4.242	3.841	1.792	2.909	2.544	2.686	2.438	0	2.979	2.002	0.514
atac_L15049	highk4_prom	3.464	4.111	3.599	3.508	2.946	2.669	1.483	4.192	4.245	1.689	1.427
atac_L15054	highk4_prom	3.605	4.024	2.289	2.943	2.46	2.162	1.625	3.527	2.762	2.004	1.516
atac_L15078	highk4_prom	3.811	4.365	1.624	2.661	2.468	2.034	1.619	3.281	3.053	2.246	0.775
atac_L15081	highk4_prom	4.196	2.61	1.52	1.628	1.77	1.464	1.112	2.046	2.193	1.422	1.664
atac_P02898	highk4_prom	3.718	4.652	1.46	2.519	2.033	2.267	1.817	1.273	2.793	1.148	1.028
atac_L15133	highk4_prom	3.625	4.29	1.826	2.516	2.257	2.131	1.334	2.142	2.947	1.834	0.981
atac_L15145	highk4_prom	3.635	3.557	1.762	2.594	1.689	2.418	0.795	0	2.121	1.273	0.621
atac_L15149	highk4_prom	3.812	2.263	0.863	1.222	1.006	1.462	0.83	0	1.471	1.321	1.359
atac_L15156	highk4_prom	4.384	4.418	2.045	2.669	2.156	1.664	1.513	0	2.474	2.006	1.263
atac_L15190	highk4_prom	3.539	2.743	1.477	2.805	2.71	2.069	2.363	2.64	2.44	2.881	1.773
atac_L15201	highk4_prom	3.711	4.973	1.727	2.773	2.069	2.695	1.621	2.169	3.167	2.13	1.191
atac_L15228	highk4_prom	4.518	4.981	2.177	3.372	2.899	2.519	2.273	2.151	3.772	2.112	1.759
atac_L15247	highk4_prom	4.372	3.426	1.938	1.566	1.98	1.759	1.269	0	2.004	0.748	1.195
atac_L15248	highk4_prom	3.444	4.37	1.879	2.347	1.871	1.578	1.431	2.747	1.293	1.654	0.95
atac_L15250	highk4_prom	4.479	2.367	1.302	0.392	0.839	0.866	0.98	0	0.873	0.768	1.224
atac_L15251	highk4_prom	4.657	5.335	2.099	3.003	2.585	1.924	2.506	0	3.133	2.25	0.893
atac_P02919	highk4_prom	5.024	4.65	1.989	2.386	2.709	2.587	2.101	3.157	3.238	2.438	1.841
atac_L15266	highk4_prom	3.745	3.401	1.513	2.007	1.874	1.502	0.985	2.65	2.226	0.887	0.895
atac_L15274	highk4_prom	3.329	3.753	3.559	3.734	2.8	2.787	2.273	3.501	3.25	3.19	1.265
atac_L15310	highk4_prom	4.13	4.079	2.922	2.777	2.43	2.058	1.95	2.173	3.275	0.81	1.442
atac_L15328	highk4_prom	4.646	4.668	2.794	2.684	2.247	1.35	2.188	0	2.823	1.192	0.574
atac_L15330	highk4_prom	3.645	5.178	1.935	2.843	2.28	2.201	1.613	0	2.045	2.313	0.703
atac_L15343	highk4_prom	3.586	2.431	1.35	2.262	1.384	1.558	1.728	2.986	2.102	1.313	0.77
atac_L15350	highk4_prom	4.803	3.917	0.871	2.857	2.702	2.188	2.761	2.182	3.443	1.871	1.661
atac_L15354	highk4_prom	3.988	4.4	2.297	2.929	1.809	1.702	0	2.988	2.49	0.802	1.825
atac_L15399	highk4_prom	3.644	3.466	1.685	1.798	1.896	1.533	1.02	0	2.431	2.119	0.359
atac_L15448	highk4_prom	4.153	3.932	2.506	3.088	2.227	1.237	1.148	1.4	2.424	1.792	0.953
atac_L15469	highk4_prom	4.547	5.117	1.864	2.256	1.973	1.422	0.595	0	2.691	0	1.086
atac_L15482	highk4_prom	3.665	2.271	1.3	1.53	0.95	1.218	0.477	0	1.589	1.273	1.325
atac_L15500	highk4_prom	5.155	3.554	0.643	1.271	1.614	1.084	1.439	0	0.504	1.271	1.052
atac_L15519	highk4_prom	4.831	3.605	1.534	1.205	1.492	0.856	0.593	0	1.934	0	1.082
atac_L15537	highk4_prom	4.411	3.33	1.357	1.758	1.085	0.915	1.161	0	2.442	0	0.626
atac_L15549	highk4_prom	3.989	4.525	1.433	2.108	2.561	1.315	1.614	0	2.651	0.803	0.993
atac_L15551	highk4_prom	4.49	3.645	0.679	2.069	2.482	1.329	0	0	2.62	2.471	0.656
atac_L15568	highk4_prom	4.323	2.162	1.36	3.299	2.38	1.769	1.944	3.168	3.219	1.021	1.563
atac_L15589	highk4_prom	3.89	3.685	1.346	2.823	2.552	1.784	1.342	0	2.538	2.341	0.882
atac_L15620	highk4_prom	3.638	5.062	2.864	2.839	2.172	1.922	0.577	0	2.782	2.815	1.147
atac_L15622	highk4_prom	3.566	4.725	1.972	2.336	1.976	1.811	1.555	2.092	2.527	1.787	1.301
atac_L15654	highk4_prom	3.839	4.588	1.643	3.226	2.069	2.235	2.345	2.149	3.034	1.683	0.506
atac_L15706	highk4_prom	3.339	3.891	2.298	2.728	2.136	2.116	1.614	3.512	2.373	1.082	1.185
atac_L15717	highk4_prom	3.536	3.709	2.273	2.713	2.324	2.454	1.161	3.458	3.45	1.948	1.061
atac_L15732	highk4_prom	5.199	3.702	1.081	1.937	1.592	1.9	2.288	0	1.47	1.321	0
atac_L15752	highk4_prom	3.402	4.004	1.074	2.104	1.759	1.582	0.598	0	2.836	1.69	0.358
atac_L15781	highk4_prom	3.367	4.609	2.289	3.356	2.46	2.04	1.719	3.003	3.172	2.383	1.175
atac_L15793	highk4_prom	4.046	3.777	2.493	2.628	2.336	2.42	1.624	3.002	3.17	3.213	0.893
atac_L15818	highk4_prom	3.421	2.772	1.042	0.982	1.295	0.995	0.723	1.3	2.054	0.703	0.162
atac_L15824	highk4_prom	3.584	3.378	0.6	2.53	1.957	2.076	1.833	0	2.024	1.987	0.358
atac_L15857	highk4_prom	3.769	5.235	2.699	2.542	2.36	1.83	1.43	0	3.276	2.053	0.949
atac_L15876	highk4_prom	3.61	4.862	2.983	3.615	2.325	2.783	1.206	3.008	3.551	2.737	0.517
atac_L15877	highk4_prom	3.686	3.877	1.918	1.919	2.03	1.335	1.338	0	2.298	1.839	0.641
atac_L15959	highk4_prom	3.424	3.312	1.232	2.177	1.165	1.496	0.606	2.176	2.616	0	1.72
atac_L15996	highk4_prom	3.782	1.76	0.987	1.677	1.563	1.629	0	0	2.429	1.936	1.933
atac_L08420	highk4_prom	3.442	4.431	0.925	2.236	2.148	1.658	0.973	2.085	1.02	0.762	0.732
atac_L08422	highk4_prom	3.719	4.27	1.917	3.206	2.066	1.848	2.05	2.557	3.145	1.034	1.044
atac_L08444	highk4_prom	4.554	2.402	0.759	1.572	1.219	1.034	0	0	1.781	0.709	0.311
atac_L08471	highk4_prom	3.73	4.615	1.912	3.112	2.412	2.227	2.539	4.174	3.271	1.301	1.416
atac_L08475	highk4_prom	3.373	4.603	1.875	3.481	2.57	2.351	2.175	2.132	2.895	1.294	0.975
atac_L08483	highk4_prom	3.505	3.737	1.881	2.774	2.364	2.74	1.917	2.964	3.267	1.674	1.862
atac_P01719	highk4_prom	3.455	1.36	1.031	1.405	0.909	1.266	1.32	0	1.499	0.947	1.196
atac_L08542	highk4_prom	4.171	1.77	0.831	1.37	0.848	0.837	0.579	0	0.882	1.651	0.858
atac_L08553	highk4_prom	3.417	4.546	1.614	2.783	2.294	2.019	1.162	3.459	2.498	1.479	0.626
atac_L08581	highk4_prom	3.546	4.221	1.654	3.385	2.769	2.369	1.319	3.851	2.885	2.972	1.067
atac_L08639	highk4_prom	3.914	5.655	2.56	3.31	1.922	2.136	2.292	0	3.121	2.285	0.953
atac_L08697	highk4_prom	3.813	4.178	2.328	1.981	1.788	1.571	2.282	1.393	2.761	0.764	0.734
atac_L08704	highk4_prom	4.5	4.247	1.344	2.284	2.404	2.159	1.789	0	3.288	1.196	0.795
atac_L08764	highk4_prom	3.927	4.38	2.554	2.962	2.45	2.548	1.79	0	3.201	2.397	1.148
atac_L08771	highk4_prom	4.979	4.912	1.32	2.719	2.695	2.075	1.8	3.668	3.11	1.483	1.241
atac_L08799	highk4_prom	4.188	4.359	2.151	3.011	2.497	2.373	1.321	0	2.711	1.819	0.971
atac_L08808	highk4_prom	5.285	4.217	1.362	1.954	1.882	1.989	1.801	2.12	2.557	1.285	0.75
atac_L08815	highk4_prom	3.716	2.315	1.224	2.739	2.269	1.97	0.551	2.047	3.062	1.883	1.606
atac_L08824	highk4_prom	4.174	5.476	1.773	2.188	2.532	2.041	2.205	0	1.511	2.047	1.131
atac_L08838	highk4_prom	3.614	5.31	3.501	3.13	2.78	2.054	1.59	1.429	2.937	1.669	1.552
atac_L08841	highk4_prom	3.6	2.602	1.479	1.223	1.672	1.98	1.846	2.998	1.957	0	1.191
atac_L08851	highk4_prom	3.996	4.408	1.356	0.873	1.67	1.685	0.602	2.995	2.25	1.997	1.276
atac_L08902	highk4_prom	3.594	3.046	2.377	2.361	1.836	1.473	1.576	0	3.176	2.078	0.861
atac_L08926	highk4_prom	4.649	4.095	1.603	2.033	1.649	1.732	2.102	2.142	3.026	1.834	0.503
atac_L08929	highk4_prom	5.008	2.272	1.598	1.947	2.115	2.182	2.048	0	2.045	0	1.657
atac_P01800	highk4_prom	3.543	3.618	2.713	2.501	1.909	1.893	0.526	1.311	2.306	0.71	0.446
atac_L08937	highk4_prom	4.179	4.515	1.605	2.588	1.344	1.403	2.151	0	1.566	1.995	1.094
atac_L08939	highk4_prom	5.341	3.597	1.454	2.471	1.369	1.465	0.59	1.433	2.083	1.067	1.169
atac_L08950	highk4_prom	3.815	4.6	1.521	3.414	2.21	1.865	1.587	0	3.086	0.786	1.797
atac_L08974	highk4_prom	4.286	3.935	1.707	2.784	1.969	1.821	2.545	2.147	2.686	1.306	1.564
atac_L08975	highk4_prom	3.611	3.727	1.982	2.864	2.568	2.306	1.172	2.955	3.602	1.293	1.249
atac_L08995	highk4_prom	4.665	4.73	1.633	2.282	2.189	1.202	1.361	3.736	2.193	0.812	0.655
atac_L09004	highk4_prom	4.425	3.663	2.335	2.706	2.206	1.606	1.418	2.894	2.345	1.447	1.209
atac_L09020	highk4_prom	4.594	4.816	1.397	2.412	1.768	1.879	1.352	0	2.706	1.698	1.436
atac_L09025	highk4_prom	5.369	4.137	1.451	2.238	2.313	2.204	1.814	2.134	3.681	1.967	2.11
atac_L09065	highk4_prom	4.928	3.475	0.976	1.937	1.882	1.839	1.353	0	1.87	2.553	0.997
atac_L09066	highk4_prom	3.905	2.7	3.13	3.175	2.383	1.718	2	3.677	3.222	2.089	1.069
atac_L09067	highk4_prom	4.062	2.582	1.119	1.308	0.733	1.336	0.595	0	1.765	0.797	1.085
atac_L09069	highk4_prom	3.743	4.515	3.578	3.396	2.267	2.468	1.342	2.152	3.148	2.341	1.086
atac_L09094	highk4_prom	4.401	5.185	1.933	2.21	2.101	1.678	1.155	2.107	2.191	1.275	0.959
atac_L09135	highk4_prom	5.211	3.874	1.255	1.566	1.493	1.417	1.475	1.44	2.091	0	0.764
atac_L09155	highk4_prom	4.627	3.426	0.441	0.849	0.462	1.031	0.584	2.124	1.646	0.783	1.067
atac_L09162	highk4_prom	4.193	1.53	1.433	1.316	1.417	1.285	1.022	2.989	0.911	1.517	1.185
atac_L09166	highk4_prom	4.296	3.56	1.679	2.374	2.093	1.749	1.113	2.047	2.063	0	1.411
atac_L09172	highk4_prom	4.555	4.005	1.87	2.533	2.65	2.025	1.346	0	3.154	2.118	0.645
atac_L09178	highk4_prom	3.661	3.255	1.407	1.77	1.802	1.067	1	0	2.615	0.785	1.069
atac_L09184	highk4_prom	4.948	3.984	2.209	2.726	2.318	1.852	2.288	3.638	3.31	2.281	1.519
atac_L09191	highk4_prom	3.353	4.619	3.099	2.755	2.001	1.949	1.528	2.526	2.329	1.605	0.719
atac_L09193	highk4_prom	3.906	3.095	0.651	0.773	0.563	0.805	0.288	0	1.214	0	0.313
atac_P01853	highk4_prom	4.852	4.499	1.64	2.339	2.297	2.052	1.038	2.739	3.157	2.477	1.324
atac_L09235	highk4_prom	4.72	3.594	1.326	1.851	2.253	1.714	2.036	3.176	2.789	1.911	1.503
atac_L09236	highk4_prom	3.906	3.214	0.981	0.391	0.996	0.659	0.57	2.091	1.883	0	1.3
atac_L09238	highk4_prom	3.516	4.693	2.76	3.035	2.56	2.136	1.013	2.974	3.069	2.532	0.879
atac_L09250	highk4_prom	3.611	4.126	1.026	1.258	1.266	1.072	0.784	0	2.295	1.258	1.041
atac_L09265	highk4_prom	5.465	4.872	1.675	1.821	1.435	1.186	1.158	0	2.195	1.649	0.345
atac_L09295	highk4_prom	4.136	4.709	2.424	2.157	1.62	1.776	2.506	2.054	2.536	2.016	1.271
atac_L09296	highk4_prom	3.505	2.905	1.376	2.037	2.118	1.64	1.772	2.556	2.034	0	0.947
atac_L09313	highk4_prom	3.872	2.371	0.356	1.36	0.798	0.83	1.151	0	1.17	1.27	0.487
atac_L09325	highk4_prom	4.798	4.066	1.097	2.609	2.46	1.71	1.164	2.942	3.144	1.284	0.862
atac_L09327	highk4_prom	3.649	3.296	0.374	1.111	1.293	0.983	1.84	0	1.072	0.804	1.939
atac_L09348	highk4_prom	3.445	3.803	1.493	2.385	1.242	1.542	1.331	0	2.224	0	0.874
atac_L09378	highk4_prom	3.977	2.283	0.933	1.539	0.677	0.87	1.129	2.321	2.289	1.838	0.984
atac_L09387	highk4_prom	3.328	1.752	0.982	1.264	1.606	1.142	0.789	2.561	1.41	0	0.341
atac_L09450	highk4_prom	3.455	3.608	0.851	1.306	1.144	1.148	1.013	2.147	2.686	0	0.765
atac_L09467	highk4_prom	3.838	3.012	1.499	1.692	1.907	1.724	1.346	2.292	2.309	1.811	0.277
atac_L09502	highk4_prom	3.589	4.206	1.643	2.524	2.522	1.998	2.232	2.112	3.33	0.776	1.059
atac_L09547	highk4_prom	4.281	3.74	2.17	2.82	2.344	1.758	2.227	0	3.179	2.412	0.464
atac_L09638	highk4_prom	3.41	2.437	1.027	1.219	0.691	1.225	1.49	0	1.217	0.805	0.888
atac_L09801	highk4_prom	4.27	4.068	1.312	2.364	1.004	1.917	2.498	0	3.36	1.318	1.094
atac_L22361	highk4_prom	3.415	2.441	0.921	1.321	1.329	0.6	0.603	2.167	2.112	0	0
atac_L22414	highk4_prom	3.884	4.107	1.184	2.354	1.153	1.388	1.308	1.41	2.055	1.277	1.463
atac_L22428	highk4_prom	4.261	4.06	2.479	2.358	2.101	1.831	2.525	0	2.088	1.768	0.835
atac_L22434	highk4_prom	3.758	4.714	2.486	3.218	2.605	2.311	1.617	2.164	3.232	2.244	1.188
atac_L22438	highk4_prom	3.738	2.632	1.152	2.727	2.178	1.725	1.645	3.603	2.69	0.752	1.495
atac_L22444	highk4_prom	4.047	4.205	1.874	3.006	1.637	1.906	2.266	0	2.505	1.023	1.286
atac_L22462	highk4_prom	3.648	4.529	1.284	1.848	1.637	1.603	1.652	0	1.601	0.755	0.726
atac_L22465	highk4_prom	3.615	4.325	1.451	1.776	1.977	1.789	1.465	0	2.518	2.095	2.324
atac_P04141	highk4_prom	3.762	3.401	0.807	1.421	1.617	1.56	0.903	2.778	1.515	1.678	1.283
atac_L22483	highk4_prom	3.973	2.963	1.302	1.227	1.747	1.138	0.762	0	2.127	1.004	1.338
atac_P04146	highk4_prom	4.276	3.79	2.515	2.532	2.171	2.756	1.067	3.678	3.177	2.935	0.972
atac_L22489	highk4_prom	3.483	3.575	3.073	2.408	2.131	2.006	0	0	2.503	0	0.628
atac_L22490	highk4_prom	3.653	3.701	0.92	1.583	0.922	1.161	1.352	0	1.469	1.32	0.361
atac_L22495	highk4_prom	3.541	3.839	1.517	2.369	1.77	1.82	0.831	3.522	2.037	1.322	0.651
atac_L22502	highk4_prom	4.753	4.221	1.62	2.868	2.389	2.294	2.123	0	3.296	1.695	1.186
atac_L22506	highk4_prom	3.517	4.889	1.832	3.541	2.142	2.381	1.603	0	3.768	2.109	1.344
atac_L22556	highk4_prom	4.301	3.197	1.404	1.97	1.436	1.251	2.407	2.077	1.605	0.428	1.21
atac_L22574	highk4_prom	3.524	3.616	3.469	2.685	1.935	1.764	1.018	2.982	3.186	1.845	0.883
atac_L22603	highk4_prom	3.345	3.561	1.041	1.61	1.891	2.113	2.302	0	1.978	1.942	0.959
atac_L22605	highk4_prom	4.118	4.012	1.586	2.767	1.858	1.836	1.024	2.163	2.799	1.519	0.888
atac_L22614	highk4_prom	3.921	4.455	1.535	2.105	1.845	1.675	1.786	0	2.539	0.772	1.593
atac_L22615	highk4_prom	3.378	4.843	2.853	3.285	2.347	2.451	0.812	0	2.52	1.828	0.636
atac_L22645	highk4_prom	4.013	4.779	1.641	1.82	1.872	1.613	1.308	2.11	2.055	1.048	0.623
atac_L22646	highk4_prom	4.733	3.011	1.334	2.139	1.718	1.681	1.769	2.553	2.667	1.455	1.443
atac_L22691	highk4_prom	3.432	3.228	0.784	1.465	1.573	1.518	1.715	0	2.043	1.576	0.17
atac_L22705	highk4_prom	3.714	4.077	1.445	2.656	1.867	1.921	1.46	2.127	2.665	0	1.547
atac_L22717	highk4_prom	3.405	3.926	2.775	3.058	2.353	1.911	0.533	2.005	2.71	2.287	1.507
atac_L22719	highk4_prom	4.69	4.084	1.559	2.617	2.36	2.251	1.669	3.194	2.93	0.766	1.448
atac_L22724	highk4_prom	3.677	2.667	1.598	1.17	1.424	1.176	0.981	0	2.367	1.267	0.849
atac_L22759	highk4_prom	4.433	2.678	1.011	1.83	1.469	1.13	0.528	0	1.789	0	0.314
atac_L22799	highk4_prom	4.426	3.645	1.089	2.426	1.462	1.576	1.63	3.01	2.511	1.33	0.782
atac_L22802	highk4_prom	4.453	4.191	1.084	2.55	1.943	1.533	2.06	0	1.624	1.466	0.619
atac_L22803	highk4_prom	5.096	4.624	1.919	1.594	2.209	1.576	1.956	2.654	2.62	1.71	1.105
atac_P04184	highk4_prom	4.857	5.027	1.446	1.876	2.404	2.169	0.944	2.853	2.749	1.224	1.538
atac_L22813	highk4_prom	4.174	3.004	1.279	1.422	1.052	1.066	0	0	1.789	2.138	0.655
atac_L22816	highk4_prom	4.944	3.717	2.251	2.596	2.898	1.765	2.7	2.179	3.282	1.33	0.365
atac_L22825	highk4_prom	4.054	5.014	1.767	2.673	1.936	1.951	2.138	3.533	1.881	2.258	0.781
atac_L22836	highk4_prom	4.286	3.246	0.715	2.223	1.702	1.775	1.9	1.418	2.704	1.284	0.967
atac_L22837	highk4_prom	5.337	3.338	1.362	1.377	1.862	1.37	2.082	0	2.505	1.814	1.065
atac_L22855	highk4_prom	4.461	2.25	1.073	1.987	2.167	2.287	1.833	2.628	2.695	1.987	1.932
atac_L22878	highk4_prom	4.423	5.008	1.644	3.348	2.655	2.236	2.11	2.15	3.313	2.863	1.497
atac_L22896	highk4_prom	5.566	5.237	1.478	2.624	2.049	2.253	2.039	2.167	2.709	2.459	1.582
atac_L22897	highk4_prom	4.276	4.787	0.921	1.663	1.393	1.799	1.946	0	2.113	1.858	1.278
atac_L22901	highk4_prom	4.681	3.9	1.315	1.807	1.593	1.023	1.354	0	2.499	1.7	0.775
atac_L22921	highk4_prom	4.047	3.966	1.594	2.549	2.237	1.644	1.497	3.527	3.241	0.81	1.442
atac_L22925	highk4_prom	4.739	4.539	1.854	2.003	1.952	1.691	1.029	0	2.761	1.09	0.652
atac_L22940	highk4_prom	4.25	4.887	4.119	3.599	3.364	2.552	2.19	2.974	2.734	2.621	1.564
atac_L22973	highk4_prom	5.479	5.018	0.735	2.796	2.599	2.044	1.729	2.158	3.415	2.449	1.27
atac_L22987	highk4_prom	4.318	4.065	0.891	1.691	0.974	0.879	1.898	0	1.183	0.78	0.627
atac_L22990	highk4_prom	3.534	2.436	1.474	2.216	1.717	1.091	1.84	2.162	1.577	1.994	1.355
atac_L23034	highk4_prom	4.652	4.492	1.907	1.661	2.086	2.252	1.844	0	3.483	2.458	0.775
atac_L23041	highk4_prom	3.893	2.01	1.437	1.185	1.193	1.421	1.163	2.587	2.134	0.78	1.239
atac_L23043	highk4_prom	3.494	3.853	3.676	2.502	2.307	2.304	0.808	2.128	2.89	0	0.972
atac_P04251	highk4_prom	4.26	2.387	1.243	1.626	1.086	1.114	1.331	3.486	2.232	1.932	0.561
atac_L23051	highk4_prom	4.85	4.311	0.778	2.226	1.775	1.692	2.317	2.122	3.431	2.201	0.349
atac_L23058	highk4_prom	3.81	4.531	1.848	1.22	1.537	1.753	0.829	2.165	2.552	2.245	1.358
atac_L23081	highk4_prom	3.855	3.504	3.25	2.455	2.063	1.693	1.804	0	3.115	1.057	1.61
atac_L23085	highk4_prom	4.407	4.587	0.962	2.213	2.092	2.131	0.557	0	2.387	0.75	1.115
atac_L23104	highk4_prom	4.612	4.663	2.764	3.183	2.712	2.497	2.302	3.297	3.379	1.711	1.199
atac_L23128	highk4_prom	3.916	3.484	2.773	3.444	2.491	2.212	1.851	2.174	3.372	0.81	0.779
atac_L23134	highk4_prom	4.349	4.947	2.124	3.199	2.443	2.565	1.495	2.171	2.76	1.324	1.715
atac_L23139	highk4_prom	3.962	4.449	2.718	2.73	2.114	2.198	1.411	2.885	2.393	1.44	0.934
atac_L23141	highk4_prom	4.393	3.966	1.655	2.017	1.418	2.21	0.584	2.125	2.07	1.289	1.545
atac_L23155	highk4_prom	3.82	3.516	1.411	2.507	2.072	2.234	2.399	2.959	2.57	1.825	1.552
atac_L23172	highk4_prom	4.814	3.841	1.229	1.324	1.748	1.23	0.604	2.171	2.979	2.36	0.193
atac_L23199	highk4_prom	4.216	3.42	1.745	1.829	1.726	1.449	1.694	0	2.204	1.284	0.75
atac_L23214	highk4_prom	5.157	4.197	1.087	2.897	2.629	1.973	1.44	0	3.321	1.643	0
atac_L23215	highk4_prom	5.536	4.289	0.984	3.042	2.796	2.455	2.05	0	3.526	0.813	0.898
atac_L23217	highk4_prom	3.692	4.476	2.915	3.664	2.333	2.344	1.608	2.981	3.038	1.844	1.499
atac_L23224	highk4_prom	5.195	3.627	1.816	2.41	2.139	1.816	1.941	2.637	3.36	1.519	2.043
atac_L23225	highk4_prom	4.627	3.315	1.277	2.202	1.653	1.839	0.72	0	2.389	2.337	1.752
atac_L23231	highk4_prom	4.008	3.401	0.744	1.005	1.429	0.953	0	0	0.92	1.328	0.516
atac_L23237	highk4_prom	3.558	3.243	1.219	0.919	1.201	1.53	2.232	0	1.474	1.225	0.817
atac_L23282	highk4_prom	3.466	5.058	2.942	3.53	2.618	2.418	1.305	3.447	3.41	1.939	0.958
atac_L23283	highk4_prom	3.833	4.884	1.604	2.519	2.12	2.574	1.716	0	2.474	0.794	1.562
atac_L23284	highk4_prom	3.488	3.906	2.404	3.362	2.349	2.356	0.321	2.593	3.115	2.595	1.067
atac_L23285	highk4_prom	4.483	5.36	2.05	2.59	1.701	2.128	2.044	2.173	1.223	2.464	1.1
atac_L23286	highk4_prom	3.868	4.025	1.483	1.944	1.775	1.825	0.605	0	1.356	2.135	0.653
atac_L23300	highk4_prom	3.57	4.034	1.77	2.052	2.242	1.561	1.115	0	2.883	1.426	1.106
atac_L23312	highk4_prom	4.298	3.96	1.402	1.581	1.775	1.438	1.759	2.075	2.158	1.25	1.362
atac_P04333	highk4_prom	5.869	4.34	0.899	1.399	1.294	1.949	2.305	0	2.524	1.42	1.476
atac_L23382	highk4_prom	4.16	5.003	1.79	1.448	2.327	1.696	0.575	2.103	2.903	1.797	1.592
atac_L23389	highk4_prom	3.346	3.407	0.939	1.276	1.007	1.516	0	2.109	0.88	1.474	1.057
atac_L23426	highk4_prom	3.806	3.766	1.875	3.216	2.521	2.543	2.429	2.991	3.875	1.695	0.888
atac_L23438	highk4_prom	4.242	4.159	2.205	3.538	2.686	2.7	2.443	3.455	4.241	1.278	0.858
atac_L23468	highk4_prom	4.292	4.09	0.878	1.17	1.274	1.377	0.572	0	2.245	0.768	1.586
atac_L23474	highk4_prom	3.766	2.831	1.243	0.975	0.982	0.764	0.586	0	2.401	0.786	0.351
atac_L23487	highk4_prom	4.686	3.896	1.397	1.235	1.496	1.352	1.038	1.94	2.202	1.647	1.029
atac_L23501	highk4_prom	3.54	3.15	1.438	1.186	1.524	1.282	1.164	0	2.655	0.78	1.606
atac_L23513	highk4_prom	3.502	3.354	1.413	1.557	1.74	1.172	1.592	0	2.004	1.065	1.075
atac_P04384	highk4_prom	4.143	3.77	1.94	2.008	1.577	1.374	2.388	0	1.853	0	0.929
atac_L23586	highk4_prom	3.864	2.15	1.146	1.237	1.473	1.053	1.638	0	1.681	1.237	0.331
atac_L23611	highk4_prom	3.353	4.758	1.033	2.226	1.364	1.643	2.507	2.172	2.503	1.325	1.441
atac_L23616	highk4_prom	3.56	5.15	2.09	3.455	2.574	2.656	1.827	2.043	3.813	1.741	0.593
atac_L23645	highk4_prom	3.85	4.073	3.394	2.932	2.422	1.494	1.66	2.082	3.519	2.044	1.696
atac_L23668	highk4_prom	4.537	3.986	0.984	2.508	2.35	1.795	1.558	0	2.112	1.267	1.048
atac_L23733	highk4_prom	3.761	3.111	2.363	3.582	2.532	2.058	2.478	0	3.237	0.762	1.371
atac_L23786	highk4_prom	3.875	4.335	2.698	2.819	2.278	2.134	1.855	0	3.106	1.868	1.9
atac_L19773	highk4_prom	4.351	1.683	1.16	1.113	1.634	1.577	1.238	0	0.976	0.726	1.083
atac_L19899	highk4_prom	4.731	4.015	1.356	2.997	2.467	2.204	1.735	0	3.565	1.32	1.095
atac_L19901	highk4_prom	4.539	4.408	1.598	2.891	2.212	2.258	1.972	2.566	3.563	1.932	0.618
atac_L20001	highk4_prom	4.05	4.162	1.159	1.851	1.289	1.606	1.858	2.075	1.868	1.618	0.837
atac_L20012	highk4_prom	3.824	2.526	1.083	1.444	1.942	1.405	1.781	2.919	2.976	0	0.739
atac_P03697	highk4_prom	4.031	4.476	1.427	1.953	1.365	1.819	1.27	2.06	2.684	1.604	0.929
atac_L20053	highk4_prom	3.611	4.19	2.778	2.783	2.243	2.098	2.138	2.178	3.281	2.258	0.897
atac_L20086	highk4_prom	3.542	4.278	1.852	2.371	2.07	2	2.041	3	2.501	2.249	0.362
atac_L20087	highk4_prom	4.027	2.941	1.362	2.123	1.386	1.858	0.32	2.591	2.752	0.782	1.4
atac_L20092	highk4_prom	4.912	5.176	1.46	2.471	1.863	2.2	1.974	2.568	2.729	1.934	1.051
atac_P03708	highk4_prom	4.313	4.625	0.9	0.636	1.145	1.395	0.719	0	1.074	1.355	0.438
atac_L20094	highk4_prom	4.883	4.32	1.301	1.168	1.273	1.479	0.979	0	2.852	1.635	0.617
atac_L20132	highk4_prom	4.163	4.102	0.938	1.681	0.844	1.763	0.986	0	2.823	1.045	0.743
atac_L20137	highk4_prom	3.832	4.648	2.553	3.402	2.487	1.773	2.073	3.124	3.581	2.109	1.175
atac_L20186	highk4_prom	3.529	4.441	1.315	2.62	2.481	2.291	0.958	2.062	2.544	1.016	1.114
atac_L20221	highk4_prom	3.698	4.115	1.024	2.106	2.24	0.942	1.02	2.158	2.309	0.802	1.766
atac_L20267	highk4_prom	3.616	2.073	1.142	0.419	0.649	1.033	0.609	0	2.126	0	1.2
atac_L20273	highk4_prom	5.151	5.146	2.052	3.255	2.562	2.69	2.135	0	2.9	1.327	0.364
atac_L20278	highk4_prom	4.969	4.318	2.609	3.275	2.704	2.166	1.908	0	4.212	2.316	0.35
atac_L20289	highk4_prom	3.345	4.441	1.808	2.871	2.392	1.976	1.479	2.811	2.941	0.719	0.894
atac_L20326	highk4_prom	3.745	3.565	2.411	3.207	3.016	1.829	2.154	0	2.991	1.049	1.392
atac_L20354	highk4_prom	3.756	4.36	1.435	1.41	1.448	1.485	1.023	0	2.179	1.519	1.186
atac_L20391	highk4_prom	4.387	4.202	2.76	3.063	2.448	2.728	2.481	4.038	3.402	1.98	0.765
atac_L20393	highk4_prom	3.994	2.259	1.224	1.582	1.261	1.817	1.024	0	1.953	1.319	0.889
atac_L20395	highk4_prom	4.758	5.007	2.154	2.772	2.703	2.144	2.37	2.574	3.383	1.645	1.387
atac_L20432	highk4_prom	3.776	4.588	1.67	2.381	1.781	1.651	1.748	0	2.394	2.011	0.656
atac_L20435	highk4_prom	3.332	3.974	1.676	2.527	1.702	1.785	1.257	2.044	3.023	1.88	1.013
atac_L20436	highk4_prom	4.383	2.818	0.714	1.541	1.441	1.159	1.991	0	1.64	0	0.749
atac_L20454	highk4_prom	3.87	3.735	1.11	2.51	1.918	1.967	0	2.136	2.574	0.79	1.621
atac_L20458	highk4_prom	5.439	4.891	1.003	1.549	1.165	1.882	1.7	2.597	3.254	1.488	1.069
atac_L20471	highk4_prom	3.463	3.461	4.169	3.443	2.892	2.509	0.597	3.505	3.729	2.445	1.57
atac_L20488	highk4_prom	5.092	5.732	2.758	3.554	3.08	2.54	1.347	3.894	3.735	1.516	1.504
atac_L20491	highk4_prom	3.854	4.267	2.064	3.429	2.403	2.099	1.488	2.99	3.194	1.694	1.355
atac_P03770	highk4_prom	4.371	4.062	0.893	1.982	2.162	1.717	1.617	1.349	1.828	1.412	0.171
atac_L20503	highk4_prom	4.145	4.017	1.322	2.721	2.097	1.897	1.455	3.466	2.797	2.309	0.864
atac_P03779	highk4_prom	4.684	2.55	2.647	2.47	2.118	1.532	2.378	2.797	3.275	2.068	0.789
atac_L20539	highk4_prom	4.312	5.023	2.341	3.404	2.484	2.481	2.261	2.966	3.561	2.613	1.749
atac_L20540	highk4_prom	4.397	5.359	1.875	3.013	2.372	2.306	2.297	2.103	3.056	2.485	1.053
atac_L20549	highk4_prom	4.059	3.633	2.229	2.926	2.063	2.105	0.952	0	2.804	2.43	1.19
atac_L20550	highk4_prom	3.914	4.949	1.664	2.879	2.167	2.435	1.358	3.003	3.207	0.81	1.364
atac_L20552	highk4_prom	4.294	2.017	1.283	1.467	0.898	0.762	0.806	0	2.454	0.784	1.159
atac_L20560	highk4_prom	5.2	5.378	1.215	2.154	1.994	1.696	2.024	2.152	2.591	1.51	0.643
atac_L20573	highk4_prom	3.783	4.789	0.906	1.641	1.545	1.642	0.592	2.143	2.293	0	0.639
atac_L20619	highk4_prom	3.905	2.929	1.012	1.141	1.661	1.139	0.273	2.381	1.944	0.68	0.849
atac_L20621	highk4_prom	4.45	3.637	2.435	2.062	2.236	1.492	1.624	2.172	3.24	0.809	0.652
atac_L20623	highk4_prom	4.77	5.246	1.715	1.926	1.828	2.093	1.344	2.155	2.486	2.793	0.99
atac_P03807	highk4_prom	4.519	5.052	0.96	2.582	2.106	1.982	2.179	2.06	3.269	1.239	1.197
atac_L20657	highk4_prom	3.344	3.321	2.917	3.152	2.448	2.639	0	3.449	2.542	1.275	1.388
atac_L20676	highk4_prom	3.329	3.537	1.774	2.855	1.846	2.173	1.93	1.444	2.301	2.34	0.357
atac_P03815	highk4_prom	5.18	4.932	1.765	1.825	2.249	2.128	1.07	2.444	2.192	1.689	0.786
atac_P03818	highk4_prom	4.529	3.951	0.668	2.507	1.64	1.842	0.935	2.025	2.553	1.213	1.088
atac_L20692	highk4_prom	4.577	4.337	1.045	2.667	1.982	2.2	1.256	0	2.189	1.741	1.336
atac_L20693	highk4_prom	3.994	3.616	1.38	2.198	1.793	2.067	2.214	0	2.039	1.789	1.047
atac_L20696	highk4_prom	4.376	4.206	1.707	1.278	1.622	1.98	1.985	2.112	2.128	2.666	0.962
atac_L20697	highk4_prom	3.846	4.212	2.753	3.4	2.685	2.536	1.344	0	3.041	1.689	1.35
atac_L20699	highk4_prom	4.22	5.13	1.707	1.427	1.579	1.834	1.366	0	2.397	2.014	1.847
atac_L20707	highk4_prom	4.167	3.306	1.229	2.324	2.473	2.241	1.495	0	2.611	1.703	1.44
atac_L20725	highk4_prom	3.469	2.817	1.113	1.203	1.82	1.257	1.486	0	2.028	0	0.694
atac_L20726	highk4_prom	3.449	3.929	1.703	3	2.708	1.936	1.598	0	3.239	1.975	1.417
atac_L20764	highk4_prom	3.97	4.38	2.621	3.128	1.762	1.826	1.308	2.931	2.595	0.775	0.623
atac_L20783	highk4_prom	4.35	4.295	1.581	2.597	1.981	2.078	1.825	2.854	3.247	2.811	1.261
atac_L20828	highk4_prom	3.628	3.817	2.797	2.588	2.522	2.45	1.561	0	2.858	3.071	1.226
atac_P03854	highk4_prom	3.632	4.476	2.98	3.955	3.039	2.686	0.957	4.72	4.413	2.526	0.828
atac_L20856	highk4_prom	4.766	3.351	1.411	2.285	1.85	1.868	1.589	2.132	2.67	2.768	1.618
atac_L20881	highk4_prom	3.85	2.949	1.727	3.358	2.759	2.406	1.908	1.946	2.512	2.022	0.764
atac_L20886	highk4_prom	3.539	2.873	1.398	1.873	1.263	1.461	1.944	0	3.091	1.856	2.275
atac_P03864	highk4_prom	3.344	3.7	1.828	2.984	2.117	1.993	2.246	2.053	3.103	1.889	1.271
atac_L20937	highk4_prom	3.615	4.959	2.616	2.588	1.642	2.002	1.175	3.244	2.406	1.296	1.166
atac_L20952	highk4_prom	4.271	2.201	0.884	1.682	1.344	1.053	0.796	0	1.421	0.774	1.055
atac_L20956	highk4_prom	3.358	2.82	1.918	2.067	1.902	0.672	2.384	0	2.064	0.781	1.064
atac_L20992	highk4_prom	4.176	4.153	2.306	2.714	2.404	1.549	1.338	2.147	2.092	1.838	1.343
atac_L21012	highk4_prom	4.232	4.221	1.474	2.579	2.278	2.1	2.623	2.162	3.16	1.519	1.507
atac_L21061	highk4_prom	4.158	2.029	1.327	2.412	2.198	1.147	2.125	0	1.388	1.779	0.548
atac_L21076	highk4_prom	3.542	4.455	2.392	2.224	2.127	1.756	1.201	2.643	1.958	2.001	1.513
atac_L21078	highk4_prom	3.728	3.919	2.634	2.601	2.364	2.375	1.634	3.015	3.558	2.014	0.9
atac_L21083	highk4_prom	4.27	2.805	1.181	1.451	2.135	1.514	2.501	0	1.976	1.94	1.311
atac_L21089	highk4_prom	3.568	4.076	1.418	2.201	1.69	1.306	1.361	0	1.34	0.405	0.896
atac_L21121	highk4_prom	4.094	2.717	1.736	2.247	1.724	1.301	1.01	0	2.088	1.503	2.208
atac_L21183	highk4_prom	3.331	2.903	1.371	2.093	1.781	1.737	0.288	0	1.622	0	0
atac_L21186	highk4_prom	3.586	3.691	1.172	0.731	1.039	1.582	0.824	2.157	1.212	1.313	1.429
atac_L02886	highk4_prom	3.771	3.467	1.215	1.52	1.24	1.643	1.431	1.396	1.618	1.036	0.95
atac_L02897	highk4_prom	4.941	5.249	1.322	1.121	1.43	1.497	0.607	1.465	1.965	0.812	1.103
atac_P00603	highk4_prom	4.973	5.014	1.226	1.826	1.329	1.538	0.95	0	2.066	1.008	1.546
atac_L02941	highk4_prom	4.444	4.756	2.831	3.209	2.895	2.742	2.422	3.194	3.555	0.766	1.448
atac_L02950	highk4_prom	3.552	3.238	1.443	2.627	2.099	1.778	0.942	0	2.466	0.736	1.179
atac_L02979	highk4_prom	3.95	5.457	2.407	2.54	1.966	1.878	1.617	3.9	2.249	1.697	0.995
atac_L02981	highk4_prom	4.05	3.599	1.294	1.561	1.596	1.466	0.591	0	1.329	1.675	1.749
atac_L02989	highk4_prom	3.605	5.027	2.732	2.49	2.591	2.002	0.782	3.798	2.794	1.254	0.729
atac_L02990	highk4_prom	4.287	4.386	1.918	2.819	2.359	2.234	2.191	2.148	2.638	1.683	1.176
atac_L02992	highk4_prom	3.992	2.945	1.036	0.794	1.312	1.297	1.379	2.028	1.243	0.732	1.091
atac_L03006	highk4_prom	3.427	5.411	2.914	3.426	2.451	2.997	1.362	4.219	3.936	1.867	1.004
atac_L03034	highk4_prom	3.608	4.42	3.1	3.257	2.577	2.715	1.953	4.217	3.245	1.865	1.283
atac_L03050	highk4_prom	3.65	1.085	0.841	1.544	1.504	0.971	0.94	1.348	2.901	0.734	1.094
atac_L03058	highk4_prom	3.794	4.159	0.794	1.793	1.632	1.338	0.596	2.152	2.237	1.686	0.507
atac_L03059	highk4_prom	3.558	2.308	1.733	2.561	1.536	1.53	2.368	0	2.948	1.74	0.709
atac_L03070	highk4_prom	3.659	4.79	3.469	3.484	2.942	2.787	1.495	4.21	3.488	1.86	1.715
atac_L03071	highk4_prom	3.532	4.69	1.278	2.35	1.34	1.898	1.531	0	2.332	1.9	0.333
atac_L03081	highk4_prom	3.978	2.859	2.556	2.376	1.466	1.514	1.114	0	2.92	0	0
atac_L03093	highk4_prom	3.817	4.611	1.099	1.635	1.417	1.205	1.635	0	1	1.89	0.33
atac_L03104	highk4_prom	4.115	4.444	2.443	3.187	2.418	1.914	1.022	4.448	2.968	2.546	0.647
atac_L03129	highk4_prom	3.727	2.96	2.585	2.841	2.641	1.854	0.325	2.964	3.267	1.498	1.336
atac_L03164	highk4_prom	4.205	3.739	2.402	2.386	2.06	0.969	1.596	2.966	2.861	1.675	0.761
atac_L03223	highk4_prom	4.944	4.38	1.014	1.784	1.342	1.71	1.473	2.143	2.088	0	0.639
atac_L03231	highk4_prom	3.355	4.655	1.914	2.375	1.867	2.212	1.204	3.004	2.666	0.81	1.282
atac_P00661	highk4_prom	5.047	3.327	1.392	1.495	1.573	1.202	0.725	0	2.498	1.814	0.676
atac_L03232	highk4_prom	4.56	4.359	1.394	2.617	1.533	1.285	1.349	0	1.865	0.804	0.647
atac_L03234	highk4_prom	4.764	3.772	1.279	2.019	1.979	1.466	1.329	1.967	2.391	0	1.205
atac_L03236	highk4_prom	4.697	5.073	2.082	2.384	1.941	1.909	1.525	2.057	2.681	1.237	0.6
atac_L03240	highk4_prom	3.785	4.62	1.57	2.56	2.027	2.321	1.717	0	2.684	2.224	0.764
atac_P00664	highk4_prom	3.648	4.197	1.39	2.7	1.714	2.265	1.899	0	3.108	1.507	0.585
atac_L03287	highk4_prom	3.856	4.557	1.977	1.833	1.608	1.716	2.319	2.124	2.561	1.661	1.245
atac_L03327	highk4_prom	4.025	4.35	0.795	1.491	1.075	1.396	1.933	0	1.066	1.845	0.883
atac_L03330	highk4_prom	3.945	4.123	1.586	2.227	1.387	1.937	1.996	0	2.452	0.783	0.752
atac_L03345	highk4_prom	4.099	4.243	3.818	3.805	2.527	2.187	2.76	3.537	3.853	2.012	1.957
atac_L03368	highk4_prom	3.776	3.932	1.219	1.601	1.306	0.942	0	0	1.717	0.769	0.342
atac_L03384	highk4_prom	4.329	3.336	2.306	2.773	2.428	1.809	1.262	0	3.029	1.424	0.596
atac_L03394	highk4_prom	3.537	0.707	1.178	1.114	0.879	1.258	1.352	0	2.182	0.806	0.89
atac_L03409	highk4_prom	4.081	3.819	0.986	2.102	2.214	1.715	2.294	0	2.249	0	1.59
atac_L03428	highk4_prom	3.502	4.318	3.034	3.142	2.315	2.364	1.582	1.995	2.931	2.688	1.067
atac_L03435	highk4_prom	4.74	3.148	1.295	1.813	1.882	1.834	2.227	0	2.358	1.583	1.402
atac_L03438	highk4_prom	4.585	3.466	0.915	2.492	1.558	1.283	1.612	0	2.371	0.802	0.359
atac_P00716	highk4_prom	4.945	3.913	1.113	1.476	1.62	1.386	1.647	0	1.497	0.388	1.636
atac_L03484	highk4_prom	4.423	4.418	1.954	3.008	2.155	1.89	1.281	2.892	2.949	0.756	2.222
atac_P00720	highk4_prom	4.06	2.938	1.077	1.211	1.683	1.318	0.933	2.484	2.686	0.729	0.7
atac_L03494	highk4_prom	3.673	5.616	1.851	2.773	2.076	1.968	2.258	2.137	2.941	1.298	0.759
atac_P00721	highk4_prom	4.929	4.692	0.854	2.409	1.498	1.894	1.931	0	2.711	0.701	0.673
atac_P00722	highk4_prom	3.82	3.052	1.473	2.19	2.142	1.41	2.275	0	1.753	1.511	0.665
atac_L03497	highk4_prom	4.411	3.867	1.701	1.912	1.515	2.061	1.332	3.251	2.412	1.3	0.98
atac_L03499	highk4_prom	4.768	4.109	1.713	2.101	1.995	1.785	1.608	2.981	3.495	1.986	1.499
atac_L03502	highk4_prom	4.571	4.427	1.499	1.855	1.465	1.148	1.719	0	1.936	0.796	1.494
atac_L03510	highk4_prom	4.249	4.201	2.347	3.618	2.65	2.168	1.337	4.43	3.459	2.436	1.261
atac_L03517	highk4_prom	3.583	4.867	2.82	3.274	2.607	1.864	1.567	0	3.06	1.472	0.182
atac_L03540	highk4_prom	4.426	4.732	1.8	2.426	1.603	1.787	1.034	0	1.882	0.813	1.368
atac_L03542	highk4_prom	4.592	4.862	1.895	3.255	2.796	1.776	1.487	3.338	3.057	1.204	0.695
atac_L03545	highk4_prom	4.164	3.839	1.694	1.223	1.539	1.321	1.846	0	2.382	0.46	1.278
atac_L03569	highk4_prom	3.752	1.174	1.174	0.732	1.153	1.054	1.021	2.159	2.432	2.545	0.771
atac_L03586	highk4_prom	4.09	4.126	1.822	3.337	2.695	2.316	2.767	3.58	2.878	2.594	1.103
atac_P00749	highk4_prom	3.761	4.078	1.451	2.048	1.565	1.899	2.007	0	1.578	1.422	0.595
atac_L03637	highk4_prom	3.982	4.223	2.122	2.712	1.641	1.671	1.633	2.052	2.997	1.597	1.018
atac_L03647	highk4_prom	4.01	2.606	1.135	1.315	0.849	1.043	1.11	0	1.667	1.003	0.71
atac_L03660	highk4_prom	4.664	3.287	1.073	0.73	1.319	1.249	1.018	0	1.943	0.8	1.427
atac_L03661	highk4_prom	4.704	3.114	1.519	1.005	0.977	1.306	1.968	0	1.543	1.708	1.445
atac_L03662	highk4_prom	3.552	4.334	2.272	3.492	2.059	2.369	1.746	0	2.815	1.709	1.104
atac_L03683	highk4_prom	3.948	3.807	2.634	2.912	2.22	2.096	2.211	0	2.301	2.169	0.949
atac_L03689	highk4_prom	4.93	4.41	1.358	2.368	2.41	1.71	1.845	2.167	2.803	1.321	0
atac_L03691	highk4_prom	4.513	3.65	0.775	0.659	1.629	1.174	1.234	0	2.388	1.394	1.162
atac_L03705	highk4_prom	4.705	3.765	1.311	1.845	1.378	1.568	2.267	2.007	2.67	1.558	1.158
atac_L03730	highk4_prom	4.609	5.321	2.156	2.918	2.852	2.454	1.955	2.178	3.936	2.009	1.52
atac_L03758	highk4_prom	3.501	4.544	2.014	2.715	1.827	1.446	0.311	0	2.882	1.92	1.371
atac_L03807	highk4_prom	3.738	3.51	1.357	1.958	1.744	1.786	0.306	0	1.271	1.762	0.933
atac_L03842	highk4_prom	4.101	4.183	1.717	3.066	2.067	2.502	1.741	2.87	3.323	1.891	2.076
atac_L03843	highk4_prom	3.963	3.994	1.875	3.013	2.616	2.442	1.977	2.103	3.258	2.182	1.229
atac_P00803	highk4_prom	3.968	4.336	1.132	2.814	1.728	1.869	1.338	0	3.143	0.706	1.137
atac_L03932	highk4_prom	3.813	3.16	1.151	1.382	1.233	1.289	1.808	0	2.072	0.445	0.632
atac_L03955	highk4_prom	3.93	2.773	1.512	2.6	1.64	1.388	1.418	0	2.224	1.619	1.209
atac_L04010	highk4_prom	3.708	3.052	2.323	2.495	1.819	0.718	1.456	2.122	2.451	0.782	0.969
atac_L04051	highk4_prom	4.122	3.555	1.764	2.859	2.658	1.949	1.73	3.139	3.665	2.669	0.711
atac_L04090	highk4_prom	3.551	3.567	2.315	3.206	2.671	2.48	2.048	0	3.466	1.708	0.78
atac_L04101	highk4_prom	3.725	3.813	0.877	1.869	0.506	1.046	1.147	1.398	1.621	1.266	0.848
atac_L04151	highk4_prom	3.348	4.452	1.659	2.874	2.215	1.84	1.845	2.167	2.184	1.7	1.277
atac_L04167	highk4_prom	3.336	2.683	0.92	2.235	1.973	1.76	1.873	1.996	1.534	1.381	0.792
atac_P00373	highk4_prom	4.064	2.876	1.549	1.808	1.874	1.637	1.2	1.969	1.31	0.701	0.308
atac_L01525	highk4_prom	3.884	3.875	0.791	2.038	1.949	1.921	1.826	2.147	0.903	0	1.564
atac_L01625	highk4_prom	3.781	3.89	2.62	2.304	2.724	2.333	1.937	2.879	3.114	1.435	0.931
atac_L01637	highk4_prom	3.866	4.577	1.996	3.226	2.6	2.127	1.357	0	2.558	2.361	1.893
atac_L01642	highk4_prom	4.48	3.538	2.246	3.317	2.783	1.692	1.814	3.894	3.817	2.107	0.91
atac_L01664	highk4_prom	3.952	3.431	1.447	1.384	0.722	1.069	1.324	0	2.715	0.786	1.071
atac_L01683	highk4_prom	3.971	3.917	2.11	2.383	2.212	1.833	1.959	3.014	2.819	1.871	0.657
atac_L01689	highk4_prom	4.168	4.182	1.134	2.325	2.304	1.713	2.043	2.172	2.558	1.526	0.893
atac_L01696	highk4_prom	3.52	2.671	1.567	1.527	1.613	0.98	1.975	0	2.371	1.795	0.343
atac_L01699	highk4_prom	4.469	5.327	2.041	2.906	2.032	2.165	2.306	0	3.3	0.776	1.723
atac_L01701	highk4_prom	3.456	3.814	0.73	2.394	1.97	2.051	1.185	2.148	1.853	1.507	1.344
atac_L01709	highk4_prom	4.743	4.186	1.631	1.743	1.975	1.265	0.334	0	1.878	1.706	0.779
atac_L01722	highk4_prom	4.557	4.607	1.413	2.664	1.809	0.724	1.915	0	2.004	1.296	1.075
atac_L01725	highk4_prom	4.033	4.224	1.444	2.579	2.469	2.345	0.999	0	2.758	1.059	1.327
atac_L01726	highk4_prom	3.662	3.967	1.404	1.812	1.775	1.621	1.851	0	1.787	0	0
atac_L01740	highk4_prom	4.74	3.237	1.812	2.85	2.081	2.149	1.506	2.035	2.701	1.872	1.179
atac_P00412	highk4_prom	3.706	3.191	1.049	2.052	1.807	1.689	0.985	3.157	2.668	1.273	1.554
atac_L01764	highk4_prom	4.716	4.639	1.875	1.965	2.311	2	2.093	2.132	3.089	2.211	0.634
atac_L01770	highk4_prom	4.487	4.796	1.523	2.066	2.057	1.265	1.36	2.176	2.192	2.007	0.364
atac_L01775	highk4_prom	3.945	4.439	3.293	3.092	2.587	2.341	2.52	3.469	3.25	0.783	1.402
atac_L01784	highk4_prom	4.301	3.883	0.826	0.959	0.562	0.619	1.565	2.104	1.895	1.643	0.957
atac_L01786	highk4_prom	3.934	4.207	1.921	2.205	1.932	1.825	1.479	3.501	2.167	1.509	0.881
atac_P00422	highk4_prom	4.748	4.075	1.671	2.288	1.554	1.995	2.393	2.006	3.477	1.557	1.075
atac_L01806	highk4_prom	5.183	3.688	1.347	2.208	2.219	2.208	2.197	0	2.742	1.845	0.883
atac_L01810	highk4_prom	3.339	4.242	2.057	2.834	1.734	1.607	1.884	0	2.119	0.772	1.385
atac_L01814	highk4_prom	3.37	2.94	0.986	2.543	2.374	2.029	1.9	2.024	3.069	2.208	0.7
atac_L01829	highk4_prom	4.28	3.923	2.926	2.878	2.251	1.745	2.003	2.763	3.448	1.666	1.53
atac_L01831	highk4_prom	4.495	3.139	1.673	3.432	2.73	2.664	1.982	2.109	3.873	1.648	1.597
atac_L01833	highk4_prom	4.034	2.987	1.654	2.578	2.341	1.915	1.731	0	3.587	1.694	0.887
atac_L01836	highk4_prom	4.077	4.771	1.955	1.771	2.105	2.417	1.702	0	3.049	2.685	2.009
atac_L01918	highk4_prom	3.353	4.758	2.332	3.119	1.887	1.595	1.357	0	2.558	0	1.1
atac_L01920	highk4_prom	4.622	2.716	1.296	2.033	2.383	1.936	1.472	0	1.662	2.527	0.762
atac_L01924	highk4_prom	4.096	4.506	3.813	2.782	2.489	2.277	1.336	3.494	3.369	2.224	0.983
atac_L01935	highk4_prom	4.692	2.884	1.279	1.745	0.481	1.066	0.607	0	1.479	0	1.103
atac_L01943	highk4_prom	3.793	4.958	1.642	2.483	1.993	2.083	1.446	2.933	2.322	2.072	0.745
atac_L01944	highk4_prom	3.67	4.626	2.133	2.334	2.08	2.065	1.957	0	2.512	2.011	0.365
atac_L01946	highk4_prom	3.363	3.658	1.973	1.856	1.806	1.599	1.707	0	2.725	1.568	0.583
atac_L01956	highk4_prom	4.378	4.334	1.089	1.475	1.583	1.134	1.254	0	1.664	0.738	0.326
atac_L01967	highk4_prom	3.62	3.809	1.126	0.698	1.302	0.939	1.669	2.092	1.409	0.766	1.136
atac_L01991	highk4_prom	3.627	4.943	3.306	2.88	2.006	1.777	1.6	0	2.529	2.333	1.173
atac_P00453	highk4_prom	3.665	3.393	1.774	2.115	1.448	1.676	1.558	1.968	2.626	1.17	0.873
atac_L01998	highk4_prom	3.669	4.032	1.266	2.245	1.685	1.171	1.395	0	2.196	2.011	0.713
atac_L02009	highk4_prom	4.219	4.854	1.564	1.988	1.735	1.75	1.863	1.986	2.462	1.184	1.292
atac_L02012	highk4_prom	5.224	3.952	1.434	2.005	2.228	1.908	2.629	0	2.549	0.777	0.747
atac_L02024	highk4_prom	3.949	5.303	2.762	2.964	2.295	2.152	2.498	0	2.971	1.995	1.274
atac_L02029	highk4_prom	4.13	5.315	2.416	2.326	2.054	1.62	1.625	0	2.665	0.81	1.894
atac_L02041	highk4_prom	4.708	4.007	1.209	1.679	1.095	1.586	0.937	2.84	2.175	0.732	1.759
atac_L02100	highk4_prom	4.157	4.867	1.693	3.438	2.888	2.472	2.812	0	2.975	2.319	1.909
atac_L02110	highk4_prom	3.908	5.189	1.9	2.895	2.244	2.457	2.25	0	3.224	2.317	1.678
atac_L02120	highk4_prom	3.977	4.512	1.464	2.483	1.656	2.018	2.023	0	2.235	0.797	0.766
atac_L02179	highk4_prom	4.531	3.386	1.395	0.413	1.478	1.02	1.023	0	1.216	1.695	0.648
atac_L02181	highk4_prom	3.622	4.037	2.777	2.759	1.656	1.773	0.979	3.434	2.476	1.462	0.616
atac_L02183	highk4_prom	3.549	2.505	1.502	1.952	1.702	1.641	1.434	0	2.268	1.157	1.117
atac_L02204	highk4_prom	4.458	2.425	1.121	1.722	1.708	1.422	0	2.152	2.302	0.799	0.357
atac_L02211	highk4_prom	4.325	3.786	1.599	2.233	1.707	2.217	1.362	1.467	2.511	2.01	1.843
atac_L02217	highk4_prom	4.496	3.791	1.452	3.16	3.058	2.553	1.859	2.183	2.866	1.872	1.108
atac_L02220	highk4_prom	3.691	3.901	1.435	1.742	1.596	1.844	1.244	0	1.653	0.993	1.81
atac_L02240	highk4_prom	4.284	3.969	1.631	3.962	2.871	2.594	1.626	3.529	3.521	2.006	1.195
atac_P00499	highk4_prom	3.576	5.158	1.424	2.531	1.76	1.678	1.366	0	2.953	0.724	0.801
atac_L02270	highk4_prom	4.139	4.091	1.146	2.299	2.463	1.497	1.743	1.368	2.81	1.893	0.717
atac_L02281	highk4_prom	4.649	4.349	1.243	2.501	2.099	2.366	2.345	0	2.594	2.203	1.319
atac_L02283	highk4_prom	3.634	3.996	2.089	2.345	2.132	1.578	0.295	2.83	2.639	2.097	0.458
atac_L02296	highk4_prom	4.007	2.066	0.807	1.004	1.235	0.831	1.031	0	2.043	1.706	0.779
atac_L02315	highk4_prom	4.428	3.289	0.35	1.509	1.352	1.223	1.954	0	2.025	1.621	0.178
atac_L02316	highk4_prom	4.231	4.676	2.064	2.452	1.533	1.51	1.022	0	1.679	2.241	0.772
atac_P00523	highk4_prom	4.384	4.666	1.162	2.26	2.574	1.909	2.527	2.831	3.282	1.858	1.085
atac_L02344	highk4_prom	3.742	5.407	2.157	2.635	1.252	2.395	1.889	0	2.826	2.07	1.148
atac_L02388	highk4_prom	3.781	5.328	2.359	2.789	2.143	2.084	2.515	3.161	2.973	1.898	0.829
atac_L02400	highk4_prom	4.721	4.114	1.023	0.993	1.115	1.088	2.2	0	2.026	0.801	0.885
atac_L02402	highk4_prom	3.373	3.064	1.523	1.631	1.737	1.766	1.464	2.957	2.217	0.788	1.25
atac_L02449	highk4_prom	4.614	5.04	1.557	2.104	1.731	1.772	2.012	2.515	2.844	1.596	1.106
atac_L02453	highk4_prom	3.942	4.927	1.294	2.647	1.849	2.201	1.549	0	2.169	0.431	0.843
atac_L02458	highk4_prom	4.992	4.18	1.484	1.702	1.663	1.457	2.324	0	1.746	2.208	0.632
atac_L02473	highk4_prom	4.158	4.498	2.519	3.434	2.841	2.516	1.931	4.318	3.683	2.421	1.578
atac_L02497	highk4_prom	4.215	3.645	1.919	1.817	1.548	1.601	2.222	2.654	2.566	1.095	1.521
atac_L02508	highk4_prom	3.417	4.575	3.448	3.72	3.003	2.719	2.366	2.17	3.486	1.323	1.439
atac_L02520	highk4_prom	3.964	4.254	1.322	2.027	1.785	1.759	0.904	1.975	3.256	1.175	0.564
atac_L02524	highk4_prom	4.808	4.329	1.576	2.481	2.012	1.548	1.105	0	2.904	1.735	1.179
atac_L02558	highk4_prom	3.795	2.977	1.072	2.756	2.147	2.056	2.025	0	3.317	1.844	1.087
atac_L02564	highk4_prom	4.016	4.468	1.017	2.522	1.949	1.902	1.719	2.147	2.993	1.98	0.879
atac_L02589	highk4_prom	4.13	4.258	1.289	1.854	1.381	1.54	1.861	2.079	1.506	1.254	1.037
atac_L02595	highk4_prom	4.158	1.965	1.065	1.248	1.286	0.559	1.946	2.072	2.397	0.755	0.835
atac_L02630	highk4_prom	3.603	2.998	1.318	1.325	0.926	1.026	0.832	0	1.078	1.325	1.1
atac_L02654	highk4_prom	4.05	3.906	1.403	1.911	1.797	1.13	0.779	2.075	1.785	0.428	1.034
atac_L02667	highk4_prom	3.379	3.007	1.332	1.858	1.412	2.152	1.767	0	2.664	1.779	0.944
atac_L02688	highk4_prom	3.386	4.617	2.519	2.879	2.082	1.776	0.592	2.615	2.907	1.678	0.876
atac_L02703	highk4_prom	4.76	3.772	1.082	2.115	0.789	1.379	1.026	0	3.455	1.999	0.775
atac_L02704	highk4_prom	4	4.776	1.372	2.286	1.365	1.829	0.588	0	3.262	0.788	1.251
atac_L02708	highk4_prom	3.825	3.788	1.034	2.715	2.362	1.999	1.61	0	2.646	1.213	0.808
atac_L02721	highk4_prom	3.371	4.601	1.199	2.544	2.088	2.32	2.091	2.13	3.468	2.209	0.869
atac_L02740	highk4_prom	3.691	4.147	1.748	2.748	2.569	2.447	1.377	3.119	3.71	1.989	1.089
atac_L02807	highk4_prom	3.95	3.768	0.919	1.582	1.743	1.432	1.024	0	1.868	1.319	0
atac_L02824	highk4_prom	3.6	5.203	2.322	2.366	1.605	1.691	0.804	2.121	2.752	1.955	0.629
atac_L02844	highk4_prom	3.668	5.068	3.714	3.987	2.982	2.691	1.327	2.959	3.773	2.844	1.483
atac_P04434	highk4_prom	5.011	5.236	1.426	1.871	2.362	1.965	0.521	0	2.797	1.938	1.353
atac_L24001	highk4_prom	4.209	3.639	1.32	2.465	2.186	2.004	1.498	3.004	2.042	2.005	2.053
atac_L24018	highk4_prom	5.058	4.232	1.007	2.332	1.64	1.828	1.589	0	2.148	1.668	0.87
atac_P04459	highk4_prom	5.176	5.455	2.074	3.198	2.636	2.005	2.173	2.442	3.499	1.687	1.217
atac_L24055	highk4_prom	5.441	3.898	1.477	2.056	1.946	1.487	2.362	2.165	2.552	1.855	1.188
atac_L24078	highk4_prom	3.831	3.184	2.575	2.943	2.334	1.863	1.409	2.883	2.549	0.752	1.117
atac_L24085	highk4_prom	4.189	4.794	2.297	2.468	2.381	2.053	1.674	2.097	2.936	1.637	0.953
atac_L24092	highk4_prom	3.361	4.218	2.147	2.123	1.68	1.735	0.996	2.121	2.609	1.955	1.4
atac_L24096	highk4_prom	4.912	3.687	1.347	1.105	1.286	0.594	0	2.153	2.17	0.799	0.988
atac_L24113	highk4_prom	3.919	2.53	1.265	1.07	1.34	1.717	1.152	0	2.313	0	0.62
atac_L24127	highk4_prom	3.808	4.479	2.303	3.171	2.286	2.551	0.998	3.851	3.432	0.783	1.474
atac_L24131	highk4_prom	4.504	4.288	2.362	2.742	2.351	1.543	1.008	2.612	2.352	1.675	0.875
atac_L24144	highk4_prom	5.191	3.962	1.293	1.616	1.529	1.634	2.152	2.034	2.463	1.87	1.177
atac_P04494	highk4_prom	4.171	2.881	1.356	2.451	1.86	2.144	1.761	0	1.514	1.678	0.563
atac_L24245	highk4_prom	3.806	4.221	2.091	2.868	1.765	2.011	1.023	0	2.247	0.457	1.093
atac_L24250	highk4_prom	3.452	3.568	2.548	3.362	2.685	2.463	1.785	2.457	3.072	1.961	1.301
atac_L24252	highk4_prom	4.197	2.405	1.246	1.473	1.537	1.407	1.813	0	2.854	1.295	1.073
atac_L24271	highk4_prom	3.467	3.29	1.124	1.928	1.256	1.872	1.728	2.157	2.43	1.989	1.09
atac_L24274	highk4_prom	4.252	5.189	1.841	2.445	1.457	1.927	1.725	0	2.054	1.875	0.816
atac_L24289	highk4_prom	4.26	4.483	1.518	2.18	1.635	1.556	0.585	0	2.276	2.088	0.631
atac_L24297	highk4_prom	3.487	2.882	1.277	1.881	1.728	1.622	0	0	1.225	1.706	0.895
atac_L24337	highk4_prom	4.137	2.209	1.801	2.006	1.721	1.059	0.8	0	2.442	0.778	0.747
atac_L24353	highk4_prom	4.282	4.822	2.709	3.169	2.57	2.68	1.823	1.438	2.777	3.122	1.562
atac_P04514	highk4_prom	3.944	4.817	2.459	2.92	2.05	1.893	1.606	2.832	1.894	2.099	0.905
atac_L24365	highk4_prom	4.528	3.717	1.869	1.715	1.283	1.272	1.533	0	2.276	0.753	1.356
atac_L24374	highk4_prom	3.988	1.529	1.351	0.581	1.223	1.534	1.613	0	2.794	2.348	0.992
atac_L24383	highk4_prom	5.316	4.756	1.32	2.515	2.096	2.089	2.26	3.166	2.599	1.611	0.475
atac_L24396	highk4_prom	3.39	3.954	1.402	2.183	1.247	1.039	1.909	0	1.894	0	0.949
atac_L24408	highk4_prom	4.402	6.079	2.591	3.133	2.001	2.306	1.347	0	2.925	1.991	1.767
atac_L24411	highk4_prom	4.126	4.18	2.241	2.908	1.841	2.404	1.622	0	2.937	1.702	1.191
atac_L24414	highk4_prom	5.202	4.2	1.36	1.15	0.823	0.96	1.648	2.535	2.394	2.031	0.833
atac_L24420	highk4_prom	3.918	4.953	3.446	4.024	2.883	2.877	2.443	3.292	3.63	2.652	0.78
atac_L24425	highk4_prom	3.668	4.568	3.386	3.182	2.768	2.645	1.59	3.863	2.937	3.281	1.251
atac_L24433	highk4_prom	4.219	5.019	2.718	2.89	2.298	2.154	1.633	0	2.675	2.743	1.449
atac_L24450	highk4_prom	4.206	3.636	1.414	1.443	1.202	0.983	1.588	0	2.017	0.403	1.231
atac_L24453	highk4_prom	3.824	4.748	2.359	3.212	2.252	2.238	1.594	0	3.36	1.97	1.168
atac_L24456	highk4_prom	4.725	2.76	1.922	2.954	2.499	2.344	2.704	3.299	3.252	2.143	1.371
atac_L24474	highk4_prom	5.286	3.733	1.156	1.557	1.917	1.563	1.005	0	2.464	1.968	1.253
atac_L24477	highk4_prom	4.272	3.595	1.333	0.856	1.025	0.89	0.589	0	0.896	0.79	0.353
atac_L24490	highk4_prom	3.982	4.866	2.248	3.353	2.499	2.801	0.597	3.888	3.604	2.629	1.349
atac_L24496	highk4_prom	4.58	3.631	1.78	2.748	2.222	1.233	2.446	1.947	3.135	2.484	1.329
atac_L24514	highk4_prom	3.656	5.173	3.231	2.277	2.391	1.984	1.136	2.079	2.612	1.449	0.839
atac_L24515	highk4_prom	4.618	4.116	0.775	1.827	1.921	1.62	0.994	2.117	2.062	1.481	0.627
atac_P04552	highk4_prom	4.538	4.702	1.699	2.754	2.419	2.201	2.547	3.465	3.286	1.388	0.779
atac_L24568	highk4_prom	4.249	3.244	1.943	1.761	2.147	1.394	2.16	0	2.605	0	1.154
atac_L24596	highk4_prom	4.382	4.82	2.556	2.517	2.19	2.029	1.01	2.97	3.207	2.222	0.876
atac_L24608	highk4_prom	3.974	2.039	1.068	1.207	1.071	1.115	0.594	0	2.297	0.796	0
atac_L24619	highk4_prom	4.197	4.568	1.134	3.198	2.343	2.578	2.224	0	3.093	2.291	0.621
atac_L24671	highk4_prom	4.358	5.15	1.829	2.98	1.958	1.951	1.955	3.295	2.392	1.709	1.004
atac_L24706	highk4_prom	3.782	4.541	1.637	2.432	1.86	2.18	1.821	0	2.087	2.331	1.417
atac_L24726	highk4_prom	4.048	3.9	1.841	2.498	1.907	1.671	1.068	0	2.303	0.709	0.445
atac_L24737	highk4_prom	4.609	3.644	0.537	2.179	2.495	2.026	1.362	3.009	3.346	2.009	1.104
atac_L24751	highk4_prom	4.298	4.481	1.508	3.046	2.239	2.446	1.835	2.157	3.223	0.801	1.09
atac_L24752	highk4_prom	3.606	3.711	1.63	2.847	2.322	2.801	1.851	0	2.81	2.465	1.001
atac_L24754	highk4_prom	4.653	2.968	0.962	1.978	1.405	1.778	1.824	2.617	1.76	0	0.64
atac_L24817	highk4_prom	3.816	4.279	1.442	1.665	1.266	0.742	1.201	0	1.222	1.089	1.099
atac_L24926	highk4_prom	4.287	3.313	1.917	3.125	2.189	1.988	3.056	3.532	4.168	2.737	1.782
atac_P04617	highk4_prom	3.705	2.131	1.088	1.932	1.199	1.304	2.23	2.038	1.571	1.585	1.009
atac_L21212	highk4_prom	3.628	2.324	0.907	0.81	1.304	1.084	0	0	1.001	0.747	0.927
atac_L21213	highk4_prom	3.652	4.768	0.919	2.486	2.19	1.776	2.037	2.076	2.092	0.757	0.94
atac_L21238	highk4_prom	3.652	3.595	0.919	1.912	1.901	1.91	1.541	2.543	1.504	1.619	0.727
atac_L21254	highk4_prom	3.47	5.01	1.504	2.001	1.516	1.589	0.988	0	2.32	1.474	0.623
atac_L21268	highk4_prom	3.767	4.397	1.624	2.241	1.627	1.748	1.293	2.557	2.106	1.034	1.134
atac_L21325	highk4_prom	3.385	2.237	1.013	1.481	1.793	1.441	1.598	0	3.172	0	0.876
atac_L21346	highk4_prom	4.488	3.715	1.888	1.882	2.171	1.327	1.501	0	2.986	1.329	1.721
atac_L21353	highk4_prom	3.67	4.642	1.933	2.423	1.895	1.746	2.329	0	3.416	1.967	0.635
atac_L21356	highk4_prom	4.279	3.707	1.696	2.665	1.992	1.801	1.028	2.171	3.058	0	0.893
atac_P03925	highk4_prom	3.824	3.727	2.356	3.414	2.625	2.767	2.474	3.554	4.101	1.725	1.171
atac_L21363	highk4_prom	3.773	4.764	2.358	2.746	2.341	2.411	1.501	3.008	2.193	2.138	1.103
atac_L21364	highk4_prom	3.545	4.758	2.374	3.119	1.797	2.475	1.624	3.526	2.116	2.251	1.441
atac_L21365	highk4_prom	4.639	3.645	1.563	1.23	1.681	2.134	1.034	0	1.083	1.33	1.286
atac_P03926	highk4_prom	3.648	3.746	1.6	1.509	1.283	1.532	0.914	0	0.648	1.545	1.366
atac_L21369	highk4_prom	3.826	4.697	2.056	2.886	2.04	1.674	1.207	0	2.264	1.533	1.286
atac_L21377	highk4_prom	3.829	4.771	1.411	3.186	2.043	2.252	0.609	3.014	1.594	1.535	1.288
atac_L21380	highk4_prom	3.772	5.272	2.744	3.594	1.976	2.165	1.032	3.53	2.718	3.485	1.444
atac_L21381	highk4_prom	3.546	4.69	1.997	2.326	1.774	2.29	0.605	3.003	1.961	1.527	0.363
atac_L21395	highk4_prom	3.873	4.731	0.983	2.555	2.326	1.891	1.855	2.652	2.046	2.258	1.004
atac_L21396	highk4_prom	3.558	5.207	2.543	3.017	2.299	2.711	1.366	2.183	3.253	2.014	1.289
atac_L21476	highk4_prom	4.271	3.553	2.366	2.87	2.481	1.938	1.197	0	2.8	2.724	0.774
atac_L21513	highk4_prom	3.636	3.684	0.598	2.205	1.439	1.982	2.111	3.264	2.916	1.309	0.357
atac_L21529	highk4_prom	3.589	4.167	1.718	1.866	1.809	1.089	0	0	2.104	1.315	0.359
atac_L21538	highk4_prom	3.537	5.045	1.509	2.314	2.073	1.309	1.797	0	1.639	1.052	1.152
atac_L21546	highk4_prom	3.843	4.8	2.106	2.305	2.014	1.741	1.48	2.152	2.692	1.985	1.179
atac_L21547	highk4_prom	3.712	3.507	0.95	1.699	1.558	1.531	1.459	0	2.563	1.29	0.754
atac_L21549	highk4_prom	3.893	4.957	1.543	1.987	1.287	1.89	2.027	2.155	2.1	2.344	1.181
atac_L21550	highk4_prom	3.709	3.9	3.69	3.459	3.079	2.574	2.364	4.206	3.671	2.882	0.775
atac_L21570	highk4_prom	4.192	4.228	1.928	2.077	2.105	2.102	1.809	2.954	2.617	0	0.973
atac_L21578	highk4_prom	4.745	4.924	2.712	3.513	2.96	1.988	2.512	2.177	3.825	2.366	1.284
atac_L21583	highk4_prom	3.768	3.778	0.866	1.741	1.396	1.098	0.605	0	0.531	0.81	0.653
atac_L21593	highk4_prom	3.904	3.956	1.397	1.66	1.261	1.589	1.024	0	2.551	1.319	2.093
atac_P03984	highk4_prom	4.485	4.205	1.04	3.066	1.818	1.577	1.662	3.052	2.937	2.046	0.561
atac_L21656	highk4_prom	3.973	2.667	1.561	2.73	1.977	1.502	2.024	1.983	2.246	1.822	1.488
atac_L21671	highk4_prom	3.528	4.047	1.751	2.258	1.553	1.295	0.557	0	2.144	0.749	1.351
atac_L21687	highk4_prom	3.788	3.54	2.344	2.271	2.461	1.988	1.615	2.843	3.508	1.579	1.175
atac_L21726	highk4_prom	4.698	2.525	1.755	2.045	1.706	1.531	0.572	0	2.479	1.637	0.849
atac_L21730	highk4_prom	3.458	4.891	2.563	3.603	2.692	2.466	1.605	4.435	3.215	1.841	1.423
atac_L21736	highk4_prom	4.473	3.388	2.015	2.166	2.176	1.404	1.842	2.994	2.753	1.319	1.357
atac_L21742	highk4_prom	3.898	3.095	1.265	1.577	1.762	1.747	1.613	2.159	2.65	1.081	0.771
atac_L21754	highk4_prom	3.611	4.139	2.73	3.011	2.697	2.098	1.033	3.009	2.122	2.47	0.781
atac_L21757	highk4_prom	5.472	4.303	0.967	2.1	1.954	1.528	1.607	2.152	2.302	1.843	0.357
atac_L21786	highk4_prom	4.561	4.936	1.903	2.963	2.063	2.294	0.6	3.515	2.798	2.638	0.888
atac_L21804	highk4_prom	4.492	3.945	0.796	1.926	1.443	0.978	0.597	0	1.859	1.312	0.769
atac_L21805	highk4_prom	4.106	3.77	1.233	2.21	1.577	1.348	1.527	2.06	1.59	1.757	1.276
atac_L21838	highk4_prom	5.072	3.49	1.355	2.71	2.141	2.165	2.154	0	2.991	2.19	0.962
atac_L21842	highk4_prom	3.705	4.499	1.708	2.407	1.642	2.163	0.969	0	1.871	1.253	1.036
atac_L21862	highk4_prom	4.538	3.556	0.456	1.662	1.968	1.777	1.199	0	1.22	0.807	0.361
atac_L21863	highk4_prom	4.25	2.938	0.584	1.461	2.058	1.597	0.994	0	1.184	1.054	0.628
atac_L21867	highk4_prom	3.556	4.51	2.032	2.473	1.829	1.934	1.209	2.181	2.332	2.473	1.786
atac_L21920	highk4_prom	4.652	4.241	1.265	3.171	2.484	2.024	2.063	2.57	3.666	1.468	0.956
atac_L21931	highk4_prom	3.404	3.466	1.685	1.576	1.896	1.533	1.836	0	2.309	0.802	1.091
atac_L21934	highk4_prom	4.283	1.774	3.057	3.563	2.923	2.32	1.576	2.94	3.776	1.282	1.947
atac_L21951	highk4_prom	4.747	2.755	1.279	1.948	1.779	0.79	1.629	2.178	1.966	0	1.899
atac_L21957	highk4_prom	3.821	4.419	2.478	2.78	1.652	2.13	1.626	3.529	2.811	2.136	1.443
atac_L21963	highk4_prom	3.335	3.223	1.384	2.429	2.308	1.837	1.675	2.099	2.31	2.481	0.851
atac_L21991	highk4_prom	4.419	4.124	1.292	1.532	1.628	0.91	2.438	2.393	1.574	0.383	0.855
atac_L21996	highk4_prom	4.279	2.604	1.274	0.416	1.484	1.352	0.832	3.001	2.807	1.703	0.362
atac_L22007	highk4_prom	4.794	5.642	2.141	2.97	2.617	2.019	1.896	3.222	3.033	1.654	1.319
atac_L22012	highk4_prom	3.449	3.386	2.161	2.461	2.085	1.663	0.976	0	3.554	1.459	1.045
atac_L22023	highk4_prom	3.654	2.171	1.115	1.655	1.229	1.415	1.86	2.077	2.023	0.758	1.632
atac_L22049	highk4_prom	3.943	4.071	1.1	2.536	2.285	2.538	2.802	0	1.913	1.287	0.969
atac_L22057	highk4_prom	4.58	3.436	0.535	1.445	2.033	1.048	1.694	0	2.269	1.197	0.69
atac_L22092	highk4_prom	3.379	3.144	1.212	1.306	1.451	1.036	1.248	0	2.24	1.58	0.812
atac_L22118	highk4_prom	4.328	3.785	2.723	2.596	2.426	1.96	1.757	2.89	2.984	1.616	1.361
atac_L22123	highk4_prom	4.555	4.9	2.847	2.651	2.305	1.767	0	0	3.29	1.989	0.991
atac_L22170	highk4_prom	3.393	4.137	1.66	1.987	1.68	1.622	1.432	0	2.178	1.789	1.222
atac_L22194	highk4_prom	4.202	3.779	0.643	1.922	0.955	0.831	0.902	0	2.236	0	1.417
atac_L22199	highk4_prom	3.852	5.415	1.712	2.57	1.928	1.916	1.661	3.421	3.033	1.03	0.611
atac_P04092	highk4_prom	4.051	5.421	1.389	1.882	1.891	2.271	1.722	0	2.708	2.468	1.103
atac_L22267	highk4_prom	4.197	4.03	1.521	1.941	1.833	1.935	1.516	0	2.194	1.423	1.34
atac_L22275	highk4_prom	3.658	4.158	1.513	2.194	1.994	1.744	1.786	0	1.537	1.551	0.794
atac_L22304	highk4_prom	3.904	3.308	0.859	1.849	1.823	1.704	1.009	1.898	1.621	1.862	1.079
atac_L25028	highk4_prom	3.827	3.118	1.038	2.127	1.804	1.698	2.516	2.18	2.99	1.331	1.105
atac_L25065	highk4_prom	3.959	4.182	1.275	1.74	1.125	1.465	1.849	0	1.474	0	0.652
atac_L25151	highk4_prom	3.938	4.345	1.738	1.91	1.824	1.66	1.236	2.016	2.444	0.986	1.386
atac_L25170	highk4_prom	3.75	3.195	1.511	2.129	2.015	2.4	2.036	2.542	1.946	1.251	1.435
atac_L25171	highk4_prom	3.91	4.638	2.225	2.766	2.107	2.169	1.589	0	2.669	1.823	1.25
atac_L25172	highk4_prom	3.827	4.621	1.81	2.165	2.126	2.116	0.959	2.063	2.442	0	0.829
atac_P04643	highk4_prom	3.992	3.504	1.314	2.545	1.577	1.4	1.404	0	2.384	1.239	1.893
atac_L25185	highk4_prom	3.422	1.914	0.779	2.021	1.305	1.441	0.54	0	1.733	1.209	0.805
atac_L25203	highk4_prom	4.358	3.518	0.751	0.939	0.825	1.063	1.414	0	1.943	0	0
atac_L25255	highk4_prom	3.557	1.788	0.954	2.08	1.64	1.263	1.326	2.132	0.894	0	1.332
atac_L25292	highk4_prom	3.642	3.953	1.469	2.616	1.873	1.826	1.499	2.027	2.691	2.31	0.46
atac_P04659	highk4_prom	3.757	2.062	1.318	1.49	1.179	0.963	1.059	1.97	1.311	0	0.44
atac_L25362	highk4_prom	3.606	3.915	1.944	1.815	1.199	1.433	2.08	0	1.91	1.223	1.404
atac_L25416	highk4_prom	4.28	3.673	1.67	1.85	2.273	1.796	2.015	2.142	2.011	1.677	1.171
atac_L25423	highk4_prom	4.361	4.161	1.285	2.864	2.282	2.031	0.966	2.075	2.158	1.024	1.434
atac_L25434	highk4_prom	5.015	3.222	0.823	1.809	2.019	0.905	0.791	0	1.806	0.769	0.342
atac_L25436	highk4_prom	4.058	3.081	2.172	2.562	2.029	2.625	2.19	3.701	2.734	1.306	0.879
atac_L25442	highk4_prom	3.88	2.562	1.018	2.326	1.888	1.857	1.357	2.002	2.085	1.386	1.154
atac_L25468	highk4_prom	3.576	3.609	0.964	1.306	0.825	1.473	1.014	0	2.735	1.683	0.356
atac_L25479	highk4_prom	3.829	3.573	1.95	1.426	1.373	1.139	1.036	0	1.362	1.333	1.958
atac_L25481	highk4_prom	3.403	4.099	2.757	2.769	2.043	1.739	1.564	0	3.019	1.272	1.229
atac_L25490	highk4_prom	3.409	4.067	1.223	1.933	2.326	1.587	2.284	1.453	1.951	1.994	0.36
atac_L25492	highk4_prom	3.822	4.237	2.791	2.467	2.493	1.889	2.136	3.007	3.175	0.812	1.366
atac_L25506	highk4_prom	3.924	4.822	2.66	2.948	2.232	1.941	1.278	2.537	0.686	0.426	0.335
atac_L25507	highk4_prom	4.828	5.206	1.863	1.887	2.139	1.79	0.609	0	2.198	1.535	1.2
atac_L25515	highk4_prom	4.134	3.761	2.054	2.054	1.818	1.734	1.398	2.517	2.583	0	1.191
atac_L25519	highk4_prom	4.63	5.66	2.435	3.759	2.429	2.616	1.357	3.526	3.43	2.251	0.652
atac_L25529	highk4_prom	3.583	4.775	1.734	2.21	1.541	0.984	1.155	0	1.631	1.275	1.312
atac_L25544	highk4_prom	4.464	4.219	3.479	3.424	2.668	2.153	1.424	0	3.546	2.553	0.338
atac_L25557	highk4_prom	4.28	3.965	1.593	3.063	2.613	1.865	2.633	0	2.558	2.003	0.515
atac_L25592	highk4_prom	3.49	4.659	1.701	2.331	2.058	1.763	1.854	2.177	1.479	2.008	0.896
atac_L25609	highk4_prom	4.924	2.699	1.196	0.52	0.869	1.144	0.926	0	0.972	1.393	1.078
atac_L25617	highk4_prom	3.905	3.807	1.377	2.687	1.811	1.399	2.133	0	2.575	1.631	1.447
atac_L25639	highk4_prom	4.792	4.875	1.645	2.167	1.547	1.889	1.448	0	3.068	1.478	0.625
atac_L25659	highk4_prom	4.662	5.064	1.759	1.336	1.953	1.957	0.775	0	2.694	1.021	0.334
atac_L25692	highk4_prom	3.97	4.424	1.672	2.39	1.651	1.918	1.182	2.144	1.849	1.836	1.418
atac_L25697	highk4_prom	4.73	4.174	0.801	1.871	2.376	1.995	1.734	2.164	3.089	0.805	0.889
atac_L25699	highk4_prom	3.79	4.106	1.853	2.56	2.659	2.13	1.684	0	3.831	2.397	1.531
atac_L25723	highk4_prom	4.526	5.342	1.9	2.492	2.205	1.4	1.612	0	2.544	0	0.992
atac_L25742	highk4_prom	3.54	4.118	0.835	2.066	2.446	1.395	1.315	1.417	2.655	0.442	1.154
atac_L25746	highk4_prom	4.031	4.277	1.807	2.21	1.963	2.144	1.527	0	1.59	2.245	0.828
atac_L25776	highk4_prom	4.419	3.531	1.164	1.566	1.493	1.18	0.593	2.146	2.636	1.505	0.355
atac_L25780	highk4_prom	4.365	2.866	1.601	1.962	1.884	1.295	2.077	0	2.332	0.697	0.958
atac_L25782	highk4_prom	3.468	4.338	1.841	1.849	2.057	1.696	1.485	2.011	2.386	0.982	1.16
atac_L25803	highk4_prom	4.272	3.138	1.183	3.127	2.557	2.325	2.679	2.108	3.991	1.473	0.623
atac_L25810	highk4_prom	3.897	3.889	1.781	1.865	1.96	2.096	1.612	0	2.243	2.238	0.885
atac_L25815	highk4_prom	5.169	4.651	0.995	1.887	1.288	1.125	1.448	0	1.637	2.301	0.625
atac_L25824	highk4_prom	4.258	2.554	1.195	1.958	1.776	1.53	0.584	0	2.069	0.783	0.63
atac_L25888	highk4_prom	3.473	5.455	2.234	3.291	2.156	2.279	1.732	3.515	2.435	2.242	0.994
atac_L25892	highk4_prom	3.934	3.537	2.003	1.722	1.682	1.012	1.606	2.151	2.236	1.509	0
atac_L25929	highk4_prom	3.414	2.813	0.278	3.158	2.412	1.638	1.311	2.582	3.172	1.477	0.858
atac_L25940	highk4_prom	3.385	3.127	1.464	3.6	2.545	1.122	1.905	2.742	2.906	0.687	1.963
atac_L25952	highk4_prom	4.585	5.377	1.42	2.727	1.714	2.045	2.05	2.469	2.91	1.846	1.38
atac_L26036	highk4_prom	4.141	5.579	2.184	3.074	2.314	2.03	1.959	2.182	2.951	1.871	1.661
atac_L26067	highk4_prom	3.408	4.379	1.986	2.932	2.154	1.54	1.156	2.108	2.378	1.647	0.623
atac_L40844	highk4_prom	3.42	2.547	0.891	1.46	1.576	1.339	0.581	2.117	2.329	1.481	0.627
atac_L40845	highk4_prom	4.133	3.401	1.485	2.51	2.356	1.784	1.744	0	3.754	3.096	1.283
atac_L41199	highk4_prom	3.84	3.325	1.185	0.561	0.713	1.122	0.989	0	1.902	0.776	1.058
atac_L41305	highk4_prom	3.531	2.539	2.521	2.483	2.48	1.389	0.798	2.111	2.322	0.776	0.624
atac_L40794	highk4_prom	6.715	5.556	3.783	3.367	3.637	3.93	4.202	3.429	4.477	3.521	4.291
atac_L41045	highk4_prom	3.917	5.199	1.989	1.909	1.645	1.464	0.589	0	1.927	1.298	1.076
atac_L40849	highk4_prom	3.365	2.113	1.12	1.297	1.468	1.29	1.806	2.482	2.342	0	1.245
atac_L41213	highk4_prom	3.762	2.697	2.572	2.37	2.652	1.48	2.168	2.95	2.396	2.313	0.497
atac_L28350	highk4_prom	3.356	3.565	1.666	2.422	2.132	1.986	0.834	0	1.477	1.327	1.002
atac_L28382	highk4_prom	3.703	5.269	3.233	2.718	2.607	2.432	2.45	2.942	3.245	2.407	0.348
atac_L28386	highk4_prom	4.042	3.92	1.848	2.423	2.146	1.89	1.327	2.134	1.924	1.064	1.683
atac_L28389	highk4_prom	4.015	4.253	0.831	2.165	1.647	1.726	1.687	0	1.902	1.278	1.15
atac_L28410	highk4_prom	3.998	3.621	0.823	1.932	1.48	1.625	0.791	0	1.718	0.769	0.85
atac_L28438	highk4_prom	4.285	4.657	2.05	2.713	2.31	2.262	1.718	2.146	3.105	1.505	1.261
atac_L28441	highk4_prom	4.585	4.216	1.617	2.574	2.152	1.951	2.201	0	3.444	1.99	0.771
atac_L28462	highk4_prom	4.391	5.07	2.099	3.212	2.187	2.304	2.527	0	3.632	1.909	1.033
atac_L28573	highk4_prom	4.415	4.472	2.528	3.138	2.581	2.292	2.382	2.941	4.215	0.78	1.32
atac_L28575	highk4_prom	3.916	2.065	1.404	2.508	2.131	1.412	2.217	2.174	3.208	0.81	0.894
atac_L28580	highk4_prom	3.783	1.798	1.208	2.034	1.518	1.442	1.599	2.143	3.207	0.794	0.982
atac_L28590	highk4_prom	3.795	4.16	1.507	1.822	1.519	2.118	0	2.935	2.324	2.3	0
atac_L28606	highk4_prom	4.059	5.255	1.739	2.383	1.659	1.474	1.858	2.182	2.267	1.333	0.899
atac_L28624	highk4_prom	5.51	4.006	1.582	1.215	2.04	1.724	2.118	0	2.309	1.99	1.091
atac_L28638	highk4_prom	3.779	5.051	2.398	2.797	1.943	2.105	0	2.099	2.481	2.286	0.954
atac_L28721	highk4_prom	4.526	5.116	1.432	2.638	2.208	2.356	2.071	0	3.065	2.581	1.058
atac_L28724	highk4_prom	4.449	3.562	1.522	2.835	2.557	1.809	1.631	2.049	3.344	1.595	1.017
atac_L28737	highk4_prom	4.629	3.788	1.103	1.549	1.094	0.845	1.906	2.126	1.546	0	0.971
atac_L28751	highk4_prom	3.628	3.366	2.758	2.6	2.243	1.62	0.593	2.145	3.369	1.68	0.983
atac_L28814	highk4_prom	3.554	1.832	0.809	2.127	1.433	1.499	1.363	2.18	2.124	0.814	0.365
atac_L28835	highk4_prom	3.78	4.992	2.365	2.679	2.159	2.253	1.211	0	2.82	1.714	0.658
atac_L28885	highk4_prom	4.656	3.962	2.098	2.843	2.515	1.8	1.495	3	2.805	0.808	0.514
atac_L28909	highk4_prom	4.373	3.766	0.973	1.732	1.155	1.159	0.827	2.162	1.866	1.695	1.433
atac_L28914	highk4_prom	3.584	4.306	1.747	2.103	1.957	1.849	2.198	2.155	2.541	2.116	1.181
atac_L28922	highk4_prom	4.346	5.708	2.627	2.877	2.483	2.345	1.311	0	2.198	2.301	1.394
atac_L28944	highk4_prom	4.803	4.874	1.222	2.315	2.357	2.15	2.121	0	2.928	1.993	1.185
atac_L28962	highk4_prom	4.538	2.994	1.03	1.321	1.263	1.059	0.333	0	2.184	0.459	0.997
atac_P05200	highk4_prom	5.191	3.177	1.057	2.113	1.552	1.499	0.77	0	2.491	2.022	0.929
atac_L28972	highk4_prom	4.047	4.233	1.403	1.325	1.844	1.411	1.625	0	0.918	1.325	1.364
atac_L28975	highk4_prom	4.154	2.985	0.736	1.656	1.002	1.61	0	2.16	2.311	0.457	0.51
atac_L28988	highk4_prom	3.896	3.109	1.165	1.976	1.468	1.135	1.288	0	2.028	1.03	0.841
atac_L28999	highk4_prom	4.382	4.503	1.736	3.168	2.063	2.099	1.01	0	2.73	2.222	1.08
atac_L29008	highk4_prom	4.332	3.625	1.698	1.994	1.71	1.327	1.678	0	3.193	1.271	0.852
atac_L29019	highk4_prom	4.255	5.519	3.295	3.938	2.484	2.136	2.303	3.012	2.332	2.261	1.106
atac_L29020	highk4_prom	4.707	4.556	1.536	2.97	2.112	1.862	1.532	0	2.976	2.027	1.898
atac_L29030	highk4_prom	3.912	4.714	1.416	2.738	2.106	1.729	1.054	1.964	2.226	1.354	1.645
atac_L29050	highk4_prom	4.656	4.278	1.441	0.223	1.231	1.322	0.831	0	1.584	1.525	0.651
atac_L29058	highk4_prom	4.983	3.864	1.412	1.13	1.17	1.435	2.084	0	2.419	1.225	0.173
atac_L29087	highk4_prom	3.391	4.468	1.707	2.818	2.123	1.821	2.02	2.147	2.953	2.108	1.343
atac_L29092	highk4_prom	5.307	4.408	1.356	2.22	1.193	1.589	0.602	0	2.182	0.806	1.276
atac_L29093	highk4_prom	3.33	4.363	3.093	3.112	2.334	2.21	0.571	2.095	2.723	1.463	0.951
atac_L29095	highk4_prom	3.518	5.562	2.423	3.345	2.523	2.739	2.314	3.385	3.168	2.238	0.33
atac_L29109	highk4_prom	4.756	4.406	1.177	3.055	2.523	2.296	2.036	3.279	2.8	1.52	1.646
atac_L29122	highk4_prom	4.067	3.54	0.372	2.445	2.365	1.555	1.343	0	2.877	0.8	0.883
atac_L29134	highk4_prom	4.017	4.112	1.274	1.182	1.349	1.023	1.16	2.113	2.263	0	1.151
atac_P05231	highk4_prom	4.008	4.184	1.472	1.475	1.385	1.926	2.208	1.952	2.564	0.692	1.265
atac_L29138	highk4_prom	4.993	4.426	1.141	2.152	2.13	1.259	0.765	0	1.761	2.428	1.106
atac_L29147	highk4_prom	4.787	4.447	1.295	2.32	2.65	1.959	1.724	2.036	2.702	1.999	0.815
atac_L29173	highk4_prom	3.958	4.368	1.696	2.251	1.943	1.533	1.88	2.099	1.624	0	1.652
atac_L29223	highk4_prom	4.24	4.883	1.88	2.585	1.747	2.036	0	0	2.804	1.701	1.714
atac_L29235	highk4_prom	4.481	4.161	1.51	2.177	2.033	1.926	1.759	0	2.343	2.153	1.434
atac_L29239	highk4_prom	3.546	5.132	2.303	3.145	2.286	2.284	2.455	0	3.619	1.816	1.325
atac_L29247	highk4_prom	4.31	3.485	1.624	2.637	2.128	1.786	1.677	2.443	2.305	1.688	1.551
atac_P05260	highk4_prom	5.072	4.025	0.781	2.607	2.351	2.455	1.524	1.265	3.144	1.77	1.559
atac_L29338	highk4_prom	5.074	4.325	1.421	2.86	2.145	2.054	1.149	0	2.309	1.932	0.953
atac_L29390	highk4_prom	7.407	5.14	3.069	4.89	5.045	3.56	3.754	5.362	5.101	2.886	3.013
atac_L29391	highk4_prom	7.477	5.334	2.654	4.868	4.586	3.284	4.338	5.592	4.765	2.131	3.048
atac_L29396	highk4_prom	7.811	6.007	2.696	4.079	4.64	3.015	3.245	5.65	4.096	2.611	2.038
atac_L29397	highk4_prom	7.245	5.389	2.572	4.093	4.351	3.001	3.05	6.053	3.584	1.038	2.502
atac_L29402	highk4_prom	7.081	4.747	2.447	3.899	4.106	2.751	3.068	5.463	3.915	2.398	1.598
atac_L29440	highk4_prom	3.43	3.788	1.623	2.691	2.028	2.227	0.807	0	2.455	2.205	1.327
atac_L29449	highk4_prom	4.131	3.563	1.483	1.812	1.651	1.669	2.045	2.174	1.69	1.326	1.442
atac_L29847	highk4_prom	4.025	4.001	1.688	1.973	2.036	1.604	1.608	3.351	2.453	1.573	0.459
atac_L30274	highk4_prom	3.344	2.438	0.738	1.871	1.881	1.513	0.601	0	3.162	1.52	0.361
atac_L30331	highk4_prom	3.93	2.924	0.929	1.663	2.022	1.715	1.886	2.01	3.353	0.722	0.693
atac_L30334	highk4_prom	3.687	2.876	0.687	1.571	1.889	1.212	0.959	0	2.974	0.751	1.115
atac_L34679	highk4_prom	3.322	2.457	0.787	2.087	2.029	1.888	0.941	0	2.301	0.998	1.178
atac_L34723	highk4_prom	4.004	3.939	1.76	3.383	2.791	2.141	1.977	3.826	3.887	2.064	1.385
atac_L34737	highk4_prom	3.692	2.977	0.912	2.647	1.733	0.594	0.596	0	2.918	0	1.087
atac_L34827	highk4_prom	3.73	3.66	1.358	3.196	2.328	1.121	1.605	3.548	3.162	1.983	1.245
atac_L34833	highk4_prom	3.988	4.008	1.901	2.264	1.639	1.99	1.347	0	2.966	1.081	0.359
atac_L34860	highk4_prom	4.018	4.753	2.208	3.211	2.442	1.965	2.51	2.114	3.477	1.653	1.467
atac_L34861	highk4_prom	3.725	3.976	0.871	2.235	1.522	1.675	1.035	0	2.125	1.87	0.194
atac_L34925	highk4_prom	3.833	3.365	1.163	2.848	2.259	1.938	3.149	3.493	3.592	1.836	1.259
atac_L35058	highk4_prom	3.927	4.249	2.013	1.753	1.739	0.711	1.157	0	2.193	1.648	1.66
atac_P06165	highk4_prom	3.987	3.805	1.012	3.141	2.286	2.26	2.554	0	3.604	2.454	0.685
atac_L35160	highk4_prom	4.09	3.36	1.112	2.088	1.028	1.708	1.179	0	3.061	0.45	1.338
atac_L35184	highk4_prom	3.462	4.167	1.486	2.661	1.506	1.896	0.534	2.007	2.712	0	1.378
atac_L35250	highk4_prom	3.454	3.813	2.822	2.638	2.191	2.394	1.515	4.058	3.061	2.231	1.265
atac_L35254	highk4_prom	3.484	4.109	2.495	2.798	2.53	2.17	1.945	0	3.398	2.033	1.205
atac_L35305	highk4_prom	4.674	2.871	1.056	1.328	1.551	0.918	1.269	2.059	2.728	0.748	0.601
atac_L35320	highk4_prom	4.301	3.138	1.124	1.214	1.596	1.447	1.499	0	2.894	1.406	0.323
atac_L35324	highk4_prom	4.907	2.795	1.63	1.267	1.506	1.294	2.139	0	2.854	1.463	0.849
atac_L35340	highk4_prom	4.607	5.011	3.561	3.506	3.063	2.713	1.342	2.981	4.047	2.342	0.882
atac_L35351	highk4_prom	3.922	2.756	0.928	2.069	2.02	1.416	0	0	1.882	0.813	1.659
atac_L35355	highk4_prom	5.328	4.883	1.79	2.808	2.198	1.711	1.621	2.169	2.5	2.46	1.098
atac_P06206	highk4_prom	3.769	4.18	1.491	2.294	2.029	2.282	1.117	3.587	2.998	1.889	1.61
atac_L35391	highk4_prom	4.037	4.405	1.218	2.15	1.532	1.733	1.434	0	2.18	2.175	0.617
atac_L35463	highk4_prom	3.772	1.949	0.683	1.564	1.212	0.951	0.304	0	1.679	0.746	0.599
atac_L35470	highk4_prom	4.797	5.041	1.46	2.594	2.336	2.404	2.234	2.78	3.583	1.939	0.676
atac_L35519	highk4_prom	4.744	2.753	0.459	0.879	1.459	1.327	1.032	0	1.879	1.093	0.78
atac_L35525	highk4_prom	4.243	4.65	1.883	2.908	2.336	2.179	1.92	0	3.025	1.833	1.257
atac_P06229	highk4_prom	4.142	3.542	1.859	2.896	2.377	1.797	2.094	1.977	2.799	0.705	1.483
atac_L35561	highk4_prom	4.17	4.025	1.363	2.175	1.889	1.846	2.134	1.462	2.666	1.528	0.515
atac_L35583	highk4_prom	5.131	4.236	1.484	2.065	1.269	1.847	1.359	0	2.717	1.706	1.002
atac_L35591	highk4_prom	4.813	5.552	1.153	2.375	2.309	1.886	1.172	3.239	2.716	1.823	1.908
atac_L35594	highk4_prom	4.163	5.261	1.85	2.999	2.232	2.238	1.737	0	3.093	1.321	0.65
atac_L35596	highk4_prom	3.687	1.52	1.772	2.395	1.971	2.087	1.828	2.149	2.299	1.508	1.633
atac_L35603	highk4_prom	5.369	4.745	2.205	2.588	3.003	2.575	2.652	4.166	3.357	1.67	0.976
atac_L35614	highk4_prom	4.676	4.192	0.824	2.923	2.309	2.26	1.881	0	2.535	2.179	1.226
atac_L35617	highk4_prom	4.468	4.401	1.51	2.654	1.665	1.813	1.022	0	2.651	0.803	0.886
atac_L35635	highk4_prom	5.594	4.252	1.139	2.399	2.32	2.271	2.071	2.933	3.653	2.072	1.234
atac_L35646	highk4_prom	4.952	3.782	1.846	2.035	2.045	1.941	0.851	1.89	2.356	0.904	1.146
atac_L35661	highk4_prom	4.396	3.541	1.542	1.724	1.471	1.31	1.608	0	1.34	0.8	0
atac_L35664	highk4_prom	3.41	3.884	2.316	3.016	2.121	1.656	1.639	2.058	3.515	0.748	0.718
atac_L35688	highk4_prom	5.51	4.716	1.314	3.232	2.051	1.944	2.232	0	2.648	1.805	1.392
atac_L35689	highk4_prom	4.557	3.224	1.191	1.75	1.405	1.701	2.226	3.015	2.82	0	0.658
atac_P06260	highk4_prom	3.827	3.464	1.08	0.371	1.473	1.125	1.098	0	1.356	1.575	1.25
atac_L35745	highk4_prom	4.685	3.927	1.453	2.569	2.128	1.883	2.009	0	2.715	2.333	0.922
atac_L35747	highk4_prom	4.823	3.737	1.335	2.192	1.429	1.541	0	0	1.844	1.674	0.873
atac_L35760	highk4_prom	3.789	3.945	2.971	2.306	1.971	1.845	1.156	2.93	3.166	1.275	0.183
atac_L35781	highk4_prom	4.745	5.096	1.828	2.008	2.42	1.93	1.361	0	2.508	2.737	1.003
atac_L35785	highk4_prom	4.062	5.24	3.914	3.715	2.655	2.807	2.193	2.978	3.573	2.934	0.642
atac_L35799	highk4_prom	4.404	4.574	1.27	2.162	1.952	1.589	1.308	0	2.193	2.187	0.623
atac_L35817	highk4_prom	5.401	5.026	1.05	2.886	1.965	1.669	1.58	2.591	2.066	1.814	1.473
atac_L35827	highk4_prom	4.195	4.404	1.354	1.869	2.12	1.815	1.616	2.162	2.602	1.695	0.773
atac_L35828	highk4_prom	4.089	4.281	3.274	2.705	2.765	2.227	1.358	3.91	3.307	2.252	1.281
atac_L35833	highk4_prom	4.566	6.176	3.521	3.419	2.438	2.523	2.291	2.918	3.51	0.769	1.453
atac_L35839	highk4_prom	3.795	3.755	3.369	3.098	2.779	2.482	1.832	2.153	3.285	1.986	0.882
atac_L35848	highk4_prom	4.319	3.367	1.067	1.787	1.493	1.009	1.925	2.146	1.563	1.979	1.261
atac_L35887	highk4_prom	4.11	4.125	1.239	2.759	1.582	2.342	1.698	2.594	2.709	1.958	1.903
atac_L35890	highk4_prom	4.673	2.594	1.175	1.217	1.716	1.876	1.349	0	2.434	1.317	1.506
atac_L35925	highk4_prom	5.889	4.631	2.436	2.648	2.201	2.176	2.114	2.154	2.742	1.311	1.349
atac_L35933	highk4_prom	4.67	3.069	1.292	1.845	1.567	1.987	1.594	0	2.575	1.066	0.636
atac_L35937	highk4_prom	4.741	3.351	1.33	1.631	2.014	0.848	1.326	0	2.077	1.063	1.551
atac_L35943	highk4_prom	4.338	4.445	1.687	3.597	2.463	2.676	1.195	2.99	3.326	1.083	1.355
atac_L35967	highk4_prom	4.425	3.765	2.92	2.595	2.182	2.045	2.125	3.331	2.981	1.2	1.158
atac_L35969	highk4_prom	5.155	4.456	1.325	1.849	1.858	1.128	1.758	2.074	2.986	1.249	1.286
atac_L35972	highk4_prom	4.286	5.043	1.708	2.496	2.417	1.921	1.891	2.014	2.39	1.396	1.081
atac_L35981	highk4_prom	5.539	3.962	1.317	1.876	1.673	1.593	2.041	0	3.057	2.249	0.362
atac_L35985	highk4_prom	5.328	4.566	1.307	2.591	1.926	2.058	2.145	3.443	3.407	0	0.62
atac_L36022	highk4_prom	3.857	2.994	0.863	1.639	1.648	1.124	0.729	1.309	2.129	0.709	0.882
atac_P06316	highk4_prom	3.932	2.474	1.291	0.97	1.246	1.398	1.853	0	2.12	1.886	0.597
atac_L36078	highk4_prom	4.793	4.516	1.647	2.487	2.38	1.827	1.189	0	2.238	1.986	0.768
atac_L36082	highk4_prom	4.707	4.151	1.382	2.094	1.406	1.597	2.019	0	2.091	1.681	1.493
atac_L36109	highk4_prom	5.306	4.872	1.043	2.164	1.786	1.493	1.686	0	2.26	1.049	1.058
atac_L36110	highk4_prom	4.686	4.182	0.923	0.876	1.514	1.097	2.439	0	1.078	1.325	0.652
atac_L36113	highk4_prom	3.415	1.955	1.315	1.955	1.554	0.883	1.406	2.062	1.591	1.435	0.829
atac_L36119	highk4_prom	4.349	4.451	1.76	1.989	1.866	1.782	1.51	0	2.706	1.417	1.473
atac_L36146	highk4_prom	4.449	3.677	1.534	3.454	2.46	2.499	0.327	2.617	2.867	2.224	1.342
atac_L36158	highk4_prom	3.796	5.726	2.032	2.445	1.185	1.786	2.026	0	2.427	2.54	1.427
atac_L36173	highk4_prom	3.902	3.075	1.186	1.889	1.711	1.445	1.522	2.053	2.069	1.751	1.346
atac_L36176	highk4_prom	3.583	3.525	1.683	1.296	1.246	0.858	1.093	0	2.395	1.208	1.166
atac_P06350	highk4_prom	4.1	3.968	1.604	2.098	1.92	1.779	1.473	0	2.372	0.973	1.15
atac_L36187	highk4_prom	5.514	4.253	1.384	2.716	1.25	0.898	1.928	2.149	2.534	1.84	0.986
atac_L36204	highk4_prom	4.442	4.147	2.068	2.572	2.067	2.054	1.548	3.47	2.775	2.327	1.403
atac_P06353	highk4_prom	4.36	3.928	2.051	2.417	2.112	1.69	0.764	2.049	2.626	1.007	1.931
atac_L36210	highk4_prom	4.303	3.469	1.619	1.801	1.387	1.561	1.195	0	1.775	1.518	1.185
atac_L36212	highk4_prom	3.799	4.353	1.615	2.31	1.759	1.654	0.33	0	2.369	1.313	0.358
atac_L36220	highk4_prom	4.594	3.869	2.144	1.975	1.674	1.387	2.015	1.437	3.482	0	1.56
atac_L36222	highk4_prom	3.875	6.068	3.156	3.19	2.351	2.764	2.261	2.14	3.237	2.328	1.256
atac_L36241	highk4_prom	4.184	4.285	2.041	1.634	1.834	1.524	0.863	1.91	1.263	2.186	1.087
atac_L36251	highk4_prom	3.694	3.039	1.229	2.399	1.954	2.049	1.686	2.111	1.424	0	0.745
atac_L36253	highk4_prom	4.59	3.278	1.63	2.508	2.668	2.05	1.755	1.716	2.966	2.148	0.247
atac_L36257	highk4_prom	4.123	5.188	2.813	3.543	2.44	2.497	3.09	2.167	3.54	2.554	1.359
atac_L36262	highk4_prom	3.483	3.78	2.904	3.032	2.53	2.058	1.694	3.846	3.213	2.408	0.862
atac_P06386	highk4_prom	4.15	1.088	1.216	0.799	1.101	1.039	1.724	0	2.245	1.584	1.403
atac_P06390	highk4_prom	3.778	5.239	2.664	2.721	2.518	2.459	0.957	2.525	3.006	1.433	0.828
atac_L36351	highk4_prom	3.462	2.728	1.388	1.403	1.913	1.72	1.608	0	1.768	2.233	0.644
atac_L36353	highk4_prom	4.442	4.611	1.885	2.693	2.596	2.283	2.167	1.978	2.875	1.817	0.677
atac_L36445	highk4_prom	4.451	3.638	1.23	2.174	1.457	1.906	1.625	0	2.714	1.704	1.281
atac_L36453	highk4_prom	5.747	2.383	1.241	2.549	2.093	1.731	1.928	1.966	2.488	2.246	1.276
atac_L36468	highk4_prom	4.023	3.987	1.984	2.538	2.736	2.464	2.173	2.053	2.806	0.745	0.716
atac_P06437	highk4_prom	4.887	5.021	1.233	2.185	2.018	1.563	1.789	0	2.682	1.126	0.419
atac_L36496	highk4_prom	3.802	4.356	0.798	1.866	1.639	1.633	1.021	0	1.948	0.802	0.359
atac_L36498	highk4_prom	4.286	2.579	1.383	1.567	1.376	1.391	0.594	0	1.762	0	1.175
atac_L36508	highk4_prom	3.913	3.987	2.376	3.44	2.646	2.511	1.879	3.438	2.479	2.059	1.305
atac_P06444	highk4_prom	4.528	3.827	1.171	2.203	2.227	1.517	1.295	0	2.294	0.379	0.847
atac_L36529	highk4_prom	3.38	3.396	3.248	2.229	2.514	1.523	1.616	2.845	2.783	1.87	1.006
atac_L36566	highk4_prom	4.202	5.67	1.792	3.7	2.915	2.542	1.71	2.963	3.558	2.773	1.336
atac_L36569	highk4_prom	3.361	4.927	3.934	3.494	2.525	2.185	2.514	2.179	3.179	2.369	0.656
atac_P06478	highk4_prom	3.524	4.835	1.389	2.427	1.624	1.424	0.304	2.058	2.205	1.432	0.331
atac_L36646	highk4_prom	4.686	5.596	2.953	2.643	2.536	1.671	0.595	2.978	2.019	2.111	1.497
atac_L36685	highk4_prom	3.602	4.456	2.492	3.032	1.819	1.544	0.604	0	2.611	2.132	0
atac_L36687	highk4_prom	5.1	4.473	1.19	2.01	1.942	1.95	1.799	0	2.879	2.08	1.24
atac_L36688	highk4_prom	4.675	5.051	2.087	3.172	2.547	2.282	1.108	2.04	3.185	2.225	1.473
atac_L36693	highk4_prom	3.823	3.114	0.926	2.008	1.68	1.357	1.032	3.532	2.262	1.708	1.103
atac_L36722	highk4_prom	3.861	3.9	2.751	3.115	1.905	2.388	2.128	0	3.016	1.7	0.775
atac_L36742	highk4_prom	3.816	4.13	1.94	3.199	2.572	2.474	2.042	3.286	3.948	2.81	1.514
atac_L36747	highk4_prom	4.547	3.656	0.951	1.192	1.559	1.067	0	2.127	1.744	0.445	0.632
atac_L36818	highk4_prom	4.88	2.85	1.016	1.717	1.678	1.274	2.106	0	2.992	1.305	0.984
atac_L36883	highk4_prom	4.409	2.932	1.273	1.456	1.01	0.914	0.579	1.413	1.535	0	0.858
atac_L36885	highk4_prom	4.179	3.083	2.602	2.508	2.037	1.21	1.936	2.061	3.007	0	1.113
atac_L36910	highk4_prom	4.474	3.073	0.959	1.202	0.468	0.853	1.332	0	2.525	0	0.875
atac_L36935	highk4_prom	3.822	4.413	1.961	1.843	1.74	1.747	1.466	0	2.347	1.296	0.977
atac_L36972	highk4_prom	4.509	3.449	1.497	2.559	2.156	1.36	1.923	2.144	2.294	1.679	0.877
atac_L30443	highk4_prom	3.334	3.633	1.737	2.408	2.188	1.576	1.011	1.244	2.416	1.466	1.155
atac_L30527	highk4_prom	3.648	3.571	0.834	1.374	1.523	1.338	1.691	2.586	2.387	1.052	0.347
atac_L30538	highk4_prom	3.674	4.239	1.633	2.966	1.94	2.076	2.181	2.138	3.096	2.217	0.353
atac_L30539	highk4_prom	3.747	4.824	1.543	2.702	1.751	2.289	1.855	0	3.254	2.452	0.726
atac_L30636	highk4_prom	4.044	4.107	1.76	2.439	2.15	1.688	1.649	0	3.22	1.247	1.031
atac_L30662	highk4_prom	3.613	4.232	1.058	2.661	2.09	1.678	2.327	2.132	3.015	0.788	0.351
atac_L30666	highk4_prom	3.354	3.242	1.711	1.689	1.575	1.833	1.575	0	2.791	1.949	0.347
atac_L30833	highk4_prom	3.614	4.41	1.595	2.587	2.127	2.249	1.327	2.133	2.977	0.788	1.552
atac_L30837	highk4_prom	3.952	4.18	1.005	1.901	1.992	1.865	1.702	2.129	2.715	1.491	0.632
atac_L30847	highk4_prom	3.457	5.19	2.198	2.604	0.869	1.551	1.928	2.149	2.588	0.797	1.566
atac_L30901	highk4_prom	3.602	3.395	1.134	1.001	1.772	1.097	0	0	1.473	1.089	0.362
atac_L30926	highk4_prom	4.52	1.83	1.279	0.742	0.647	0.701	0	0	1.359	0	0.655
atac_L30930	highk4_prom	3.929	3.564	0.772	2.263	1.934	1.906	1.571	2.111	2.493	0.44	0.745
atac_L30935	highk4_prom	3.673	4.592	1.452	2.923	2.557	2.285	1.634	0	3.11	0.816	1.595
atac_L30941	highk4_prom	3.982	3.048	2.319	2.571	2.281	2.203	1.315	2.588	3.308	1.812	0.862
atac_L30944	highk4_prom	3.649	3.098	1.948	2.357	2.471	2.411	1.78	2.452	3.066	0.971	1.433
atac_L30964	highk4_prom	4.063	3.586	0.695	1.708	2.003	1.4	1.246	1.864	2.779	0.36	0.81
atac_L30972	highk4_prom	4.384	3.78	0.965	1.781	1.253	1.432	1.411	0	1.497	1.02	1.03
atac_L30990	highk4_prom	3.615	4.03	4.059	3.45	3.099	2.413	0.786	3.428	3.697	2.469	0.845
atac_L30991	highk4_prom	3.529	2.486	3.078	3.021	2.607	1.782	1.642	3.16	2.544	1.24	0.332
atac_L31004	highk4_prom	4.202	3.931	2.165	2.536	2.081	1.516	1.52	2.516	3.508	1.426	1.19
atac_L31033	highk4_prom	4.998	4.59	1.259	2.042	1.348	1.672	1.341	0	2.424	0.798	1.568
atac_L31063	highk4_prom	3.615	5.242	2.093	2.492	2.221	1.579	1.829	0	2.755	1.882	0.92
atac_L31116	highk4_prom	4.221	2.944	0.717	0.848	1.529	1.577	1.804	2.123	1.646	0.783	0.752
atac_L31138	highk4_prom	3.937	4.16	2.005	1.924	1.527	1.763	2.113	2.626	1.858	1.844	1.348
atac_L31142	highk4_prom	3.357	4.995	1.36	2.01	1.524	1.5	1.577	2.118	2.749	1.812	0.628
atac_L31145	highk4_prom	3.341	3.952	2.233	2.655	2.003	1.792	0	2.161	2.434	1.694	0.887
atac_L31160	highk4_prom	5.276	4.369	1.566	1.934	1.82	1.557	1.676	0	3.376	1.64	0.955
atac_L31167	highk4_prom	4.093	3.965	1.959	2.839	1.904	1.838	1.861	2.898	2.563	2.041	0.337
atac_L31178	highk4_prom	4.409	3.999	1.355	2.305	2.127	1.898	1.644	1.373	2.733	2.025	0.721
atac_L31209	highk4_prom	3.552	5.474	2.338	3.207	2.897	3.07	2.375	2.178	3.658	1.329	1.104
atac_L31220	highk4_prom	5.26	5.061	1.481	2.118	1.648	1.437	1.623	2.171	2.76	1.526	1.44
atac_L31225	highk4_prom	4.008	4.376	2.027	2.892	2.013	2.126	2.192	0	2.453	1.444	0
atac_L31231	highk4_prom	3.773	4.695	1.357	1.296	2.098	1.12	1.604	2.48	1.236	0.987	0.583
atac_L31258	highk4_prom	4.434	4.897	1.824	1.61	1.932	1.54	0.988	0	1.899	2.069	0.623
atac_P05456	highk4_prom	4.398	2.381	0.9	0.353	1.204	0.717	0.282	0	1.597	0.699	0
atac_L31265	highk4_prom	3.873	4.993	3.082	3.334	2.874	2.804	0.814	2.964	3.267	1.83	1.077
atac_L31267	highk4_prom	4.977	4.755	1.881	3.031	2.472	2.346	2.213	3	3.542	1.702	1.946
atac_L31279	highk4_prom	5.106	4.518	1.922	3.145	2.587	2.623	2.318	2.593	3.932	2.595	1.325
atac_L31295	highk4_prom	4.219	4.947	1.257	2.823	1.741	1.78	1.621	1.352	2.468	0	1.01
atac_L31325	highk4_prom	3.594	3.297	1.177	0.734	0.787	1.431	0.601	0	1.578	1.318	1.508
atac_L31330	highk4_prom	4.391	5.2	1.322	2.178	1.705	1.807	1.032	0	2.328	0.462	1.519
atac_L31341	highk4_prom	4.53	4.344	1.141	1.371	1.256	0.713	0.318	0	1.039	0.777	0.859
atac_L31343	highk4_prom	4.867	4.414	2.161	2.084	1.897	1.514	2.096	0	2.899	1.969	0.759
atac_L31350	highk4_prom	4.244	5.062	1.824	2.276	2.678	1.983	1.357	0	2.612	0	0.363
atac_L31366	highk4_prom	3.715	3.012	3.38	3.022	2.547	1.473	1.77	3.189	2.963	1.259	0.733
atac_L31373	highk4_prom	3.349	4.754	3.675	2.97	2.411	2.107	1.738	2.169	3.366	2	0.891
atac_L31394	highk4_prom	5.027	4.026	1.321	1.004	1.2	1.441	1.031	2.175	2.26	0.811	1.655
atac_L31395	highk4_prom	4.901	3.493	1.326	1.125	1.341	1.361	0.838	2.182	2.126	0.815	1.594
atac_L31407	highk4_prom	5.166	5.278	1.444	2.578	2.046	2.399	2.086	2.125	3.007	1.488	1.545
atac_L31426	highk4_prom	4.83	4.149	1.066	2.559	2.43	2.15	1.335	0	2.908	2.223	1.418
atac_L31431	highk4_prom	4.237	5.186	1.907	2.901	1.668	2.193	2.439	0	2.948	1.275	1.596
atac_L31444	highk4_prom	3.751	3.545	0.798	0.994	0.688	0.386	1.02	0	0.525	0.802	0.771
atac_L31445	highk4_prom	4.026	3.462	1.598	1.609	1.947	1.094	0.935	2.025	1.82	2.488	0.908
atac_L31458	highk4_prom	4.122	4.571	1.131	2.221	1.745	1.289	1.844	2.166	2.251	1.699	0.65
atac_L31463	highk4_prom	4.051	4.336	2.133	2.109	1.283	2.208	1.568	0	2.825	1.942	0.623
atac_L31474	highk4_prom	4.957	4.63	1.843	2.555	2.366	1.847	2.111	0	2.601	0.754	0.935
atac_L31499	highk4_prom	4.496	5.102	1.3	2.633	2.337	1.576	0.549	0	2.793	1.418	0.173
atac_L31500	highk4_prom	3.513	4.2	2.17	2.712	2.276	1.778	1.601	2.145	2.99	2.106	1.419
atac_L31519	highk4_prom	3.386	2.516	1.717	1.061	1.103	1.288	0.975	0	2.172	1.034	0.947
atac_L31530	highk4_prom	3.727	4.682	1.793	2.808	1.719	2.16	0.814	2.609	2.41	1.971	1.077
atac_L31543	highk4_prom	4.322	4.584	2.48	3.069	2.171	1.695	1.032	3.008	3.707	1.866	1.103
atac_L31545	highk4_prom	4.507	1.966	0.809	1.153	1.256	1.51	0.777	3.173	2.221	0	0.335
atac_L31549	highk4_prom	3.727	4.142	1.335	1.971	1.458	0.811	1.818	0	1.844	0.449	1.169
atac_L31581	highk4_prom	4.974	5.911	2.411	3.347	2.96	2.281	0.82	0	3.674	0	1.757
atac_L31591	highk4_prom	4.599	5.119	1.654	2.344	1.941	1.762	1.804	0	3.308	1.208	0.321
atac_P05505	highk4_prom	4.47	4.087	1.324	2.951	2.339	2.789	2.59	2.783	3.493	2.161	1.213
atac_L31607	highk4_prom	4.189	1.811	1.264	1.214	0.917	0.779	1.192	2.157	2.596	1.313	0.885
atac_L31633	highk4_prom	4.344	4.646	1.179	1.661	1.745	1.258	1.353	0	2.553	0.806	0.997
atac_P05508	highk4_prom	3.466	4.241	1.823	3.241	2.284	2.121	2.942	3.28	3.158	1.928	1.127
atac_L31641	highk4_prom	5.276	4.668	1.171	2.401	2.017	2.193	1.833	0	2.594	2.714	1.35
atac_L31653	highk4_prom	4.784	3.254	1.623	2.279	1.329	1.695	1.321	2.126	2.398	0.784	0.631
atac_L31658	highk4_prom	4.463	4.927	1.874	2.732	2.107	1.847	1.463	2.602	3.227	1.293	1.55
atac_P05510	highk4_prom	3.463	5.93	2.405	2.746	1.798	2.439	1.929	3.15	3.484	0.745	1.271
atac_L31697	highk4_prom	4.362	2.456	1.41	1.674	1.434	1.032	2.141	0	0.923	0	0.657
atac_L31700	highk4_prom	4.097	4.657	2.148	2.299	2.49	2.247	1.825	2.146	2.825	2.704	0.878
atac_L31702	highk4_prom	5.605	5.052	1.312	2.767	2.139	2.295	1.196	0	2.376	1.318	0.773
atac_P05520	highk4_prom	4.106	4.441	1.78	3.687	2.387	2.71	1.762	3.669	2.633	1.678	1.352
atac_L31734	highk4_prom	5.285	4.452	1.246	2.238	2.711	2.324	1.707	0	3.445	1.064	0.635
atac_L31742	highk4_prom	4.695	2.771	1.403	1.426	1.023	1.439	1.95	1.383	2.092	1.251	1.124
atac_L31751	highk4_prom	4.052	4.616	1.064	2.09	1.86	1.414	1.334	0	2.472	1.502	1.171
atac_L31753	highk4_prom	4.617	4.536	1.936	2.512	2.236	1.638	1.71	0	3.391	0	0.76
atac_L31754	highk4_prom	4.463	4.371	2.129	2.363	2.031	1.72	1.822	2.85	3.182	1.415	1.18
atac_L31756	highk4_prom	3.654	4.778	1.839	2.556	1.803	2.074	1.998	2.849	3.329	1.221	0.591
atac_L31758	highk4_prom	5.022	3.375	1.021	1.49	1.036	0.977	1.189	0	1.858	0	1.179
atac_L31763	highk4_prom	5.25	4.085	1.702	2.18	2.342	1.989	1.362	2.652	3.027	2.258	0.517
atac_L31767	highk4_prom	4.899	3.647	0.746	1.595	1.433	1.388	0.336	0	3.069	0	1.005
atac_L31798	highk4_prom	4.744	4.519	2.231	2.292	1.241	1.349	2.055	2.094	2.421	0.767	1.302
atac_L31808	highk4_prom	4.308	2.029	0.902	2.382	1.567	1.589	1.33	2.137	3.419	1.673	1.486
atac_L31812	highk4_prom	4.012	4.38	1.28	2.333	2.155	2.117	1.034	3.739	2.816	2.259	0.898
atac_L31814	highk4_prom	3.895	4.48	2.904	3.401	2.623	2.693	1.727	3.712	3.188	2.447	0.884
atac_L31816	highk4_prom	4.126	5.711	3.93	3.347	3.335	2.939	2.437	3	4.246	2.729	0.892
atac_L31843	highk4_prom	3.473	3.296	2.953	3.163	2.549	2.184	1.349	3.515	2.703	2.351	1.093
atac_L31887	highk4_prom	4.486	4.832	2.29	2.787	2.464	2.132	2.152	2.496	3.113	0.735	0.813
atac_L31896	highk4_prom	4.838	3.6	1.207	1.538	1.419	1.668	2.143	0	1.897	0.991	1.46
atac_L31903	highk4_prom	4.983	4.051	1.428	2.054	1.642	1.086	1.305	2.106	2.122	1.274	1.055
atac_L31904	highk4_prom	4.957	5.018	1.06	2.289	1.669	1.489	1.709	0	2.574	0	1.167
atac_L31911	highk4_prom	5.379	3.462	1.123	2.209	2.017	1.653	2.115	3.268	2.835	0.8	0.99
atac_L31930	highk4_prom	3.814	3.43	2.815	2.619	1.686	1.26	1.001	2.128	2.616	2.417	1.161
atac_L31939	highk4_prom	3.47	3.951	0.916	2.451	1.533	2.307	0.599	2.16	2.795	2.451	0.772
atac_P05562	highk4_prom	4.452	3.414	1.094	1.704	2.031	1.289	1.773	2.443	2.99	1.183	0.975
atac_L31943	highk4_prom	4.9	4.552	3.076	2.616	2.627	1.924	1.294	0	3.005	1.262	1.299
atac_L31944	highk4_prom	4.048	3.936	1.869	1.791	2.14	1.145	0.927	0	1.231	1.394	1.313
atac_L31954	highk4_prom	3.893	2.433	1.678	1.01	0.831	0.889	1.702	2.013	2.719	0.983	0.9
atac_L31959	highk4_prom	5.14	4.181	1.214	2.579	2.512	1.346	1.144	0	2.848	1.631	1.704
atac_L31962	highk4_prom	3.987	4.269	2.828	2.94	2.386	1.808	1.666	0	2.67	2.05	0.734
atac_L31966	highk4_prom	3.943	3.693	2.318	2.652	2.531	1.724	0.33	0	1.862	1.314	0.885
atac_L31973	highk4_prom	4.691	3.376	1.261	1.212	0.735	1.339	0.597	0	1.21	0	0.358
atac_L31977	highk4_prom	4.447	2.996	1.031	1.001	0.357	0.696	1.622	0	0.53	1.702	1.098
atac_L31994	highk4_prom	4.267	4.007	2.465	2.052	1.619	1.622	1.83	2.407	2.269	1.344	0.863
atac_L32013	highk4_prom	4.783	4.645	2.388	2.838	2.905	2.297	2.209	0	3.453	2.457	0.361
atac_L32075	highk4_prom	3.681	3.936	2.054	1.992	1.944	1.951	1.301	2.1	2.586	1.27	1.226
atac_P05604	highk4_prom	4.115	2.047	0.317	1.851	1.556	1.684	1.744	0	2.273	0.946	1.12
atac_L32117	highk4_prom	3.371	4.564	1.785	2.731	1.933	2.349	2.396	0	2.85	0.787	1.249
atac_P05608	highk4_prom	4.343	4.277	0.909	1.329	1.552	1.523	1.404	0	2.772	0.749	0.719
atac_L32145	highk4_prom	4.267	1.762	1.18	2.77	2.431	2.043	1.68	0	3.162	2.065	0.621
atac_L32164	highk4_prom	3.924	4.096	1.208	1.204	1.105	1.331	1.599	0	1.202	0.794	1.172
atac_L32173	highk4_prom	4.493	4.43	2.323	2.371	2.147	1.52	1.548	0	2.617	0	1.37
atac_L32195	highk4_prom	3.985	4.837	0.914	2.31	2.304	1.7	1.484	0	2.744	1.69	0.884
atac_L32210	highk4_prom	4.041	3.704	1.82	3.058	1.721	2.299	2.128	0	2.184	1.857	1.097
atac_L32223	highk4_prom	4.245	4.617	0.805	2.975	2.415	2.128	1.497	2.173	2.981	1.09	1.001
atac_L32226	highk4_prom	3.67	4.032	1.325	2.887	2.423	1.831	1.035	0	2.77	1.331	1.199
atac_L32228	highk4_prom	4.419	3.747	2.467	2.975	1.968	2.307	0.593	2.146	3.105	1.505	1.42
atac_L32293	highk4_prom	4.921	5.152	2.766	2.933	2.316	1.933	2.397	1.33	2.911	1.201	2.073
atac_L32294	highk4_prom	3.754	2.987	1.267	2.495	2.003	1.255	2.205	3.275	3.009	1.993	0.647
atac_L32295	highk4_prom	4.142	4.429	1.412	2.923	1.853	1.58	1.751	0	2.515	1.714	1.007
atac_L32309	highk4_prom	4.062	4.891	3.955	3.348	2.508	2.568	2.272	2.978	3.547	1.308	0.642
atac_L32329	highk4_prom	4.229	4.931	2.223	2.148	1.853	1.728	1.259	2.046	2.424	0.741	0.468
atac_L32333	highk4_prom	4.18	4.515	2.52	3.047	2.788	2.083	1.271	2.878	2.731	1.606	0.332
atac_L32336	highk4_prom	3.672	4.804	1.566	1.009	1.274	1.79	1.036	0	2.267	1.535	0.899
atac_L32342	highk4_prom	3.863	4.821	1.966	3.323	2.145	2.589	1.947	3.523	3.203	2.249	1.513
atac_L32345	highk4_prom	5.21	3.221	1.121	1.738	1.023	0.747	0.295	0	1.736	1.402	1.247
atac_P05676	highk4_prom	4.6	4.088	1.587	2.344	2.205	1.355	1.986	0	3.072	2.4	0.661
atac_P05677	highk4_prom	4.547	4.898	1.824	2.554	1.809	1.67	1.819	3.25	2.551	1.781	1.029
atac_L32363	highk4_prom	4.097	4.466	1.681	2.778	2.58	1.801	1.422	0	2.23	1.452	1.754
atac_L32435	highk4_prom	4.697	4.964	1.731	2.553	2.808	1.913	2.011	3.486	2.677	2.428	1.556
atac_L32444	highk4_prom	3.906	4.832	2.497	2.683	2.625	1.177	1.119	0	3.204	1.236	1.487
atac_L32485	highk4_prom	4.848	3.903	1.401	1.285	1.443	1.284	0.582	2.944	0.887	0.443	0.628
atac_L32495	highk4_prom	5.079	4.046	1.789	2.104	2.06	1.606	0.793	0	2.186	1.796	0.62
atac_L32496	highk4_prom	4.875	3.625	1.175	1.579	1.74	1.055	1.349	2.161	2.928	1.518	1.355
atac_L32508	highk4_prom	5.1	4.433	1.649	3.002	2.388	1.71	1.799	2.942	2.502	1.656	1.47
atac_L32509	highk4_prom	4.046	4.499	1.318	2.589	1.82	2.11	1.849	2.172	2.257	1.09	0.652
atac_L32541	highk4_prom	3.823	4.378	1.486	2.424	1.654	1.969	1.854	1.465	2.121	1.708	1.445
atac_P05706	highk4_prom	4.474	3.898	1.253	3.006	2.044	2.194	2.171	0	2.064	1.945	1.358
atac_L32561	highk4_prom	4.932	3.167	1.246	0.977	1.894	1.745	1.327	2.604	2.149	0	0.634
atac_L32581	highk4_prom	5.04	5.064	1.835	2.606	1.682	1.762	1.016	2.979	2.096	1.309	0
atac_P05727	highk4_prom	3.946	2.116	1.397	3.352	2.373	2.443	2.214	3.115	3.256	1.403	0.906
atac_L32608	highk4_prom	3.512	4.482	1.753	2.096	2.015	1.909	1.671	0	2.243	1.635	1.047
atac_P05746	highk4_prom	3.791	4.068	1.121	2.157	2.074	1.82	0.719	0	2.168	1.354	0.306
atac_L32658	highk4_prom	4.219	5.155	1.893	1.622	2.133	1.798	0.32	0	2.392	1.286	1.065
atac_L32660	highk4_prom	4.261	5.271	1.649	2.65	2.018	1.582	2.028	2.156	2.369	1.69	0.645
atac_L32661	highk4_prom	3.496	3.733	2.416	2.491	1.845	1.338	2.411	0	1.873	2.267	1.128
atac_L32664	highk4_prom	4.086	5.771	2.795	3.962	2.773	2.614	1.007	3.485	3.448	1.829	0.978
atac_L32668	highk4_prom	3.764	2.948	0.719	1.382	1.685	1.628	0.322	2.127	1.744	0.785	0.867
atac_L32670	highk4_prom	4.034	4.178	1.445	1.627	1.709	1.067	1.17	0	1.744	1.29	0
atac_L32755	highk4_prom	3.684	3.178	1.192	2.062	1.906	1.476	1.641	0	1.854	0.749	1.276
atac_L32771	highk4_prom	3.389	3.98	1.215	1.803	1.812	0.901	1.774	0	2.418	0	1.135
atac_L26260	highk4_prom	3.457	3.974	2.455	3.285	2.237	1.926	1.692	2.002	2.789	1.965	1.154
atac_L26282	highk4_prom	3.53	3.703	3.298	3.369	2.598	1.827	1.57	2.11	3.789	1.648	1.057
atac_L26341	highk4_prom	3.544	3.726	2.122	3.513	2.015	1.962	2.337	0	2.83	0.756	1.568
atac_P04813	highk4_prom	3.988	3.639	1.35	2.684	2.614	2.03	0.555	2.522	3.463	0.747	1.022
atac_L26360	highk4_prom	3.662	4.691	1.826	2.508	2.093	2.244	2.217	1.462	2.899	1.705	0.779
atac_L26483	highk4_prom	3.527	4.045	0.96	1.773	1.804	1.781	0.957	0	1.49	1.604	0.332
atac_L26519	highk4_prom	3.735	4.046	2.974	3.319	2.293	2.306	1.012	0	3.175	1.978	1.342
atac_L26583	highk4_prom	4.287	5.149	2.44	2.979	2.097	2.025	1.361	2.177	2.859	2.653	1.003
atac_L26609	highk4_prom	4.408	3.126	1.461	1.456	1.119	1.205	1.49	0	2.338	1.397	0.803
atac_L26635	highk4_prom	3.325	4.032	2.885	3.027	1.974	1.641	0.787	2.09	2.929	1.631	0
atac_P04846	highk4_prom	4.17	3.635	1.309	2.381	2.166	1.608	1.117	2.868	2.806	1.234	1.108
atac_L26649	highk4_prom	3.545	4.058	1.438	2.688	1.817	1.673	1.247	3.56	2.78	0.733	1.253
atac_L26653	highk4_prom	4.019	4.155	2.221	3.276	2.628	2.397	1.928	0	3.572	2.439	1.345
atac_L26655	highk4_prom	3.829	4.91	1.531	2.556	2.288	1.877	1.82	0	2.774	1.833	0.638
atac_L26660	highk4_prom	3.526	5	2.194	3.606	2.568	2.203	0.556	0	3.411	2.244	1.421
atac_P04847	highk4_prom	4.48	4.774	2.466	3.811	3.025	2.738	2.083	4.601	3.502	1.806	0.439
atac_L26674	highk4_prom	3.406	4.182	2.884	2.901	2.292	2.198	0.953	3.151	3.17	1.752	1.417
atac_L26676	highk4_prom	3.702	5.049	3.305	3.494	2.823	2.71	1.731	3.513	3.873	3.259	1.272
atac_L26686	highk4_prom	4.507	3.476	1.439	1.584	0.965	1.541	1.354	0	1.351	1.087	1.19
atac_L26690	highk4_prom	3.786	4.386	2.763	3.147	2.305	1.707	2.076	1.96	2.926	1.923	0.958
atac_L26697	highk4_prom	4.872	5.903	1.886	2.373	1.763	2.274	0.973	0	2.713	1.781	0.732
atac_L26698	highk4_prom	4.353	4.449	1.973	2.697	2.35	1.665	1.753	2.885	3.186	0.753	1.357
atac_L26705	highk4_prom	4.03	3.769	1.939	2.963	2.592	1.522	1.526	2.524	3.614	1.432	0.718
atac_L26717	highk4_prom	4.562	3.607	1.723	2.356	1.934	2.036	1.38	0	2.558	1.73	1.398
atac_L26778	highk4_prom	4.026	3.945	1.022	2.209	1.686	2.193	0.597	2.155	3.116	1.079	1.35
atac_L26787	highk4_prom	4.508	4.251	2.811	2.56	1.899	1.19	1.281	0	3.022	1.909	1.286
atac_L26792	highk4_prom	3.974	3.774	3.049	3.128	2.433	1.693	1.888	2.722	3.607	0.679	1.244
atac_P04859	highk4_prom	3.948	3.346	0.684	1.326	1.623	1.177	1.268	0	1.768	0	0.928
atac_L26800	highk4_prom	3.818	4.086	2.587	2.618	1.897	1.85	1.555	0	3.367	2.171	1.301
atac_L26815	highk4_prom	3.777	5.171	1.69	2.506	1.844	1.893	2.251	0	3.541	2.137	1.35
atac_L26817	highk4_prom	5.024	4.595	1.262	1.926	2.037	1.91	2.027	0	2.79	1.987	1.638
atac_L26825	highk4_prom	3.998	5.137	2.103	2.273	2.112	1.568	1.817	1.348	2.299	1.219	0.171
atac_P04869	highk4_prom	5.539	4.444	1.428	2.975	2.31	2.381	1.456	0	3.079	2.595	0.969
atac_L26891	highk4_prom	4.326	4.337	1.737	3.013	1.781	1.627	1.748	2.18	2.77	1.711	0.898
atac_L26898	highk4_prom	4.504	4.879	1.417	3.402	2.094	2.101	1.734	2.048	2.919	1.423	0.713
atac_L26904	highk4_prom	4.321	5.168	1.455	2.337	2.123	1.666	2.054	2.093	2.721	1.634	0.616
atac_L26908	highk4_prom	3.432	3.657	0.952	2.232	1.058	1.319	1.701	0	2.4	0.785	1.161
atac_L26947	highk4_prom	4.944	4.075	0.895	2.073	1.164	1.228	0.584	2.125	1.546	1.818	0.35
atac_L26964	highk4_prom	3.81	3.056	1.444	1.381	1.056	0.762	0.584	0	0.89	0.784	0.631
atac_L26983	highk4_prom	5.331	4.148	1.533	2.145	1.839	1.619	2.016	2.143	2.581	1.678	0.876
atac_L26986	highk4_prom	4.487	4.729	1.597	2.593	2.096	2.148	2.298	0	2.616	1.328	1.196
atac_L26994	highk4_prom	3.578	5.397	2.31	3.009	2.232	3.065	1.721	2.15	3.249	2.708	1.264
atac_L27015	highk4_prom	4.584	4.804	1.165	1.625	1.399	1.99	1.559	2.425	1.984	1.673	1.413
atac_L27050	highk4_prom	4.308	4.204	0.71	0.963	0.969	1.021	0.989	0	1.728	1.277	0.345
atac_L27078	highk4_prom	4.773	3.464	1.748	2.926	2.852	1.789	1.346	0	3.528	2.118	1.503
atac_L27079	highk4_prom	3.46	3.476	1.345	2.048	1.799	2.022	0.983	2.568	2.859	1.64	1.051
atac_L27087	highk4_prom	4.016	4.857	1.068	2.3	1.727	1.418	2.02	2.147	1.852	1.682	0.356
atac_L27093	highk4_prom	4.083	4.769	2.815	3.36	2.615	2.428	2.063	0	2.685	1.936	1.526
atac_L27120	highk4_prom	3.806	3.386	3.109	3.081	3.064	2.339	2.284	2.991	3.534	2.242	0.888
atac_L27125	highk4_prom	4.154	4.561	1.843	2.386	1.942	2.003	1.56	3.439	3.086	1.268	0.342
atac_L27138	highk4_prom	4.593	5.421	1.4	2.272	1.922	1.644	1.453	2.119	2.795	1.483	0.862
atac_L27156	highk4_prom	4.226	2.578	1.16	1.854	0.911	1.576	1.49	2.017	1.812	0.986	1.165
atac_L27164	highk4_prom	4.652	5.419	2.373	2.487	2.292	1.981	1.825	3.371	3.122	1.417	0.326
atac_L27165	highk4_prom	3.977	4.785	1.83	2.116	2.054	1.64	1.312	2.114	3.032	1.051	0.184
atac_L27197	highk4_prom	3.862	5.031	2.217	2.663	2.107	2.054	1.494	0	3.335	1.701	1.438
atac_L27211	highk4_prom	3.816	4.143	2.722	3.429	3.044	2.408	1.821	4.371	3.502	2.222	1.123
atac_L27220	highk4_prom	3.757	3.895	1.55	2.41	1.944	1.431	1.616	0	2.654	1.696	0.888
atac_L27242	highk4_prom	3.977	3.335	1.68	0.924	1.772	1.312	1.395	2.048	2.426	1.746	0.922
atac_L27249	highk4_prom	4.409	3.442	0.958	1.636	2.001	1.661	1.818	0	2.41	1.971	1.686
atac_P04929	highk4_prom	4.527	3.455	1.231	2.14	1.831	1.37	2.092	1.906	2.897	2.358	1.229
atac_L27292	highk4_prom	3.494	4.089	2.384	2.714	2.393	1.745	1.857	3.012	2.266	1.712	1.37
atac_L27294	highk4_prom	3.969	4.63	1.169	2.199	1.95	1.689	0.271	1.922	1.937	0	0.541
atac_L27314	highk4_prom	4.193	4.902	3.475	3.178	2.354	1.747	1.514	4.304	3.093	1.591	1.185
atac_L27321	highk4_prom	4.543	4.539	1.557	3.226	2.573	2.799	1.029	2.172	3.059	2.463	1.515
atac_L27322	highk4_prom	4.164	5.046	1.632	3.107	2.494	2.37	2.01	3.247	3.058	1.673	1.486
atac_P04941	highk4_prom	3.858	3.952	1.293	2.223	1.774	2.653	2.242	1.985	1.427	2.444	1.291
atac_L27324	highk4_prom	3.775	3.922	3.359	3.285	2.535	2.267	1.006	3.246	2.94	2.772	1.253
atac_L27329	highk4_prom	3.342	4.446	3.733	2.73	2.549	2.478	1.84	0	2.798	1.994	0.648
atac_L27331	highk4_prom	3.963	3.802	3.805	3.263	2.641	2.453	1.007	2.138	2.771	2.522	1.414
atac_L27343	highk4_prom	3.855	5.051	1.474	1.994	1.741	1.993	1.023	0	2.313	0	1.093
atac_L27350	highk4_prom	4.342	4.252	1.609	1.884	2.031	1.493	0	0	2.322	1.649	1.599
atac_L27367	highk4_prom	4.824	3.843	1.584	1.621	1.089	0.956	1.317	0	2.137	1.813	0.75
atac_L27385	highk4_prom	3.476	3.24	1.434	2.167	1.937	1.831	0.991	2.936	1.427	0.777	1.317
atac_L27421	highk4_prom	5.643	4.009	1.433	2.494	2.275	1.748	2.356	2.16	3.712	0.803	1.272
atac_L27422	highk4_prom	3.6	2.875	1.031	2.369	1.862	2.071	1.846	2.642	1.583	1.322	0.891
atac_L27427	highk4_prom	3.883	3.562	3.472	2.991	2.545	1.941	1.889	3.833	3.415	0.775	0.96
atac_L27442	highk4_prom	3.676	4.664	2.749	3.087	2.93	2.616	1.434	4.119	3.084	2.058	1.139
atac_L27478	highk4_prom	3.849	4.645	1.935	2.491	2.075	1.468	1.286	2.548	2.165	2.043	0.84
atac_L27483	highk4_prom	3.38	3.859	1.938	2.327	1.986	1.971	1.288	2.084	1.51	1.031	0.842
atac_L27489	highk4_prom	4.545	4.541	2.051	2.465	1.822	1.887	2.217	0	2.387	1.326	1.194
atac_L27491	highk4_prom	3.816	5.037	3.629	3.254	2.555	2.334	2.396	0	3.576	1.293	0.351
atac_L27536	highk4_prom	4.144	1.147	1.279	1.377	1.324	1.254	0	2.944	1.99	1.055	0.628
atac_L27538	highk4_prom	4.473	3.896	1.69	2.365	2.065	1.858	1.734	2.164	1.468	1.319	1.188
atac_L27544	highk4_prom	3.796	4.631	2.397	2.792	2.253	2.483	2.114	2.627	2.961	1.311	0.508
atac_L27545	highk4_prom	4.735	2.721	1.256	1.207	0.58	0.204	0.594	0	1.564	1.073	1.343
atac_L27547	highk4_prom	3.607	4.375	2.078	3.007	2.492	2.557	0.606	0	3.277	1.529	1.365
atac_P04976	highk4_prom	4.676	4.765	1.698	2.783	2.531	2.145	1.789	2.811	2.48	1.705	1.375
atac_L27560	highk4_prom	4.46	4.18	1.286	1.901	1.687	1.404	1.587	0	2.761	1.962	0.632
atac_P04977	highk4_prom	4.246	5.002	1.364	2.497	1.831	1.923	1.461	0	3.086	1.181	0.784
atac_L27562	highk4_prom	4.343	3.173	1.293	2.338	2.15	1.684	1.595	2.609	2.35	0.449	1.077
atac_L27579	highk4_prom	4.387	4.825	1.607	2.201	1.703	1.445	1.338	0	2.419	1.506	0.765
atac_P04981	highk4_prom	4.246	4.016	2.153	3.1	3.073	2.644	2.147	2.76	3.344	2.14	1.89
atac_P04983	highk4_prom	3.618	3.069	1.485	3.222	2.327	2.285	2.009	1.968	3.19	0.954	1.347
atac_L27605	highk4_prom	3.464	5.156	3.066	3.547	2.877	2.589	1.977	2.924	3.594	1.272	1.984
atac_P04988	highk4_prom	3.655	4.067	1.786	2.444	2.014	1.836	1.386	2.85	2.659	2.222	0.591
atac_L27670	highk4_prom	5.139	4.803	2.262	3.042	2.431	2.376	1.885	0	3.437	1.273	1.716
atac_L27671	highk4_prom	4.367	4.439	2.165	2.752	2.499	2.498	1.718	0	3.234	1.217	1.529
atac_L27673	highk4_prom	5.083	4.8	2.207	2.958	2.733	2.313	2.7	0	2.899	1.217	1.398
atac_L27676	highk4_prom	4.504	5.267	2.757	3.601	2.963	3.009	2.381	3.664	3.585	3.029	0.494
atac_L27685	highk4_prom	3.792	3.739	3.347	2.819	2.553	1.833	1.251	3.363	2.785	1.582	1.095
atac_L27690	highk4_prom	4.314	4.579	1.94	2.246	2.413	2.028	2.185	2.142	1.847	1.302	0.354
atac_L27692	highk4_prom	4.268	4.843	1.353	1.993	1.899	1.125	1.022	0	2.312	1.852	1.093
atac_L27693	highk4_prom	4.072	4.636	2.788	2.989	2.097	2.244	2.201	0	2.489	1.99	0.51
atac_L27710	highk4_prom	3.547	3.523	2.87	2.363	2.254	1.651	1.134	2.894	2.703	0	1.125
atac_L27723	highk4_prom	3.951	4.591	3.407	2.915	2.567	2.31	0.978	3.197	2.809	1.461	0.847
atac_L27730	highk4_prom	4.647	5.071	2.043	2.383	2.162	2.189	1.37	3.108	2.637	2.202	0.996
atac_L27733	highk4_prom	3.631	4.297	2.744	2.851	1.774	1.304	1.602	1.441	2.637	0.796	1.175
atac_P05024	highk4_prom	4.642	4.444	2.096	2.568	2.674	1.728	2.111	2.997	3.562	2.104	0.751
atac_L27773	highk4_prom	3.898	4.59	1.478	2.453	2.004	2.06	1.455	0	2.924	1.659	1.242
atac_L27796	highk4_prom	3.681	4.465	3.101	3.002	1.748	1.546	0	0	2.416	0.794	1.173
atac_L27806	highk4_prom	4.061	3.995	1.862	2.604	2.031	1.961	1.014	2.621	2.094	2.229	1.263
atac_L27825	highk4_prom	3.528	2.252	0.669	0.731	1.222	1.016	0	0	1.462	0.801	0.77
atac_L27855	highk4_prom	4.87	4.598	1.65	2.573	2.151	1.631	1.02	2.63	2.174	2.543	1.429
atac_L27856	highk4_prom	4.466	4.109	2.955	3.299	2.499	1.97	2.038	0	3.164	1.835	0.982
atac_L27857	highk4_prom	4.492	3.764	1.351	1.751	2.028	0.948	0	3.449	2.593	1.472	1.312
atac_L27887	highk4_prom	4.746	4.64	1.851	1.97	2.36	2.05	1.952	2.077	2.874	1.912	1.289
atac_L27906	highk4_prom	3.861	3.54	0.98	2.334	1.39	1.685	1.965	0	2.174	2.169	1.762
atac_L27920	highk4_prom	3.683	4.915	1.57	1.565	1.374	1.211	0.817	0	1.934	1.68	0
atac_P05063	highk4_prom	4.297	3.695	0.821	1.653	1.524	1.247	1.223	0	2.373	1.551	0.688
atac_L27940	highk4_prom	3.788	5.293	2.688	2.857	2.462	2.152	2.029	2.885	2.979	1.765	0.934
atac_L27945	highk4_prom	3.349	4.019	1.694	2.415	1.453	1.436	0.831	2.642	2.71	0.808	0
atac_P05068	highk4_prom	4.439	4.518	1.813	2.786	2.34	2.579	1.649	1.286	3.365	2.412	0.955
atac_L28004	highk4_prom	3.467	4.74	1.78	2.573	2.077	1.701	1.611	0	2.648	0	0.885
atac_L28049	highk4_prom	4.074	2.829	1.657	2.796	2.208	1.605	1.322	0	3.009	0	1.161
atac_L28060	highk4_prom	4.229	4.529	1.437	3.006	2.218	1.978	1.415	3.409	2.869	2.035	0.726
atac_L28063	highk4_prom	4.339	5.104	2.065	2.409	2.342	1.974	1.195	2.162	2.602	2.453	1.355
atac_L28066	highk4_prom	4.292	4.125	1.81	2.615	1.474	1.4	0.998	0	2.508	1.058	0.349
atac_L28071	highk4_prom	4.482	3.397	2.022	2.628	1.514	1.323	2.294	3.73	2.897	1.526	1.837
atac_L28076	highk4_prom	3.708	4.785	1.725	1.998	1.452	1.258	0.602	2.166	3.091	1.856	0.65
atac_L28117	highk4_prom	3.348	3.761	3.227	2.54	2.33	1.849	1.92	2.759	2.815	0.695	0.305
atac_L28120	highk4_prom	3.572	3.689	1.495	2.296	1.61	1.405	1.972	0	2.771	1.793	0.85
atac_L28135	highk4_prom	3.349	2.54	2.065	2.811	1.955	1.726	1.447	2.112	1.982	0.776	1.059
atac_L28207	highk4_prom	3.356	4.147	2.984	3.176	2.597	2.669	2.392	2.063	2.858	1.436	0.603
atac_L28273	highk4_prom	3.565	4.399	1.919	1.668	1.936	1.707	1.43	0	1.883	1.036	0.34
atac_L28275	highk4_prom	4.099	3.57	1.397	2.314	1.813	1.852	2.38	2.115	1.822	2.303	0.347
atac_L28289	highk4_prom	3.482	3.778	1.649	2.01	2.313	2.057	1.452	2.118	2.33	1.656	1.47
atac_L28297	highk4_prom	4.03	3.949	1.024	2.106	1.223	1.4	1.193	0	1.677	2.119	0.646
atac_L32891	highk4_prom	4.424	4.175	2.241	2.794	2.576	1.801	1.998	0	3.49	1.289	0.35
atac_L32927	highk4_prom	3.76	5.028	2.389	2.698	1.926	1.615	0.602	0	2.974	2.458	1.096
atac_L32958	highk4_prom	3.886	5.238	3.473	4.334	2.576	3.268	2.109	0	4.134	2.229	0.642
atac_L32972	highk4_prom	3.712	4.271	2.151	3.122	2.12	2.132	1.7	2.126	2.276	1.819	0.631
atac_P05796	highk4_prom	3.474	4.365	1.903	2.89	2.22	2.376	1.333	0	2.869	1.527	0.674
atac_L32981	highk4_prom	4.046	3.842	2.435	2.589	1.162	1.57	1.357	2.172	2.322	1.703	1.193
atac_L33003	highk4_prom	4.814	2.585	1.397	1.211	1.307	0.786	1.242	0	1.558	0	1.087
atac_L33026	highk4_prom	4.047	4.5	2.174	3.327	2.254	2.653	1.624	3.527	2.981	0	0.894
atac_L33028	highk4_prom	3.785	4.193	1.601	2.357	1.802	1.555	0.915	1.316	2.778	0.971	1.066
atac_L33044	highk4_prom	4.097	4.047	1.571	2.436	2.14	2.084	1.337	2.618	1.666	2.107	0.64
atac_L33053	highk4_prom	3.778	4.469	2.23	2.677	2.042	2.048	1.364	0	2.674	1.332	0.365
atac_L33057	highk4_prom	4.546	3.005	0.756	2.988	2.407	2.054	2.594	2.548	2.614	1.916	1.212
atac_L33066	highk4_prom	4.901	4.839	1.352	3.047	2.085	1.995	1.889	0	2.826	1.276	1.39
atac_L33074	highk4_prom	4.564	3.985	1.958	2.898	2.099	1.813	1.264	2.517	2.2	1.234	0.824
atac_P05811	highk4_prom	4.234	3.827	1.51	2.025	1.776	1.899	1.028	0	2.62	0	1.61
atac_L33093	highk4_prom	4.502	2.815	1.357	1.758	1.38	0.952	0.319	0	1.427	1.479	1.602
atac_L33095	highk4_prom	4.156	4.954	0.898	2.33	2.16	1.943	1.81	2.13	2.618	2.419	1.163
atac_P05813	highk4_prom	4.407	3.599	1.423	2.293	0.919	1.679	2.013	1.971	2.445	0.393	1.208
atac_L33103	highk4_prom	4.476	3.447	1.532	1.914	1.699	1.042	2.015	0	2.292	0.793	0.876
atac_L33126	highk4_prom	4.957	5.417	0.976	1.433	1.869	1.701	0.567	0	1.706	1.031	1.639
atac_L33130	highk4_prom	4.158	4.846	1.754	2.994	2.262	2.295	2.124	0	2.314	2.454	1.645
atac_L33131	highk4_prom	4.008	5.067	1.858	2.51	1.777	2.782	1.032	0	2.261	2.137	2.004
atac_L33147	highk4_prom	3.687	3.403	1.669	1.68	1.458	1.086	1.305	2.105	0.878	0.773	0.958
atac_L33161	highk4_prom	4.702	4.642	2.066	2.732	2.083	2.084	0.601	0	2.494	0.805	0.773
atac_P05822	highk4_prom	4.242	3.958	1.539	1.808	1.341	1.588	0.754	0	1.359	1.217	1.327
atac_L33165	highk4_prom	4.877	4.527	0.8	2.538	1.857	1.224	1.732	0	1.866	1.853	1.507
atac_L33174	highk4_prom	4.122	5.196	3.348	3.223	2.395	2.441	0.762	3.374	3.023	2.421	1.408
atac_L33185	highk4_prom	4.048	4.676	2.346	2.159	2.236	1.992	1.567	2.106	2.823	1.94	0.958
atac_L33192	highk4_prom	3.657	3.84	2.098	2.94	2.427	2.108	1.847	2.17	2.443	1.323	1.583
atac_L33197	highk4_prom	4.624	4.972	2.862	3.474	2.781	2.622	2.104	3.876	3.485	1.977	1.173
atac_P05830	highk4_prom	5.064	3.89	0.807	1.083	1.025	1.663	1.336	1.975	1.516	0.704	1.482
atac_L33224	highk4_prom	4.425	3.005	0.808	1.329	1.547	1.742	1.502	0	1.694	0.813	0.655
atac_P05837	highk4_prom	3.647	4.322	2.013	3.119	2.489	2.231	1.763	3.18	3.144	2.489	1.341
atac_L33232	highk4_prom	4.064	2.938	1.512	1.186	1.577	1.061	1.164	0	1.909	0	1.47
atac_L33246	highk4_prom	4.48	2.914	1.261	1.524	1.337	0.788	1.299	0	2.042	1.932	1.453
atac_P05854	highk4_prom	4.14	2.746	1.404	2.387	1.944	1.209	1.991	1.949	2.981	1.789	1.331
atac_L33283	highk4_prom	5.052	5.022	1.132	1.981	2.183	1.887	1.339	1.98	2.681	1.683	1.356
atac_L33301	highk4_prom	4.119	4.365	2.758	2.584	2.417	2.232	2.004	2.131	2.343	1.493	1.55
atac_L33305	highk4_prom	4.333	4.564	1.929	2.765	2.16	2.086	1.588	2.601	2.85	1.062	0.756
atac_L33314	highk4_prom	4.426	3.729	1.404	1.583	2.054	1.63	0.968	0	1.281	1.912	1.365
atac_L33317	highk4_prom	4.917	4.847	2.551	2.385	2.021	2.06	2.334	2.139	2.008	2.218	1.748
atac_L33319	highk4_prom	3.815	4.228	3.059	3.252	2.486	2.457	1.909	0	3.65	2.602	0.973
atac_L33321	highk4_prom	4.399	3.289	0.969	1.575	2.076	1.016	2.028	2.156	1.771	0.455	0.99
atac_L33324	highk4_prom	4.631	4.544	1.411	1.977	1.889	1.136	1.663	2.085	2.101	1.258	1.131
atac_L33334	highk4_prom	4.695	4.635	1.616	2.688	1.874	1.655	2.029	2.157	3.443	1.848	1.351
atac_L33369	highk4_prom	3.413	4.881	1.757	2.32	1.815	1.709	0.602	1.457	2.606	1.998	0.89
atac_L33372	highk4_prom	4.393	3.792	3.382	3.719	2.908	2.15	2.195	3.924	3.666	1.149	1.184
atac_L33380	highk4_prom	4.213	5.069	2.499	2.916	2.45	2.681	1.628	0	2.859	0	1.003
atac_L33398	highk4_prom	4.263	4.952	3.54	3.577	2.763	3.066	1.808	2.128	3.223	1.961	1.07
atac_P05887	highk4_prom	4.459	3.598	1.55	1.417	1.875	1.878	1.848	0	1.768	1.526	1.477
atac_L33432	highk4_prom	3.637	1.449	1.236	0.382	1.086	1.269	0.959	0	2.546	1.017	1.199
atac_L33446	highk4_prom	4.905	4.32	1.907	3.22	2.424	2.104	2.687	0	3.593	2.128	0.89
atac_L33463	highk4_prom	4.162	3.316	1.799	2.443	1.344	0.861	1.447	0	2.048	0.953	1.047
atac_L33466	highk4_prom	4.569	5.025	1.906	2.488	2.332	1.652	2.039	2.078	2.226	2.04	0.941
atac_L33481	highk4_prom	3.723	5.096	4.394	3.399	2.7	2.564	1.328	4.629	3.231	2.608	0.635
atac_L33493	highk4_prom	3.479	4.452	3.14	3.058	2.299	1.881	1.737	3.283	1.582	2.247	1.097
atac_L33533	highk4_prom	3.988	5.57	2.849	3.16	2.307	2.421	1.729	2.159	3.584	2.239	1.353
atac_L33534	highk4_prom	4.187	4.931	3.118	3.296	2.164	2.283	1.85	2.067	2.978	2.029	1.118
atac_L33539	highk4_prom	4.507	4.7	1.791	2.559	2.369	2.126	1.757	2.073	2.556	2.259	1.033
atac_L33585	highk4_prom	3.486	4.655	1.885	2.228	1.799	1.44	1.625	0	2.324	1.705	1.364
atac_L33591	highk4_prom	4.136	2.452	0.869	1.51	0.972	0.954	1.362	0	2.046	0.813	0.897
atac_L33613	highk4_prom	4.613	4.899	1.565	3.157	1.874	2.066	2.378	0	3.108	2.658	1.448
atac_L33628	highk4_prom	4.597	5.137	2.828	3.662	2.771	2.762	2.128	2.997	3.646	2.357	1.713
atac_L33647	highk4_prom	4.862	2.974	1.214	1.487	1.524	1.048	0	0	2.363	1.841	1.346
atac_P05946	highk4_prom	5.236	4.483	1.21	2.383	1.856	1.989	2.064	0	3.054	1.843	1.275
atac_L33662	highk4_prom	3.707	3.898	2.561	2.27	2.438	2.086	0	2.165	2.657	1.698	1.188
atac_P05948	highk4_prom	3.979	2.143	1.419	1.943	2.415	1.313	0.552	0	2.317	0.743	1.189
atac_L33683	highk4_prom	4.169	3.375	1.516	2.931	1.984	1.655	1.659	2.081	2.097	1.777	1.212
atac_L33685	highk4_prom	4.04	4.016	1.624	2.057	1.815	1.997	2.038	2.166	2.708	1.998	1.276
atac_L33690	highk4_prom	4.147	4.193	1.06	1.571	1.743	1.324	0.772	0	1.857	1.017	0.474
atac_L33736	highk4_prom	4.158	4.528	2.164	2.734	2.723	2.678	2.892	0	3.253	1.907	1.687
atac_L33742	highk4_prom	3.777	4.632	4.208	3.24	2.73	2.652	1.781	4.122	3.708	1.793	0.487
atac_L33744	highk4_prom	3.893	3.712	3.021	2.362	2.785	1.931	1.314	2.941	2.919	2.406	1.605
atac_L33749	highk4_prom	4.728	4.466	2.321	2.81	1.927	1.418	1.546	2.901	1.953	1.029	0.73
atac_L33754	highk4_prom	5.12	4.628	0.986	2.184	2.121	1.79	1.75	0	2.126	2.013	1.449
atac_L33755	highk4_prom	4.048	4.571	1.31	2.595	1.737	2.266	1.979	0	1.725	1.645	1.46
atac_L33781	highk4_prom	3.574	3.608	3.278	3.782	2.818	2.565	1.184	2.619	3.341	1.073	1.083
atac_L33784	highk4_prom	4	3.473	1.864	2.48	2.131	1.815	1.996	2.847	2.743	1.22	1.33
atac_L33789	highk4_prom	4.419	4.422	1.74	2.792	2.434	1.568	1.922	0	2.659	1.923	1.043
atac_L33797	highk4_prom	3.94	2.754	0.635	1.405	0.979	0.596	1.32	0	1.403	0.389	0
atac_L33798	highk4_prom	4.542	2.877	1.229	1.941	1.425	1.352	1.495	0	1.874	1.324	0.999
atac_L33803	highk4_prom	5.056	3.895	0.974	2.268	1.789	1.636	0.601	0	2.248	1.995	0
atac_L33806	highk4_prom	4.457	2.976	1.054	1.831	1.444	0.842	1.119	0	2.001	1.429	1.11
atac_L33816	highk4_prom	4.116	3.347	0.898	2.233	1.911	1.583	1.461	1.426	2.715	0.786	1.162
atac_L33820	highk4_prom	4.625	2.441	1.478	1.414	2.266	1.941	1.845	0	2.554	0.807	0.891
atac_L33823	highk4_prom	4.589	3.097	1.783	2.215	1.325	1.402	2.033	0	1.95	0	1.185
atac_L33825	highk4_prom	3.703	4.404	1.268	1.658	2.138	1.705	1.489	1.453	1.866	1.083	1.507
atac_L33826	highk4_prom	4.211	3.677	1.255	2.249	1.344	1.522	0.593	2.145	1.333	0	0.504
atac_L33829	highk4_prom	4.323	4.395	1.55	2.453	1.965	2.159	2.082	2.121	2.138	0.782	1.065
atac_P05987	highk4_prom	3.427	5.336	3.51	3.433	2.526	2.884	2.422	3.672	3.442	2.159	1.354
atac_P05990	highk4_prom	4.574	3.945	1.53	1.38	1.924	1.15	1.239	2.481	2.768	1.982	0.904
atac_L33861	highk4_prom	3.982	4.394	0.733	2.208	2.318	1.628	2.114	0	2.789	2.713	0.768
atac_L33867	highk4_prom	3.807	5.274	2.216	2.536	2.347	2.207	0.583	2.122	3.114	1.66	1.401
atac_L33870	highk4_prom	3.998	4.285	2.011	2.439	2.129	1.775	1.249	3.361	2.241	1.995	1.4
atac_P05999	highk4_prom	4.604	3.784	1.8	2.578	2.274	2.209	1.808	0	2.928	2.306	1.087
atac_L33914	highk4_prom	4.941	4.24	1.718	2.961	1.87	1.464	1.197	3.046	2.438	1.927	0.438
atac_L33918	highk4_prom	3.61	3.971	1.279	2.634	2.341	1.988	2.698	2.177	3.103	0.812	0.364
atac_L33927	highk4_prom	4.381	3.673	0.727	1.713	1.924	1.111	1.334	2.142	2.527	0	0.981
atac_P06021	highk4_prom	3.802	2.466	1.178	1.315	1.351	0.678	0.549	0	2.366	0	0.593
atac_L33956	highk4_prom	4.254	3.316	1.325	2.785	1.98	2.065	2.758	3.011	4	0.814	1.287
atac_L33960	highk4_prom	4.014	2.93	0.622	1.589	1.234	0.805	0.701	1.929	1.38	1.326	0.754
atac_L33970	highk4_prom	4.405	3.83	1.705	2.111	2.086	1.154	1.89	0	2.989	1.048	1.057
atac_L33990	highk4_prom	4.515	3.343	1.655	1.625	1.328	1.738	2.168	0	2.337	1.662	0.866
atac_L34000	highk4_prom	3.518	2.244	1.424	1.208	1.577	0.937	1.014	0	2.018	1.307	0.986
atac_L34003	highk4_prom	4.265	4.046	1.424	0.836	1.456	0.619	1.678	0	1.627	1.642	0.741
atac_L34019	highk4_prom	4.45	4.664	1.342	2.199	1.979	1.668	1.434	2.917	2.631	0.768	1.224
atac_L34023	highk4_prom	3.965	3.524	0.284	0.982	1.858	1.11	0.591	0	2.156	0	0.875
atac_L34033	highk4_prom	4.009	2.539	1.706	3.712	2.14	1.337	1.571	2.787	3.946	1.685	1.487
atac_L34107	highk4_prom	4.345	4.176	2.326	2.497	2.248	1.724	1.291	2.906	2.759	1.456	0.843
atac_L34114	highk4_prom	4.203	3.664	1.856	2.296	2.036	2.071	2.419	1.974	2.795	0.394	1.21
atac_L34155	highk4_prom	4.262	4.335	1.324	3.623	2.724	2.689	2.034	2.073	3.4	2.452	0.835
atac_L34162	highk4_prom	3.384	3.209	1.127	2.449	2.204	1.793	1.322	1.818	2.616	1.393	1.161
atac_L34164	highk4_prom	3.643	4.397	2.42	3.046	2.321	2.499	1.835	3.271	3.322	1.989	1.182
atac_L34188	highk4_prom	3.651	2.89	1.365	1.788	1.797	1.927	1.858	2.075	2.508	0.757	1.124
atac_L34198	highk4_prom	3.552	3.454	3.004	3.196	2.211	1.84	0.97	0	2.462	2.159	1.368
atac_L34229	highk4_prom	3.882	4.954	1.311	2.352	1.911	1.657	1.789	0	3.097	2.295	1.056
atac_L34230	highk4_prom	3.798	4.546	1.269	2.005	1.889	1.689	1.59	1.325	2.621	1.386	1.375
atac_L34234	highk4_prom	4.368	5.216	2.247	3.955	2.823	2.867	2.174	2.956	3.921	2.319	0.869
atac_L34383	highk4_prom	3.745	4.349	1.304	1.403	1.441	1.529	1.608	2.153	0.523	0.799	1.348
atac_L34444	highk4_prom	4.85	3.597	0.697	2.446	2.274	1.975	2.292	0	3.162	2.046	1.279
atac_L34526	highk4_prom	3.541	3.784	2.229	2.358	1.956	1.906	1.854	2.889	2.397	2.034	0.835
atac_L34544	highk4_prom	3.788	3.232	1.187	0.933	1.691	1.492	1.496	1.897	1.845	1.462	0.53
atac_L16119	highk4_prom	3.638	4.104	2.587	3.322	2.923	2.594	1.889	2.108	4.486	1.942	0.744
atac_L16188	highk4_prom	3.758	4.714	2.84	3.055	2.312	2.266	1.942	2.164	3.012	1.697	1.579
atac_L16205	highk4_prom	3.999	2.745	1.227	1.415	1.794	0.949	1.2	2.169	1.472	2	1.438
atac_L16215	highk4_prom	3.784	4.465	1.297	2.344	1.546	2.065	1.474	2.144	2.013	1.303	0.982
atac_P03115	highk4_prom	3.758	4.078	1.423	2.916	1.983	1.928	0.723	1.971	3.435	1.934	0.441
atac_L16242	highk4_prom	4.082	2.405	1.488	2.237	1.098	1.407	1.464	1.429	1.443	2.094	1.073
atac_L16253	highk4_prom	3.982	4.001	1.867	1.986	2.016	1.743	1.933	2.154	3.22	0.8	0.883
atac_L16262	highk4_prom	3.854	2.245	2.235	2.6	1.73	1.922	0.907	1.981	1.698	1.535	0
atac_L16276	highk4_prom	3.828	4.769	1.977	2.638	1.683	2.343	1.632	2.181	2.197	1.712	1.593
atac_P03134	highk4_prom	3.577	3.723	1.699	2.837	2.052	2.641	1.453	2.431	2.833	1.813	1.417
atac_L16304	highk4_prom	4.802	4.427	1.091	2.677	2.042	1.789	1.364	0	2.991	0.814	1.66
atac_P03136	highk4_prom	3.62	3.823	2.033	2.489	2.301	1.845	1.362	2.469	2.154	2.085	0.693
atac_L16308	highk4_prom	4.308	4.456	1.334	2.241	2.019	1.705	2.332	0	2.675	1.298	0.759
atac_L16309	highk4_prom	3.429	3.966	3.435	3.342	2.816	2.131	1.699	2.95	3.045	2.204	0.35
atac_L16310	highk4_prom	4.64	5.044	1.391	2.262	1.712	1.745	2.279	0	2.745	0.801	1.823
atac_L16311	highk4_prom	4.64	3.304	1.49	2.29	1.678	1.962	1.874	2.092	2.627	1.787	0.34
atac_L16312	highk4_prom	3.354	3.775	1.614	1.689	1.675	1.663	1.989	0	1.985	2.303	2.136
atac_L16316	highk4_prom	4.312	4.787	1.851	2.939	2.107	1.999	1.354	2.169	1.872	2	1.438
atac_L16326	highk4_prom	3.487	4.438	1.479	2.856	2.363	1.878	1.581	2.946	3.431	1.287	0.864
atac_L16328	highk4_prom	4.018	3.005	1.827	2.902	2.161	2.02	2.474	1.387	3.031	1.916	0.73
atac_L16334	highk4_prom	3.528	4.521	1.748	3.531	2.369	2.636	1.611	3.892	3.043	1.691	0.991
atac_L16340	highk4_prom	3.986	3.26	1.349	1.489	1.243	1.29	0.768	2.87	1.264	1.429	0.717
atac_L16349	highk4_prom	5.135	3.972	0.745	2.009	2.098	1.649	1.362	2.178	2.67	2.258	1.104
atac_L16350	highk4_prom	3.897	5.272	1.549	2.409	1.795	2.007	1.317	0	3.001	1.954	1.731
atac_P03154	highk4_prom	4.242	3.61	0.757	2.695	2.418	2.032	1.458	0	2.763	2.26	0.971
atac_L16387	highk4_prom	3.682	4.83	2.51	3.17	2.414	2.54	2.062	3.982	3.089	2.389	0.955
atac_L16422	highk4_prom	4.218	2.961	1.253	2.075	1.896	1.599	1.199	0	1.884	1.652	0.593
atac_L16483	highk4_prom	4.34	3.627	2.014	2.217	2.228	2.31	1.35	0	2.799	2.639	1.274
atac_L16520	highk4_prom	3.723	3.894	2.133	2.259	1.956	1.666	1.208	1.979	2.839	0.706	1.056
atac_L16545	highk4_prom	4.585	2.659	1.256	1.595	1.173	1.232	1.294	0	1.711	1.035	1.219
atac_L16551	highk4_prom	4.64	4.699	1.891	2.597	1.85	1.873	0.608	2.18	1.229	2.011	0.782
atac_L16554	highk4_prom	4.117	4.163	2.276	2.995	2.653	2.576	2.49	2.852	3.59	2.117	1.01
atac_P03180	highk4_prom	3.553	3.802	1.786	3.216	2.707	2.434	1.62	2.85	2.829	2.502	0.815
atac_L16591	highk4_prom	4.682	3.532	2.241	1.718	1.842	1.213	0.594	0	2.419	0.452	0.356
atac_L16599	highk4_prom	4.165	3.394	1.555	3.417	3.343	2.055	2.291	4.569	4.047	1.702	1.439
atac_L16618	highk4_prom	3.602	3.908	2.988	2.601	2.417	1.797	1.542	2.077	2.748	2.039	0.609
atac_L16635	highk4_prom	3.355	4.235	2.692	2.743	2.881	2.163	2.37	1.462	2.899	2.65	0.363
atac_P03197	highk4_prom	4.959	5.396	2.938	3.352	2.528	2.548	1.608	3.35	3.684	2.207	1.321
atac_L16658	highk4_prom	4.77	4.437	2.033	2.046	1.977	2.161	1.934	2.155	2.646	0.8	0.645
atac_L16666	highk4_prom	4.249	4.083	1.827	3.067	2.275	1.74	1.627	3.735	2.901	2.007	0.516
atac_L16670	highk4_prom	4.773	3.951	1.855	2.026	1.392	1.372	1.243	0	2.171	1.404	1.001
atac_L16673	highk4_prom	4.895	5.292	1.602	3.065	2.768	2.166	1.808	1.929	2.99	1.892	1.022
atac_L16691	highk4_prom	3.361	4.626	2.822	3.267	2.284	1.713	0.582	2.121	2.609	1.056	0.629
atac_L16692	highk4_prom	4.23	4.564	0.859	1.73	2.022	1.792	1.022	2.16	2.177	1.693	1.354
atac_L16701	highk4_prom	3.551	4.922	2.427	3.298	2.484	1.883	2.248	2.952	2.759	1.82	1.405
atac_L16703	highk4_prom	4.419	2.88	0.676	1.003	1.267	1.383	0.605	0	2.117	0	1.516
atac_L16708	highk4_prom	3.967	4.95	2.445	1.876	1.764	1.782	1.915	0	2.417	1.739	0.817
atac_L16712	highk4_prom	4.34	2.566	1.452	1.475	1.917	1.488	1.176	2.606	2.812	2.096	1.554
atac_L16736	highk4_prom	3.715	4.857	2.126	2.464	1.427	1.946	0.833	0	2.323	0.81	1.894
atac_L16737	highk4_prom	4.821	4.027	0.982	2.177	1.517	1.327	1.953	0	1.788	0.812	1.444
atac_L16743	highk4_prom	4.815	1.459	1.327	0.942	1.462	1.25	1.283	0	1.869	1.773	1.436
atac_L16744	highk4_prom	4.079	5.025	1.989	2.696	2.246	2.186	1.617	0	2.889	2.64	1.095
atac_L16749	highk4_prom	4.551	2.711	1.163	2.834	2.272	2.043	2.88	2.021	3.032	1.859	1.698
atac_L16844	highk4_prom	3.942	4.06	1.508	1.727	1.76	1.282	1.02	0	1.772	1.691	0.509
atac_L16848	highk4_prom	3.539	4.32	2.75	3.194	2.409	1.9	1.353	2.996	3.268	1.699	1.276
atac_L16864	highk4_prom	4.518	3.537	1.214	1.858	1.379	1.278	1.341	0	1.338	1.076	0.643
atac_L16867	highk4_prom	4.237	4.414	2.456	2.772	1.618	1.832	1.709	0	2.348	1.969	1.804
atac_P03255	highk4_prom	4.493	2.683	1.014	1.583	1.569	1.218	1.352	0	1.793	0	1.3
atac_L16889	highk4_prom	4.205	4.423	1.706	1.685	1.377	1.788	2.071	0	2.871	0.44	1.533
atac_P03257	highk4_prom	4.923	3.732	1.396	2.032	1.623	1.687	2.96	0	2.55	1.368	1.215
atac_L16911	highk4_prom	4.665	3.609	1.724	2.438	2.61	1.92	1.817	3.125	3.379	0	0.589
atac_L16929	highk4_prom	3.739	4.743	1.906	2.479	2.269	1.921	2.149	2.575	2.907	1.941	0.344
atac_L16964	highk4_prom	4.083	4.126	1.082	0.999	1.329	0.695	0	2.641	2.318	0.807	1.996
atac_L16977	highk4_prom	4.86	3.972	2.043	2.886	2.486	1.84	1.512	2.855	3.248	1.003	0.818
atac_L17033	highk4_prom	4.654	5.674	1.517	2.059	1.817	2.141	2.04	2.998	2.442	2.46	0.891
atac_L17047	highk4_prom	4.497	3.828	0.916	2.264	1.639	1.314	1.729	2.159	2.104	0	0.886
atac_L17048	highk4_prom	3.713	3.21	0.675	2.172	1.087	1.025	1.848	2.171	1.874	0.46	0.999
atac_L17075	highk4_prom	3.823	4.371	1.414	2.903	1.979	1.832	1.329	3.246	2.674	2.52	1.621
atac_L17077	highk4_prom	4.685	3.61	1.833	2.04	1.604	1.844	1.604	2.149	2.234	2.534	0.356
atac_L17082	highk4_prom	3.934	4.566	3.191	2.769	1.811	1.933	1.515	0	2.797	1.592	1.604
atac_P03315	highk4_prom	4.913	4.349	1.853	2.419	1.709	1.885	1.263	0	2.996	1.009	1.609
atac_P03318	highk4_prom	3.428	3.95	2.116	2.219	2.087	2.319	1.496	1.341	2.29	1.724	0.701
atac_L17136	highk4_prom	3.679	4.561	1.421	1.674	1.775	1.648	1.299	0	1.414	0	1.05
atac_L17193	highk4_prom	4.051	5.342	2.814	3.242	2.08	2.743	2.474	2.141	3.76	2.22	1.257
atac_L17196	highk4_prom	4.22	3.495	1.673	3.213	1.495	2.315	1.037	1.47	2.726	1.872	1.108
atac_L17207	highk4_prom	3.385	3.602	2.322	3.315	1.815	2.389	0.592	2.969	2.527	1.302	1.34
atac_L17210	highk4_prom	3.675	3.56	1.721	1.941	2.017	1.278	1.424	1.94	2.201	0.936	0.3
atac_L17222	highk4_prom	4.529	3.764	1.31	2.162	1.877	1.254	1.614	2.16	2.6	1.517	0.51
atac_L17241	highk4_prom	3.978	4.305	1.225	1.942	1.914	1.56	1.518	1.361	1.76	1.595	0.713
atac_L17255	highk4_prom	3.657	3.251	3.404	3.196	2.868	1.529	1.582	0	3.374	1.486	0.63
atac_L17260	highk4_prom	4.97	4.144	1.863	1.426	1.94	2.102	1.505	0	2.456	0.815	1.288
atac_L17267	highk4_prom	3.649	4.487	3.684	3.453	2.389	2.294	0.6	2.162	2.653	1.994	1.708
atac_L17270	highk4_prom	5.537	4.626	1.325	2.983	1.917	1.627	1.748	3.011	3.215	1.869	0.656
atac_L17272	highk4_prom	4.244	4.58	1.99	2.646	2.131	1.918	0.973	4.105	3.329	0	1.511
atac_L17281	highk4_prom	3.943	5.045	2.252	3.286	2.306	2.305	1.836	2.987	2.597	2.347	0.771
atac_L17291	highk4_prom	4.053	3.038	0.646	1.454	1.376	0.835	1.685	0	0.881	0.775	0.745
atac_L17335	highk4_prom	3.519	2.855	1.214	1.209	1.182	0.543	0.595	0	1.457	0	0.357
atac_L17345	highk4_prom	4.004	4.638	2.218	2.834	1.801	1.841	0.794	2.103	3.092	1.642	1.143
atac_L17422	highk4_prom	3.657	4.369	2.147	3.299	2.366	2.208	1.739	0	3.336	1.088	0.777
atac_L17452	highk4_prom	3.885	4.873	3.487	3.392	2.513	2.092	2.432	2.674	3.555	1.959	0.631
atac_P03376	highk4_prom	3.971	1.431	0.484	0.92	1.036	0.908	1.257	0	1.475	1.003	1.012
atac_L17468	highk4_prom	3.469	4.008	1.929	2.535	2.189	2.008	1.347	0	2.65	1.315	1.641
atac_L17495	highk4_prom	4.071	4.554	1.78	2.463	2.206	1.997	2.053	0	2.891	2.054	0.616
atac_L17498	highk4_prom	3.448	3.272	1.224	1.097	1.197	1.189	1.582	0	1.71	0	1.368
atac_L17500	highk4_prom	3.866	4.918	2.415	2.119	1.93	1.823	1.849	0	2.897	1.703	0.652
atac_P03384	highk4_prom	3.974	1.72	1.503	1.61	0.89	0.643	0.46	0	2.128	1.785	1.163
atac_L17514	highk4_prom	4.585	4.59	0.871	2.336	1.83	1.833	1.036	3.538	2.569	1.713	1.007
atac_L17587	highk4_prom	4.037	4.954	1.278	2.167	2.458	2.413	1.847	0	3.275	1.608	1.279
atac_L17593	highk4_prom	3.394	3.331	0.9	1.132	0.85	1.107	0.947	2.044	2.475	0	0.327
atac_L17648	highk4_prom	3.63	3.451	1.164	0.862	0.731	0.542	1.012	2.146	2.476	0.795	1.174
atac_L17688	highk4_prom	4.241	4.262	1.371	2.532	1.783	1.519	2.276	0	2.92	0.761	1.369
atac_L17775	highk4_prom	4.006	5.245	2.127	2.228	2.289	2.094	1.851	3.004	2.614	1.326	1.282
atac_L17776	highk4_prom	3.661	4.233	2.174	2.227	1.844	2.195	0.605	0	2.386	1.704	1.717
atac_L17794	highk4_prom	3.536	2.871	1.397	2.269	0.74	1.564	1.617	2.164	2.551	0.805	0.995
atac_P03410	highk4_prom	4.124	1.708	1.302	2.329	1.514	2.143	1.392	2.044	2.311	0.74	0.467
atac_L00094	highk4_prom	4.403	4.306	2.75	2.326	1.908	1.255	1.661	2.083	3.327	1.03	1.214
atac_L00189	highk4_prom	3.667	5.07	2.794	3.333	2.436	2.045	1.033	3.009	3.213	2.565	1.658
atac_L00256	highk4_prom	4.525	3.835	1.866	2.35	1.986	2.179	1.273	0	2.975	2.837	1.116
atac_L00265	highk4_prom	4.566	3.284	0.63	2.178	2.087	1.834	1.282	2.542	2.702	1.618	1.363
atac_L00282	highk4_prom	4.062	3.644	1.681	2.53	1.322	1.447	1.314	0	2.445	1.283	0.861
atac_L00289	highk4_prom	4.662	4.929	0.886	0.84	1.462	1.089	2.07	0	2.126	1.277	1.234
atac_L00303	highk4_prom	4.597	4.474	1.496	2.505	1.306	1.021	0.556	3.391	1.681	0.748	0.718
atac_L00320	highk4_prom	4.307	4.249	2.686	2.307	2.255	1.885	1.982	2.109	2.868	0.775	1.057
atac_L00329	highk4_prom	3.949	3.833	1.436	0.997	1.789	1.256	0.601	2.163	0.913	1.519	0.511
atac_P00086	highk4_prom	5.187	4.723	0.883	2.606	1.883	2.203	2.208	2.478	3.189	1.718	1.579
atac_L00334	highk4_prom	5.218	5.252	3.217	2.651	2.723	2.369	1.582	2.123	3.15	0.783	1.244
atac_L00335	highk4_prom	4.014	4.338	1.45	2.714	1.683	1.526	1.632	2.181	2.674	0.814	0.365
atac_L00345	highk4_prom	3.412	4.97	2.997	3.919	3.096	2.327	2.626	3.28	4.023	1.698	1.358
atac_L00380	highk4_prom	3.57	2.666	1.382	1.357	1.21	1.481	1.673	0	1.413	2.058	0.617
atac_L00391	highk4_prom	4.872	4.334	2.914	3.309	2.117	2.34	0.836	3.009	2.392	3.033	1.104
atac_L00402	highk4_prom	4.199	3.663	2.411	2.739	2.123	1.873	1.951	2.076	3.289	0.428	1.436
atac_L00421	highk4_prom	3.736	3.683	1.368	1.769	1.415	1.655	1.95	0	2.071	1.542	0.57
atac_L00426	highk4_prom	3.745	3.46	1.647	3.231	2.129	2.074	0	0	2.238	1.986	0.768
atac_L00445	highk4_prom	4.208	3.526	1.208	1.85	1.598	1.732	1.181	0	2.775	1.677	1.972
atac_L00447	highk4_prom	4.642	4.383	1.189	2.558	2.175	1.418	0	3.92	2.674	1.712	1.448
atac_L00449	highk4_prom	3.531	2.866	1.51	1.409	1.08	1.61	1.348	0	1.576	1.992	1.272
atac_L00454	highk4_prom	4.655	3.722	1.24	1.381	1.265	1.197	1.583	0	1.742	1.289	0.866
atac_L00458	highk4_prom	3.53	4.008	1.582	2.161	1.416	1.253	0.599	0	2.372	1.692	1.353
atac_L00495	highk4_prom	3.672	2.475	2.771	2.497	2.147	1.314	1.737	2.051	1.922	0	1.414
atac_L00513	highk4_prom	4.65	3.338	2.258	1.377	1.325	1.552	1.994	0	2.333	0.782	0.348
atac_L00514	highk4_prom	4.409	3.086	2.156	2.511	2.193	1.682	1.407	0	2.818	0.751	0.83
atac_L00518	highk4_prom	3.742	4.2	1.638	1.844	1.401	1.644	0.56	0	2.152	1.612	1.03
atac_L00521	highk4_prom	4.091	4.461	3.367	3.494	2.609	2.269	2.069	2.109	3.233	2.491	1.39
atac_L00528	highk4_prom	4.167	4.576	1.728	2.81	1.886	2.257	1.356	0	2.895	2.557	1.514
atac_L00550	highk4_prom	3.953	5.028	2.326	2.32	1.86	1.663	1.353	0	2.497	1.321	1.096
atac_P00141	highk4_prom	4.87	3.013	0.873	0	0.824	0.736	0.739	0	1.947	1.703	0.316
atac_L00555	highk4_prom	4.12	4.968	1.786	3.139	3.15	2.52	1.024	3.279	3.536	3.318	1.188
atac_L00560	highk4_prom	3.505	5.012	3.475	3.156	2.99	2.439	2.049	2.908	3.474	2.05	1.446
atac_L00565	highk4_prom	4.798	2.669	0.765	1.36	0.923	1.082	1.436	0	1.969	1.041	0.342
atac_L00567	highk4_prom	3.847	3.838	2.695	2.644	2.037	2.186	1.99	0	2.444	1.654	0.965
atac_L00585	highk4_prom	4.437	3.606	0.872	1.349	1.136	1.472	1.14	0	1.287	0.763	0.339
atac_L00589	highk4_prom	4.129	4.534	1.714	3.126	2.066	2.042	1.094	2.02	2.961	2.98	1.167
atac_L00607	highk4_prom	4.486	4.829	1.553	2.498	2.32	1.505	1.321	2.125	2.337	0.784	0.866
atac_P00163	highk4_prom	4.365	4.18	1.457	2.927	2.51	2.24	2.444	3.765	1.998	2.601	1.191
atac_L00615	highk4_prom	4.104	4.672	2.551	3.053	2.293	2.038	2.042	3.088	2.705	2.184	1.153
atac_L00617	highk4_prom	4.231	3.426	1.747	2.19	2.51	2.262	2.85	0	3.308	1.38	1.674
atac_P00170	highk4_prom	3.779	4.143	1.566	3.157	2.321	2.115	1.95	0	2.691	2.17	1.144
atac_P00172	highk4_prom	4.614	3.864	1.625	2.102	2.172	1.776	2.664	2.756	3.365	1.512	0.666
atac_L00640	highk4_prom	4.524	3.261	1.288	2.464	1.893	1.379	1.812	0	1.194	1.294	1.332
atac_L00669	highk4_prom	4.795	4.737	2.133	3.181	2.622	2.36	2.422	0	2.486	0	1.571
atac_L00738	highk4_prom	4.165	2.712	1.731	1.299	1.026	0.852	1.469	0	2.223	1.498	1.077
atac_L00743	highk4_prom	5.07	4.264	2.087	2.492	2.078	1.454	2.118	2.631	2.649	0.456	1.352
atac_L00770	highk4_prom	4.502	3.569	1.886	2.782	1.767	1.771	1.988	0	2.131	1.653	1.061
atac_L00776	highk4_prom	3.903	4.642	1.876	2.165	1.693	1.794	1.733	0	2.437	0.458	0.648
atac_L00783	highk4_prom	4.037	2.74	1.269	1.733	1.924	1.538	1.197	0	2.315	1.52	0.995
atac_P00207	highk4_prom	4.402	4.919	2.373	3.55	2.138	2.641	2.019	3.155	3.437	2.83	0.6
atac_L00823	highk4_prom	5.057	4.013	1.507	2.759	2.26	1.685	1.049	3.47	3.023	0.947	0
atac_L00868	highk4_prom	3.903	4.021	2.15	2.278	1.754	1.822	2.086	2.125	1.436	2.313	1.85
atac_L00875	highk4_prom	4.002	1.961	0.689	0.817	1.253	1.027	1.276	0	0.856	1.612	0.605
atac_L00921	highk4_prom	3.723	4.48	1.866	2.38	2.207	2.015	1.146	0	2.528	1.461	1.221
atac_L00923	highk4_prom	5.245	3.399	0.98	1.003	1.01	1.027	2.045	0	1.69	0.81	0.515
atac_P00250	highk4_prom	3.999	4.618	1.254	1.219	1.257	1.218	1.383	0	1.247	0	1.33
atac_L00954	highk4_prom	3.6	3.675	2.058	2.755	2.476	1.612	1.817	3.361	2.824	1.219	0.812
atac_L00972	highk4_prom	4.794	4.754	1.473	2.007	1.835	1.42	1.162	0	1.985	1.281	1.395
atac_L01022	highk4_prom	4.547	4.46	1.179	1.937	2.085	1.353	0.848	2.334	2.399	1.597	1.143
atac_L01023	highk4_prom	3.349	4.535	1.479	2.369	1.393	1.095	1.354	0	1.22	1.322	1.278
atac_L01028	highk4_prom	4.931	4.323	1.4	2.808	2.069	2.174	2.503	0	2.442	2.248	0.651
atac_L01033	highk4_prom	3.548	4.236	4.071	3.612	3.009	2.582	1.359	3.913	3.654	2.255	1.102
atac_L01040	highk4_prom	3.665	5.451	2.201	3.067	1.627	2.061	1.36	0	2.507	2.816	0.896
atac_L01057	highk4_prom	3.417	4.114	1.509	0.71	1.157	1.618	1.45	2.115	0.709	0	1.238
atac_L01069	highk4_prom	5.151	4.184	1.311	2.578	1.862	1.472	1.637	2.871	2.809	0.747	0.826
atac_L01073	highk4_prom	4.141	3.649	1.19	1.82	1.373	1.173	1.633	0	1.698	1.333	1.726
atac_L01075	highk4_prom	4.542	4.356	1.281	1.287	1.581	1.736	1.319	0	1.993	0.783	1.902
atac_L01077	highk4_prom	4.417	4.022	3.96	3.527	2.639	2.628	2.043	3.73	3.206	2.463	1.515
atac_L01089	highk4_prom	3.518	4.051	2.103	2.68	2.05	1.98	1.339	0	2.828	0	1.084
atac_L01094	highk4_prom	4.437	4.175	1.715	2.034	2.026	1.744	2.279	0	2.234	2.164	0.613
atac_L01096	highk4_prom	4.697	5.046	0.871	2.071	1.874	2.267	2.224	0	2.266	1.096	1.523
atac_L01111	highk4_prom	4.937	3.399	1.763	2.63	2.074	1.985	1.03	2.174	2.118	1.705	1.516
atac_L01141	highk4_prom	3.605	2.827	1.102	0.715	0.812	1.579	0	0	1.546	0	1.545
atac_L01153	highk4_prom	4.494	4.788	1.249	1.177	1.456	1.148	1.939	2.781	1.993	1.177	1.136
atac_L01183	highk4_prom	3.443	3.401	1.215	1.985	1.318	1.976	1.821	1.351	2.119	1.736	0.591
atac_L01207	highk4_prom	3.953	4.526	1.287	2.583	1.973	0.999	0	0	2.716	1.293	1.249
atac_P00326	highk4_prom	3.628	3.782	2.755	3.45	2.68	2.767	2.017	2.433	3.284	2.516	0.676
atac_L01222	highk4_prom	4.469	3.329	1.763	2.239	1.61	1.531	1.918	0	2.31	1.879	0.818
atac_L01232	highk4_prom	3.621	4.612	2.671	2.809	2.497	2.358	2.405	0	3.332	0.791	1.337
atac_P00331	highk4_prom	3.946	4.354	1.775	3.066	2.337	1.943	2.098	2.52	3.171	0.746	2.202
atac_L01245	highk4_prom	4.557	5.182	2.719	3.582	3.172	2.954	1.366	4.476	4.193	2.66	1.524
atac_L01256	highk4_prom	3.432	3.977	3.002	2.678	2.063	1.768	1.036	2.182	3.738	0	0.783
atac_L01261	highk4_prom	4.254	4.345	1.258	2.303	1.73	2.106	1.829	2.15	2.589	1.684	0.642
atac_L01278	highk4_prom	3.537	3.701	2.561	2.734	1.903	2.154	1.735	2.165	2.25	0	1.436
atac_L01315	highk4_prom	3.868	5.44	2.376	2.588	2.232	1.984	2.007	3.481	3.263	1.296	0.976
atac_L01321	highk4_prom	3.738	3.856	2.015	2.229	1.54	1.039	0.733	0	2.651	1.187	0.788
atac_L01333	highk4_prom	4.017	4.255	1.471	1.887	2.26	2.018	0.991	0	2.915	1.478	2.342
atac_P00352	highk4_prom	4.175	2.632	0.794	1.066	1.359	1.157	1.435	1.952	2.472	0	1.037
atac_L01350	highk4_prom	3.909	4.199	2.968	2.986	2.566	2.055	1.15	3.736	3.557	2.178	0.64
atac_P00356	highk4_prom	4.233	4.188	1.285	2.348	1.87	1.444	1.808	0	2.039	0.729	1.169
atac_L01494	highk4_prom	3.916	2.881	0.608	1.742	1.428	1.027	0.605	0	1.356	2.56	0
atac_L38877	highk4_prom	3.363	2.602	0.778	1.047	1.023	1.137	1.52	0	0.438	0.926	0.846
atac_L38919	highk4_prom	3.777	3.876	0.433	2.151	2.396	0.942	1.299	3.202	2.043	1.793	0.487
atac_L38954	highk4_prom	4.679	3.53	1.741	2.842	2.7	1.781	2.345	0	3.234	1.778	0.943
atac_L38963	highk4_prom	4.858	4.717	1.788	2.698	2.248	1.86	1.736	3.724	2.497	2.458	1.773
atac_L38977	highk4_prom	4.115	3.346	1.104	2.46	1.803	1.922	1.323	0	2.278	1.961	1.161
atac_L39025	highk4_prom	3.93	5.216	1.85	2.363	2.053	1.606	1.283	0	2.657	2.155	1.125
atac_L39042	highk4_prom	4.134	3.567	2.45	2.443	2.033	1.727	1.794	0	2.495	0.777	0.625
atac_P06906	highk4_prom	4.398	4.428	1.349	2.244	2.059	1.748	1.658	0	2.046	1.669	1.203
atac_L39099	highk4_prom	3.848	5.825	2.614	3.164	2.568	2.749	1.163	0	2.959	2.196	1.239
atac_L39110	highk4_prom	4.591	3.047	1.437	2.882	2.327	1.968	1.692	2.117	2.702	0.78	1.948
atac_L39118	highk4_prom	3.49	3.158	1.24	0.849	1.447	1.288	1.583	0	1.647	1.818	1.403
atac_L39139	highk4_prom	4.331	4.24	1.866	2.873	2.18	1.939	1.174	2.387	3.09	1.494	1.446
atac_L39182	highk4_prom	3.685	3.458	3.077	2.541	2.287	1.419	1.984	0	3.616	1.402	1.699
atac_L39193	highk4_prom	4.191	3.95	1.309	2.45	1.223	1.018	1.613	0	2.432	0.802	1.504
atac_L39196	highk4_prom	3.862	3.06	0.841	2.798	1.803	1.404	1.809	2.129	2.667	2.317	0.498
atac_L39199	highk4_prom	4.201	3.556	1.271	2.502	2.068	2.497	1.737	2.167	2.757	1.857	1.277
atac_L39200	highk4_prom	4.742	3.779	1.32	2.669	2.221	2.606	1.358	0	2.715	2.56	1.442
atac_L39227	highk4_prom	4.078	3.588	0.953	2.234	1.912	1.069	1.172	0	1.44	1.492	1.163
atac_L39257	highk4_prom	4.279	3.472	1.509	2.553	2.342	1.569	0.94	0	2.784	1.87	1.094
atac_P06961	highk4_prom	4.437	2.237	0.754	1.261	1.089	1.173	1.204	0	2.179	1.529	0.876
atac_L39281	highk4_prom	3.461	4.075	2.459	2.288	2.017	1.566	1.084	2.006	1.952	1.389	0.797
atac_L39297	highk4_prom	5.031	2.866	1.619	2.93	2.136	1.703	1.838	2.16	3.559	0	0.886
atac_L39309	highk4_prom	5.254	4.96	1.368	1.425	1.851	1.032	1.035	2.656	1.361	0	1.2
atac_L39310	highk4_prom	4.405	3.742	1.609	1.874	1.674	1.007	0.299	1.352	1.57	0.737	0.915
atac_L39315	highk4_prom	3.48	3.986	3.227	2.951	2.181	1.876	1.42	2.733	2.356	1.898	1.32
atac_L39376	highk4_prom	3.382	4.175	3.408	3.177	2.309	2.344	0.973	0	1.956	1.032	0.946
atac_L39390	highk4_prom	4.893	5.223	1.887	2.816	1.303	1.694	1.627	2.176	2.389	1.328	1.003
atac_L39403	highk4_prom	4.634	4.8	2.871	3.012	2.439	2.206	2.024	2.152	2.998	0.799	0.643
atac_L39406	highk4_prom	4.788	3.902	1.881	1.664	2.089	2.224	1.847	0	1.958	2.001	0.892
atac_L39409	highk4_prom	3.792	3.722	2.406	2.83	1.897	1.731	0.964	0	2.827	0	1.285
atac_L39412	highk4_prom	4.513	3.679	2.505	3.321	2.533	1.842	2.666	2.147	3.488	2.532	1.083
atac_L39432	highk4_prom	4.793	4.256	1.357	2.359	1.918	1.89	1.796	0	2.131	2.193	1.467
atac_L39434	highk4_prom	4.819	5.147	1.452	2.963	2.435	2.409	2.532	2.961	3.093	1.296	0.872
atac_L39436	highk4_prom	5.085	4.589	1.72	3.433	2.767	2.611	2.134	3.812	2.89	2.17	1.045
atac_L39446	highk4_prom	4.247	3.565	1.035	1.004	1.367	1.495	1.031	2.175	1.691	1.529	1.283
atac_L39450	highk4_prom	4.448	4.757	1.42	1.916	1.772	1.666	0.817	0	2.731	2.223	0.639
atac_L39454	highk4_prom	3.776	4.428	3.019	2.503	2.033	1.467	1.24	0	3.254	1.984	1.32
atac_L39510	highk4_prom	4.368	4.557	2.47	2.536	2.112	1.652	2.027	3.07	2.769	1.539	0.786
atac_L39512	highk4_prom	4.343	3.264	1.47	2.853	2.192	1.895	1.679	3.985	2.361	0.711	1.429
atac_L39523	highk4_prom	4.003	4.652	1.883	2.119	1.725	1.382	1.849	3.002	2.188	1.325	1.1
atac_L39530	highk4_prom	4.603	4.587	1.429	1.956	1.848	1.723	0.959	0	1.685	0.75	1.115
atac_P07019	highk4_prom	4.568	4.272	1.494	3.143	2.278	1.633	1.742	0	2.89	1.012	1.552
atac_L39533	highk4_prom	4.074	3.891	1.601	2.472	2.286	1.879	0.959	2.063	2.495	1.761	0.474
atac_L39559	highk4_prom	4.189	4.959	1.955	3.669	2.444	2.405	1.611	3.509	3.5	2.118	0.359
atac_L39576	highk4_prom	3.815	4.278	1.228	2.224	1.047	1.821	1.739	2.17	1.783	2.556	1.513
atac_L39578	highk4_prom	3.411	3.83	1.271	2.599	1.57	2.065	1.89	2.11	2.645	1.803	0.857
atac_L39581	highk4_prom	3.872	5.452	2.793	3.01	2.45	2.263	1.854	0	2.902	2.138	1.103
atac_L39614	highk4_prom	4.173	3.782	1.666	2.51	2.356	1.869	1.744	2.176	2.327	2.256	0.78
atac_L39623	highk4_prom	4.642	3.826	1.811	1.576	1.385	1.533	1.612	2.158	1.862	1.515	1.641
atac_L39634	highk4_prom	4.55	4	1.647	2.207	1.934	1.697	0.822	0	2.483	1.844	0.644
atac_L39639	highk4_prom	4.786	3.454	1.3	1.981	1.97	1.55	0.594	0	2.361	2.438	0.765
atac_L39641	highk4_prom	3.408	4.64	1.175	1.497	0.92	1.457	1.195	0	2.374	1.694	0.772
atac_L39651	highk4_prom	4.265	5.343	2.137	3.928	2.797	2.697	2.281	3.894	3.827	1.991	1.575
atac_L39659	highk4_prom	4.755	3.504	1.403	1.189	1.632	1.286	0.998	0	1.646	0.783	1.325
atac_P07070	highk4_prom	3.546	4.656	1.597	3.158	2.948	2.627	2.03	0	2.309	2.171	1.554
atac_L39670	highk4_prom	3.88	3.122	1.142	1.01	1.016	0.958	0	0	0.535	1.536	0.9
atac_L39695	highk4_prom	5.38	3.01	0.871	2.429	2.121	2.03	2.704	0	2.623	1.871	1.371
atac_L39708	highk4_prom	3.849	3.245	0.835	1.762	1.981	1.62	1.899	0	2.555	1.482	0.494
atac_L39753	highk4_prom	4.593	3.646	1.278	1.082	1.442	1.062	1.8	0	1.91	1.054	0.862
atac_L39755	highk4_prom	3.832	3.008	0.92	1.278	1.199	1.104	1.687	0	1.332	2.073	0.315
atac_P07114	highk4_prom	3.544	3.044	1.674	2.384	1.678	1.855	0.51	0	2.558	0.69	0.662
atac_L39798	highk4_prom	4.937	5.073	1.88	2.904	2.738	2.222	2.097	2.137	3.448	0.79	1.686
atac_L39804	highk4_prom	4.792	4.745	1.53	1.894	1.802	1.874	1.525	0	2.682	1.013	0.175
atac_L39834	highk4_prom	4.194	3.513	1.41	3.045	1.892	2.216	1.704	3.241	3.051	1.062	1.617
atac_L39850	highk4_prom	3.707	4.259	3.2	2.987	2.553	2.002	1.954	2.899	3.437	1.915	0.61
atac_L39901	highk4_prom	3.514	1.4	1.232	1.368	1.264	1.786	1.881	0	2.151	1.556	0.167
atac_L40107	highk4_prom	4.415	4.26	1.648	2.972	2.459	2.004	2.69	2.117	2.959	1.811	0.749
atac_L40111	highk4_prom	4.155	2.401	1.592	2.183	2.292	1.653	1.702	0	2.279	0	1.248
atac_L40160	highk4_prom	3.704	4.588	2.19	3.312	2.36	2.854	2.577	3.464	3.427	1.953	0.967
atac_L40166	highk4_prom	3.517	3.622	1.815	2.625	1.883	1.817	1.675	0	3.156	1.269	0.851
atac_L40175	highk4_prom	3.703	4.011	1.354	0.413	0.787	0.738	1.195	2.162	1.216	0	1.577
atac_L40219	highk4_prom	3.388	3.924	1.688	1.925	1.833	1.042	1.774	0	2.625	1.631	0.615
atac_L09954	highk4_prom	4.407	4.267	1.588	1.733	1.673	1.883	1.664	0	3.073	2.467	1.444
atac_L10007	highk4_prom	3.813	3.977	1.255	1.593	1.359	1.26	1.428	0	1.709	0.764	1.97
atac_L10016	highk4_prom	4.566	4.197	1.496	2.558	2.173	1.442	1.473	2.143	2.907	1.976	1.08
atac_L10020	highk4_prom	3.396	3.88	1.921	2.153	1.631	2	1.479	2.979	2.691	0.798	1.634
atac_L10022	highk4_prom	3.558	5.076	2.752	3.339	2.764	2.954	2.762	3.923	4.024	2.373	1.007
atac_P01989	highk4_prom	3.454	3.691	1.794	2.832	2.126	2.019	1.628	2.86	2.193	2.008	0.82
atac_L10038	highk4_prom	4.437	3.385	1.353	1.993	1.356	1.61	2.033	0	3.009	1.694	1.432
atac_L10053	highk4_prom	4.002	3.354	1.373	2.239	1.74	1.409	0.812	0	1.196	1.827	0.758
atac_L10086	highk4_prom	3.845	4.259	1.261	1.724	0.998	1.014	1.608	2.627	2.171	1.845	0.19
atac_L10108	highk4_prom	4.336	4.571	3.478	3.016	2.252	2.01	1.681	2.106	3.494	1.94	0.622
atac_L10111	highk4_prom	3.647	3.492	1.658	3.067	2.542	2.133	1.682	2.797	2.694	0.713	0.684
atac_L10116	highk4_prom	4.169	2.382	1.313	1.18	2.05	1.924	1.686	2.933	2.951	1.475	1.234
atac_L10145	highk4_prom	4.039	4.94	3.075	3.245	2.314	1.939	1.025	2.639	2.754	1.698	0.192
atac_L10151	highk4_prom	3.906	5.141	2.683	2.542	2.205	2.013	0.57	2.559	1.962	1.036	0.949
atac_L10152	highk4_prom	4.047	3.924	1.823	1.971	2.001	1.771	2.181	1.433	2.724	2.611	0.873
atac_L10157	highk4_prom	4.313	4.047	1.428	2.755	2.506	1.721	2.323	0	2.543	2.139	1.276
atac_L10196	highk4_prom	4.009	4.659	2.729	1.882	2.097	1.828	1.206	3.008	1.88	1.329	0.896
atac_L10208	highk4_prom	3.934	4.061	0.361	2.116	1.897	1.685	0.992	0	2.059	2.748	0.747
atac_L10230	highk4_prom	4.912	3.883	0.527	1.31	0.735	0.777	1.189	0	1.768	0	0.357
atac_L10237	highk4_prom	3.477	3.899	0.976	2.114	1.121	1.128	1.026	0	0.915	0	0.361
atac_L10241	highk4_prom	4.325	1.989	0.822	1.741	1.143	1.112	1.434	0	1.295	1.267	1.048
atac_L10244	highk4_prom	4.373	5.441	2.852	2.838	2.613	2.423	0.324	3.865	3.093	2.096	1.166
atac_L10287	highk4_prom	3.712	2.444	2.047	1.416	1.424	1.712	0.604	0	2.32	0	0.651
atac_L10289	highk4_prom	3.846	2.893	1.646	1.428	1.024	1.223	1.861	1.385	2.024	1.253	0.941
atac_L10297	highk4_prom	4.264	3.06	2.083	1.702	2.385	1.997	2.324	2.954	3.351	1.962	1.406
atac_L10319	highk4_prom	3.428	4.191	1.83	3.182	2.344	2.849	1.034	0	3.106	1.868	1.286
atac_L10324	highk4_prom	4.277	5.077	1.566	2.514	2.187	1.543	1.819	0	3.204	1.068	0.354
atac_L10326	highk4_prom	4.209	4.46	1.998	3.065	2.37	2.517	2.296	0	3.601	0.81	1.101
atac_L10332	highk4_prom	4.329	3.846	0.496	2.316	1.637	1.511	0.778	2.074	2.606	1.909	1.033
atac_L10357	highk4_prom	5.202	4.543	1.006	2.057	1.444	1.519	1.93	2.52	2.203	1.236	1.486
atac_L10399	highk4_prom	3.749	4.239	1.036	1.745	1.734	1.572	1.197	1.293	2.387	1.354	1.645
atac_L10406	highk4_prom	4.99	3.55	0.737	2.363	1.534	1.403	1.35	0	2.107	1.519	1.093
atac_L10410	highk4_prom	4.561	3.589	1.437	1.423	1.458	1.303	2.334	0	1.012	0	0.477
atac_P02048	highk4_prom	4.014	1.094	1.303	0.804	0.725	1.256	1.733	2.046	1.671	0	0.328
atac_L10421	highk4_prom	5.668	4.931	1.781	2.106	2.17	1.679	1.836	2.158	2.793	1.99	1.183
atac_L10430	highk4_prom	4.229	4.335	3.09	3.006	2.218	1.96	1.947	3.409	2.652	2.776	1.501
atac_L10432	highk4_prom	4.777	3.813	1.048	1.134	1.297	1.311	1.259	2.046	1.918	1.229	0.921
atac_L10433	highk4_prom	3.914	5.036	1.762	2.879	1.676	1.62	0.605	0	2.041	0.81	0.653
atac_L10453	highk4_prom	4.673	4.821	1.512	1.692	1.628	1.875	0.994	0	1.736	0.442	0.628
atac_L10479	highk4_prom	4.608	4.602	1.661	3.017	2.659	1.608	2.092	2.956	1.551	0.787	0.633
atac_L10495	highk4_prom	3.394	4.3	3.445	3.394	3.011	2.466	1.829	4.185	3.625	2.708	1.423
atac_L10545	highk4_prom	4.898	4.844	2.515	2.685	2.386	2.426	1.552	2.556	3.177	2.469	1.815
atac_L10552	highk4_prom	4.464	5.733	2.762	3.153	2.658	2.253	2.786	3.213	2.867	2.069	0.959
atac_L10553	highk4_prom	4.279	4.927	1.588	2.373	2.398	2.231	1.769	0	2.667	2.466	1.296
atac_L10558	highk4_prom	4.17	3.742	1.735	2.94	2.043	2.212	1.472	2.142	3.101	2.103	1.69
atac_L10565	highk4_prom	4.531	5.182	2.576	3.266	2.777	2.151	0.827	2.162	2.843	2.948	1.093
atac_L10574	highk4_prom	3.699	3.591	1.201	1.504	1.899	1.097	1.281	2.074	1.945	1.445	0.726
atac_L10580	highk4_prom	4.171	3.798	1.025	2.57	1.412	1.419	1.865	2.083	2.464	1.625	1.129
atac_L10587	highk4_prom	4.937	4.998	1.867	3.121	2.346	2.293	2.364	2.85	2.415	2.115	1.471
atac_P02096	highk4_prom	3.838	4.118	2.384	2.858	2.38	1.925	1.2	3.05	2.668	1.931	0.439
atac_P02097	highk4_prom	4.467	4.869	1.074	2.214	2.239	1.925	1.707	0	2.447	1.856	0.583
atac_L10627	highk4_prom	5.288	5.796	1.517	0.694	1.384	1.495	1.957	2.083	1.61	1.779	1.509
atac_P02111	highk4_prom	4.353	4.498	1.85	2.74	2.608	2.148	1.981	1.338	2.768	2.565	1.245
atac_P02113	highk4_prom	4.745	3.998	1.743	1.915	2.644	1.419	1.095	1.339	3.066	1.21	1.086
atac_L10701	highk4_prom	3.364	4.399	3.518	4.034	3.209	2.859	1.805	3.47	4.104	2.905	0.865
atac_L10708	highk4_prom	3.44	2.726	2.913	3.093	2.648	1.757	1.384	3.128	2.412	1.734	0.914
atac_L10710	highk4_prom	3.6	3.705	2.371	2.875	1.928	1.961	1.027	2.998	1.957	2.13	0.651
atac_L10716	highk4_prom	4.356	4.377	1.666	2.066	1.399	1.135	1.853	2.176	2.12	0.812	0.364
atac_L10718	highk4_prom	3.584	4.744	3.177	2.839	2.583	2.238	1.307	2.93	2.643	2.186	0.959
atac_L10719	highk4_prom	4.416	4.199	1.254	2.674	2.12	2.15	1.182	0	2.634	2.105	1.341
atac_L10724	highk4_prom	3.565	4.287	0.904	1.478	1.275	1.207	0.325	0	2.224	0.791	1.337
atac_L10738	highk4_prom	3.692	3.038	1.431	1.754	1.462	1.467	1.57	2.932	1.634	1.648	0.857
atac_L10748	highk4_prom	4.903	4.069	1.028	1.412	1.617	1.376	2.499	2.164	2.033	0	0.889
atac_L10778	highk4_prom	3.953	2.649	1.038	3.109	2.56	2.205	2.523	2.423	3.454	1.671	1.345
atac_L10805	highk4_prom	4.353	3.678	0.963	1.1	1.968	1.471	1.337	0	2.231	1.305	1.261
atac_L10813	highk4_prom	4.748	4.325	1.344	2.25	1.818	1.081	1.781	0	2.68	1.793	1.05
atac_L10848	highk4_prom	3.398	3.335	3.824	3.251	2.48	1.71	2.439	1.36	3.097	1.594	1.412
atac_L10919	highk4_prom	5.864	4.783	1.97	1.712	1.948	1.429	2.456	1.374	1.687	1.018	0.603
atac_L10957	highk4_prom	3.702	4.119	1.548	2.163	1.225	1.855	1.731	2.161	2.492	0.804	1.827
atac_L10958	highk4_prom	3.992	5.302	1.987	3.216	2.138	2.339	1.195	3.515	3.42	0.804	1.273
atac_L10983	highk4_prom	5.269	4.27	1.961	2.732	2.813	2.595	1.841	2.163	3.297	1.995	0.888
atac_P02153	highk4_prom	4.474	3.898	1.432	2.601	2.508	1.906	1.674	2.44	3.655	2.059	1.216
atac_L11001	highk4_prom	5.15	3.748	1.675	1.398	1.633	1.36	1.512	2.042	2.189	1.418	0.918
atac_L11013	highk4_prom	3.772	2.45	0.459	0.879	1.303	1.623	0.835	0	1.788	1.707	1.102
atac_L11014	highk4_prom	4.358	4.623	1.735	2.555	2.672	2.133	1.955	0	3.438	1.867	1.446
atac_L11022	highk4_prom	3.449	2.856	1.112	1.543	1.459	1.288	1.435	0	2.096	0.944	0.434
atac_L11023	highk4_prom	4.15	2.431	0.915	1.108	1.784	1.655	0.824	0	2.026	0	0
atac_L11034	highk4_prom	4.217	3.576	1.146	2.068	1.385	1.69	1.579	0	2.137	1.285	1.065
atac_L11066	highk4_prom	4.348	3.209	1.661	3.089	2.397	1.903	1.495	3.727	3.238	1.323	1.279
atac_L11077	highk4_prom	3.398	4.435	1.745	2.569	1.684	1.674	1.342	2.153	2.303	2.866	1.426
atac_L11080	highk4_prom	4.177	4.241	2.422	3.285	2.711	2.455	2.05	3.534	3.282	2.14	1.368
atac_L11085	highk4_prom	4.768	5.065	2.376	3.229	2.654	2.735	2.217	3.004	3.952	2.005	1.587
atac_L11095	highk4_prom	3.788	3.368	1.739	1.98	1.678	1.821	0.819	0	2.232	2.621	1.755
atac_L11111	highk4_prom	3.993	3.202	1.689	2.217	1.535	1.317	0.828	0	2.108	1.853	0.773
atac_L11131	highk4_prom	3.556	4.243	2.32	2.428	1.605	1.652	0.838	0	2.818	2.261	0.657
atac_L11177	highk4_prom	3.878	3.855	1.833	2.072	1.659	1.604	1.365	0	1.23	0.815	1.594
atac_L11219	highk4_prom	3.774	3.724	0.94	1.271	1.681	1.353	1.678	0	1.763	1.291	1.344
atac_P02195	highk4_prom	3.378	1.925	0.942	2.084	1.285	0.935	1.502	2.031	2.239	0.733	1.328
atac_L11236	highk4_prom	4.272	4.42	1.466	3.299	2.286	1.976	2.372	3.654	2.948	1.275	0.959
atac_L11402	highk4_prom	3.376	4.12	2.523	2.45	1.925	1.337	1.764	2.08	2.164	1.622	0.61
atac_L11405	highk4_prom	4.656	3.751	2.046	2.736	2.236	2.354	1.92	2.044	3.221	1.743	1.338
atac_L11409	highk4_prom	3.553	4.335	3.247	3.31	2.482	2.151	1.63	2.654	3.999	1.71	1.521
atac_L11441	highk4_prom	4.009	4.954	2.696	2.124	1.935	1.741	1.361	0	2.902	0.812	0.896
atac_L11471	highk4_prom	3.709	4.876	2.49	2.242	2.049	2.188	1.789	1.325	2.708	1.966	0.69
atac_L11478	highk4_prom	4.96	2.823	1.362	2.41	1.796	1.669	2.316	2.591	3.077	0	1.608
atac_L11503	highk4_prom	4.127	4.576	1.696	2.172	1.992	1.491	1.623	0	2.557	0	0.362
atac_L11545	highk4_prom	3.596	3.793	1.751	1.681	1.734	1.61	1.502	0	1.903	1.867	1.398
atac_L11601	highk4_prom	3.929	4.101	1.342	2.038	1.842	1.779	1.826	0	2.016	1.838	0.879
atac_L17967	highk4_prom	3.911	3.813	1.128	2.097	1.478	1.668	1.877	0	2.306	2.477	0.341
atac_L17982	highk4_prom	3.553	4.697	1.188	2.333	2.467	1.697	1.63	0	2.453	1.533	0.898
atac_L17991	highk4_prom	4.519	3.108	0.427	2.531	2.076	1.611	0.971	2.082	2.351	1.778	1.293
atac_L17995	highk4_prom	3.632	4.307	0.934	1.855	1.491	1.662	1.894	2.018	1.813	0.987	1.243
atac_L17996	highk4_prom	4.225	4.686	1.145	2.341	1.566	1.51	0.508	0	2.023	1.648	1.11
atac_L18015	highk4_prom	4.115	3.548	1.663	2.045	1.839	1.691	2.058	3.201	2.424	0.435	1.453
atac_L18032	highk4_prom	3.773	4.764	1.447	1.592	0.841	1.599	1.361	0	2.121	1.708	1.519
atac_L18044	highk4_prom	4.359	4.301	1.465	2.099	1.525	1.366	2.194	2.979	2.02	1.842	0.881
atac_L18048	highk4_prom	4.274	3.947	1.54	2.841	2.408	2.082	1.308	2.11	3.675	0.775	1.889
atac_L18054	highk4_prom	4.168	4.674	1.743	1.945	0.854	1.049	0.952	2.052	2.43	1.009	1.19
atac_L18095	highk4_prom	4.304	4.841	1.877	2.735	2.463	2.172	0.588	2.134	2.855	1.296	1.166
atac_L18096	highk4_prom	4.246	4.651	1.498	1.953	1.804	1.999	1.527	2.06	2.439	1.239	1.942
atac_P03440	highk4_prom	5.453	5.288	1.462	2.26	2.243	1.65	1.635	0	3.373	1.781	1.324
atac_L18110	highk4_prom	4.534	5.281	1.313	2.455	2.329	1.564	2.499	2.164	2.705	1.854	0.889
atac_L18112	highk4_prom	3.414	4.542	1.912	3.791	2.562	2.213	1.893	2.935	3.138	1.477	1.236
atac_L18145	highk4_prom	3.758	3.455	2.281	1.857	1.412	0.739	0.31	0	1.018	0.43	0.611
atac_L18154	highk4_prom	4.419	4.009	1.761	2.558	2.012	1.906	1.537	0	3.158	1.907	0.606
atac_L18172	highk4_prom	3.488	3.446	2.232	1.505	1.731	1.926	1.759	2.892	1.603	0.757	0.836
atac_L18174	highk4_prom	4.426	2.947	0.896	1.086	1.66	1.556	0.999	0	1.743	1.059	0.35
atac_L18179	highk4_prom	4.461	3.998	0.99	2.159	2.027	1.538	1.305	0	2.122	0.438	0.622
atac_L18186	highk4_prom	4.123	3.733	1.373	2.425	2.129	1.703	1.328	2.961	2.767	1.671	1.334
atac_L18209	highk4_prom	3.743	4.054	2.154	1.984	1.994	2.19	1.607	0	2.917	1.31	1.498
atac_L18255	highk4_prom	4.848	3.85	0.869	1.229	1.755	1.85	1.629	2.178	2.815	1.709	1.59
atac_L18275	highk4_prom	4.018	3.454	1.166	1.208	1.033	1.182	0	0	2.478	1.683	0.765
atac_L18276	highk4_prom	3.839	4.117	2.95	2.555	2.146	1.839	1.081	2.462	2.479	2.185	1.072
atac_L18294	highk4_prom	4.619	4.746	1.311	1.58	1.717	1.192	0.331	0	2.549	0	1.093
atac_L18296	highk4_prom	3.468	2.816	2.396	2.416	1.952	1.504	1.797	0	1.449	0.723	0.579
atac_L18300	highk4_prom	4.69	4.529	0.954	2.867	2.263	1.868	2.005	3.479	3.442	1.965	0.5
atac_L18306	highk4_prom	4.276	4.273	1.146	2.904	2.528	2.418	1.402	2.872	2.635	2.242	0.826
atac_L18337	highk4_prom	3.427	4.465	3.291	2.885	2.747	2.547	2.3	2.178	2.86	1.867	0
atac_L18362	highk4_prom	5.648	5.436	1.08	2.965	2.523	1.707	2.208	2.164	3.509	1.52	0.889
atac_L18389	highk4_prom	4.371	4.142	2.671	2.538	2.388	1.842	1.345	0	2.811	1.95	0.884
atac_L18391	highk4_prom	4.313	4.278	1.862	2.755	1.826	1.375	2.18	1.371	2.543	1.24	1.491
atac_L18393	highk4_prom	3.678	3.345	2.938	2.717	2.422	1.996	0.304	2.871	3.072	1.43	1.273
atac_L18406	highk4_prom	3.676	4.227	2.079	1.703	1.9	2.027	1.74	0	2	1.89	1.485
atac_L18407	highk4_prom	4.285	2.883	0.982	1.744	1.891	1.762	2.136	3.292	2.261	0	1.102
atac_L18435	highk4_prom	4.5	3.185	1.014	1.245	1.558	1.406	0.559	3.166	2.447	1.903	0.832
atac_L18457	highk4_prom	4.557	3.718	2.384	2.07	1.584	1.884	2.11	2.534	2.647	1.245	1.497
atac_L18463	highk4_prom	3.345	2.975	2.761	3.012	2.321	2.154	0.953	3.589	2.722	1.752	1.55
atac_L18479	highk4_prom	3.476	4.225	1.356	1.413	2.066	0.784	1.491	0	1.683	0	0
atac_L18498	highk4_prom	4.122	3.99	1.354	1.853	1.974	2.158	1.801	2.476	1.729	0.725	0.456
atac_L18546	highk4_prom	4.236	3.898	1.848	2.838	2.281	2.357	1.025	2.165	2.657	2.127	0.996
atac_L18550	highk4_prom	4.737	4.92	1.501	3.066	2.562	2.529	2.192	0	2.872	0.797	1.177
atac_L18552	highk4_prom	4.488	4.128	1.445	3.226	3.237	2.083	2.17	3.855	3.648	1.29	1.328
atac_P03532	highk4_prom	4.325	4.916	2.302	2.591	1.968	1.811	0.724	0	2.833	1.174	0.563
atac_L18578	highk4_prom	5.297	3.777	1.361	2.173	1.333	1.925	1.202	0	2.116	0.809	0.893
atac_L18579	highk4_prom	3.867	4.41	2.472	3.182	2.673	2.203	1.913	0	3.09	0	1.073
atac_L18611	highk4_prom	4.89	3.822	0.668	2.156	2.016	1.828	1.343	2.154	1.57	0.8	1.088
atac_L18616	highk4_prom	3.818	4.233	2.551	3.303	1.888	2.178	1.497	3.003	3.172	2.004	1.1
atac_L18621	highk4_prom	3.386	1.163	1.253	0.724	1.211	1.387	1.01	0	1.933	1.303	1.34
atac_L18643	highk4_prom	5.072	4.798	2.537	2.634	2.224	1.695	1.628	2.177	2.813	0.812	1.519
atac_P03540	highk4_prom	4.913	5.606	1.903	3.311	2.578	2.352	1.452	2.775	3.008	2.663	0.674
atac_L18651	highk4_prom	4.713	4.457	1.084	1.588	1.725	1.595	1.357	0	2.188	1.325	2.1
atac_L18701	highk4_prom	4.004	2.606	0.98	1.419	1.267	0.872	0.605	3.003	1.223	0.81	0.894
atac_L18712	highk4_prom	5.214	4.344	1.343	3.066	2.939	2.719	1.828	2.149	3.434	1.683	0.986
atac_L18715	highk4_prom	3.992	4.439	4.122	3.436	2.869	2.247	1.935	3.774	3.208	1.015	0.828
atac_L18726	highk4_prom	3.625	3.027	1.458	2.418	1.211	1.435	1.598	2.473	1.45	1.203	1.313
atac_L18740	highk4_prom	4.692	4.335	1.543	2.442	1.975	1.69	1.947	1.38	2.156	0.755	0.937
atac_L18762	highk4_prom	4.276	5.152	3.631	3.98	3.028	2.905	2.405	4.302	3.662	2.775	1.414
atac_L18785	highk4_prom	3.922	3.741	2.07	2.671	1.571	2.257	1.471	0	1.846	2.102	1.559
atac_L18796	highk4_prom	4.356	2.421	1.3	1.789	1.407	1.446	2.108	0	2.093	1.074	0.879
atac_L18802	highk4_prom	4.424	3.487	1.322	2.231	1.892	1.386	2.512	3.293	2.193	0	1.003
atac_L18818	highk4_prom	4.328	3.106	1.341	1.364	1.075	0.881	0.919	0	1.099	0.717	0.574
atac_L18879	highk4_prom	4.605	4.052	1.182	2.558	2.083	1.824	1.306	3.449	2.947	1.646	1.312
atac_L18902	highk4_prom	4.46	4.956	2.032	2.685	1.976	1.966	1.482	1.447	2.834	0.8	0.883
atac_P03586	highk4_prom	4.046	4.022	1.817	2.764	1.7	1.763	1.511	0	2.308	1.74	0.593
atac_L18905	highk4_prom	3.376	1.156	1.202	1.296	1.916	1.611	2.007	0	1.75	1.67	0.871
atac_L18938	highk4_prom	3.921	3.488	1.139	2.125	1.893	1.6	1.629	2.178	1.966	0	1.446
atac_L18945	highk4_prom	3.758	4.715	1.397	2.696	2.229	1.684	0	0	3.089	2.126	1.095
atac_P03594	highk4_prom	4.962	4.253	1.515	2.282	2.169	1.782	1.255	1.355	3.52	2.506	1.6
atac_L18974	highk4_prom	4.136	4.66	1.767	1.816	1.978	1.911	1.362	0	2.619	1.532	1.446
atac_L18993	highk4_prom	4.296	3.476	1.264	1.811	1.039	2.169	1.301	1.403	2.535	1.64	1.931
atac_L19002	highk4_prom	3.557	4.282	1.445	2.684	2.157	2.211	0.737	1.998	1.944	2.372	0.793
atac_L19044	highk4_prom	3.437	3.857	2.63	2.898	2.034	1.766	0	0	3.414	2.914	1.742
atac_L19057	highk4_prom	3.454	2.419	1.211	1.397	0.682	1.009	1.012	0	1.935	0	1.261
atac_L19058	highk4_prom	3.627	4.772	2.461	3.451	2.118	2.242	1.523	2.055	3.323	1.753	1.418
atac_L19078	highk4_prom	3.64	5.404	2.917	3.128	2.075	2.389	1.609	3.889	3.221	1.987	1.088
atac_L19081	highk4_prom	3.733	4.722	1.995	2.558	1.924	1.595	1.334	0	2.012	0.451	0.876
atac_L19088	highk4_prom	3.472	2.627	1.234	2.163	1.846	1.322	0.305	2.061	2.543	2.023	0.601
atac_L19091	highk4_prom	4.405	4.121	1.696	2.071	1.74	1.717	2.159	1.97	2.628	1.526	0.308
atac_L19148	highk4_prom	4.274	3.488	2.039	3.254	2.635	2.383	1.157	0	3.416	2.071	0.183
atac_L19149	highk4_prom	3.914	2.749	1.275	1.879	1.267	0.989	1.358	0	2.386	0	1.779
atac_P03621	highk4_prom	4.242	3.486	1.176	2.291	1.763	1.368	1.172	1.932	2.585	0.682	0.545
atac_L19176	highk4_prom	3.707	2.931	1.321	1.88	1.958	1.028	1.299	0	3.023	1.49	1.102
atac_L19184	highk4_prom	4.336	4.424	1.933	2.742	2.108	1.931	0.781	3.619	2.75	1.449	0.839
atac_L19197	highk4_prom	3.687	4.456	1.669	2.106	1.513	1.118	1.787	3.21	2.05	2.292	1.054
atac_L19198	highk4_prom	5.178	3.152	1.549	2.493	2.315	1.575	1.901	2.12	2.608	1.954	1.541
atac_L19223	highk4_prom	4.182	3.086	0.769	0.838	1.536	1.278	1.506	0	1.709	1.472	1.231
atac_L19233	highk4_prom	4.203	3.633	1.727	2.273	1.84	1.922	2.129	0	3.056	0	0.651
atac_L19253	highk4_prom	4.085	2.803	1.57	2.105	1.688	1.212	1.304	0	2.253	0.772	1.386
atac_L19256	highk4_prom	3.497	4.34	0.612	1.515	1.607	1.701	0	2.183	2.051	0	1.788
atac_L19264	highk4_prom	4.141	3.938	1.119	2.716	1.844	1.671	2.192	0	2.872	2.338	0.766
atac_L19269	highk4_prom	4.239	2.896	1.68	2.029	1.714	1.493	1.765	0	2.614	0.429	0.943
atac_L19273	highk4_prom	4.053	2.645	0.92	2.13	1.35	1.757	1.761	0	1.787	1.252	1.21
atac_L19297	highk4_prom	3.707	3.898	1.818	2.838	1.564	1.817	1.198	0	2.706	1.32	1.095
atac_L19402	highk4_prom	3.391	1.705	1.045	1.819	1.536	1.074	1.256	0	2.189	0	0.818
atac_L19471	highk4_prom	4.174	4.791	1.298	2.249	1.725	1.799	1.717	0	2.161	1.304	1.342
atac_L19477	highk4_prom	4.265	3.259	1.199	1.839	1.268	1.169	1.462	1.427	2.514	1.492	0.869
atac_L19482	highk4_prom	3.799	4.772	1.469	3.129	2.648	2.242	2.352	0	3.972	1.988	0.645
atac_L19498	highk4_prom	4.218	4.625	1.258	2.379	2.331	1.791	0.978	2.092	2.808	1.927	1.136
atac_L19500	highk4_prom	3.922	4.91	1.912	3.428	2.754	2.331	1.92	3.49	3.481	2.329	1.171
atac_L19519	highk4_prom	3.742	3.607	0.785	1.924	1.063	1.187	0.544	0	2.407	2.108	1.253
atac_L19523	highk4_prom	3.58	3.557	1.135	1.815	2.026	1.862	1.441	0	3.196	1.799	0.854
atac_L19549	highk4_prom	3.747	3.444	0.564	1.339	1.287	1.358	1.652	2.539	1.783	1.908	0.937
atac_L19553	highk4_prom	4.035	2.189	1.173	2.546	2.464	1.293	1.778	0	2.244	2.174	0.848
atac_L19635	highk4_prom	4.159	4.909	1.437	2.87	2.422	2.25	1.617	2.994	2.315	1.854	0
atac_L19690	highk4_prom	4.301	3.228	1.18	1.53	1.967	1.487	1.565	0	2.687	1.273	0.853
atac_L37193	highk4_prom	4.278	4.54	2.535	3.874	2.856	3.098	1.333	3.872	4.43	2.698	1.257
atac_L37198	highk4_prom	4.726	3.199	1.077	1.731	1.74	1.586	1.195	2.161	2.434	0.804	1.272
atac_L37206	highk4_prom	4.345	4.453	1.79	2.295	1.583	1.919	1.088	0	2.676	1.714	1.514
atac_P06619	highk4_prom	4.146	4.48	1.889	2.692	2.624	2.329	0.94	2.034	2.742	1.219	0.705
atac_L37312	highk4_prom	3.52	1.948	1.27	1.635	1.242	1.715	1.522	0	2.322	1.235	1.346
atac_L37377	highk4_prom	3.747	2.208	1.543	2.312	2.194	1.684	0.8	2.113	2.832	1.28	0.493
atac_L37395	highk4_prom	4.53	3.188	1.434	2.122	2.663	2.091	1.535	2.069	2.501	1.904	0.935
atac_L37404	highk4_prom	3.836	4.678	2.762	3.127	2.392	2.282	1.981	0	3.025	1.473	0.744
atac_L37407	highk4_prom	3.866	4.276	1.564	1.772	1.865	1.947	1.403	2.059	2.206	1.014	0.718
atac_L37415	highk4_prom	3.82	3.399	1.32	1.812	1.302	1.804	1.498	0	2.666	2.734	1.101
atac_L37417	highk4_prom	3.542	3.902	1.476	2.683	2.489	2.173	1.578	2.119	2.204	1.483	0.348
atac_L37435	highk4_prom	4.97	5.206	1.95	3.131	2.485	2.137	2.379	0	3.35	2.474	1.107
atac_L37436	highk4_prom	4.895	4.576	1.635	2.706	2.351	2.494	2.1	2.14	3.204	2.43	0.638
atac_L37478	highk4_prom	4.479	3.18	2.169	2.092	1.967	1.469	1.474	2.971	3.066	1.303	0.639
atac_L37522	highk4_prom	4.1	4.312	1.829	2.205	1.958	1.715	2.015	2.519	1.848	1.429	1.271
atac_L37538	highk4_prom	4.251	3.612	1.377	1.736	1.301	1.573	1.553	0	0	0.765	0.615
atac_L37542	highk4_prom	3.754	2.82	1.235	0.846	1.26	0.992	0.995	0	2.204	0.781	0.75
atac_L37553	highk4_prom	4.577	3.945	1.5	1.642	2.109	1.377	1.272	0	2.442	2.248	0.931
atac_L37579	highk4_prom	4.369	3.261	1.007	1.704	1.134	0.486	0	0	2.569	0	0.351
atac_L37605	highk4_prom	3.347	1.324	1.083	1.293	1.449	1.127	0.269	0	1.788	0.375	1.234
atac_L37627	highk4_prom	3.925	4.052	2.036	2.96	2.595	1.464	1.567	2.107	3.06	0.774	0.49
atac_L37631	highk4_prom	4.47	3.668	1.453	1.636	1.718	0.768	1.594	2.137	1.843	1.066	1.076
atac_L37696	highk4_prom	4.422	4.344	1.609	2.917	1.604	1.738	0.595	2.977	2.828	1.982	0.356
atac_L37699	highk4_prom	3.56	4.929	3.429	3.386	2.326	2.044	1.962	3.426	3.332	2.375	0.844
atac_L37700	highk4_prom	3.781	2.715	1.337	0.983	1.769	1.544	1.471	2.968	2.63	1.301	0.875
atac_L37703	highk4_prom	5.036	6.052	2.547	3.062	3.007	2.561	2.036	2.638	3.692	1.697	1.83
atac_L37715	highk4_prom	3.572	3.811	1.915	2.913	2.517	1.939	0.593	2.972	2.09	1.68	0.504
atac_L37717	highk4_prom	3.382	4.994	1.732	3.026	2.497	2.544	1.918	2.965	2.86	1.3	1.077
atac_L37719	highk4_prom	4.016	4.547	1.641	3.172	2.749	2.476	2.02	2.147	3.79	2.227	0.641
atac_L37727	highk4_prom	3.805	3.153	0.893	1.695	1.126	1.225	1.455	0	1.828	1.286	0.864
atac_L37728	highk4_prom	4.009	2.715	1.602	0.573	1.769	1.239	1.009	0	1.757	0	1.339
atac_L37754	highk4_prom	4.727	3.361	1.161	1.48	1.964	1.358	1.471	0	1.757	0	0.503
atac_P06712	highk4_prom	4.467	4.87	1.733	1.623	2.087	2.03	1.108	2.854	2.617	1.74	1.406
atac_L37770	highk4_prom	3.973	3.574	1.283	1.01	1.495	1.033	1.037	0	1.886	0.816	0.366
atac_L37773	highk4_prom	4.173	3.989	1.254	0.86	1.279	1.079	0.592	2.144	1.452	0	0.877
atac_L37776	highk4_prom	4.035	3.725	1.242	2.13	1.71	1.376	0	0	2.848	1.291	1.248
atac_L37779	highk4_prom	4.707	5.387	2.64	2.69	2.046	2.344	1.998	2.596	3.152	2.414	0.866
atac_L37780	highk4_prom	4.049	3.921	1.136	0.533	1.234	1.076	1.513	0	1.755	1.004	0.819
atac_L37788	highk4_prom	4.392	5.201	2.272	2.332	2.117	2.412	1.855	2.178	3.213	2.818	1.783
atac_L37796	highk4_prom	4.683	4.316	1.554	2.795	1.969	1.455	2.7	3.472	3.008	0	0.631
atac_L37800	highk4_prom	4.973	3.183	1.237	1.417	1.341	1.43	1.274	0	1.858	0.752	1.028
atac_L37802	highk4_prom	4.825	5.319	1.854	1.712	1.901	2.256	1.47	0	2.156	2.219	0.98
atac_L37836	highk4_prom	4.25	3.445	1.676	2.792	2.29	2.238	1.232	2.471	2.157	1.202	1.16
atac_L37855	highk4_prom	3.399	5.245	2.814	3.376	2.499	2.16	1.833	3.505	3.38	1.986	1.267
atac_P06739	highk4_prom	4.625	4.584	1.009	2.817	2.605	2.459	1.64	0	3.042	2.022	0.828
atac_L37922	highk4_prom	4.038	4.672	2.832	3.436	2.309	2.103	1.462	2.13	2.974	0.446	0.756
atac_L37955	highk4_prom	4.194	2.594	1.127	1.317	1.387	1.223	1.488	0	0.732	0.804	0.994
atac_L37965	highk4_prom	3.681	3.989	2.709	3.495	2.792	2.182	1.335	3.493	3.139	1.679	1.341
atac_L37980	highk4_prom	3.497	4.897	2.818	3.23	2.07	2.035	1.811	1.428	2.894	1.293	0.633
atac_P06749	highk4_prom	4.351	3.592	1.529	1.013	1.215	1.44	1.491	0	1.553	0.726	0.32
atac_L37984	highk4_prom	4.105	5.522	1.977	3.125	2.379	2.386	1.188	2.98	2.692	1.077	1.347
atac_L37986	highk4_prom	3.462	4.665	2.474	3.84	2.912	2.534	1.342	2.981	3.864	2.342	1.348
atac_L37995	highk4_prom	3.762	2.102	0.718	1.108	0.943	1.385	0.925	2.819	1.448	1.848	0.991
atac_L38010	highk4_prom	4.078	5.158	1.475	2.268	2.245	1.773	1.35	2.163	3.161	1.519	1.434
atac_L38036	highk4_prom	3.79	2.652	1.489	2.598	2.333	1.744	1.749	1.868	2.885	1.58	0.812
atac_L38063	highk4_prom	4.991	3.003	1.162	1.509	1.061	1.194	0.781	1.386	2.095	0.759	0.61
atac_L38069	highk4_prom	4.406	3.325	1.272	2.399	1.67	1.442	2.231	2.111	1.424	1.944	1.78
atac_L38073	highk4_prom	3.864	2.023	0.657	0.403	0.943	0.999	1.325	2.131	2.403	1.062	0.633
atac_L38080	highk4_prom	3.947	4.175	1.811	2.073	2.713	1.738	1.699	2.125	3.596	2.313	0.866
atac_L38087	highk4_prom	4.676	4.218	1.747	3.219	2.406	2.609	1.166	0	3.311	2.083	1.4
atac_L38088	highk4_prom	5.412	4.879	2.047	3.393	2.174	2.324	2.287	2.093	3.339	2.055	0.736
atac_L38089	highk4_prom	4.246	3.64	1.357	2.605	1.649	1.851	1.689	0	1.638	1.051	0.964
atac_L38091	highk4_prom	3.774	4.741	3.342	3.153	2.304	2.622	2.648	2.443	3.119	2.266	0.974
atac_L38141	highk4_prom	4.059	2.073	1.529	1.749	1.523	1.173	1.75	2.182	2.267	0.815	1.371
atac_L38144	highk4_prom	4.506	4.755	2.236	3.218	2.514	1.837	0	3.491	2.58	1.677	0.876
atac_L38186	highk4_prom	3.629	3.936	1.264	2.626	1.777	1.178	0.573	2.1	0.875	0.77	1.051
atac_L38201	highk4_prom	4.48	2.769	2.028	1.849	1.879	1.813	1.948	0	3.127	1.909	1.207
atac_L38203	highk4_prom	4.645	3.83	1.548	1.657	1.614	1.43	1.022	2.161	1.95	1.317	0.772
atac_L38210	highk4_prom	3.884	2.731	0.947	1.754	1.72	1.222	1.254	0	2.705	1.586	0.592
atac_L38252	highk4_prom	3.801	3.418	0.65	1.618	1.193	0.991	1.577	0	1.987	1.283	0.347
atac_L38347	highk4_prom	3.471	3.886	1.191	1.413	1.247	0.918	0.305	2.06	1.59	1.896	1.197
atac_L38354	highk4_prom	3.832	3.527	1.736	2.879	2.323	2.289	1.01	2.143	2.776	1.835	1.34
atac_L38366	highk4_prom	4.792	3.929	2.354	2.886	2.24	1.813	1.296	0	2.529	2.726	1.137
atac_L38379	highk4_prom	4.787	4.363	2.007	2.374	1.587	1.457	0.586	0	2.341	1.292	0
atac_L38384	highk4_prom	4.105	2.55	0.836	1.082	1.089	0.627	0.582	0	1.738	0	0.628
atac_L38398	highk4_prom	4.228	4.497	2.021	2.302	2.178	1.703	1.492	2.829	2.885	1.399	0.458
atac_L38424	highk4_prom	3.51	4.095	2.02	2.475	2.337	1.992	0.592	3.253	2.729	1.677	1.171
atac_L38425	highk4_prom	4.8	4.623	1.156	1.79	1.759	1.386	2.337	0	1.107	1.562	0.319
atac_L38437	highk4_prom	4.879	4.294	0.811	1.598	1.607	1.653	1.634	2.183	2.952	0.816	1.372
atac_L38439	highk4_prom	3.416	4.127	1.272	2.415	2.471	2.27	2.129	2.998	3.017	2	1.191
atac_L38473	highk4_prom	3.707	2.521	1.848	2.548	2.284	1.803	1.658	1.965	2.707	2.147	0.161
atac_L38486	highk4_prom	3.661	3.656	2.954	1.836	1.709	1.581	1.17	2.952	2.615	0.785	0
atac_L38490	highk4_prom	5.192	3.952	0.917	1.497	1.118	1.125	0.6	0	2.178	1.694	0
atac_L38505	highk4_prom	4.919	3.95	1.509	1.991	1.475	1.534	1.021	0	1.863	2.239	0.51
atac_L38527	highk4_prom	4.905	3.83	3.03	3.072	2.283	2.435	1.528	2.061	2.895	0.749	1.025
atac_L38529	highk4_prom	3.45	4.197	1.208	1.915	1.177	1.21	0	2.143	1.451	0.794	1.418
atac_L38532	highk4_prom	3.681	4.724	1.569	2.711	1.795	2.012	2.34	0	2.949	1.679	2.12
atac_L38534	highk4_prom	3.617	4.454	1.009	2.38	2.129	1.929	1.005	0	2.151	1.827	1.253
atac_P06828	highk4_prom	3.96	4.366	1.107	2.482	1.291	1.765	0.532	0	1.799	1.554	0.894
atac_L38592	highk4_prom	3.938	3.899	1.097	2.27	1.259	2.139	2.238	2.587	3.108	1.951	1.728
atac_L38593	highk4_prom	4.663	3.611	1.169	2.143	1.627	1.572	2.353	2.909	3.364	1.785	1.446
atac_L38600	highk4_prom	4.399	3.379	1.469	1.726	1.221	1.398	1.019	0	1.211	1.313	0.884
atac_L38603	highk4_prom	3.714	3.724	2.348	2.541	2.353	1.995	1.585	0	3.084	2.416	1.247
atac_L38604	highk4_prom	4.722	3.148	1.096	1.08	2.386	1.281	1.897	2.94	2.918	1.48	0.748
atac_L38608	highk4_prom	4.137	3.367	1.382	0.408	1.548	1.18	1.337	2.146	1.761	1.505	1.082
atac_P06836	highk4_prom	4.875	4.863	2.063	2.807	2.497	2.62	0.902	0	3.486	2.049	2.036
atac_L38617	highk4_prom	3.953	4.19	1.192	1.641	1.74	2.05	0.957	0	1.142	0.749	1.491
atac_L38631	highk4_prom	3.872	1.449	1.06	1.044	1.186	1.024	1.124	0	2.273	0	0.932
atac_L38668	highk4_prom	4.016	5.026	1.615	2.675	2.176	2.194	1.763	0	1.95	2.265	1.211
atac_L38684	highk4_prom	3.983	5.077	1.918	2.318	1.922	1.933	1.453	2.119	2.331	1.284	0.862
atac_L38688	highk4_prom	3.61	4.274	1.198	2.503	1.952	1.72	2.172	2.129	2.074	2.091	1.071
atac_L38693	highk4_prom	4.141	3.841	3.022	3.506	2.432	2.14	2.239	3.666	3.587	1.284	1.154
atac_L38748	highk4_prom	4.03	4.707	1.871	2.263	1.531	2.228	1.485	0	2.747	1.314	1.574
atac_L38752	highk4_prom	3.936	3.046	1.047	2.784	2.605	2.403	1.691	2.116	2.653	2.405	0.627
atac_L11671	highk4_prom	3.46	3.493	1.683	1.999	1.467	1.921	1.397	0	1.675	0.744	0.714
atac_L11737	highk4_prom	4.486	4.441	2.103	3.173	2.86	1.862	1.905	3.675	4.087	0.784	0.497
atac_L11807	highk4_prom	3.822	2.753	0.926	0	1.201	0.953	1.627	0	1.357	2.007	1.102
atac_L11832	highk4_prom	3.628	3.765	2.274	2.683	2.102	1.891	1.267	2.871	3.235	1.601	1.273
atac_L11833	highk4_prom	4.138	2.851	1.017	0.726	1.071	0.491	0.327	0	1.936	0	0.641
atac_L11837	highk4_prom	3.641	3.091	1.32	2.069	1.313	1.38	0.774	2.533	2.276	0.425	1.118
atac_L11865	highk4_prom	3.889	2.726	1.071	1.104	1.468	1.048	0.821	2.151	2.236	0.798	0.643
atac_L11868	highk4_prom	3.897	3.07	1.095	2.051	1.662	1.604	1.631	2.863	2.373	0	1.342
atac_L11869	highk4_prom	3.88	3.791	1.452	0.883	1.241	1.271	1.037	0	2.334	2.014	0.519
atac_L11870	highk4_prom	3.483	3.246	0.892	2.011	2.2	1.621	1.316	0	2.39	1.284	0.967
atac_L11885	highk4_prom	3.553	4.744	1.649	3.123	2.408	2.589	1.956	2.082	3.325	2.369	1.213
atac_L11949	highk4_prom	4.286	3.776	1.237	2.393	2.498	1.844	1.94	2.065	3.246	2.027	1.201
atac_L11993	highk4_prom	4.374	4.812	1.49	2.839	2.614	2.252	2.331	0	3.418	2.426	0.353
atac_L11995	highk4_prom	4.057	3.6	2.196	1.856	1.57	1.781	2.274	0	2.708	1.916	1.368
atac_L12052	highk4_prom	3.427	4.417	3.372	3.371	2.622	2.304	1.457	3.814	2.8	2.3	1.544
atac_L12054	highk4_prom	3.572	5.303	3.696	3.143	2.007	2.812	2.341	2.145	3.029	1.978	1.26
atac_L12058	highk4_prom	4.089	4.079	3.17	2.975	2.415	2.003	1.358	2.173	3.021	1.527	0.653
atac_L12108	highk4_prom	4.452	3	1.444	1.59	1.799	1.985	2.134	0	2.042	0.81	1.101
atac_L12111	highk4_prom	4.012	3.315	1.526	1.33	0.887	1.498	1.034	0	1.695	1.095	0.782
atac_L12141	highk4_prom	3.34	3.492	0.796	1.559	1.208	1.23	0.95	0	2.066	1.231	0.714
atac_L12143	highk4_prom	3.417	4.689	2.972	3.076	1.966	2.069	1.407	0	3.046	1.608	0.932
atac_L12149	highk4_prom	3.361	1.831	1.139	1.424	1.603	0.916	1.362	0	2.123	0	0.898
atac_L12150	highk4_prom	3.855	4.019	1.654	2.888	2.364	2.145	1.804	2.947	2.273	1.816	0.969
atac_L12157	highk4_prom	3.594	3.956	2.663	3.262	2.401	2.291	0.993	3.842	3.585	1.654	0.965
atac_L12166	highk4_prom	4.307	3.969	1.408	1.431	1.669	1.84	2.275	0	1.401	1.256	0.943
atac_L12171	highk4_prom	4.136	3.314	0.745	2.125	1.401	1.696	0.607	0	1.881	2.009	0.655
atac_L12278	highk4_prom	3.765	3.976	1.413	1.516	1.626	0.936	1.291	0	1.708	1.26	0.614
atac_L12287	highk4_prom	4.007	4.581	2.2	2.914	2.056	2.381	2.046	2.175	2.9	2.735	1.102
atac_L12290	highk4_prom	3.783	2.673	1.387	1.448	1.734	1.584	1.153	0	2.373	1.272	0.62
atac_L12311	highk4_prom	4.398	3.511	1.369	2.895	2.58	2.015	2.09	2.954	3.157	1.292	1.797
atac_L12325	highk4_prom	4.649	5.498	1.877	2.87	2.046	1.957	1.49	0	2.753	2.244	0.361
atac_L12362	highk4_prom	4.045	4.534	2.337	3.355	2.828	2.075	2.469	2.136	2.857	2.215	1.485
atac_L12404	highk4_prom	4.376	2.597	1.177	1.996	1.966	1.021	1.024	0	2.181	1.52	0.995
atac_L12420	highk4_prom	4.209	4.422	1.458	2.709	1.966	1.301	1.01	3.254	2.907	1.503	0.639
atac_L12444	highk4_prom	4.135	2.685	1.274	1.615	1.01	0.915	0.991	0	0.508	1.807	0.859
atac_P02370	highk4_prom	4.307	4.88	1.383	1.785	1.481	2.3	1.593	0	2.484	1.844	1.157
atac_L12453	highk4_prom	5.022	5.249	1.683	2.754	1.443	1.734	0.804	2.944	2.27	0.781	0.75
atac_L12461	highk4_prom	3.636	3.646	1.059	1.838	1.651	1.377	1.406	0	2.079	1.898	0.931
atac_L12475	highk4_prom	3.742	4.207	2.51	3.04	2.315	2.48	1.83	0	3.283	1.984	1.568
atac_L12490	highk4_prom	3.725	4.238	1.632	2.629	1.718	2.37	2.01	2.137	2.815	2.521	0.873
atac_L12500	highk4_prom	4.607	2.537	1.138	1.367	1.315	1.332	1.308	2.578	1.727	1.648	0.623
atac_L12502	highk4_prom	3.362	4.266	2.733	3.063	2.134	2.238	0.805	2.946	2.753	1.287	1.243
atac_L12504	highk4_prom	4.193	3.348	0.589	0.717	1.021	1.103	1.588	0	1.92	1.963	1.071
atac_L12522	highk4_prom	3.969	4.104	2.037	2.352	1.87	1.611	1.789	0	2.948	1.802	0.959
atac_L12532	highk4_prom	4.639	2.319	1.49	2.247	1.617	1.732	2.243	0	2.481	0	0.823
atac_L12564	highk4_prom	3.404	2.864	1.471	1.728	0.688	0.736	1.193	0	1.677	0	1.091
atac_L12569	highk4_prom	4.013	4.898	1.737	2.676	1.682	1.651	1.748	2.18	2.567	0	1.105
atac_L12581	highk4_prom	3.875	2.672	1.568	2.104	2.326	2.124	1.563	0	2.484	1.796	0.956
atac_L12584	highk4_prom	4.26	4.804	1.543	2.209	1.85	1.699	1.483	0	2.594	1.079	1.088
atac_L12633	highk4_prom	5.239	3.191	1.217	2.208	2.112	1.928	2.026	2.154	2.834	1.512	1.427
atac_L12646	highk4_prom	4.733	3.909	1.002	2.073	1.844	1.031	1.169	0	2.337	1.959	1.068
atac_L12651	highk4_prom	3.815	4.6	2.131	1.089	1.711	1.136	1.587	2.129	1.835	0.786	1.248
atac_L12663	highk4_prom	3.902	5.156	1.932	2.409	2.342	2.309	1.35	4.331	2.313	1.853	0.888
atac_L12672	highk4_prom	4.486	4.023	2.62	2.926	2.002	1.568	1.934	3.392	3.238	2.501	1.149
atac_L12684	highk4_prom	3.408	4.573	3.01	3.553	2.362	2.51	1.789	4.133	2.543	2.49	0.623
atac_L12687	highk4_prom	4.953	4.248	1.669	1.952	1.98	1.379	1.789	3.091	2.529	1.841	0.894
atac_L12696	highk4_prom	4.667	2.866	0.747	2.153	2.071	1.868	2.002	3.041	3.027	1.517	1.406
atac_L12733	highk4_prom	4.493	3.268	1.631	1.71	1.309	1.35	1.642	3.396	1.855	1.435	0.93
atac_L12738	highk4_prom	4.778	3.006	1.224	1.511	1.989	1.372	1.956	1.995	1.71	1.379	1.299
atac_L12744	highk4_prom	4.628	4.25	1.499	2.038	2.141	1.524	1.826	0	1.205	1.306	0.879
atac_P02429	highk4_prom	4.873	4.685	1.654	2.961	2.236	1.842	2.245	1.312	2.771	1.826	0.976
atac_L12747	highk4_prom	5.132	4.469	1.165	2.032	2.352	1.495	1.662	0	2.96	1.626	1.04
atac_L12779	highk4_prom	4.175	3.46	2.134	0.827	1.17	0.565	1.549	2.086	1.404	1.032	1.041
atac_L12781	highk4_prom	3.728	3.263	1.146	0.929	1.334	0.408	1.268	0	1.929	0.747	0.826
atac_L12799	highk4_prom	3.876	4.626	2.842	3.473	2.888	1.991	1.631	3.535	3.735	2.011	1.287
atac_L12817	highk4_prom	4.458	3.939	1.603	1.813	1.966	1.271	0.575	3.208	2.314	1.043	0.62
atac_L12869	highk4_prom	4.743	4.11	1.217	1.925	1.075	0.777	1.608	0	1.769	1.311	0.644
atac_L12901	highk4_prom	3.71	2.696	1.101	2.277	2.205	1.344	1.457	2.594	2.209	0	1.326
atac_L12905	highk4_prom	4.417	4.371	1.318	2.373	1.542	2.461	1.949	0	1.875	2.886	1.585
atac_L12916	highk4_prom	5.592	3.991	1.35	1.039	1.046	1.567	1.638	2.057	1.681	1.237	1.194
atac_L12917	highk4_prom	4.178	4.988	1.325	2.334	2.156	1.873	1.363	0	2.394	2.011	1.901
atac_L12918	highk4_prom	4.371	4.642	1.696	3.258	2.599	2.725	2.095	0	3.681	1.67	0.758
atac_L12932	highk4_prom	4.534	4.782	0.861	2.112	1.858	1.404	1.942	2.994	2.8	1.996	1.275
atac_L12962	highk4_prom	4.559	4.934	0.724	2.904	2.252	2.313	2.097	2.137	2.9	0.79	1.622
atac_L12964	highk4_prom	4.336	2.619	1.422	2.463	2.246	1.776	2.872	1.365	3.378	1.429	1.485
atac_P02489	highk4_prom	3.908	5.194	2.625	2.746	2.671	1.896	2.351	2.025	3.001	1.574	1.586
atac_L12996	highk4_prom	4.122	4.751	1.819	3.32	2.124	2.573	2.363	2.166	3.454	2.458	0
atac_L13013	highk4_prom	3.724	4.455	2.274	2.24	1.959	2.057	2.533	2.962	2.722	1.297	0.872
atac_P02495	highk4_prom	3.498	2.551	0.709	2.044	2.004	1.698	0.734	1.992	2.198	1.545	1.224
atac_P02499	highk4_prom	3.675	4.545	2.54	3.295	2.295	2.55	0.904	1.976	2.945	1.815	1.482
atac_L13024	highk4_prom	3.553	5.015	1.975	3.042	2.06	2.611	1.855	3.01	3.068	2.14	0.782
atac_L13029	highk4_prom	3.574	3.128	1.727	2.661	2.001	1.268	1.3	0	2.183	0.77	1.226
atac_L13037	highk4_prom	4.979	4.392	2.025	1.461	1.81	0.626	0.934	2.485	0.83	0.729	0.906
atac_L13046	highk4_prom	3.433	3.791	1.582	0.857	1.296	0.811	0.881	1.939	1.286	0	0.76
atac_L13059	highk4_prom	3.664	4.542	2.052	1.004	1.678	1.326	0	0	1.588	0	0.779
atac_L13111	highk4_prom	4.344	4.931	1.185	2.059	1.955	2.084	0	0	2.439	1.65	0.746
atac_L13143	highk4_prom	4.168	2.81	1.674	2.992	2.256	1.787	2.374	3.453	2.95	1.803	1.057
atac_L13192	highk4_prom	4.358	3.879	1.019	2.35	2.232	1.648	2.023	0	1.765	1.308	0.642
atac_L06979	highk4_prom	4.056	3.975	1.038	3.101	2.08	2.297	2.223	0	2.621	2.26	1.287
atac_L06992	highk4_prom	3.523	4.673	1.039	2.207	0.8	1.3	1.565	2.104	1.419	1.643	1.386
atac_L07000	highk4_prom	4.705	4.293	0.849	2.146	1.463	1.711	1.716	2.144	3.066	0	0.355
atac_L07010	highk4_prom	3.583	4.956	2.032	2.685	2.318	1.786	2.026	2.154	2.834	1.311	0.989
atac_P01431	highk4_prom	3.597	3.557	2.319	2.183	1.779	1.913	1.347	0	2.465	1.692	1.145
atac_L07069	highk4_prom	4.738	5.324	1.091	2.398	2.52	1.745	0.317	2.11	2.95	1.277	0.624
atac_L07095	highk4_prom	3.788	3.547	1.387	0.739	1.509	1.477	1.415	1.265	2.538	0.68	0.938
atac_L07099	highk4_prom	4.254	3.811	0.982	1.67	1.53	1.528	0.978	2.914	2.675	2.28	1.647
atac_L07139	highk4_prom	3.394	4.109	2.021	3.213	1.805	2.289	2.443	2.455	2.859	1.699	0.89
atac_L07163	highk4_prom	4.011	2.38	1.987	2.261	1.62	1.941	1.79	2.109	2.692	1.276	1.462
atac_L07165	highk4_prom	4.422	4.561	1.421	2.1	1.707	1.432	1.781	0	2.043	0	0.618
atac_L07181	highk4_prom	4.332	3.36	1.859	3.306	2.554	2.547	2.668	2.002	3.077	2.377	1.933
atac_L07188	highk4_prom	4.277	3.805	1.854	2.938	2.441	1.639	2.538	3.488	3.869	2.101	0.875
atac_L07193	highk4_prom	3.6	2.013	0.836	2.225	1.631	1.063	1.455	0	1.991	0.443	0.751
atac_L07207	highk4_prom	4.923	4.155	2.892	3.368	2.852	2.619	2.229	0	3.721	1.943	1.057
atac_L07238	highk4_prom	4.631	4.417	2.108	2.436	2.555	2.251	1.979	0	2.689	2.185	0.958
atac_L07240	highk4_prom	3.489	4.557	2.765	2.615	2.171	1.671	1.457	0	2.661	1.958	1.545
atac_L07246	highk4_prom	3.715	4.547	1.412	3.776	3.07	2.317	2.207	2.906	3.389	2.273	0.733
atac_L07253	highk4_prom	4.716	3.522	1.527	3.071	2.309	2.114	2.134	3.341	2.636	0.986	0.995
atac_P01464	highk4_prom	4.749	3.833	1.669	2.969	1.984	1.879	1.934	3.055	3.165	1.935	0.778
atac_L07343	highk4_prom	3.621	3.269	2.117	3.239	2.22	2.111	2.26	3.487	3.687	1.831	1.337
atac_L07344	highk4_prom	4.493	5.76	1.45	2.821	2.424	2.251	1.035	2.181	3.181	1.712	0.657
atac_L07345	highk4_prom	3.919	3.235	1.369	2.553	1.693	1.851	1.25	2.846	2.241	1.87	1.177
atac_L07347	highk4_prom	3.791	3.817	1.863	3.66	2.377	2.466	2.023	3.5	3.345	2.708	0.88
atac_L07369	highk4_prom	3.523	4.273	1.35	2.65	1.997	1.817	1.932	2.057	2.325	2.242	0.826
atac_P01480	highk4_prom	4.349	3.934	1.61	1.866	1.72	1.535	1.848	1.97	3.006	1.81	1.05
atac_L07378	highk4_prom	4.411	2.058	1.314	1.661	1.968	1.663	2.127	0	2.658	1.699	0.89
atac_L07391	highk4_prom	4.422	4.43	3.668	2.978	2.82	2.017	1.604	3.882	3.859	1.84	0.766
atac_L07407	highk4_prom	4.308	4.447	1.758	2.595	1.734	1.807	2.049	2.816	2.626	1.558	1.235
atac_L07412	highk4_prom	4.46	3.316	0.68	1.512	2.483	1.526	2.58	0	2.672	1.331	0.898
atac_P01485	highk4_prom	3.465	2.48	0.621	1.325	1.471	1.019	0.554	2.055	1.138	1.236	0.471
atac_L07432	highk4_prom	4.169	4.079	1.403	1.741	1.598	1.644	1.85	2.173	1.475	1.325	1.653
atac_L07470	highk4_prom	3.365	3.977	2.542	2.6	2.023	1.955	1.505	2.182	2.675	3.103	0.366
atac_L07475	highk4_prom	4.494	4.428	2.033	2.788	2.689	2.188	1.505	3.014	3.252	0.815	1.107
atac_P01504	highk4_prom	3.336	4.343	2.094	2.603	2.298	2.13	1.733	0	2.917	1.745	1.265
atac_L07514	highk4_prom	3.799	4.739	1.926	3.259	2.383	1.83	1.727	2.985	2.542	1.69	1.703
atac_L07525	highk4_prom	4.189	4.006	0.749	2.517	1.894	1.408	1.412	0	2.014	1.246	0.334
atac_L07534	highk4_prom	4.453	4.592	1.552	3.008	2.135	1.67	0.583	2.947	3.115	2.202	0.865
atac_L07536	highk4_prom	3.442	5.55	2.457	2.138	2.165	1.9	0.973	2.085	2.882	2.163	1.215
atac_L07546	highk4_prom	4.113	5.451	2.742	2.45	1.876	1.952	1.021	0	2.49	0	1.504
atac_P01510	highk4_prom	4.755	2.259	0.918	2.275	1.367	1.269	1.955	1.994	2.42	0.971	0.888
atac_P01513	highk4_prom	4.101	5.095	1.803	3.305	2.2	2.877	2.622	2.055	3.234	2.34	1.486
atac_L07562	highk4_prom	4.524	4.308	1.469	2.687	1.998	1.479	1.191	2.156	3.188	2.236	0.769
atac_L07564	highk4_prom	3.527	3.405	0.938	1.451	1.374	1.12	0.987	0	2.052	1.275	0.344
atac_L07587	highk4_prom	4.118	3.551	0.88	0.956	1.426	1.268	0.982	2.099	1.17	1.269	1.05
atac_L07589	highk4_prom	3.867	4.776	2.135	2.286	1.936	2.155	2.328	2.604	2.462	1.295	0.975
atac_L07591	highk4_prom	4.174	5.412	2.575	2.913	1.749	2.199	1.336	0	2.358	2.928	0.764
atac_L07594	highk4_prom	3.49	4.333	3.187	3.283	2.259	2.368	1.361	3.532	3.376	1.708	1.367
atac_L07625	highk4_prom	4.299	4.203	1.751	2.48	1.923	2.006	1.225	0	3.008	1.552	1.071
atac_L07640	highk4_prom	3.772	4.796	0.926	1.67	2.037	1.806	2.298	2.176	2.766	2.007	0.516
atac_L07679	highk4_prom	3.497	2.278	1.142	1.333	1.876	1.105	0	0	1.886	0.816	0.9
atac_L07682	highk4_prom	3.681	3.991	1.532	2.766	1.799	1.484	0	2.921	2.729	2.179	1.307
atac_L07690	highk4_prom	4.346	5.145	2.593	3.707	2.792	2.303	2.156	2.113	3.556	0	1.06
atac_L07703	highk4_prom	4.142	5.02	2.255	2.923	2.557	2.446	1.366	3.923	3.81	2.014	1.727
atac_L07710	highk4_prom	4.973	5.193	2.844	2.689	2.321	1.794	1.762	1.302	3.076	1.678	0.968
atac_L07716	highk4_prom	4.476	4.321	2.751	2.906	2.829	2.284	1.199	3.904	3.594	0.807	1.649
atac_L07718	highk4_prom	4.917	4.397	1.124	1.493	1.662	1.342	1.346	0	1.676	0	0.991
atac_L07736	highk4_prom	4.476	4.452	1.553	1.874	1.122	1.921	2.128	0	2.554	0.807	0.775
atac_L07738	highk4_prom	4.127	4.536	2.318	3.238	2.739	2.314	1.818	3.486	3.532	2.522	1.255
atac_L07750	highk4_prom	4.391	4.294	1.364	2.56	2.312	1.889	1.416	0	2.342	2.703	0.836
atac_L07780	highk4_prom	5.097	4.713	2.212	2.165	1.419	2.049	1.616	0	2.654	1.995	1.187
atac_P01578	highk4_prom	4.75	5.17	2.014	2.54	1.516	1.53	1.072	1.314	2.96	0.968	1.064
atac_L07828	highk4_prom	4.373	3.769	2.194	2.256	2.296	1.425	2.251	0	3.207	1.014	0.929
atac_L07830	highk4_prom	3.939	4.595	2.551	3.128	2.287	2.193	1.726	3.268	2.486	2.235	0.508
atac_P01580	highk4_prom	4.974	4.014	2.126	2.757	2.439	1.796	1.618	2.497	3.844	1.22	1.007
atac_L07839	highk4_prom	4.744	5.552	1.446	2.33	1.6	1.968	2.298	0	3.025	0.812	1.102
atac_L07848	highk4_prom	4.799	5.412	1.28	2.819	2.594	1.765	2.376	2.179	3.179	0	1.005
atac_L07849	highk4_prom	4.437	5.254	1.548	2.693	2.173	1.345	1.839	2.161	3.086	1.518	0.647
atac_P01597	highk4_prom	4.648	4.068	1.666	2.101	1.425	1.906	1.786	2.459	2.525	1.962	1.303
atac_L07915	highk4_prom	4.843	3.111	0.925	1.419	1.428	1.167	0.605	0	2.561	0	1.001
atac_L07941	highk4_prom	4.761	3.43	0.517	1.901	1.559	1.482	2.001	0	2.565	2.417	1.548
atac_L07995	highk4_prom	4.363	4.411	2.259	3.76	3.004	2.575	2.062	3.442	3.983	1.042	2.166
atac_L08006	highk4_prom	3.391	5.543	3.49	3.476	2.287	2.892	1.67	2.093	4.371	2.475	0.95
atac_L08071	highk4_prom	4.333	4.255	1.676	2.228	1.961	1.797	2.646	0	2.791	0	1.436
atac_L08075	highk4_prom	3.646	3.279	1.242	0.938	1.316	1.126	0.964	2.071	2.087	1.022	0.335
atac_L08132	highk4_prom	3.909	4.403	1.921	3.63	2.679	2.692	1.557	2.562	3.609	1.038	0.848
atac_L08134	highk4_prom	4.463	3.916	1.558	2.284	2.125	1.999	1.173	2.131	1.837	1.964	0.351
atac_L08181	highk4_prom	3.776	3.975	1.038	1.231	1.708	0.702	0	0	2.817	0.814	1.199
atac_L08183	highk4_prom	3.617	3.067	2.474	3.421	2.771	2.311	1.005	3.483	3.327	2.214	0.501
atac_L08184	highk4_prom	3.756	4.641	2.188	3.291	1.641	2.556	2.034	2.162	2.843	1.853	0.648
atac_P01663	highk4_prom	4.79	5.212	1.46	2.873	1.549	1.696	1.84	0	2.435	1.236	1.022
atac_L08211	highk4_prom	3.421	4.979	1.664	3.12	1.726	2.021	1.625	0	2.258	2.004	1.586
atac_L08213	highk4_prom	4.62	3.335	0.776	2.12	1.551	1.095	1.693	0	2.555	1.284	1.398
atac_L08219	highk4_prom	3.42	4.182	1.033	1.325	1.087	1.492	1.202	2.172	1.96	2.003	1
atac_L08223	highk4_prom	3.602	2.266	1.032	1.587	1.596	1.569	1.623	0	1.687	2.132	0.362
atac_L08230	highk4_prom	4.041	2.744	1.358	0.874	0.693	1.29	1.354	0	1.582	0.807	1.649
atac_L08261	highk4_prom	4.718	4.307	1.561	2.167	2.46	1.742	1.979	0	2.766	0.408	0.582
atac_P01679	highk4_prom	3.73	4.898	1.594	1.858	1.334	1.418	0	3.112	2.167	1.209	1.245
atac_P01681	highk4_prom	4.272	3.642	1.475	1.547	1.044	1.585	1.649	2.411	2.568	1.661	1.337
atac_L08297	highk4_prom	3.805	4.368	1.806	2.415	1.764	2.011	1.205	2.432	2.834	2.515	0.563
atac_L08314	highk4_prom	3.346	2.867	1.386	2.463	2.247	1.565	1.4	2.055	2.808	0	1.11
atac_L08336	highk4_prom	3.557	4.184	1.2	2.801	2.179	2.278	1.589	2.132	2.895	1.294	0.757
atac_L08338	highk4_prom	3.585	4.004	1.349	2.047	2.271	1.93	1.345	2.156	3.003	0.801	0.884
atac_L05429	highk4_prom	3.997	3.473	0.641	0.21	1.243	1.457	1.299	0	1.522	1.267	1.453
atac_L05446	highk4_prom	3.429	4.193	3.817	3.921	2.661	2.708	1.631	3.011	3.41	2.011	1.66
atac_L05456	highk4_prom	3.558	4.092	1.979	2.858	2.177	2.269	2.38	2.183	2.993	1.714	0.658
atac_L05469	highk4_prom	3.522	4.863	1.712	3.871	2.496	2.619	1.831	2.98	3.408	1.686	0.19
atac_P01118	highk4_prom	3.867	2.153	1.103	2.21	1.215	1.614	0.957	0	2.384	1.604	1.422
atac_L05504	highk4_prom	3.851	4.12	1.919	2.068	1.861	1.284	0.582	2.12	2.332	0	0.628
atac_L05506	highk4_prom	3.577	3.281	1.258	1.569	1.93	1.306	1.828	0	2.479	0	1.263
atac_L05539	highk4_prom	4.001	4.18	1.181	1.94	1.394	0.786	1.355	2.17	1.958	0	0.892
atac_L05549	highk4_prom	3.343	4.504	2.29	2.809	2.51	2.602	1.521	2.867	2.846	2.13	1.108
atac_L05550	highk4_prom	3.912	5.376	2.892	3.396	2.312	2.702	1.813	2.959	4.167	1.669	1.963
atac_L05552	highk4_prom	3.584	2.046	1.389	1.492	0.584	0.861	1.833	0	1.341	1.513	0.358
atac_P01132	highk4_prom	4.836	4.575	1.672	2.524	1.595	1.146	1.454	0	2.238	0.704	0.563
atac_L05556	highk4_prom	4.84	4.809	1.498	2.469	1.906	2.371	1.405	2.061	3.358	2.44	1.276
atac_L05563	highk4_prom	4.945	4.098	1.604	2.912	2.43	1.643	1.011	2.616	3.139	1.836	1.562
atac_L05598	highk4_prom	3.51	2.573	2.096	2.246	1.674	0.771	0.592	2.142	2.82	0	0.354
atac_P01159	highk4_prom	3.491	4.743	1.868	2.224	2.264	2.33	0.526	1.311	3.09	1.949	0.884
atac_L05626	highk4_prom	4.164	4.164	1.477	2.837	1.961	1.695	1.952	2.544	2.833	1.774	1.365
atac_P01164	highk4_prom	4.104	3.669	0.545	1.02	1.795	1.349	1.246	2.028	2.818	1.577	0.587
atac_L05653	highk4_prom	3.917	3.667	1.453	1.845	1.026	0.681	1.177	0	2.77	0.79	1.686
atac_L05664	highk4_prom	4.163	4.227	2.582	3.368	2.469	2.053	1.026	2.997	3.396	1.7	1.359
atac_L05671	highk4_prom	3.341	4.363	3.051	2.586	2.095	2.306	1.079	1.322	2.825	2.183	0.984
atac_L05702	highk4_prom	4.392	2.725	1.07	1.89	1.801	0.754	1.227	0	2.039	0.872	1.178
atac_L05711	highk4_prom	3.41	4.27	1.621	2.58	2.025	1.537	1.941	0	1.867	1.696	0.995
atac_L05809	highk4_prom	4.279	4.936	1.111	3.063	2.344	2.379	1.795	0	2.911	2.553	0.799
atac_L05813	highk4_prom	3.955	3.557	1.517	2.17	1.511	1.436	1.2	2.169	2.555	1.858	0.513
atac_L05822	highk4_prom	4.559	5.195	1.142	2.815	2.354	2.26	1.689	0	2.916	2.193	1.394
atac_L05883	highk4_prom	3.34	4.765	1.825	2.335	1.663	1.866	2.242	2.05	2.317	1.231	0.822
atac_L05902	highk4_prom	3.323	4.147	2.368	3.043	2.017	2.059	1.591	2.684	3.434	1.603	1.411
atac_P01230	highk4_prom	3.827	3.603	0.988	1.678	1.548	1.563	1.715	0	1.899	1.214	1.324
atac_L05939	highk4_prom	3.977	3.33	1.187	1.458	1.574	0.877	0.992	0	2.789	1.808	1.152
atac_L05964	highk4_prom	5.223	3.934	1.727	3.143	2.368	1.95	1.675	3.203	1.523	0	1.05
atac_L05990	highk4_prom	3.814	2.146	0.797	1.701	1.688	1.693	1.398	2.053	1.764	1.234	0.47
atac_L05992	highk4_prom	5.078	4.803	0.985	2.335	2.362	1.992	0.609	2.656	2.197	1.096	1.287
atac_P01247	highk4_prom	4.773	4.275	1.362	1.538	1.126	0.825	0.935	0	2.171	0.73	1.001
atac_L06011	highk4_prom	4.963	4.115	1.308	0.994	1.04	1.156	0	0	1.213	0.802	0.51
atac_P01248	highk4_prom	3.343	3.698	1.148	2.054	1.664	1.765	0.92	0	2.619	0.976	0.167
atac_L06018	highk4_prom	4.405	5.053	3.018	3.148	2.454	1.949	1.528	3.394	2.971	2.346	1.025
atac_L06024	highk4_prom	4.468	3.355	1.151	1.712	1.829	0.991	1.273	2.064	2.332	1.242	0.932
atac_L06041	highk4_prom	4.523	4.162	1.306	1.651	1.71	1.311	0.597	2.155	2.172	1.312	0.644
atac_P01258	highk4_prom	4.434	3.429	1.009	1.708	1.183	1.451	1.843	2.876	1.004	0.749	0.828
atac_L06049	highk4_prom	4.649	3.002	0.812	1.253	1.164	1.491	0.564	0	1.7	0	1.21
atac_L06053	highk4_prom	5.102	4.452	1.358	2.321	2.379	1.901	1.354	2.641	3.201	1.7	1.097
atac_L06055	highk4_prom	4.38	5.051	2.3	3.29	2.909	2.195	2.659	2.968	3.424	2.431	1.75
atac_L06057	highk4_prom	3.95	4.53	1.551	2.498	2.212	1.957	0.601	2.164	2.551	1.085	1.435
atac_L06059	highk4_prom	3.349	4.127	3.258	3.585	2.596	2.672	0.603	2.169	2.66	2.358	1.191
atac_L06064	highk4_prom	5.015	4.09	1.672	2.6	2.314	1.653	1.21	0	2.675	2.143	1.371
atac_L06116	highk4_prom	3.904	2.597	0.919	1.22	1.294	1.661	0	2.164	1.778	0	0.649
atac_L06122	highk4_prom	3.717	4.46	2.85	3.149	2.238	2.244	1.358	3.004	3.1	1.091	0.894
atac_L06140	highk4_prom	4.541	3.223	0.893	1.403	1.106	1.542	1.189	1.285	1.673	0.945	0.435
atac_L06142	highk4_prom	3.958	3.841	1.442	2.172	1.796	1.437	1.495	0	1.874	1.324	1.279
atac_L06145	highk4_prom	4.417	5.169	1.628	2.096	2.24	1.89	1.876	2.915	2.178	1.789	1.047
atac_L06164	highk4_prom	4.46	2.702	1.286	1.551	1.479	0.846	1.171	0	1.919	1.292	1.549
atac_L06178	highk4_prom	3.736	3.992	1.422	1.305	1.107	1.362	2.48	0	1.204	1.681	1.261
atac_L06179	highk4_prom	4.256	5.483	1.504	1.793	2.164	1.907	0.821	2.152	2.365	0.799	1.179
atac_L06195	highk4_prom	3.543	2.997	1.113	1.153	1.564	1.128	0.562	0	1.278	0	0.478
atac_L06212	highk4_prom	4.623	4.408	2.237	2.871	2.658	2.327	2.85	0	2.706	0.806	0.512
atac_L06220	highk4_prom	4.211	3.873	0.907	2.199	2.046	1.756	1.336	2.145	2.779	0.795	1.082
atac_L06222	highk4_prom	4.89	3.17	1.563	1.199	1.741	1.14	1.709	0	1.926	1.828	0.636
atac_L06223	highk4_prom	3.804	2.985	1.025	1.73	1.533	0.943	1.348	0	1.774	1.517	0.886
atac_P01306	highk4_prom	4.064	3.498	1.349	1.831	1.996	1.89	0.954	2.055	1.586	1.6	1.486
atac_L06233	highk4_prom	4.286	4.658	1.889	3.249	2.086	1.842	0.594	0	2.232	1.506	0.879
atac_L06256	highk4_prom	4.144	5.774	2.75	3.822	3.071	3.05	1.48	0	3.437	1.686	0.988
atac_L06257	highk4_prom	3.692	3.635	0.646	1.277	1.693	1.021	0.577	1.41	1.306	0	0.345
atac_L06262	highk4_prom	4.137	3.717	1.28	2.181	1.576	1.102	1.362	3.296	1.48	0.813	0.656
atac_L06263	highk4_prom	4.576	4.828	1.035	1.881	1.776	1.265	1.743	2.175	1.225	1.529	1.195
atac_L06264	highk4_prom	4.799	3.313	0.986	1.992	1.863	1.604	0.573	0	2.427	2.287	0.955
atac_L06284	highk4_prom	4.046	5.034	1.883	3.034	2.429	2.461	1.624	2.172	2.503	2.003	0.515
atac_P01315	highk4_prom	4.794	3.708	1.314	1.64	1.963	1.266	2.571	2.06	2.439	0.749	1.422
atac_L06289	highk4_prom	4.202	4.501	1.907	3.288	2.5	2.296	2.592	0	2.916	1.449	0.61
atac_L06330	highk4_prom	4.154	4.49	2.471	3.036	2.145	2.342	0.91	1.311	2.412	1.54	1.552
atac_L06338	highk4_prom	4.143	4.659	1.32	2.011	1.963	2.125	0.803	2.943	1.989	2.198	1.241
atac_L06339	highk4_prom	3.552	4.072	1.882	3.043	2.128	1.76	1.659	0	3.233	1.451	1.368
atac_L06351	highk4_prom	4.707	3.972	2.133	2.414	2.493	1.743	2.046	2.904	3.071	1.92	1.041
atac_L06352	highk4_prom	3.477	4.873	2.541	3.381	2.273	2.548	2.185	2.065	2.976	1.243	1.494
atac_P01336	highk4_prom	3.332	3.688	1.902	3.03	2.055	1.842	2.015	1.9	2.632	1.464	1.476
atac_L06371	highk4_prom	3.761	4.174	1.683	2.646	1.548	1.9	2.205	2.904	2.466	1.626	0.338
atac_L06373	highk4_prom	4.578	3.799	1.726	2.656	2.406	2.311	1.907	2.4	2.367	0.689	1.628
atac_L06376	highk4_prom	4.087	3.306	1.182	2.372	1.908	1.843	1.028	1.46	2.039	2.132	1.099
atac_L06379	highk4_prom	4.611	4.772	0.856	1.988	1.873	1.453	1.345	0	2.306	1.514	1.502
atac_L06380	highk4_prom	4.173	5.263	1.612	2.846	2.071	1.87	1.987	0	2.384	0.777	0.859
atac_P01339	highk4_prom	4.37	4.463	1.896	2.326	2.5	2.106	1.658	0	2.336	2.244	0.774
atac_L06383	highk4_prom	4.648	4.068	1.513	2.695	1.985	1.917	1.35	2.993	2.654	1.318	1.274
atac_L06384	highk4_prom	4.422	2.944	0.784	2.029	1.753	1.348	2.219	0	2.11	0.731	1.325
atac_L06400	highk4_prom	3.974	4.342	2.821	3.336	2.34	2.491	0.55	2.045	3.282	2.123	1.478
atac_L06461	highk4_prom	4.113	3.95	0.916	3.427	2.75	1.833	2.426	0	3.445	1.991	1.431
atac_L06462	highk4_prom	4.56	4.229	1.417	2.757	2.104	1.888	2.053	0	2.85	1.787	0.847
atac_L06464	highk4_prom	4.468	4.283	0.804	0.684	1.505	1.429	1.531	1.374	1.775	1.9	1.279
atac_L06471	highk4_prom	3.707	4.498	1.202	2.287	2.169	1.987	1.927	0	2.623	1.805	0.871
atac_L06512	highk4_prom	4.029	4.521	2.553	2.926	2.187	2.258	2.029	0	2.923	0.801	1.09
atac_L06523	highk4_prom	3.782	4.616	1.568	2.246	1.341	1.111	1.334	1.437	1.058	0.793	1.258
atac_L06550	highk4_prom	3.532	3.833	2.016	1.686	1.671	1.888	2.232	0	2.913	1.049	1.316
atac_L06579	highk4_prom	4.072	3.541	1.038	1.123	2.044	1.378	2.074	0	2.24	1.58	0.324
atac_L06613	highk4_prom	3.4	2.529	1.037	0.703	1.399	0.707	2.144	0	2.483	1.27	1.227
atac_L06663	highk4_prom	4.268	3.979	1.32	2.075	1.598	1.64	2.586	3.004	3.632	1.77	0.297
atac_L06722	highk4_prom	3.478	3.651	3.297	2.855	2.499	2.239	1.533	3.165	2.901	1.902	0.832
atac_L06767	highk4_prom	3.408	2.868	1.055	2.503	1.498	1.543	0.768	0	2.634	1.012	0.927
atac_L06779	highk4_prom	4.271	4.729	3.462	2.577	2.118	1.563	1.418	1.932	3.412	1.895	1.103
atac_L06801	highk4_prom	3.517	4.585	0.772	2.156	1.775	1.253	1.594	1.328	1.803	2.085	0.989
atac_L06806	highk4_prom	3.709	3.239	1.636	1.557	1.543	1.397	0.282	0	2.339	1.523	1.128
atac_P01402	highk4_prom	4.137	4.508	2.047	1.653	2.62	1.854	2.941	0	3.82	0.717	1.152
atac_L06815	highk4_prom	4.017	4.905	1.434	2.565	2.09	1.79	1.448	0	2.744	0.777	0.625
atac_L06910	highk4_prom	3.613	3.795	1.931	2.236	1.85	1.263	1.705	0	2.002	1.824	1.164
atac_L13226	highk4_prom	3.37	3.431	1.723	1.962	1.992	1.784	1.702	0	2.401	1.292	0.632
atac_L13308	highk4_prom	3.642	4.628	1.605	2.627	1.913	2.417	1.943	0	3.502	2.447	0.476
atac_L13316	highk4_prom	3.734	3.932	2.66	3.169	2.459	1.36	2.542	0	3.618	1.679	1.418
atac_L13378	highk4_prom	3.804	3.751	2.414	2.889	2.021	2.354	1.627	2.044	3.024	1.42	1.185
atac_L13398	highk4_prom	3.48	3.304	0.476	1.535	1.682	1.705	1.71	0	1.735	0.728	0.905
atac_L13458	highk4_prom	3.655	4.448	1.334	3.216	2.166	2.384	1.106	1.352	2.517	1.999	1.18
atac_L13470	highk4_prom	3.399	4.866	2.18	2.445	2.527	1.604	2.35	0	2.789	1.688	1.349
atac_L13471	highk4_prom	3.539	4.226	1.624	1.806	1.391	1.565	1.736	2.166	2.497	1.998	1.581
atac_L13504	highk4_prom	4.556	3.813	0.848	1.696	1.613	1.045	0	2.046	2.193	0.741	0.595
atac_L13581	highk4_prom	5.084	3.502	0.585	1.622	1.325	1.13	1.317	0	1.186	2.309	1.542
atac_L13587	highk4_prom	3.826	4.037	1.492	1.971	1.94	1.383	1.917	0	2.523	2.774	0.637
atac_L13591	highk4_prom	4.43	3.823	1.925	2.53	2.351	2.209	1.609	0	3.657	1.987	0.645
atac_P02578	highk4_prom	4.326	4.848	2.416	2.801	2.566	1.807	1.26	2.51	3.369	3.069	0.82
atac_P02583	highk4_prom	4.222	5.191	2.036	2.854	2.336	2.345	1.466	0	2.924	1.951	1.063
atac_P02584	highk4_prom	3.683	4.866	2.278	2.507	2.327	1.761	1.404	2.06	1.931	3.025	1.113
atac_P02585	highk4_prom	4.011	3.027	1.07	1.598	1.461	1.737	0	1.332	1.727	1.203	0.695
atac_L13629	highk4_prom	3.349	4.228	1.316	1.663	1.817	1.641	1.027	0	1.686	1.322	0.362
atac_L13630	highk4_prom	4.099	4.769	1.862	2.855	2.157	1.473	1.209	2.181	2.991	1.87	1.106
atac_L13642	highk4_prom	3.384	3.601	1.883	2.515	1.837	1.569	1.009	2.968	2.471	1.301	0.354
atac_L13662	highk4_prom	5.026	2.047	0.914	1.405	1.958	1.63	1.191	0	2.025	0.801	0.884
atac_L13668	highk4_prom	3.837	3.562	1.312	2.162	2.45	1.885	0.988	2.109	2.868	2.663	0.623
atac_L13674	highk4_prom	4.101	5.14	1.741	2.097	1.68	2.035	1.828	2.149	2.234	0.797	0.986
atac_P02626	highk4_prom	4.829	3.794	1.709	2.669	2.247	1.73	2.102	1.985	2.644	1.823	1.291
atac_L13707	highk4_prom	4.812	5.283	2.429	3.635	3.119	2.443	2.324	3.476	3.722	1.666	1.071
atac_L13714	highk4_prom	4.62	4.316	2.117	2.054	2.121	1.346	2.124	2.163	2.032	0.805	1.187
atac_L13716	highk4_prom	4.487	4.301	1.386	2.304	1.284	1.501	2.023	2.151	2.096	0.798	0.987
atac_L13754	highk4_prom	3.654	4.409	0.862	2.367	1.968	1.289	0.829	3.724	2.251	1.086	0.513
atac_L13756	highk4_prom	4.664	4.001	1.542	1.311	1.893	1.869	2.026	2.154	1.46	1.845	1.18
atac_L13766	highk4_prom	3.916	5.173	2.358	3.699	2.362	2.76	1.709	2.962	2.899	2.772	1.412
atac_L13771	highk4_prom	4.427	4.769	1.624	2.181	2.242	1.74	1	0	2.072	1.82	0.867
atac_L13783	highk4_prom	4.32	4.762	2.052	3.037	2.978	2.906	2.297	0	3.602	2.735	1.719
atac_L13786	highk4_prom	5.263	4.099	1.633	1.242	1.985	1.241	0.772	3.162	1.857	0	0.603
atac_L13839	highk4_prom	4.08	3.3	1.029	2.456	1.903	1.565	1.943	1.456	2.657	1.997	2.094
atac_L13850	highk4_prom	3.645	3.382	2.01	3.186	2.786	2.59	0.33	3.511	3.292	1.991	0.886
atac_L13865	highk4_prom	4.457	3.029	0.825	2.205	1.906	1.24	2.145	2.102	2.98	1.642	0.956
atac_L13871	highk4_prom	4.859	4.026	1.447	2.543	1.479	1.606	1.587	0	2.279	0.786	0.868
atac_L13874	highk4_prom	3.946	2.906	1.523	2.288	1.767	1.828	0	0	2.847	1.458	1.134
atac_L13880	highk4_prom	3.437	5.765	2.157	3.102	2.857	2.365	2.465	3.479	3.498	1.294	1.164
atac_L13929	highk4_prom	5.037	4.94	1.691	2.904	2.671	2.371	1.618	0	2.552	2.457	0.996
atac_L13946	highk4_prom	3.898	3.153	0.947	2.822	1.126	1.669	0.582	2.945	2.138	1.659	0.348
atac_P02694	highk4_prom	4.24	4.546	2.37	2.783	1.926	1.648	1.082	3.326	2.621	1.705	1.155
atac_L14084	highk4_prom	3.37	4.208	2.274	2.599	1.997	1.278	1.282	0	2.401	0.757	1.503
atac_L14110	highk4_prom	4.949	3.32	0.872	0.591	1.016	1.174	1.859	0	1.484	1.098	0.658
atac_L14116	highk4_prom	3.595	3.777	2.276	2.221	2.581	1.548	2.078	1.417	2.748	2.196	0.347
atac_L14124	highk4_prom	4.313	3.708	1.645	2.781	2.353	1.219	2.074	3.457	2.993	0	0.747
atac_L14151	highk4_prom	4.346	2.814	1.045	2.266	1.673	1.52	0.991	2.113	3.139	1.652	0.625
atac_L14157	highk4_prom	3.493	3.05	4.619	3.163	2.462	2.416	1.503	3.898	3.458	1.58	0.912
atac_L14174	highk4_prom	5.067	2.015	1.479	2.323	2.746	1.799	1.697	2.123	2.452	1.287	1.61
atac_L14175	highk4_prom	4.394	3.507	2.22	2.691	2.084	1.58	0.585	2.126	2.929	0	0.971
atac_L14207	highk4_prom	4.076	3.272	1.107	1.958	1.987	1.619	1.848	2.065	1.776	1.762	1.681
atac_L14209	highk4_prom	3.923	3.869	2.096	2.778	2.514	2.496	2.102	3.873	3.761	2.221	1.751
atac_L14248	highk4_prom	3.922	4.05	1.821	2.435	1.968	1.782	0.986	2.105	2.779	0.773	0.489
atac_L14255	highk4_prom	4.118	3.326	0.55	2.523	1.559	1.64	1.727	3.572	2.569	1.739	1.182
atac_L14257	highk4_prom	3.65	3.833	0.672	1.733	1.192	1.287	1.49	2.163	1.867	1.696	0.888
atac_L14277	highk4_prom	4.3	4.572	1.419	2.247	1.386	1.584	0.552	0	1.922	0.419	1.343
atac_P02772	highk4_prom	5.054	4.101	1.072	3.206	2.907	1.701	2.454	2.755	3.338	1.917	0.435
atac_L14287	highk4_prom	3.561	3.409	0.552	2.859	1.909	1.804	2.162	2.857	2.836	2.121	0.594
atac_L14288	highk4_prom	4.413	5.149	2.07	3.285	2.357	2.376	2.077	0	2.835	2.405	0.748
atac_L14291	highk4_prom	4.294	3.066	1.264	1.94	1.463	1.228	1.112	0	2.477	0	0.595
atac_L14296	highk4_prom	4.068	4.311	1.685	2.79	2.436	2.176	2.518	3.467	3.149	1.287	0.751
atac_L14337	highk4_prom	4.2	2.474	1.344	2.103	1.856	1.538	2.092	0	3.099	1.231	0.923
atac_L14412	highk4_prom	4.465	4.31	0.915	2.212	1.558	1.632	0.599	2.158	2.793	1.314	0.992
atac_L04212	highk4_prom	3.578	3.76	1.76	2.255	2.005	1.718	1.44	0	2.589	1.272	0.956
atac_L04221	highk4_prom	3.799	3.534	1.878	1.866	1.8	1.251	1.848	0	2.493	1.81	1.131
atac_L04228	highk4_prom	3.332	5.013	1.952	2.923	2.269	2.143	1.343	0	2.54	1.986	1.18
atac_L04230	highk4_prom	4.231	3.624	1.026	1.409	1.74	1.536	1.615	0	1.775	1.083	0.36
atac_L04237	highk4_prom	4.446	5.1	2.528	1.951	1.724	1.62	0.994	2.117	2.919	0	1.397
atac_L04279	highk4_prom	3.842	4.253	2.233	2.562	2.586	2.19	1.654	2.075	3.129	2.154	1.803
atac_P00855	highk4_prom	4.507	5.215	2.032	2.372	1.816	1.546	0.924	0	2.023	1.558	0.798
atac_L04283	highk4_prom	3.997	4.527	3.735	3.94	2.778	2.405	2.397	3.86	3.748	1.964	0.869
atac_L04298	highk4_prom	3.404	3.381	1.173	1.494	1.322	1.156	0.33	0	1.574	1.314	0.646
atac_P00859	highk4_prom	3.529	4.555	1.548	2.547	1.706	1.859	1.302	2.732	1.734	1.33	0.655
atac_L04317	highk4_prom	3.441	3.556	2.585	3.158	2.817	1.878	2.03	3.074	3.3	1.692	1.221
atac_P00868	highk4_prom	4.941	4.041	1.494	2.464	2.068	1.891	2.448	2.871	2.809	2.341	1.11
atac_L04364	highk4_prom	4.388	3.485	1.137	2.229	2.016	0.952	1.626	0	2.191	0.811	1.517
atac_L04377	highk4_prom	3.717	3.463	1.916	2.459	1.788	1.705	1.292	2.908	2.172	2.05	0.483
atac_L04402	highk4_prom	3.793	3.689	2.377	2.334	2.228	1.495	1.275	3.577	3.02	0.911	1.154
atac_L04409	highk4_prom	4.803	4.526	1.127	3.051	2.023	1.536	1.349	0	3.086	3.015	0.994
atac_P00897	highk4_prom	3.674	3.89	2.768	3.294	2.349	2.355	1.763	0	3.256	1.364	1.353
atac_L04430	highk4_prom	5.268	3.977	1.671	2.329	2.084	1.859	1.695	2.005	2.751	1.843	1.233
atac_L04472	highk4_prom	4.929	4.642	1.709	2.958	2.513	2.281	2.533	0	3.262	2.366	1.366
atac_L04494	highk4_prom	3.948	3.254	0.719	1.699	1.732	1.259	0.585	0	1.437	1.663	1.16
atac_L04501	highk4_prom	4.34	4.932	1.82	3.184	2.736	2.236	0	2.135	3.056	1.968	0
atac_L04569	highk4_prom	4.713	3.709	0.805	1.81	1.542	1.382	1.849	0	3.338	1.703	1.1
atac_L04570	highk4_prom	4.672	5.473	2.038	3.05	2.418	2.476	2.356	0	3.76	2.349	1.937
atac_L04583	highk4_prom	3.967	2.573	1.114	2.295	1.372	1.897	1.472	2.614	2.527	2.221	1.69
atac_P00918	highk4_prom	4.994	4.705	2.296	2.9	2.265	1.956	1.175	0	3.439	2.39	1.385
atac_L04589	highk4_prom	3.469	4.356	1.472	2.535	2.258	1.609	2.679	2.988	2.748	2.45	0.771
atac_P00920	highk4_prom	3.775	3.219	0.605	0.907	1.022	1.091	1.094	0	1.555	0.728	1.39
atac_L04602	highk4_prom	4.407	3.49	1.355	1.455	1.695	1.123	2.072	0	3.269	1.049	0
atac_L04603	highk4_prom	3.894	5.055	3.066	2.678	2.003	1.878	1.422	0	1.874	1.624	0.943
atac_L04607	highk4_prom	4.447	3.775	1.555	1.664	2.07	1.734	1.201	0	1.873	0	0.999
atac_L04613	highk4_prom	3.676	4.994	0.66	2.937	2.078	2.454	1.179	0	2.577	1.499	1.256
atac_L04622	highk4_prom	3.745	3.95	0.831	1.536	1.492	1.334	1.159	2.112	1.307	0	0.346
atac_L04627	highk4_prom	4.889	3.026	1.872	2.251	2.196	1.178	1.781	2.099	2.31	1.041	0.954
atac_L04653	highk4_prom	3.722	3.341	1.421	1.829	1.619	1.445	1.634	1.364	2.924	0	1.61
atac_L04671	highk4_prom	4.216	4.387	2.001	3.659	2.345	2.368	1.186	2.149	3.434	1.982	1.084
atac_P00930	highk4_prom	4.401	3.081	0.664	1.747	2.06	1.2	1.603	0	2.677	0.913	0.417
atac_L04678	highk4_prom	3.615	4.13	1.623	2.332	2.342	1.705	1.87	0	3.273	1.784	0.845
atac_L04683	highk4_prom	4.662	3.284	1.427	1.104	1.148	0.819	0.329	0	1.065	0.799	0.882
atac_L04720	highk4_prom	5.149	4.36	2.286	2.416	1.99	2.031	2	2.127	2.847	0.785	0.754
atac_P00950	highk4_prom	4.032	4.009	2.552	3.208	2.996	2.258	1.101	3.56	3.109	1.578	1.253
atac_L04723	highk4_prom	4.809	3.475	1.819	2.905	2.782	2.496	2.038	0	2.251	2.356	1.189
atac_L04726	highk4_prom	3.35	3.567	2.161	3.257	2.07	1.999	0.318	2.935	2.495	1.946	0.746
atac_L04733	highk4_prom	4.26	4.138	2.066	3.217	2.486	2.176	2.137	0	2.808	1.719	0.997
atac_L04772	highk4_prom	4.238	2.093	1.106	1.443	1.597	1.166	1.081	0	2.147	1.195	0.575
atac_L04814	highk4_prom	4.754	3.994	1.307	2.105	2.281	1.879	2.146	2.103	2.777	1.797	1.143
atac_L04816	highk4_prom	3.969	3.076	1.114	1.563	1.518	0.437	1.01	0	1.759	1.503	0.982
atac_L04834	highk4_prom	4.866	5.404	1.913	3.303	2.945	2.873	2.044	3.003	3.992	2.004	0.778
atac_L04843	highk4_prom	4.638	2.98	1.778	2.401	2.634	1.787	1.344	0	2.172	2.541	1.181
atac_P00989	highk4_prom	3.669	3.253	0.795	1.231	1.543	1.258	1.833	2.049	1.843	0.743	0.596
atac_P01011	highk4_prom	3.992	4.277	2.13	2.428	1.527	2.049	0.957	0	2.854	1.239	0.929
atac_L04935	highk4_prom	4.451	4.281	1.762	3.064	2.22	2.274	1.03	2.173	1.786	2.464	0.363
atac_L04940	highk4_prom	4.263	4.562	0.897	2.46	1.533	1.741	1.171	0	1.548	2.207	0.972
atac_L04943	highk4_prom	3.566	5.484	1.739	2.95	2.255	2.101	1.734	1.36	2.671	2.333	1.267
atac_L04951	highk4_prom	3.556	4.93	1.921	2.128	2.513	1.874	1.857	2.181	1.969	0.814	0.365
atac_L04953	highk4_prom	5.291	3.648	0.747	2.638	2.022	1.894	1.364	2.181	3.145	0.814	1.006
atac_L04975	highk4_prom	4.913	5.766	1.275	2.629	2.167	1.824	2.44	0	3.307	2.004	1.001
atac_L04977	highk4_prom	4.715	3.639	1.522	2.508	2.186	1.927	2.441	3.004	3.547	1.528	0.363
atac_L04989	highk4_prom	4.602	4.698	2.476	2.304	2.067	1.802	2.063	2.021	2.168	1.984	0.459
atac_L05002	highk4_prom	3.476	3.355	1.356	1.84	1.808	1.573	1.273	0	2.777	2.026	1.354
atac_L05005	highk4_prom	3.842	4.117	1.672	2.141	1.846	1.856	2.3	2.039	2.247	1.223	0.592
atac_L05006	highk4_prom	3.353	4.047	1.532	3.289	2.385	2.508	1.641	2.877	3.145	2.023	0.719
atac_L05007	highk4_prom	3.464	4.162	2.084	2.61	2.131	2.272	2.027	0	3.002	1.312	0.645
atac_L05030	highk4_prom	3.478	2.335	1.358	1.498	1.723	1.575	0.961	0	2.012	0	0.832
atac_L05111	highk4_prom	4.019	5.702	3.119	3.393	1.93	2.171	1.339	2.149	3.344	1.982	0.88
atac_L05141	highk4_prom	4.013	3.791	1.404	2.32	1.733	1.335	1.134	0	2.023	1.448	1.036
atac_L05148	highk4_prom	3.482	2.747	1.745	1.86	1.179	1.214	1.462	0	2.584	0.884	0.619
atac_L05181	highk4_prom	3.432	3.721	1.637	2.639	2.65	1.833	1.75	0	3.032	2.262	0.783
atac_L05227	highk4_prom	3.695	4.011	1.569	1.275	1.878	1.32	1.469	1.992	1.866	2.069	0.887
atac_L05245	highk4_prom	3.493	2.84	0.73	1.869	1.451	1.299	0.939	2.032	1.827	1.218	1.176
atac_L05249	highk4_prom	4.135	3.835	0.648	2.115	0.972	1.77	0.991	2.113	2.384	1.28	1.06
atac_L05281	highk4_prom	3.469	3.827	0.978	2.667	1.953	2.001	0.926	0	3.182	2.195	0.992
atac_L05354	highk4_prom	3.873	3.644	0.745	1.423	1.629	0.701	1.629	2.178	1.227	0	1.004
atac_L14526	highk4_prom	3.794	2.886	0.917	1.579	1.637	1.812	0.965	0	1.393	1.616	1.206
atac_L14615	highk4_prom	4.262	5.128	3.038	3.144	2.384	1.914	1.782	0	2.586	1.934	1.141
atac_L14666	highk4_prom	3.8	3.777	1.206	3.091	2.496	2.023	2.013	2.428	3.279	1.811	0.562
atac_L14689	highk4_prom	4.363	3.649	1.451	2.184	1.551	1.579	1.365	0	2.773	0.815	0.657
atac_L14718	highk4_prom	5.261	3.808	2.237	3.652	2.608	2.319	1.922	2.143	3.511	0.794	1.08
atac_L14720	highk4_prom	4.167	3.635	0.978	1.224	0.643	1.643	1.028	0	2.187	1.089	1.715
atac_L14742	highk4_prom	4.349	3.48	0.897	1.397	1.458	1.194	1.388	0	1.986	1.224	1.182
atac_L14760	highk4_prom	3.731	2.965	0.905	1.563	0.949	1.007	1.01	0	1.56	0.793	0
atac_L14771	highk4_prom	4.19	4.672	2.087	2.989	2.713	3.083	2.493	3.893	3.415	2.238	0.885
atac_L14776	highk4_prom	3.875	4.241	1.599	3.012	2.209	2.482	1.747	3.01	2.721	1.71	1.286
atac_L14779	highk4_prom	3.484	4.694	3.024	3.425	1.923	2.699	1.801	2.12	3.688	2.199	1.156
atac_L14796	highk4_prom	4.976	3.188	1.576	2.754	2.551	1.649	1.83	0	1.856	1.309	0.987
atac_L14799	highk4_prom	4.58	2.273	1.323	0.88	1.092	1.298	1.033	3.009	2.194	0	0.897
atac_L14806	highk4_prom	4.224	5.173	2.931	3.549	2.967	2.864	2.351	4.84	3.187	2.94	1.571
atac_L14832	highk4_prom	4.656	4.755	1.441	2.171	1.771	1.8	1.201	0	2.32	0.808	0.362
atac_L14868	highk4_prom	4.29	1.475	1.033	1.065	1.21	1.205	0	0	1.027	0	0.737
atac_L14873	highk4_prom	4.085	3.318	1.267	2.302	2.08	2.109	3.018	3.209	2.253	1.273	0
atac_L14878	highk4_prom	3.711	3.343	1.518	1.381	0.939	1.165	1.169	0	1.189	1.289	0.631
atac_L14881	highk4_prom	3.854	3.624	1.619	2.578	1.691	1.915	2.283	2.161	2.601	1.852	0
atac_P02858	highk4_prom	5.014	5.608	1.783	3.473	2.763	2.71	1.912	1.95	3.385	2.488	1.577
atac_L14891	highk4_prom	3.943	4.115	2.16	4.236	2.599	2.447	2.201	3.714	3.709	2.119	0.646
atac_L14892	highk4_prom	3.909	3.688	1.798	2.968	1.987	1.757	1.684	3.692	2.419	1.956	1.224
atac_P02862	highk4_prom	4.624	1.952	1.19	1.707	1.694	1.425	0.305	2.059	2.541	1.432	0.827
atac_L14899	highk4_prom	3.85	4.006	1.22	2.16	1.188	1.4	1.485	0	2.243	0.802	0.771
atac_L14902	highk4_prom	3.841	4.005	1.884	2.811	2.41	1.726	2.683	2.112	2.196	2.4	1.392
atac_L14924	highk4_prom	4.572	3.106	1.798	2.183	1.619	1.282	1.421	0	2.29	0.759	0.84
atac_L14930	highk4_prom	4.695	5.872	1.83	2.596	2.079	2.151	2.376	0	2.453	1.868	0.898
atac_L14938	highk4_prom	3.646	5.339	2.629	2.63	1.992	2.185	2.333	0	3.055	2.912	1.284
atac_L14947	highk4_prom	3.341	3.557	2.365	3.149	2.202	2.044	0.986	2.105	2.05	1.799	1.145
atac_L14968	highk4_prom	4.702	4.218	1.514	1.831	1.631	1.838	2.242	2.121	2.45	0.782	1.157
atac_L15009	highk4_prom	4.773	4.772	1.768	1.509	1.061	1.163	0.781	0	1.607	0.759	0.839
atac_L15013	highk4_prom	4.467	2.382	1.043	1.612	0.889	1.416	0.578	0	1.818	0	1.315
atac_L15079	highk4_prom	3.575	5.372	2.263	3.499	2.573	2.263	1.338	4.431	3.106	1.98	1.421
atac_L15091	highk4_prom	4.459	4.923	3.058	3.517	2.605	2.893	1.808	3.678	4.261	2.417	1.852
atac_L15103	highk4_prom	3.663	4.544	3.127	3.486	2.231	2.569	1.867	4.567	3.299	2.047	0.842
atac_L15116	highk4_prom	4.873	4.14	2.381	3.26	2.191	2.442	2.222	0	3.378	2.14	1.723
atac_L15130	highk4_prom	3.911	4.18	1.228	3.171	2.334	2.192	2.855	2.17	2.894	1.702	1.098
atac_L15137	highk4_prom	4.595	4.38	1.014	1.976	1.65	1.21	0	2.143	1.332	0	0.639
atac_L15142	highk4_prom	4.412	4.688	2.561	2.879	2.579	2.185	1.989	2.115	2.265	1.949	1.061
atac_L15153	highk4_prom	3.812	2.501	1.59	2.048	1.739	0.916	1.184	0	2.029	0	0.159
atac_L15157	highk4_prom	4.646	5.074	1.87	2.384	2.351	1.775	2.361	2.565	3.372	1.267	1.71
atac_L15178	highk4_prom	4.585	3.654	1.699	1.962	1.726	1.156	0.775	0	1.691	1.904	1.43
atac_L15183	highk4_prom	4.166	3.84	3.457	3.488	2.33	2.15	1.711	2.833	3.661	1.723	1.642
atac_L15191	highk4_prom	4.074	3.951	1.31	2.051	1.962	1.254	1.73	2.16	1.774	0.803	1.092
atac_L15192	highk4_prom	4.024	4.258	1.021	2.756	1.892	1.763	1.932	2.981	2.592	1.31	1.499
atac_L15227	highk4_prom	3.827	3.67	2.117	3.312	2.365	2.652	1.008	2.611	2.984	1.972	0.874
atac_L15242	highk4_prom	4.47	4.62	2.328	2.576	2.357	1.993	2.282	3.191	2.237	2.376	1.043
atac_L15258	highk4_prom	3.964	4.815	1.91	2.243	1.696	1.834	1.918	0	2.155	1.499	1.488
atac_L15260	highk4_prom	4.478	4.791	2.048	2.945	2.183	2.22	2.577	2.943	2.88	2.408	1.322
atac_L15295	highk4_prom	4.263	3.76	1.716	2.048	2.256	1.831	1.728	2.986	2.837	2.118	1.351
atac_L15296	highk4_prom	3.782	2.679	1.146	1.618	2.031	1.19	1.384	0	1.14	1.457	0.827
atac_L15339	highk4_prom	3.627	5	2.557	3.06	2.138	1.242	1.6	2.971	2.866	1.679	1.562
atac_L15347	highk4_prom	4.215	3.677	1.94	2.137	1.801	1.354	1.384	2.035	2.357	0.414	0.706
atac_P02937	highk4_prom	3.908	5.533	1.805	3.263	2.763	2.419	2.449	3.594	3.142	2.437	1.349
atac_L15355	highk4_prom	3.418	3.59	1.947	2.639	2.095	1.66	1.091	3.106	2.543	0.408	1.164
atac_L15356	highk4_prom	3.543	1.824	0.923	1.417	1.197	1.23	1.848	0	1.784	0	1.44
atac_L15362	highk4_prom	5.031	4.551	1.441	1.391	1.529	0.971	1.721	2.496	1.828	0.997	0.325
atac_L15363	highk4_prom	3.579	3.753	1.303	2.919	2.266	2.123	1.93	0	3.147	1.984	0.767
atac_L15396	highk4_prom	3.712	4.564	3.501	3.624	2.769	2.604	1.392	3.913	2.711	2.592	1.264
atac_L15401	highk4_prom	5.014	3.388	1.177	1.22	1.881	1.564	1.734	0	2.604	1.085	1.579
atac_L15415	highk4_prom	4.334	2.564	1.381	2.954	2.648	1.804	2.452	0	3.594	1.387	1.736
atac_L15437	highk4_prom	4.351	4.756	2.021	2.681	2.198	2.651	1.991	2.941	2.998	1.481	0.494
atac_L15443	highk4_prom	4.107	4.017	1.55	1.764	1.472	1.424	1.901	0	1.644	0	0.864
atac_L15445	highk4_prom	5.227	4.046	2.493	2.864	1.614	1.583	1.678	0	2.251	1.271	1.228
atac_L15462	highk4_prom	4.586	2.968	1.929	1.404	1.357	1.23	2.241	2.049	2.579	0	1.267
atac_L15464	highk4_prom	3.989	4.846	2.65	2.501	2.171	2.012	0.976	2.91	3.212	1.262	0.615
atac_L15476	highk4_prom	4.202	3.036	1.735	2.52	1.991	1.743	1.568	0	2.124	1.275	1.232
atac_L15489	highk4_prom	3.651	2.871	0.919	0.998	0.963	1.288	1.024	2.164	1.468	0.805	0.649
atac_L15495	highk4_prom	5.007	4.047	1.78	2.009	1.826	1.267	1.641	0	2.492	1.24	1.276
atac_L15507	highk4_prom	4.59	3.932	1.384	2.537	2.334	1.563	0.952	3.587	2.72	1.01	0.715
atac_L15508	highk4_prom	4.602	4.177	1.103	1.549	2.138	1.822	1.906	0	2.51	1.663	1.16
atac_L15516	highk4_prom	4.117	5.131	1.815	3.19	2.004	2.083	0.827	2.991	2.107	2.123	0.36
atac_L15517	highk4_prom	4.191	4.304	3.483	3.588	2.592	2.31	1.236	3.34	3.759	2.093	0.32
atac_L15541	highk4_prom	3.855	4.812	1.753	3.163	1.879	1.728	1.732	2.162	2.886	1.519	0.773
atac_L15544	highk4_prom	4.739	4.918	1.761	3.119	2.129	2.177	2.368	2.172	2.445	2.463	1.837
atac_L15579	highk4_prom	4.429	4.272	1.424	1.489	1.669	2.045	0.954	0	2.139	1.601	0.717
atac_L15580	highk4_prom	4.304	4.269	1.354	2.316	1.765	1.458	1.941	2.162	2.653	0	0.994
atac_L15584	highk4_prom	3.443	4.535	1.632	2.382	2.038	1.95	1.007	0	1.843	0.79	1.861
atac_L15585	highk4_prom	4.872	3.903	1.218	2.638	1.776	2.069	2.31	0	2.689	1.54	0.884
atac_L15588	highk4_prom	4.196	4.642	2.912	2.58	2.262	1.683	1.49	0	3.36	2.124	0.648
atac_L15662	highk4_prom	4.273	3.202	0.633	2.184	1.965	1.493	1.659	0	2.918	1.916	0.48
atac_L15663	highk4_prom	4.589	4.01	1.175	2.052	1.259	0.905	1.349	0	2.178	1.317	0.887
atac_L15728	highk4_prom	4.321	1.986	0.93	1.805	1.175	0.902	1.556	0	1.802	1.461	0.736
atac_L15735	highk4_prom	4.608	4.396	1.434	1.464	2.055	1.321	1.244	0	2.042	1.213	0.908
atac_L15736	highk4_prom	4.089	3.232	1.466	1.451	1.374	1.412	1.682	2.107	1.898	2.661	1.231
atac_L15743	highk4_prom	3.339	3.891	2.79	1.409	2.002	1.634	0	2.633	2.701	1.992	0.772
atac_L15745	highk4_prom	3.927	3.32	0.93	1.233	1.898	1.896	1.634	3.015	2.334	2.144	1.289
atac_L15749	highk4_prom	3.545	2.694	1.363	1.831	1.554	2.283	1.803	0	2.884	1.66	1.543
atac_L15773	highk4_prom	3.51	3.447	1.252	3.362	2.443	2.148	2.015	2.969	3.85	2.103	1.417
atac_L15792	highk4_prom	4.181	4.981	0.853	2.754	1.973	2.313	2.549	2.979	2.641	1.984	0.357
atac_L15880	highk4_prom	4.487	4.922	2.245	3.302	2.163	2.676	2.194	2.151	2.997	2.789	1.98
atac_L15931	highk4_prom	4.097	3.985	2.1	3.634	2.81	2.121	1.739	3.587	3.98	2.238	1.191
atac_L15975	highk4_prom	3.78	4.279	1.863	2.164	1.847	1.323	0.958	0	2.493	1.435	0
atac_L15989	highk4_prom	3.666	3.656	2.001	2.365	2.181	1.588	1.334	1.832	3.426	1.548	0.791
atac_L08418	highk4_prom	4.001	2.776	1.209	1.262	2.004	1.663	1.062	0	1.315	1.364	0.78
atac_L08423	highk4_prom	3.919	3.911	1.667	1.592	1.754	1.029	1.361	3.293	2.39	0.812	1.003
atac_L08438	highk4_prom	3.681	3.691	0.356	1.27	1.001	0.706	1.437	0	1.97	0	0.343
atac_L08439	highk4_prom	3.714	2.748	1.084	1.418	0.419	1.199	1.624	0	2.385	1.325	1.1
atac_L08448	highk4_prom	4.117	3.793	1.287	2.462	2.069	2.168	1.588	0	3.576	1.963	0.633
atac_L08457	highk4_prom	4.466	3.095	1.351	2.161	2.401	1.343	1.613	2.159	2.244	1.991	0.646
atac_L08496	highk4_prom	3.818	3.981	1.454	2.503	1.917	1.791	1.775	2.092	2.72	1.264	0.95
atac_L08502	highk4_prom	3.733	3.178	1.339	2.558	1.31	1.331	1.334	0	2.159	0	1.259
atac_L08540	highk4_prom	4.489	3.175	1.53	1.327	0.936	0.881	1.933	2.058	1.488	0	0.827
atac_L08549	highk4_prom	4.685	4.522	1.396	1.843	1.371	1.154	1.127	0	1.938	1.245	0.604
atac_L08571	highk4_prom	4.25	3.978	0.874	1.594	2.048	1.345	0.569	0	1.71	2.168	1.219
atac_L08572	highk4_prom	3.471	4.4	2.062	3.476	2.412	2.159	2.627	3.158	2.894	2.762	0.719
atac_P01728	highk4_prom	4.645	3.21	1.185	1.318	1.675	1.765	1.537	0	2.836	0.938	1.111
atac_L08600	highk4_prom	3.677	3.753	1.755	2.341	1.961	1.835	1.559	0	2.424	2.059	1.139
atac_L08601	highk4_prom	3.489	3.848	2.429	3.115	2.535	2.386	1.76	2.893	3.095	1.618	0.837
atac_L08614	highk4_prom	4.082	3.13	3.1	2.59	2.247	2.057	1.783	3.646	3.017	1.467	0.62
atac_L08622	highk4_prom	4.168	4.539	1.16	1.561	1.401	0.853	1.332	2.966	1.558	1.3	1.17
atac_P01734	highk4_prom	4.225	3.492	1.743	3.042	3.15	2.501	1.868	4.633	3.73	2.273	0.571
atac_L08641	highk4_prom	3.862	3.557	2.17	1.875	2.181	1.567	1.354	0	1.872	1.088	0.891
atac_P01736	highk4_prom	4.257	3.807	0.791	1.935	0.926	0.942	1.826	2.042	2.664	0.739	0.818
atac_L08653	highk4_prom	3.774	4.465	1.323	1.746	1.271	2.026	1.502	0	1.881	1.709	0.364
atac_L08670	highk4_prom	4.378	1.469	0.978	1.351	1.268	1.288	0.568	0	2.298	2.049	0.483
atac_L08703	highk4_prom	4.136	4.19	1.702	1.423	2.466	2.384	1.362	0	2.452	2.009	1.59
atac_L08763	highk4_prom	5.387	5.3	1.201	2.316	1.995	1.852	1.539	2.074	2.454	1.445	0.938
atac_L08768	highk4_prom	4.478	3.071	1.682	2.152	1.543	2.134	1.396	2.05	2.428	1.008	1.106
atac_L08804	highk4_prom	3.591	2.685	1.434	2.217	2.09	1.684	1.448	3.22	2.058	1.478	1.151
atac_L08806	highk4_prom	4.788	3.84	2.491	3.001	2.199	2.055	2.041	3.523	3.203	1.702	1.279
atac_L08823	highk4_prom	4.047	4.456	1.931	3.248	2.403	2.377	1.154	0	3.229	0.773	0.621
atac_L08826	highk4_prom	3.802	1.494	1.097	0	1.921	1.688	1.899	2.118	1.54	1.482	0.348
atac_L08835	highk4_prom	3.735	3.933	0.85	1.716	1.405	1.547	1.183	0	1.333	1.504	0.355
atac_P01783	highk4_prom	4.765	5.394	1.577	2.482	2.273	2.493	2.426	2.036	2.612	2.583	1.596
atac_L08857	highk4_prom	3.956	3.304	1.441	1.664	2.089	1.491	2.13	0	2.186	1.525	0.651
atac_L08862	highk4_prom	4.345	4.128	1.94	1.921	2.099	1.703	1.664	0	2.963	1.032	1.372
atac_L08900	highk4_prom	4.673	4.267	1.175	2.617	2.492	2.099	1.839	2.161	2.885	2.241	1.185
atac_L08906	highk4_prom	5.236	5.446	2.702	3.171	2.534	2.193	0.805	2.947	3.374	0.783	1.544
atac_L08925	highk4_prom	4.151	3.511	2.455	1.842	2.46	1.552	1.646	3.401	3.014	1.019	1.56
atac_L08938	highk4_prom	4.357	4.924	1.322	2.851	1.601	1.414	2.048	2.651	1.88	2.008	1.284
atac_L08941	highk4_prom	3.905	4.403	2.005	2.327	2.103	1.823	1.322	1.425	2.759	2.206	0.867
atac_L08945	highk4_prom	4.38	3.601	0.726	1.202	1.067	1.208	1.713	0	1.449	0.792	0.981
atac_L08946	highk4_prom	4.97	4.405	0.841	2.418	1.638	1.32	1.809	2.129	1.835	0.786	0.632
atac_L08947	highk4_prom	3.37	4.079	1.447	1.629	1.687	1.168	1.324	0	1.05	1.822	0.973
atac_L08952	highk4_prom	4.742	2.044	0.855	1.572	1.756	1.651	2.275	0	2.17	1.986	1.426
atac_L08958	highk4_prom	4.709	4.368	1.79	2.116	1.594	1.688	1.027	0	2.609	1.858	1.191
atac_L08960	highk4_prom	4.03	4.286	1.638	1.865	1.946	1.677	1.931	2.773	1.511	0.393	0.777
atac_L09001	highk4_prom	4.407	4.267	2.709	3.227	2.295	2.026	2.048	2.087	3.301	1.628	1.217
atac_P01809	highk4_prom	3.637	4.649	1.814	2.76	1.924	1.67	1.86	1.308	2.458	0.964	0.68
atac_L09021	highk4_prom	4.662	4.135	1.764	2.176	1.975	2.13	1.499	2.175	2.943	0.811	1.781
atac_L09022	highk4_prom	4.632	3.918	1.411	2.139	1.415	1.744	1.14	1.391	1.956	1.259	1.443
atac_L09023	highk4_prom	4.286	5.445	1.945	2.289	2.189	2.064	1.669	0	2.24	1.787	1.045
atac_L09051	highk4_prom	3.875	4.986	2.462	2.636	2.375	2.399	1.855	0	2.393	2.259	0.656
atac_L09062	highk4_prom	3.651	4.606	3.087	2.768	2.176	1.752	1.351	2.164	2.315	1.697	0.649
atac_L09064	highk4_prom	4.298	5.063	2.33	2.895	1.781	1.653	1.001	3.476	2.972	1.962	1.678
atac_L09090	highk4_prom	3.749	5.15	2.183	2.613	1.414	2.525	1.835	2.157	2.596	1.514	1.269
atac_L09145	highk4_prom	4.655	4.101	1.739	1.98	1.493	1.598	1.926	2.147	2.419	2.437	0.879
atac_L09148	highk4_prom	3.767	4.182	0.979	2.119	1.7	1.382	1.496	0	2.188	0	0.893
atac_L09150	highk4_prom	4.82	3.8	1.248	2.027	1.693	1.911	1.916	3.246	3.53	1.066	0.872
atac_L09151	highk4_prom	3.483	4.28	1.318	2.741	2.129	2.075	1.849	0	3.206	0	1
atac_L09171	highk4_prom	3.926	2.996	1.509	1.249	1.404	1.219	1.652	0	1.601	1.444	1.286
atac_L09176	highk4_prom	4.696	4.064	1.743	2.529	2.214	2.038	0.993	4.001	2.835	1.282	1.153
atac_L09180	highk4_prom	3.697	4.731	2.002	2.175	1.562	1.461	1.854	0	2.281	1.907	1.121
atac_L09210	highk4_prom	4.841	2.662	1.131	1.758	1.706	1.665	1.94	0	1.852	0.706	0.565
atac_L09211	highk4_prom	4.586	4.658	2.811	3.04	2.492	2.466	1.347	3.309	2.561	2.172	1.364
atac_L09222	highk4_prom	4.452	3.213	1.444	0.74	1.867	1.546	1.358	0	2.387	1.091	0.653
atac_L09226	highk4_prom	5.275	3.877	1.757	2.55	2.599	2.137	1.88	0	3.087	1.269	0.851
atac_L09228	highk4_prom	3.672	4.428	2.277	3.385	2.542	2.863	1.365	4.224	3.688	1.871	1.661
atac_L09233	highk4_prom	4.61	5.173	2.544	2.986	1.875	1.932	1.698	0	2.91	1.2	1.159
atac_L09312	highk4_prom	3.665	3.97	1.446	1.881	2.017	2.214	0.606	0	2.507	0.812	0.654
atac_P01866	highk4_prom	4.467	4.867	1.736	3.073	2.188	2.153	1.997	2.411	2.428	1.661	0.435
atac_P01870	highk4_prom	4.075	4.547	2.429	2.596	1.457	1.951	1.567	1.978	3.111	0	0.565
atac_L09347	highk4_prom	3.811	3.675	2.385	2.285	1.471	1.66	0.785	0	2.413	0.763	0
atac_L09386	highk4_prom	4.608	2.451	1.667	1.592	1.574	1.029	1.361	0	2.39	0	0.78
atac_L09446	highk4_prom	4.541	4.527	2.436	2.697	2.094	1.672	2.143	2.921	2.729	0	1.051
atac_L09492	highk4_prom	3.902	3.463	1.212	1.351	1.526	0.936	1.428	3.191	2.034	1.261	1.043
atac_L09538	highk4_prom	3.901	3.341	1.881	2.61	2.011	2.309	1.634	2.517	3.135	1.233	0.33
atac_L09540	highk4_prom	4.231	4.122	1.829	2.208	1.876	1.578	1.332	0	3.134	1.172	0.875
atac_L09542	highk4_prom	3.609	3.747	0.845	2.042	1.292	1.802	1.728	2.041	1.253	1.002	1.335
atac_L09558	highk4_prom	3.807	4.696	1.238	1.765	2.005	2.061	1.803	2.122	3.54	1.485	1.066
atac_P01937	highk4_prom	4.14	2.87	1.312	0.681	1.245	1.59	0.769	2.058	1.681	0.748	0
atac_L09569	highk4_prom	3.692	3.615	3.831	3.231	2.395	2.254	2.349	2.153	3.988	1.687	0.882
atac_L09571	highk4_prom	4.072	4.707	2.061	2.863	2.059	2.434	1.485	2.158	3.291	1.849	0.359
atac_L09572	highk4_prom	3.657	3.559	1.591	2.171	2.738	2.39	0.831	2.17	3.367	2.249	1.098
atac_L09627	highk4_prom	3.368	2.222	0.655	2.019	1.95	1.347	0.585	0	1.438	0.785	0.498
atac_L09831	highk4_prom	3.355	3.371	2.912	2.493	2.588	2.154	0.926	0	2.914	1.849	0.992
atac_L22333	highk4_prom	4.175	3.535	2.015	2.034	1.763	1.592	0.311	2.086	2.412	1.259	0.843
atac_L22352	highk4_prom	3.599	2.94	0.651	1.694	1.553	1.476	1.165	2.12	2.137	1.055	1.472
atac_L22365	highk4_prom	3.746	3.657	0.968	0.688	0.866	0.692	0.308	0	1.782	1.023	0.937
atac_L22372	highk4_prom	3.662	3.483	1.413	1.399	1.036	1.745	1.918	0	1.988	1.419	1.012
atac_L22373	highk4_prom	4.157	4.602	1.845	3.561	2.778	2.643	2.174	2.956	4.297	2.319	0.186
atac_L22378	highk4_prom	4.519	3.999	1.387	2.889	2.706	2.222	2.612	0	2.74	1.686	0.882
atac_L22405	highk4_prom	3.926	5.479	1.847	2.126	2.119	1.096	2.034	1.38	1.695	1.249	1.206
atac_L22407	highk4_prom	3.632	2.58	0.964	1.486	1.577	1.473	0.819	0	2.421	0	1.176
atac_L22492	highk4_prom	3.482	3.21	1.318	1.224	1.674	1.198	1.028	2.171	2.611	0	1.279
atac_L22497	highk4_prom	3.404	2.973	1.347	1.138	1.043	1.517	0.553	0	1.583	1.598	0.598
atac_L22513	highk4_prom	3.6	3.914	2.203	2.015	2.385	1.646	1.287	2.987	2.175	1.131	0.841
atac_L22552	highk4_prom	3.459	2.669	0.575	1.445	1.481	1.146	2.06	2.099	1.624	0	0.619
atac_L22660	highk4_prom	3.977	3.683	1.425	1.721	2.18	1.625	1.187	0	2.64	1.308	0.642
atac_L22661	highk4_prom	4.744	4.959	2.183	2.334	2.073	2.055	1.005	2.96	2.571	0.789	1.964
atac_P04171	highk4_prom	3.723	2.321	0.956	1.139	1.113	1.175	0.953	0	1.485	0	0.824
atac_L22744	highk4_prom	3.488	4.342	2.031	2.498	2.317	1.924	1.212	0	3.087	1.946	1.217
atac_L22748	highk4_prom	5.396	3.557	0.866	1.433	2.085	1.573	1.467	0	2.852	2.271	1.064
atac_L22756	highk4_prom	3.618	3.286	2.635	3.133	2.395	2.206	2.454	3.532	3.049	2.084	1.075
atac_L22764	highk4_prom	3.472	2.107	1.158	1.376	1.463	1.204	1.703	0	1.232	1.564	0.994
atac_L22769	highk4_prom	3.836	3.701	1.607	2.634	1.911	1.922	2.068	2.577	3.232	1.047	0.959
atac_L22784	highk4_prom	3.394	4.089	2.413	2.382	2.209	2.051	1.877	0	3.118	1.93	1.048
atac_L22796	highk4_prom	3.456	3.023	4.469	3.558	2.89	2.639	1.298	2.917	3.795	2.058	1.38
atac_L22810	highk4_prom	5.135	3.692	1.178	0.957	1.483	1.839	1.438	2.101	2.901	1.641	1.142
atac_L22822	highk4_prom	4.13	5.315	2.64	2.777	2.148	1.845	1.358	2.173	2.898	1.704	0.894
atac_L22824	highk4_prom	4.58	4.334	1.562	2.673	1.871	1.55	1.207	3.295	2.619	0	1.52
atac_L22842	highk4_prom	5.058	4.245	1.451	2.559	1.709	1.501	2.379	3.014	2.992	1.871	0.366
atac_P04191	highk4_prom	3.408	4.566	3.17	3.097	2.647	2.475	1.29	3.599	3.346	2.602	0.155
atac_L22845	highk4_prom	4.167	2.776	1.205	1.509	1.618	1.717	1.285	0	1.282	0.759	1.634
atac_L22859	highk4_prom	4.688	2.75	0.866	1.226	1.822	0.872	1.742	0	1.877	2.253	0
atac_L22873	highk4_prom	4.839	4.03	1.411	2.867	2.418	1.632	2.005	4.02	2.718	1.294	1.91
atac_L22875	highk4_prom	3.994	4.048	2.3	3.174	2.481	2.191	1.747	2.062	2.816	2.611	0.93
atac_L22876	highk4_prom	4.329	4.095	1.496	2.298	1.842	1.65	1.151	0	2.116	2.179	0.74
atac_L22884	highk4_prom	4.713	5.19	1.409	2.462	2.401	1.785	2.251	2.13	2.807	1.963	1.33
atac_L22893	highk4_prom	3.768	4.876	2.758	3.324	2.799	1.789	0.569	2.09	2.524	1.631	0.846
atac_L22895	highk4_prom	3.597	2.262	0.976	1.998	2.231	1.378	1.492	0	1.581	0.806	0.89
atac_L22903	highk4_prom	4.045	4.576	1.882	2.877	2.319	2.074	1.623	0	2.502	1.86	1.099
atac_L22908	highk4_prom	4.677	4.021	1.616	1.255	0.552	0.932	0.97	0	2.407	1.029	1.038
atac_L22912	highk4_prom	4.303	4.743	2.111	2.835	2.343	1.965	2.006	0	2.283	2.517	0.975
atac_L22913	highk4_prom	4.254	3.09	1.697	1.902	1.532	1.214	0.961	0	2.391	1.439	1.117
atac_L22951	highk4_prom	3.697	4.521	1.684	1.548	1.337	1.524	0.28	0	1.3	0.947	0.305
atac_L22969	highk4_prom	4.235	3.943	3.364	3.15	2.516	2.027	1.567	2.106	3.411	1.471	1.658
atac_L22974	highk4_prom	3.985	2.655	0.926	0.696	0.605	1.106	0.974	2.554	1.405	0	0.613
atac_L23023	highk4_prom	5.917	4.366	1.271	1.807	2.249	1.96	2.211	0	2.848	1.857	0.891
atac_L23050	highk4_prom	4.875	4.311	2.765	2.862	2.424	2.073	0.749	4.026	3.31	1.401	0.458
atac_L23056	highk4_prom	4.18	3.268	1.428	2.212	1.309	1.638	0.771	2.062	1.685	1.016	0.829
atac_L23062	highk4_prom	4.563	4.752	2.069	2.938	1.622	1.835	1.179	0	2.945	1.3	1.078
atac_L23068	highk4_prom	4.585	4.138	1.156	0.979	1.397	0.434	0.588	0	1.054	2.323	0.872
atac_L23074	highk4_prom	3.434	3.287	0.812	2.229	2.445	1.336	1.657	0	2.834	1.253	0.609
atac_L23091	highk4_prom	3.967	4.335	2.327	2.773	2.346	1.939	1.888	0	2.593	1.275	0.855
atac_L23097	highk4_prom	4.179	4.35	2.493	2.363	1.901	1.795	0.994	3.463	2.063	0.442	0.749
atac_L23098	highk4_prom	4.149	4.483	1.812	3.018	1.823	2.384	2.155	2.849	2.052	1.999	1.258
atac_L23103	highk4_prom	4.431	5.796	2.562	1.888	0.933	1.14	2.226	0	1.971	1.714	0.366
atac_L23119	highk4_prom	3.475	2.871	1.355	1.582	1.044	1.127	1.351	2.164	1.348	1.52	0.889
atac_L23129	highk4_prom	4.415	4.432	1.547	3.4	2.728	1.986	2.16	2.117	3.337	2.196	0.861
atac_L23147	highk4_prom	4.758	3.483	1.702	1.532	0.71	0.709	1.305	0	2.122	1.045	0.622
atac_L23148	highk4_prom	4.4	3.691	2.06	4.116	3.151	2.588	1.484	5.082	3.869	2.118	0.645
atac_L23166	highk4_prom	3.507	3.612	2.161	3.158	2.499	2.335	2.211	4.574	3.18	1.925	1.299
atac_L23190	highk4_prom	3.685	4.153	1.423	2.562	1.949	2.033	1.184	0	1.564	0	0.984
atac_L23202	highk4_prom	4.531	5.18	1.343	1.319	1.517	1.391	1.395	2.048	1.92	0.742	0.596
atac_L23207	highk4_prom	3.395	2.089	1.145	1.279	1.106	1.245	1.584	1.32	2.203	1.192	1.301
atac_L23216	highk4_prom	4.298	3.808	1.785	2.633	1.912	1.809	1.741	1.952	1.968	2.029	1.118
atac_L23221	highk4_prom	4.154	2.051	1.266	1.217	1.291	1.401	1.022	2.16	2.177	1.693	1.092
atac_P04294	highk4_prom	4.01	4.024	1.791	2.239	1.656	1.841	1.39	0	1.369	1.879	1.184
atac_L23240	highk4_prom	3.599	4.017	2.945	1.999	2.143	1.664	1.493	2.641	1.871	1.321	0.361
atac_L23258	highk4_prom	4.529	1.814	1.025	0.733	1.154	0.904	0.599	0	1.774	0.803	1.354
atac_L23262	highk4_prom	4.745	5.293	1.682	2.571	2.017	1.948	2.277	2.155	2.921	2.116	1.088
atac_L23269	highk4_prom	3.75	4.114	3.752	3.414	2.442	2.235	2.036	3.176	3.257	1.772	1.568
atac_L23272	highk4_prom	5.048	4.48	1.517	3.513	2.495	2.063	1.698	0	2.844	1.817	1.326
atac_P04310	highk4_prom	4.483	3.88	1.522	1.904	1.627	1.95	1.596	0	2.092	0	1.16
atac_L23315	highk4_prom	3.464	3.568	0.906	2.056	1.82	1.495	1.838	2.054	2	1.011	1.728
atac_L23319	highk4_prom	4.201	2.6	1.271	0.585	1.392	0.986	1.354	0	1.351	0	0.361
atac_L23328	highk4_prom	3.678	2.572	0.661	1.097	1.34	1.177	1.597	0	1.559	1.301	1.171
atac_L23333	highk4_prom	3.946	4.815	1.718	2.72	1.578	1.904	1.773	0	1.71	0.765	1.219
atac_P04336	highk4_prom	4.597	2.557	0.767	1.362	0.823	1.219	1.474	0	2.204	0.974	1.731
atac_L23380	highk4_prom	3.834	5.464	1.605	2.107	1.759	1.92	2.437	0	2.641	0.773	1.529
atac_L23383	highk4_prom	4.435	5.398	1.905	3.282	2.477	2.488	1.914	1.43	3.473	2.095	1.333
atac_L23394	highk4_prom	3.982	3.376	1.542	1.861	1.804	1.368	1.725	3.267	2.834	0.8	0.644
atac_L23396	highk4_prom	3.441	5.034	1.437	2.352	1.652	2.116	1.776	3.308	2.56	1.692	0.57
atac_L23397	highk4_prom	4.545	3.484	1.231	2.005	2.131	2.094	2.045	2.174	3.341	0.81	1.282
atac_L23418	highk4_prom	4.665	2.564	1.108	2.465	2.374	1.486	2.762	2.959	3.325	1.669	0.634
atac_L23490	highk4_prom	4.184	5.011	1.541	2.89	1.684	1.908	1.017	0	3.285	1.687	1.266
atac_L23506	highk4_prom	4.656	4.375	1.821	3.449	2.403	2.265	1.441	2.927	3.058	1.644	1.31
atac_L23538	highk4_prom	4.111	4.354	1.307	2.311	1.999	1.052	1.484	0	1.772	1.691	0.885
atac_L23542	highk4_prom	4.363	3.54	1.261	1.986	1.66	1.698	1.608	0	2.239	1.078	0.768
atac_L23577	highk4_prom	3.539	3.226	2.953	2.128	1.73	1.787	1.244	2.026	1.898	1.213	1.171
atac_L23590	highk4_prom	4.644	2.617	1.412	2.073	2.064	2.138	1.634	2.183	3.219	2.824	1.108
atac_P04390	highk4_prom	3.638	3.416	1.096	2.576	1.506	1.833	0.993	2.323	3.135	1.101	0.725
atac_L23597	highk4_prom	3.389	4.252	3.453	2.731	1.826	1.928	0.944	1.354	2.983	3.061	0.592
atac_L23601	highk4_prom	3.654	4.382	1.477	2.526	2.174	1.855	2.12	0	3.097	2.364	0.838
atac_L23691	highk4_prom	3.876	4.325	1.605	2.846	2.026	1.735	1.503	0	2.862	2.109	0.324
atac_L23721	highk4_prom	3.758	5.08	1.514	2.411	2.345	1.637	1.197	0	3.361	1.697	1.275
atac_L23727	highk4_prom	3.896	3.646	1.583	2.011	1.726	1.733	0.582	0	2.503	1.284	0.495
atac_L23810	highk4_prom	3.536	3.203	1.08	1.996	1.79	0.984	1.734	2.994	2.551	1.085	0.889
atac_P03677	highk4_prom	3.968	4.256	0.827	1.847	1.626	1.433	1.086	0	2.487	1.56	1.159
atac_L19906	highk4_prom	4.624	4.751	1.357	3.271	2.282	2.252	1.944	3.519	3.719	2.246	0.192
atac_L19917	highk4_prom	3.559	4.222	2.53	2.536	2.008	1.615	0.974	3.425	2.714	1.259	0.339
atac_L19919	highk4_prom	3.971	5.326	3.361	3.074	2.901	2.459	2.761	3.014	3.854	2.474	1.288
atac_L19984	highk4_prom	3.51	4.421	2.364	1.481	1.838	1.641	1.472	0	2.414	2.221	1.972
atac_L19988	highk4_prom	4.566	3.448	2.444	2.517	1.861	1.937	1.822	2.143	3.565	1.976	0.763
atac_L20084	highk4_prom	4.565	4.225	3.32	2.966	2.247	1.838	1.943	3.518	2.846	1.698	0.649
atac_L20091	highk4_prom	4.652	5.396	1.131	2.367	2.231	2.015	1.944	1.457	2.933	1.321	0.65
atac_L20162	highk4_prom	3.536	3.7	1.656	1.582	1.767	1.589	1.49	0	2.249	1.996	1.435
atac_P03721	highk4_prom	3.727	2.868	1.35	0.81	1.418	0.88	1.267	0	2.072	1.601	1.552
atac_L20182	highk4_prom	5.291	4.472	1.83	2.515	2.562	2.155	2.258	1.321	3.8	1.383	1.07
atac_L20202	highk4_prom	4.169	4.461	2.095	2.777	2.867	2.642	2.184	2.141	3.589	1.833	1.626
atac_P03733	highk4_prom	3.35	4.745	2.862	3.308	2.49	2.432	2.1	0	3.892	2.136	1.023
atac_L20286	highk4_prom	3.533	5.18	1.844	2.163	2.1	1.561	1.731	0	2.601	0	0.36
atac_L20316	highk4_prom	4.657	5.137	2.081	2.618	1.99	2.428	0.807	0	2.665	1.82	0.35
atac_L20325	highk4_prom	4.352	3.652	2.021	3.204	2.079	2.182	0.961	3.402	3.526	2.029	1.683
atac_L20331	highk4_prom	4.508	5.102	1.998	2.719	2.596	2.092	1.316	0	2.704	2.198	0.967
atac_L20356	highk4_prom	4.345	3.567	1.045	2.004	1.465	1.568	1.794	2.935	2.383	0.44	0.962
atac_L20358	highk4_prom	4.594	4.45	1.515	2.22	1.768	1.487	1.352	2.165	2.439	1.32	0.512
atac_L20361	highk4_prom	3.796	2.859	1.021	0.73	0.998	0.643	0.597	0	0.728	1.688	0.768
atac_L20374	highk4_prom	4.104	4.957	1.336	2.498	2.234	1.766	2.048	0	2.298	1.922	1.133
atac_P03743	highk4_prom	3.942	4.349	1.357	2.574	1.905	2.301	1.981	0	3.309	1.857	0.583
atac_L20416	highk4_prom	4.728	4.353	2.025	2.175	1.68	1.314	1.58	0	2.658	0	0.968
atac_L20433	highk4_prom	3.719	5.039	2.444	3.345	2.538	2.401	2.42	2.909	3.364	2.559	0.614
atac_L20455	highk4_prom	3.92	4.196	1.76	1.606	2.233	1.63	1.785	0	2.187	1.642	1.385
atac_L20460	highk4_prom	4.2	4.409	0.802	1.998	1.481	1.461	0.602	2.996	2.756	0.806	1.359
atac_P03763	highk4_prom	4.497	3.527	1.563	2.073	1.828	1.856	1.24	0	2.727	1.983	1.167
atac_L20507	highk4_prom	4.128	4.648	1.25	2.193	2.22	1.542	1.819	0	2.678	0.791	0.637
atac_L20509	highk4_prom	4.31	5.005	1.71	2.637	2.234	1.892	2.371	2.443	2.645	0.398	1.061
atac_L20510	highk4_prom	4.572	4.411	2.593	2.911	2.469	2.181	2.23	1.352	3.998	2.116	1.259
atac_L20513	highk4_prom	4.25	4.113	2.727	2.362	1.94	1.303	2.426	3.568	3.015	1.584	1.096
atac_L20535	highk4_prom	4.068	4.058	1.217	2.103	1.828	1.721	1.018	0	1.944	1.689	0.358
atac_L20547	highk4_prom	4.563	4.012	2.338	2.065	2.501	1.596	1.163	2.117	2.959	1.283	0.749
atac_P03787	highk4_prom	4.149	4.519	1.812	3.192	2.706	2.358	2.545	2.849	3.61	2.413	1.767
atac_P03789	highk4_prom	4.342	2.483	0.744	0.682	1.474	1.613	1.269	0	1.93	0	0.331
atac_L20562	highk4_prom	4.127	4.103	3.058	3.126	2.693	1.902	0	3.831	2.986	2.577	1.312
atac_L20570	highk4_prom	4.096	4.604	1.322	2.577	2.051	2.028	1.898	2.833	2.729	1.985	1.584
atac_L20584	highk4_prom	4.257	3.031	0.932	1.377	1.244	0.744	1.236	0	1.551	0.986	0.697
atac_L20594	highk4_prom	4.107	2.979	2.156	1.491	1.287	0.901	1.608	0	1.673	1.311	0.989
atac_L20612	highk4_prom	3.378	3.794	1.17	2.084	1.777	2.084	1.502	0	1.245	2.109	1.093
atac_L20618	highk4_prom	3.988	4.483	2.161	2.313	1.897	1.609	1.729	0	3.045	2.634	1.431
atac_L20626	highk4_prom	3.607	3.565	2.775	2.592	1.678	1.888	1.743	3.291	2.191	2.136	0.654
atac_L20634	highk4_prom	4.152	4.817	1.28	1.574	2.044	1.529	1.647	0	0.684	2.145	1.118
atac_L20635	highk4_prom	4.688	4.501	1.043	1.943	2.52	1.807	1.791	0	2.91	0.775	0
atac_P03804	highk4_prom	3.872	3.957	1.859	2.751	2.006	1.986	2.22	0	3.041	1.729	0.81
atac_L20667	highk4_prom	3.436	4.547	1.986	2.586	2.159	2.452	2.073	0	2.652	2.408	1.53
atac_L20672	highk4_prom	3.56	5.037	3.803	3.604	2.796	2.886	2.281	3.426	3.332	1.629	1.297
atac_L20674	highk4_prom	3.739	4.775	2.085	2.96	2.569	2.38	1.567	3.449	2.907	1.472	0.743
atac_L20683	highk4_prom	3.43	4.51	4.225	3.263	2.798	2.601	1.632	3.92	3.07	2.968	1.448
atac_L20694	highk4_prom	3.934	4.981	2.289	2.95	2.283	2.665	2.023	2.151	3.074	1.309	0.881
atac_L20695	highk4_prom	4.023	5.144	2.899	3.151	2.592	2.723	1.931	0	3.251	1.985	1.179
atac_L20700	highk4_prom	4.694	2.981	1.39	2.402	1.851	1.987	1.61	2.156	1.86	2.345	1.351
atac_L20703	highk4_prom	4.004	3.398	1.033	2.174	0.479	1.737	1.358	2.173	2.189	1.325	0
atac_L20745	highk4_prom	3.634	3.721	1.594	2.771	2.082	1.873	1.093	3.111	1.966	1.569	0.698
atac_P03838	highk4_prom	4.524	5.052	1.877	2.304	2.181	1.685	1.983	0	1.894	1.722	1.698
atac_L20760	highk4_prom	3.55	5.147	3.289	3.553	2.356	2.835	1.627	3.007	3.55	2.365	1.283
atac_P03845	highk4_prom	4.658	4.101	1.536	2.716	2.456	2.213	2.353	2.838	2.293	2.573	1.089
atac_L20796	highk4_prom	4.575	4.713	2.969	2.607	2.38	1.762	2.125	0	2.996	2.161	1.039
atac_L20800	highk4_prom	4.649	3.682	1.969	2.995	2.675	2.254	2.657	2.039	2.982	2.416	1.01
atac_L20803	highk4_prom	3.426	3.849	3.829	3.447	2.862	2.494	1.628	3.736	3.892	2.468	1.197
atac_L20804	highk4_prom	4.328	3.917	1.04	1.887	2.425	1.653	1.633	0	2.456	1.713	0.899
atac_L20853	highk4_prom	4.752	4.445	1.72	2.693	1.561	1.814	2.428	0	3.159	0	1.432
atac_L20914	highk4_prom	3.976	3.251	1.586	2.494	1.326	1.603	1.734	2.861	2.425	0.418	1.104
atac_L20918	highk4_prom	4.549	4.319	1.785	3.228	1.869	2.362	1.324	4.409	3.699	1.822	1.329
atac_L20955	highk4_prom	4.204	4.129	1.822	2.274	2.127	1.436	1.355	0	2.937	0.808	1.776
atac_L20966	highk4_prom	3.58	2.923	1.267	1.68	1.846	1.118	0.575	0	2.189	0	1.054
atac_L20976	highk4_prom	3.466	3.424	1.23	2.159	1.996	1.448	1.401	2.871	2.265	1.43	0.599
atac_L20981	highk4_prom	4.129	4.499	1.328	1.971	1.981	1.539	1.543	2.078	2.162	1.774	1.633
atac_L20983	highk4_prom	3.797	2.209	0.943	0.71	1.085	1.059	1.312	2.114	1.821	0.778	1.152
atac_L20997	highk4_prom	3.417	2.576	1.897	2.827	1.919	1.7	1.704	1.334	2.589	1.853	0.994
atac_L20999	highk4_prom	4.779	4.541	1.532	2.672	1.77	2.01	1.821	2.142	2.292	1.677	0.354
atac_L21002	highk4_prom	4.158	3.767	0.8	1.803	0.921	1.126	1.024	0	1.467	1.318	1.508
atac_L21014	highk4_prom	4.786	3.161	0.952	1.628	1.391	1.23	0.808	0	2.278	1.665	0.498
atac_L21022	highk4_prom	3.538	2.817	1.614	2.118	1.814	1.366	0.801	0	3.107	0	0
atac_L21024	highk4_prom	3.946	4.065	1.619	2.109	2.341	1.634	1.349	0	3.009	1.993	0.647
atac_L21031	highk4_prom	4.352	2.968	1.46	1.643	1.926	1.113	1.183	0	2.53	2.106	0.64
atac_L21032	highk4_prom	3.899	4.056	1.681	1.327	1.599	1.29	1.189	0	1.753	1.66	1.119
atac_L21037	highk4_prom	3.654	4.226	3.198	2.968	2.77	2.069	1.492	0	2.708	0.806	0.89
atac_L21039	highk4_prom	3.637	4.837	1.502	2.739	1.714	1.976	0.576	2.929	2.318	2.489	0.344
atac_L21046	highk4_prom	3.53	2.984	2.849	3.554	2.532	2.027	1.613	2.159	3.324	2.348	0.51
atac_L21073	highk4_prom	4.964	3.971	2.105	2.746	1.87	1.672	1.501	2.177	2.986	1.329	1.197
atac_L21077	highk4_prom	3.57	4.756	2.74	2.597	2.338	1.858	1.01	2.143	2.012	1.303	1.921
atac_L21088	highk4_prom	3.566	4.345	1.343	2.605	1.793	1.883	1.734	2.048	2.315	1.23	0.596
atac_P03903	highk4_prom	3.874	3.927	1.037	1.914	1.289	1.395	0.282	0	2.336	1.355	1.41
atac_L21140	highk4_prom	3.951	3.161	0.364	1.469	1.131	0.998	1.701	3.237	2.144	1.291	1.329
atac_L21152	highk4_prom	3.777	4.232	2.941	2.963	1.694	1.498	0.956	2.059	3.11	1.238	0.929
atac_L21154	highk4_prom	3.863	3.304	1.133	2.774	2.268	2.192	1.355	0	2.894	1.702	0.651
atac_L21157	highk4_prom	3.631	3.694	0.643	2.104	1.756	1.18	0.574	0	0.876	1.468	1.143
atac_L02873	highk4_prom	4.467	4.253	1.134	2.448	1.847	1.743	1.728	0	0.991	1.225	0.593
atac_L02882	highk4_prom	3.574	3.608	1.165	1.398	1.864	1.391	1.602	0	0.284	0.796	0.879
atac_L02889	highk4_prom	3.606	3.645	0.797	1.616	1.788	1.413	1.44	1.288	2.431	1.921	0.436
atac_L02898	highk4_prom	4.824	3.576	1.892	2.365	2.218	1.915	0.582	2.12	3.214	0	0.75
atac_L02929	highk4_prom	3.866	5.034	1.696	2.878	2.383	2.377	2.132	0	3.206	2.003	1.716
atac_L02933	highk4_prom	4.721	3.814	1.034	2.199	2.017	1.892	0.98	0	2.366	1.636	1.304
atac_L02951	highk4_prom	3.536	2.386	1.771	2.527	1.897	2.136	1.895	2.584	2.698	1.479	1.536
atac_L02983	highk4_prom	3.4	3.378	1.468	2.924	2.254	1.91	3.032	2.983	2.962	1.689	0.19
atac_L02995	highk4_prom	4.957	2.028	0.845	0.721	1.566	0.89	1.176	0	1.842	1.297	0.636
atac_L03022	highk4_prom	3.604	3.598	2.539	1.854	1.543	1.163	1.658	1.386	2.793	1.254	0.61
atac_L03029	highk4_prom	3.362	4.699	2.796	2.334	1.804	1.893	0.608	2.18	2.862	1.331	0
atac_L03100	highk4_prom	3.527	4.48	2.552	2.31	2.57	1.606	2.352	0	3.412	0	1.703
atac_L03172	highk4_prom	4.475	5.661	1.743	2.17	1.575	1.642	1.576	0	2.328	1.95	1.062
atac_L03210	highk4_prom	3.586	4.376	2.497	2.53	1.992	2.093	1.339	0	2.596	2.353	1.057
atac_P00657	highk4_prom	4.311	5.201	1.986	1.869	1.996	1.687	1.515	0	2.693	1.882	1.014
atac_P00663	highk4_prom	4.129	2.229	1.202	1.487	1.318	1.111	2.083	1.295	1.196	1.356	0
atac_L03269	highk4_prom	4.451	5.328	1.945	3.499	2.389	2.905	2.107	0	3.402	1.98	1.083
atac_L03273	highk4_prom	3.673	4.666	3.121	3.187	2.612	3.067	1.366	3.539	3.502	2.824	1.289
atac_L03276	highk4_prom	3.764	3.851	1.87	3.321	2.604	2.197	2.17	0	3.222	2.908	1.405
atac_L03286	highk4_prom	3.94	3.946	1.469	2.047	1.895	1.809	1.019	2.985	2.696	2.236	1.572
atac_L03297	highk4_prom	3.554	4.706	3.352	2.864	2.211	1.743	1.703	2.13	3.258	1.492	1.249
atac_L03300	highk4_prom	3.622	4.911	2.623	2.563	2.245	1.933	1.364	0	3.211	1.848	1.742
atac_L03322	highk4_prom	3.977	3.522	1.073	2.421	1.939	1.639	0.929	2.016	2.162	0.408	1.242
atac_L03336	highk4_prom	3.845	3.376	2.436	3.099	2.365	1.764	1.608	0	3.729	2.343	1.088
atac_L03366	highk4_prom	4.181	3.223	1.706	1.233	1.494	1.331	1.633	0	2.333	0.815	1.371
atac_L03387	highk4_prom	4.34	5.016	1.697	1.968	2.759	2.251	1.815	2.135	2.151	1.671	0.758
atac_L03393	highk4_prom	4.238	3.795	2.216	2.028	1.844	1.364	1.764	2.08	2.955	0.759	0.61
atac_L03402	highk4_prom	4.617	4.846	1.205	2.14	1.981	1.988	1.331	2.138	2.943	0.791	1.077
atac_L03477	highk4_prom	4.967	4.494	4.011	2.974	2.409	2.314	1.92	2.508	2.952	1.004	0.711
atac_L03516	highk4_prom	5.333	4.374	1.273	2.373	1.894	1.752	1.362	2.008	2.581	0.721	1.236
atac_L03524	highk4_prom	3.492	2.399	1.326	2.416	1.756	1.198	0.807	0	2.212	0	1.547
atac_P00731	highk4_prom	3.54	4.877	1.891	2.93	2.906	2.504	1.212	3.302	2.357	1.687	1.359
atac_L03532	highk4_prom	4.383	3.244	1.234	2.645	2.181	1.473	1.314	2.117	2.445	0.442	1.154
atac_L03539	highk4_prom	3.715	4.079	1.521	2.004	1.65	1.098	0	2.173	1.223	0	0
atac_L03547	highk4_prom	4.998	4.019	1.316	2.322	2.499	1.799	1.494	2.642	3.568	1.858	1.582
atac_L03565	highk4_prom	3.806	4.729	2.926	3.225	2.852	2.627	2.436	4.517	3.689	2.593	0.711
atac_L03567	highk4_prom	5.003	4.763	1.672	2.667	1.898	2.078	1.538	2.073	2.556	2.035	1.122
atac_P00736	highk4_prom	4.849	4.883	1.841	2.535	2.384	1.875	1.635	3.127	2.915	0.635	0.796
atac_L03577	highk4_prom	4.359	3.188	0.598	1.104	1.552	1.278	1.187	0	0.727	0	0.643
atac_L03582	highk4_prom	4.241	1.823	0.864	2.461	1.747	1.464	1.028	2.17	2.32	1.702	1.439
atac_P00742	highk4_prom	4.652	2.502	1.026	1.844	1.817	1.405	1.541	0	2.37	2.024	1.19
atac_P00748	highk4_prom	3.621	3.818	1.524	1.887	1.837	1.561	1.115	0	2.134	1.426	1.482
atac_L03646	highk4_prom	3.493	4.468	1.769	2.285	1.873	1.269	2.051	3.011	2.394	1.869	0.656
atac_L03651	highk4_prom	4.496	3.609	1.495	0.881	1.328	1.542	2.096	1.979	2.184	0.706	0.782
atac_L03652	highk4_prom	3.734	4.465	1.497	2.39	1.599	1.819	1.335	2.144	1.562	1.836	1.692
atac_L03655	highk4_prom	5.183	5.196	1.347	2.891	2.455	1.928	1.608	3.267	3.04	1.311	1.5
atac_L03731	highk4_prom	4.556	5.115	2.247	3.277	2.136	2.334	2.05	2.909	3.528	0.765	1.299
atac_L03739	highk4_prom	3.69	3.945	1.466	2.634	1.827	1.701	1.444	0	2.643	0.774	0.856
atac_P00776	highk4_prom	3.722	4.884	2.869	3.407	2.431	2.211	1.398	0	3.483	1.427	0.824
atac_L03745	highk4_prom	3.415	2.874	1.03	1.938	0.356	1.732	0.603	0	2.184	1.321	0.361
atac_L03747	highk4_prom	4.574	5.396	1.676	2.302	1.951	1.6	1.339	2.149	2.689	1.683	1.696
atac_P00782	highk4_prom	3.366	5.475	3.301	3.162	2.521	2.503	1.333	2.43	4.019	2.432	1.209
atac_L03796	highk4_prom	3.828	3.739	2.189	3.265	2.411	2.481	2.1	2.966	3.588	1.675	0.638
atac_L03799	highk4_prom	3.542	3.339	1.594	2.266	2.234	2.022	2.175	1.31	1.859	1.372	0.975
atac_L03838	highk4_prom	3.415	2.756	1.392	0.683	0.688	0.728	1.747	0	1.685	0	1.025
atac_P00795	highk4_prom	3.907	4.315	2.889	3.911	2.756	2.988	1.496	3.73	4.284	2.487	0.459
atac_L03848	highk4_prom	4.34	4.396	1.312	1.893	1.305	0.986	1.525	2.057	2.851	1.602	0.6
atac_L03863	highk4_prom	3.72	3.465	1.298	2.092	1.579	1.573	2.284	0	1.516	1.035	1.135
atac_L03882	highk4_prom	4.572	3.72	1.101	2.072	1.73	1.53	2.521	2.594	2.508	0.783	0.97
atac_L03885	highk4_prom	5.142	3.56	1.182	1.451	1.344	0.526	1.443	0	2.123	1.646	1.231
atac_L03905	highk4_prom	3.553	4.205	1.992	2.521	2.1	2.306	1.508	0	3.051	2.662	1.767
atac_L03921	highk4_prom	3.337	3.398	1.698	2.699	1.732	1.758	0.983	1.403	2.684	1.795	0.62
atac_L03937	highk4_prom	3.538	3.781	1.36	2.478	1.894	2.107	0.307	0	2.394	0.425	1.43
atac_L03938	highk4_prom	5.264	4.987	1.558	1.438	1.331	1.596	1.429	2.09	2.472	0	1.045
atac_L04085	highk4_prom	3.334	3.378	1.468	2.356	1.805	1.91	0	0	1.859	1.079	0.645
atac_L04136	highk4_prom	4.513	4.153	1.383	2.393	1.969	1.862	1.013	2.147	1.454	1.306	0.641
atac_L04145	highk4_prom	3.412	3.349	2.298	1.836	1.739	1.266	0.305	2.525	2.591	1.239	0.929
atac_L04147	highk4_prom	3.696	4.324	1.252	2.227	1.858	2.326	0.939	2.843	1.977	1.217	1.591
atac_L04164	highk4_prom	3.354	4.328	1.969	2.174	2.092	1.886	1.85	0	2.446	2.134	1.001
atac_L04169	highk4_prom	3.634	4.829	3.386	2.98	1.992	2.204	1.34	0	3.181	1.983	0.642
atac_P00380	highk4_prom	3.806	3.411	1.222	1.994	1.205	1.463	1.732	0	1.67	1.744	0.92
atac_L01563	highk4_prom	4.405	4.219	1.026	1.322	0.755	0.98	1.541	0	0.931	0	0.765
atac_L01632	highk4_prom	3.517	3.622	1.084	1.172	1.212	1.014	1.675	1.402	1.297	0.77	1.589
atac_L01640	highk4_prom	4.297	3.692	2.079	2.204	1.709	1.083	1.302	0	3.017	1.641	0
atac_L01648	highk4_prom	4.598	4.858	3.507	2.824	2.548	2.313	1.996	3.851	3.374	1.057	1.067
atac_L01650	highk4_prom	3.722	4.711	1.789	3.329	2.599	2.501	0.588	0	2.978	1.967	1.683
atac_L01651	highk4_prom	3.511	5.106	2.659	2.78	2.101	2.181	2.186	2.143	3.138	1.303	0.763
atac_L01670	highk4_prom	3.402	3.072	1.226	1.7	0.853	0.406	1.115	0	0.846	0	0.714
atac_L01676	highk4_prom	4.163	3.898	2.25	2.416	1.498	1.28	1.637	1.942	2.596	0	0.857
atac_L01695	highk4_prom	3.536	4.219	1.863	2.128	1.688	1.5	0.907	0	2.55	1.534	0.971
atac_L01712	highk4_prom	3.833	4.199	1.339	2.434	1.987	1.711	1.716	0	2.294	1.503	0.639
atac_L01720	highk4_prom	3.807	3.457	1.251	1.348	1.134	1.136	1.289	0	2.029	1.031	1.04
atac_P00411	highk4_prom	3.862	3.989	1.594	1.831	1.713	1.696	1.119	2.87	2.767	1.753	1.11
atac_L01733	highk4_prom	4.384	4.36	1.031	1.804	1.24	1.643	1.669	1.396	1.963	0.766	0.95
atac_L01748	highk4_prom	4.712	4.951	1.742	2.204	2.18	1.924	1.015	0	2.589	1.983	1.177
atac_L01759	highk4_prom	4.437	2.027	1.06	1.907	2.376	1.681	2.178	3.483	3.388	0.789	1.253
atac_L01771	highk4_prom	3.966	4.378	2.48	2.474	2.188	1.816	2.014	2.968	2.157	0.792	0.981
atac_L01813	highk4_prom	4.299	3.982	2.142	2.866	2.146	1.467	1.736	2.05	3.099	1.425	0.469
atac_L01826	highk4_prom	3.779	3.351	2.68	2.429	2.19	1.721	1.405	3.394	3.593	1.758	0.601
atac_P00430	highk4_prom	3.528	2.705	1.159	2.299	1.586	1.973	0.538	0	2.282	0.726	0.582
atac_P00432	highk4_prom	4.527	4.354	2.74	3.003	2.317	2.045	2.586	0	3.594	1.985	1.643
atac_L01883	highk4_prom	3.338	3.029	1.386	2.205	2.296	2.041	1.563	0	3.125	1.468	1.228
atac_L01910	highk4_prom	3.65	3.758	2.318	2.604	1.933	1.721	1.997	1.956	2.813	1.796	1.12
atac_L01932	highk4_prom	3.671	4.454	1.664	2.589	2.266	1.409	1.328	2.135	2.624	0	0.635
atac_P00446	highk4_prom	4.729	4.499	1.612	2.906	2.337	2.037	2.323	0	3.516	1.149	1.109
atac_L01972	highk4_prom	4.01	3.258	1.093	0.99	1.331	1.234	1.461	1.983	2.188	0.964	0.882
atac_L01990	highk4_prom	5.019	5.681	1.984	2.576	1.939	2.227	1.74	0	2.807	2.24	1.02
atac_L02040	highk4_prom	4.4	4.897	2.595	3.416	2.898	2.523	1.911	4.72	3.227	1.667	0.633
atac_L02112	highk4_prom	4.182	4.092	1.327	3.29	2.5	2.375	2.305	3.923	3.383	1.872	0.784
atac_L02136	highk4_prom	4.395	3.058	1.367	1.29	1.13	1.067	1.701	0	2.399	0.785	0.632
atac_L02145	highk4_prom	4.013	2.503	1.931	1.912	1.756	1.415	0.78	3.414	1.87	0.758	1.505
atac_L02163	highk4_prom	5.695	4.036	1.334	2.427	2.332	1.54	1.007	2.137	1.055	1.673	1.076
atac_L02164	highk4_prom	4.161	4.606	3.407	3.329	2.662	2.85	2.815	0	2.855	2.424	1.683
atac_L02173	highk4_prom	3.994	1.753	1.66	2.338	2.363	1.773	1.777	2.094	2.039	1.635	1.047
atac_L02176	highk4_prom	4.829	4.519	1.75	2.277	1.799	1.737	1.805	2.124	2.453	1.661	0.97
atac_L02178	highk4_prom	3.344	3.827	3.07	3.343	2.795	2.352	1.567	2.107	3.384	1.275	0
atac_L02187	highk4_prom	3.733	3.363	1.419	1.784	1.433	1.007	1.182	0	2.528	1.07	1.627
atac_L02252	highk4_prom	3.55	4.023	2.197	3.068	1.732	2.082	0	4.156	2.614	0.784	1.676
atac_L02254	highk4_prom	5.55	5.106	1.208	2.745	2.429	2.029	2.186	0	2.821	1.976	1.172
atac_L02271	highk4_prom	3.764	3.775	1.133	1.738	2.611	1.883	2.505	2.17	3.018	2.556	0.892
atac_L02273	highk4_prom	4.883	3.349	1.888	2.345	2.221	1.679	2.179	0	3.357	1.604	0.601
atac_L02323	highk4_prom	4.169	3.704	2.371	3.077	2.507	1.767	2.305	2.933	3.417	1.944	1.315
atac_L02337	highk4_prom	3.699	3.045	1.859	1.373	0.761	1.22	0.993	0	2.132	1.052	1.785
atac_L02366	highk4_prom	3.386	4.436	1.942	1.981	1.577	1.524	2.049	3.191	1.514	1.261	0.734
atac_L02369	highk4_prom	4.545	4.859	1.069	1.487	1.523	1.082	0.82	0	2.094	0.797	1.816
atac_L02374	highk4_prom	4.054	3.636	1.354	1.754	1.317	1.493	0.989	2.111	2.546	1.278	0.345
atac_P00538	highk4_prom	3.663	4.563	2.583	3.2	2.611	2.501	2.005	1.357	3.338	1.42	1.013
atac_L02387	highk4_prom	4.524	4.112	1.023	1.652	1.288	1.453	1.191	0	1.572	1.313	0.884
atac_L02395	highk4_prom	5.033	3.983	1.267	2.104	1.544	1.341	0.951	2.865	2.198	1.232	1.269
atac_P00542	highk4_prom	3.867	1.856	0.989	1.855	1.626	1.707	1.051	1.96	1.302	1.665	0.958
atac_L02409	highk4_prom	3.383	4.785	2.044	2.244	1.57	1.328	1.008	0	2.412	1.068	0.638
atac_L02439	highk4_prom	4.601	3.997	2.424	2.772	2.475	1.977	1.493	2.02	2.81	2.484	1.319
atac_L02450	highk4_prom	4.775	5.253	1.831	3.072	2.1	2.625	1.957	2.18	2.77	2.011	0.656
atac_L02496	highk4_prom	4.628	4.075	1.24	2.179	2.256	1.92	2.458	2.596	3.117	0.445	0.497
atac_P00554	highk4_prom	3.553	4.291	0.895	2.278	2.066	1.163	0	0	2.415	0.415	1.009
atac_L02506	highk4_prom	4.496	2.864	1.617	0.732	0.474	0.863	1.346	0	2.027	0.802	1.352
atac_L02513	highk4_prom	4.395	4.56	1.87	2.416	2.121	1.581	1.46	2.598	2.277	2.315	1.247
atac_L02580	highk4_prom	4.404	5.048	1.51	3.161	2.533	2.199	2.12	0	3.447	1.316	1.354
atac_L02671	highk4_prom	4.653	4.347	1.584	4.251	2.822	2.458	2.536	3.959	4.07	2.712	1.754
atac_L02676	highk4_prom	3.851	3.828	1.618	1.729	2.001	2.062	1.486	2.159	2.925	2.718	1.091
atac_P00582	highk4_prom	3.98	3.705	1.739	2.398	2.235	1.916	1.837	1.289	3.058	1.35	0.557
atac_L02732	highk4_prom	3.597	2.548	0.651	1.952	1.603	1.061	2.161	2.942	2.502	0.78	0.862
atac_L02764	highk4_prom	3.879	3.448	1.458	2.433	1.794	1.818	1.599	0	3.273	2.433	0.982
atac_L23865	highk4_prom	3.982	3.958	1.862	1.828	1.603	1.753	1.577	0	2.203	1.656	0.749
atac_L23870	highk4_prom	4.397	2.98	1.429	2.209	1.287	1.556	0.329	0	2.835	0.8	1.181
atac_L23889	highk4_prom	4.135	4.895	1.371	2.453	1.716	2.105	2.125	2.083	2.959	2.045	0.944
atac_L23898	highk4_prom	3.613	3.208	2.016	2.683	1.871	1.66	0	2.554	2.885	0	0.946
atac_L23916	highk4_prom	3.576	3.587	2.434	2.636	2.141	1.551	1.599	3.338	2.587	0.984	0.456
atac_L23933	highk4_prom	3.936	3.979	2.665	2.673	2.579	1.826	1.394	2.861	2.992	1.593	0.595
atac_L23951	highk4_prom	4.197	3.232	1.6	2.505	1.804	1.703	1.496	1.897	2.545	0	1.222
atac_L23994	highk4_prom	4.06	4.023	1.585	2.326	2.631	1.762	2.203	2.55	3.069	1.625	1.039
atac_L24000	highk4_prom	4.21	3.801	1.121	1.349	1.763	1.369	2.047	0	1.707	1.032	1.296
atac_P04455	highk4_prom	3.582	3.3	0.722	1.967	1.785	1.178	0	1.336	2.724	0	1.518
atac_L24008	highk4_prom	3.926	4.931	2.299	3.015	2.176	2.188	1.036	3.299	2.514	1.713	1.449
atac_L24010	highk4_prom	4.76	3.772	1.693	2.272	1.329	1.196	1.945	0	2.976	1.321	1.359
atac_L24025	highk4_prom	3.938	4.081	1.954	2.151	1.835	1.537	1.924	0	1.921	1.231	0.922
atac_L24032	highk4_prom	3.777	3.415	1.331	2.038	1.981	1.527	1.07	2.444	2.77	1.54	0.681
atac_L24034	highk4_prom	4.231	4.064	1.475	1.91	1.348	1.129	1.857	0	2.607	0.756	1.502
atac_L24052	highk4_prom	3.958	3.353	2.598	2.466	2.073	1.611	2.467	3.685	3.326	1.826	1.333
atac_L24056	highk4_prom	4.688	4.391	1.679	2.568	1.317	1.366	1.188	0	2.021	1.51	0.988
atac_L24071	highk4_prom	5.032	3.978	1.193	3.224	2.757	1.75	2.048	1.327	3.526	0.979	0.797
atac_L24093	highk4_prom	4.372	3.199	1.127	1.317	1.259	1.285	1.349	1.452	0.912	1.317	0.647
atac_L24109	highk4_prom	4.544	3.966	1.183	2.42	2.627	1.886	2.805	3.003	3.021	2.362	0.778
atac_L24114	highk4_prom	3.668	3.914	1.669	2.749	1.937	2.233	1.63	3.296	2.33	1.33	1.447
atac_L24146	highk4_prom	4.107	4.436	1.467	2.156	1.634	1.451	1.018	3.267	2.367	2.115	0.883
atac_L24160	highk4_prom	3.7	3.293	1.718	1.799	1.981	1.284	1.938	0	1.464	0.802	0.771
atac_L24213	highk4_prom	4.138	3.679	1.256	2.149	1.628	1.779	1.338	2.619	1.667	0	0.765
atac_L24225	highk4_prom	3.746	3.638	1.676	2.845	1.519	2.017	1.311	0	3.03	2.3	1.15
atac_P04497	highk4_prom	4.938	2.584	0.834	1.8	1.187	0.93	1.095	1.34	2.642	1.571	0.459
atac_L24278	highk4_prom	4.634	4.553	1.215	2.1	2.034	1.945	1.831	0	2.425	1.51	1.179
atac_L24294	highk4_prom	4.058	3.875	2.836	3.638	2.491	1.821	2.88	2.147	2.953	2.437	1.924
atac_L24302	highk4_prom	4.039	4.97	1.552	2.734	2.482	1.46	1.843	0	2.932	1.086	1.436
atac_L24317	highk4_prom	3.927	2.849	2.196	2.447	2.034	1.458	0.548	3.134	2.791	1.224	0.817
atac_P04508	highk4_prom	4.143	3.429	1.103	2.507	2.14	1.636	1.27	2.876	3.239	1.015	0.473
atac_L24341	highk4_prom	4.229	3.512	1.982	1.552	1.638	1.484	1.462	0	1.836	1.823	0.756
atac_L24343	highk4_prom	4.78	3.628	1.463	1.272	1.149	0.946	0.575	0	2.374	1.938	0.621
atac_L24348	highk4_prom	4.433	4.006	1.173	2.449	1.713	2.096	0.599	2.158	2.027	2.119	0.992
atac_L24372	highk4_prom	5.029	5.101	1.433	2.107	1.714	1.018	1.021	0	1.773	0.802	0.886
atac_L24379	highk4_prom	5.156	4.191	0.809	1.594	1.238	1.268	1.63	2.179	1.967	0.813	0.656
atac_L24381	highk4_prom	4.03	3.965	1.443	2.689	2.287	1.694	1.457	0	2.14	1.288	1.402
atac_P04517	highk4_prom	4.816	3.885	1.313	2.617	2.281	2.08	1.744	0	2.541	1.604	1.35
atac_L24426	highk4_prom	3.684	4.726	3.623	3.498	2.794	2.694	1.337	3.878	2.685	3.062	0.878
atac_L24432	highk4_prom	4.673	2.844	1.063	1.3	0.728	0.636	1.47	2.14	1.329	0.792	0
atac_P04537	highk4_prom	4.128	4.2	1.349	1.413	1.518	1.247	1.327	1.294	2.337	1.168	0.774
atac_L24451	highk4_prom	3.565	2.842	1.416	1.637	1.37	1.567	1.595	0	2.084	1.3	0.874
atac_L24452	highk4_prom	4.578	4.779	2.087	2.236	2.247	2.301	2.478	2.085	2.618	1.454	1.812
atac_L24457	highk4_prom	4.247	3.64	1.522	2.814	2.448	1.908	2.636	2.175	2.717	1.327	1.517
atac_L24464	highk4_prom	3.657	3.804	1.969	1.876	1.924	1.742	1.726	2.039	2.705	1.223	0.172
atac_L24473	highk4_prom	4.274	4.04	1.656	1.038	1.497	1.344	0.768	0	2.679	0	0.926
atac_L24476	highk4_prom	5.207	2.98	1.009	1.412	2.088	1.474	1.526	0	2.004	1.238	0.331
atac_L24502	highk4_prom	4.311	3.302	1.992	2.368	2.009	1.059	1.737	3.283	2.709	0.807	0.65
atac_L24507	highk4_prom	4.862	4.206	1.644	2.918	2.214	1.999	0.328	0	3.281	1.308	1.085
atac_L24518	highk4_prom	4.631	4.922	1.657	2.727	2.306	1.651	2.17	2.598	3.349	1.664	1.161
atac_L24528	highk4_prom	4.628	3.993	1.499	1.644	1.751	1.334	1.602	0	2.163	0.796	0.984
atac_L24535	highk4_prom	4.541	1.148	1.363	0.848	0.977	1.098	0.583	0	2.067	1.485	0.349
atac_L24541	highk4_prom	4.338	4.186	0.445	1.556	1.271	0.486	1.327	2.134	0.281	0	0.871
atac_L24574	highk4_prom	5.038	4.344	1.463	2.439	2.345	1.447	2.109	2.977	3.145	1.508	0.356
atac_L24591	highk4_prom	3.654	4.885	3.111	2.977	1.965	2.325	1.802	2.591	2.658	1.056	0.348
atac_L24592	highk4_prom	3.578	3.76	2.801	2.475	2.024	1.536	1.884	0	2.981	2.29	0.956
atac_P04567	highk4_prom	3.42	3.535	1.64	2.373	2.383	2.023	1.664	0	2.344	1.36	0.441
atac_L24594	highk4_prom	4.168	3.488	1.504	2.743	2.364	2.423	2.23	2.932	2.91	2.398	1.391
atac_L24598	highk4_prom	3.665	3.259	1.448	1.552	1.782	1.262	0.809	2.601	2.342	0.787	0
atac_L24620	highk4_prom	4.606	3.751	1.262	1.555	1.871	1.556	1.514	2.044	2.837	1.591	1.264
atac_L24670	highk4_prom	4.349	3.274	1.339	2.034	2.005	2.132	1.922	0	1.561	1.303	1.08
atac_L24672	highk4_prom	4.002	4.779	1.79	2.932	1.539	1.967	0	0	2.519	1.296	1.334
atac_L24686	highk4_prom	3.443	3.596	2.669	3.024	2.058	2.126	2.097	2.137	2.858	1.829	1.076
atac_L24692	highk4_prom	4.436	4.444	2.209	2.991	2.259	2.277	1.73	3.274	2.546	1.992	0.886
atac_L24702	highk4_prom	5.18	4.66	1.894	3.057	2.618	1.73	1.556	0	3.278	0.767	1.137
atac_L24707	highk4_prom	4.034	4.317	1.721	1.77	1.661	1.456	1.808	0	2.143	1.664	0.498
atac_L24708	highk4_prom	3.389	4.758	1.116	2.747	1.773	2.46	1.183	1.439	3.067	0.795	1.174
atac_L24767	highk4_prom	3.338	3.335	2.225	2.416	1.268	1.465	1.63	2.048	2.529	2.01	0.922
atac_P04604	highk4_prom	5.1	5.201	1.985	2.18	2.174	1.772	1.906	0	2.898	0.995	0.911
atac_L24823	highk4_prom	4.284	4.23	0.591	1.643	1.608	1.734	1.776	0	2.005	1.827	1.364
atac_L24826	highk4_prom	4.205	4.705	1.568	1.975	1.873	1.844	1.499	2.027	3.137	2.724	1.587
atac_P04608	highk4_prom	5.28	3.227	1.399	2.471	1.912	1.95	1.244	0	3.373	0.993	1.757
atac_L24953	highk4_prom	3.997	2.772	1.085	2.717	1.895	1.64	1.452	2.429	2.905	2.154	1.051
atac_L21214	highk4_prom	3.709	4.888	0.653	2.412	2.254	1.758	1.903	2.123	2.208	0.783	1.158
atac_L21228	highk4_prom	3.38	2.781	0.634	1.161	1.647	1.285	0	0	1.02	0.761	0.612
atac_L21233	highk4_prom	3.429	3.343	1.24	1.898	1.53	0.922	0.584	0	1.995	1.058	0.753
atac_L21243	highk4_prom	3.42	4.002	2.655	3.105	2.304	2.323	0.306	2.066	3.184	2.144	0.722
atac_L21274	highk4_prom	3.746	4.248	0.917	1.784	1.091	2.028	2.033	0	1.6	1.248	1.36
atac_L21291	highk4_prom	3.777	3.885	1.19	1.835	1.904	1.635	1.403	0	0.851	1.604	1.023
atac_L21312	highk4_prom	3.511	4.7	1.452	2.833	1.853	2.02	2.089	2.047	2.714	2.425	1.722
atac_L21321	highk4_prom	3.862	3.868	1.339	0.698	1.239	1.346	0.977	0	1.883	0.433	0
atac_L21437	highk4_prom	4.106	5.299	1.807	2.998	1.874	2.515	1.293	3.429	2.847	1.631	1.374
atac_L21443	highk4_prom	3.599	2.999	0.425	1.722	1.319	1.161	1.76	2.075	2.021	1.251	0.939
atac_L21449	highk4_prom	3.768	3.13	1.466	2.717	1.957	1.819	1.429	1.945	2.315	1.339	1.112
atac_L21450	highk4_prom	4.155	4.219	1.944	2.379	2.025	1.738	1.799	2.823	2.677	0.984	0.456
atac_L21456	highk4_prom	3.749	4.07	3.294	2.894	2.576	2.282	2.428	3.005	3.115	1.638	1.992
atac_L21464	highk4_prom	3.494	4.089	2.445	1.596	1.918	1.894	0.609	0	3.181	2.012	1.2
atac_L21468	highk4_prom	3.717	3.014	1.968	2.24	1.991	2.277	1.87	0	2.804	2.641	0.845
atac_L21487	highk4_prom	3.47	5.187	2.349	2.991	2.048	1.723	0.797	2.931	2.826	1.276	0.491
atac_P03951	highk4_prom	3.578	4.805	1.659	2.111	1.844	1.963	1.639	1.368	3.174	1.603	1.195
atac_P03968	highk4_prom	3.334	4.633	1.093	2.492	2.19	2.083	1.112	2.045	1.917	1.421	1.186
atac_L21535	highk4_prom	3.556	3.788	2.341	3.517	2.61	2.119	1.857	2.181	3.181	3.102	1.106
atac_P03973	highk4_prom	3.862	3.881	1.625	2.297	1.861	1.853	2.016	0	2.964	1.429	0.717
atac_L21559	highk4_prom	4.158	5.254	2.864	2.701	1.836	1.887	0.964	2.072	2.651	1.907	0.725
atac_L21562	highk4_prom	5.024	5.444	1.35	3.273	2.489	2.062	1.681	0	3.467	2.067	1.311
atac_L21564	highk4_prom	5.391	5.042	2.697	3.426	2.783	2.837	2.64	3.737	3.177	0.813	0.897
atac_L21584	highk4_prom	4.881	5.162	1.86	2.3	2.141	2.033	1.602	0	2.36	1.306	1.564
atac_L21586	highk4_prom	3.741	5.397	2.028	2.204	1.251	1.782	1.187	2.15	2.019	1.841	0.357
atac_L21592	highk4_prom	3.694	3.704	1.469	2.263	1.188	1.362	0.989	2.58	1.902	0	0.745
atac_L21622	highk4_prom	4.853	3.892	1.203	1.533	1.517	2.118	1.805	3.111	2.886	1.4	1.167
atac_L21629	highk4_prom	3.691	4.627	2.045	2.825	2.026	1.826	2.11	2.884	2.862	1.611	1.496
atac_P03983	highk4_prom	4.595	4.358	1.927	3.048	2.594	2.529	2.443	3.519	2.473	1.959	1.561
atac_L21665	highk4_prom	4.474	4.154	1.606	2.122	1.914	1.708	2.331	2.886	1.691	2.698	0.833
atac_L21667	highk4_prom	3.576	3.814	3.433	3.346	2.588	2.566	1.338	3.498	3.489	2.337	1.344
atac_L21672	highk4_prom	4.9	4.206	1.113	2.443	1.976	1.412	1.416	2.891	2.606	1.024	1.033
atac_L21741	highk4_prom	4.109	4.123	0.949	2.276	1.842	1.577	2.166	0	2.068	1.486	0.969
atac_L21747	highk4_prom	4.7	3.097	1.434	1.868	1.292	1.561	1.488	0	2.492	2.452	0.993
atac_L21753	highk4_prom	3.636	3.833	1.917	2.304	2.239	1.743	1.272	2.063	2.442	1.898	1.026
atac_L21794	highk4_prom	4.09	3	2.437	1.88	1.01	1.099	1.625	0	2.387	1.326	1.282
atac_L21802	highk4_prom	4.293	0	0.93	2.013	2.363	1.723	1.858	3.014	2.198	1.333	1.288
atac_L21807	highk4_prom	4.461	4.318	1.426	1.238	1.012	1.72	1.121	0	0.487	1.014	1.023
atac_L21841	highk4_prom	3.537	4.848	3.23	2.268	1.979	1.91	2.31	2.115	1.985	1.809	0
atac_P04029	highk4_prom	4.239	4.796	1.632	2.547	2.004	2.049	1.378	0	3.479	1.99	0.909
atac_L21875	highk4_prom	3.493	3.395	2.764	3.115	2.176	1.611	1.615	1.348	2.512	2.109	0.912
atac_L21879	highk4_prom	3.728	3.67	2.017	2.705	2.04	2.043	2.768	0	1.929	0	1.337
atac_L21880	highk4_prom	4.413	4.982	2.045	3.481	2.535	2.123	1.159	1.253	2.837	1.989	1.164
atac_L21893	highk4_prom	4.327	4.348	2.781	3.178	2.468	1.907	1.188	2.98	3.818	1.686	1.347
atac_L21901	highk4_prom	4.433	4.636	1.617	1.99	1.585	1.481	1.346	2.987	3.609	0.802	1.27
atac_L21903	highk4_prom	5.004	3.484	0.677	1.88	0.927	1.494	1.204	0	2.118	1.091	0.653
atac_L21928	highk4_prom	4.435	3.86	1.29	0.978	1.785	1.001	1.914	0	0.281	2.213	0.976
atac_L21944	highk4_prom	4.301	4.738	1.477	1.79	1.229	1.099	0.78	0	2.346	1.252	0.479
atac_L21954	highk4_prom	4.451	3.815	0.878	1.17	1.275	1.647	1.299	2.565	2.856	1.267	1.049
atac_L21955	highk4_prom	5.203	4.867	1.389	2.649	2.471	2.403	2.615	2.983	2.541	2.63	0.769
atac_L21962	highk4_prom	4.954	4.084	1.695	2.662	1.715	1.946	1.174	1.429	2.622	1.295	1.251
atac_L21975	highk4_prom	3.502	5.098	2.334	2.141	1.349	1.072	0.759	0	1.985	0.738	1.098
atac_L21979	highk4_prom	4.833	3.946	1.352	1.943	2.03	1.923	1.684	0	2.379	1.648	0.856
atac_L22022	highk4_prom	3.522	4.553	1.576	3.229	2.234	2.372	1.607	0	2.74	2.443	0.988
atac_L22043	highk4_prom	3.668	2.756	0.984	1.817	1.432	0.834	2.05	0	1.791	1.33	0.194
atac_L22055	highk4_prom	4.254	4.105	1.019	1.921	1.656	1.671	1.015	0	1.207	1.308	1.085
atac_L22064	highk4_prom	4.761	4.049	1.068	2.75	2.42	1.78	2.344	2.148	2.827	1.306	1.263
atac_L22070	highk4_prom	3.382	3.269	1.159	0.722	1.275	1.328	1.331	0	1.755	1.675	0.76
atac_L22094	highk4_prom	4.384	5.006	1.275	1.225	1.514	1.199	1.029	0	1.875	0	1
atac_P04066	highk4_prom	3.819	3.838	1.283	1.969	1.867	1.557	1.372	0	2.103	2.204	0.805
atac_L22107	highk4_prom	3.487	5.027	2.603	2.014	2.024	2.061	2.454	0	2.334	2.201	0
atac_L22110	highk4_prom	4.308	3.541	1.808	2.228	1.898	1.476	0.755	0	2.355	0	1.254
atac_L22114	highk4_prom	4.094	3.071	1.798	2.291	1.708	1.649	2.311	0	2.48	1.748	1.106
atac_P04077	highk4_prom	3.61	4.314	1.687	3.007	2.543	2.2	2.003	3.275	2.483	0.39	0.437
atac_L22189	highk4_prom	3.454	5.057	3.381	3.692	2.388	2.961	1.825	2.146	3.309	1.979	1.174
atac_L22190	highk4_prom	3.526	3.026	0.88	1.882	1.891	1.321	2.119	1.932	2.402	1.492	1.72
atac_L22195	highk4_prom	4.448	4.393	1.548	2.011	1.125	1.368	1.164	0	1.91	2.408	0.967
atac_L22264	highk4_prom	3.537	4.608	3.967	3.981	3.475	3.294	1.843	2.995	3.694	2.457	1.095
atac_L22269	highk4_prom	3.331	4.192	1.716	2.23	1.915	1.418	1.954	1.992	1.789	1.545	0.887
atac_L22272	highk4_prom	3.895	4.132	1.071	2.826	2.391	2.625	2.133	2.824	2.28	1.977	0.994
atac_L22287	highk4_prom	3.626	2.147	1.593	1.488	1.242	1.344	0.554	0	1.585	0.746	0.33
atac_L22288	highk4_prom	3.898	3.338	0.85	1.136	1.176	1.514	0.95	0	0.262	1.008	0.596
atac_L22293	highk4_prom	3.349	3.49	0.831	1.37	1.671	1.416	1.572	0	1.982	1.65	0.858
atac_L24995	highk4_prom	4.708	3.669	1.505	2.224	2.023	2.097	1.379	0	1.357	0	1.173
atac_L25093	highk4_prom	3.735	2.918	1.852	2.019	2.288	1.631	1.29	1.257	2.878	1.627	0.54
atac_L25106	highk4_prom	3.988	3.156	1.323	0.714	1.163	1.452	0.583	0	1.544	1.057	0.865
atac_L25144	highk4_prom	3.807	5.579	2.026	2.613	2.407	1.973	2.083	0	2.207	1.287	0.629
atac_L25169	highk4_prom	3.35	4.369	2.904	3.738	2.876	2.73	1.622	3.906	3.596	2.556	1.65
atac_L25176	highk4_prom	4.06	4.992	3.414	3.544	2.92	2.927	2.095	2.867	3.763	2.891	1.484
atac_L25243	highk4_prom	3.719	5.04	1.449	2.624	2.358	1.945	0.587	0	2.718	1.965	0.5
atac_L25246	highk4_prom	3.712	3.394	0.804	1.416	0.881	1.261	1.028	0	1.221	0.808	0.514
atac_L25251	highk4_prom	3.816	3.306	1.032	1.877	1.748	1.924	1.356	2.171	2.115	0.809	0.999
atac_L25252	highk4_prom	4.412	4.933	1.377	1.802	2.359	1.685	1.294	0	2.239	1.262	0.18
atac_L25263	highk4_prom	3.619	3.613	2.07	2.502	2.315	1.79	0	0	2.93	1.787	0.34
atac_L25266	highk4_prom	4.028	4.596	1.307	1.492	1.998	1.7	1.727	2.156	2.744	1.079	0.884
atac_L25296	highk4_prom	4.003	3.36	3.027	3.427	2.307	1.921	1.648	2.886	3.28	1.441	0.833
atac_P04663	highk4_prom	4.894	3.964	1.37	2.99	2.272	1.758	1.384	2.035	2.904	2.113	1.096
atac_L25332	highk4_prom	3.656	4.852	1.554	2.46	1.99	1.664	0.603	0	2.71	0.808	0.891
atac_L25334	highk4_prom	3.448	4.314	2.16	2.787	2.119	2.174	2.21	0	3.145	1.034	0.34
atac_P04668	highk4_prom	3.439	2.897	1.367	1.505	0.892	1.155	0.911	2.445	2.307	1.184	0.682
atac_L25366	highk4_prom	3.791	3.751	2.002	2.643	2.451	1.943	2.193	0	2.48	2.23	1.873
atac_L25368	highk4_prom	4.271	4.413	2.547	3.354	2.626	2.463	2.095	3.483	3.682	0.789	1.484
atac_L25378	highk4_prom	4.895	4.707	1.525	2.054	1.546	1.672	1.117	0	1.764	0	1.27
atac_L25411	highk4_prom	3.551	4.238	3.101	2.884	2.373	2.025	1.361	3.915	3.551	1.708	1.103
atac_L25412	highk4_prom	3.574	1.519	0.851	1.306	0.911	1.549	1.602	0	2.092	0.796	1.262
atac_L25425	highk4_prom	3.826	4.562	1.872	1.81	1.454	2.214	2.142	0	2.426	1.639	1.523
atac_L25426	highk4_prom	4.108	3.503	1.193	2.124	1.841	1.552	1.318	1.42	1.645	1.056	0.864
atac_L25427	highk4_prom	5.413	5.71	2.097	3.143	2.7	2.331	1.846	0	3.541	2.555	1.278
atac_L25486	highk4_prom	3.595	2.259	1.269	1.996	1.858	1.661	1.942	0	2.753	0.805	1.83
atac_L25499	highk4_prom	4.004	4.825	2.023	2.374	1.65	1.926	1.625	2.173	2.56	1.704	1.1
atac_L25517	highk4_prom	4.492	5.112	1.269	2.633	2.376	2.281	2.067	0	1.631	1.472	1.055
atac_L25538	highk4_prom	4.384	5.142	0.923	1.588	1.456	1.382	1.624	2.172	2.558	0.809	2.051
atac_L25543	highk4_prom	4.247	3.897	1.142	1.281	1.495	1.729	0.993	0	1.733	2.194	1.152
atac_L25555	highk4_prom	4.183	2.954	1.699	2.277	1.455	1.303	0.546	0	2.119	1.873	0.325
atac_L25561	highk4_prom	4.295	3.583	1.326	2.018	1.359	1.531	0.807	0	1.648	0.784	0.631
atac_L25562	highk4_prom	3.772	4.943	1.561	1.949	1.497	1.234	1.266	0	2.001	1.429	1.193
atac_L25563	highk4_prom	3.356	3.002	0.867	2.122	1.051	0.991	0.606	0	2.326	0	1.443
atac_P04731	highk4_prom	5.417	3.755	1.029	1.674	1.508	1.583	1.647	0	2.609	1.346	1.194
atac_L25575	highk4_prom	4.206	4.232	1.52	1.505	1.675	1.643	1.029	0	2.612	1.325	0.515
atac_L25578	highk4_prom	4.851	4.421	2.167	3.362	2.383	2.332	2.263	2.969	3.239	2.331	1.626
atac_L25588	highk4_prom	4.585	3.016	1.078	2.039	1.935	1.525	1.294	3.633	2.417	0	0
atac_L25589	highk4_prom	3.534	4.011	3.498	3.109	2.174	2.309	1.35	2.991	3.478	1.317	1.273
atac_L25595	highk4_prom	3.715	4.919	1.558	2.944	2.321	2.162	1.203	2.173	2.898	1.325	1.364
atac_L25601	highk4_prom	4.706	5.598	1.438	2.413	2.497	1.86	1.844	2.166	2.847	1.321	1.189
atac_L25606	highk4_prom	4.308	4.747	1.138	2.637	2.19	1.787	0.989	2.11	3.416	1.475	1.148
atac_L25634	highk4_prom	3.863	4.487	1.785	2.583	1.782	1.291	2.091	1.427	2	2.209	0.974
atac_L25635	highk4_prom	4.427	4.256	1.488	2.374	1.986	1.654	1.484	2.009	1.545	1.972	0.579
atac_L25672	highk4_prom	3.873	1.664	1.339	2.049	2.042	1.722	2.114	1.996	2.202	1.381	0.573
atac_L25685	highk4_prom	3.747	3.042	1.74	0.965	1.52	0.988	0.991	0	2.058	0.777	0.963
atac_L25696	highk4_prom	4.735	3.232	1.39	1.751	1.848	1.61	0.987	2.107	2.642	1.472	1.146
atac_L25709	highk4_prom	4.909	3.338	1.842	2.499	1.581	1.804	1.676	2.79	2.41	1.371	0.312
atac_L25713	highk4_prom	3.426	3.783	1.837	2.823	2.533	1.577	2.243	2.946	3.312	0	0.629
atac_L25714	highk4_prom	4.244	5.006	2.513	2.741	1.649	1.519	2.368	0	2.663	2.251	0.652
atac_L25748	highk4_prom	4.464	4.036	1.529	2.073	1.807	2.269	2.305	0	2.199	1.333	0.658
atac_L25758	highk4_prom	4.315	4.114	3.677	2.94	2.539	1.833	0.801	4.392	2.957	1.654	1.061
atac_L25759	highk4_prom	3.868	4.492	3.474	3.714	2.586	2.526	2.007	0	2.811	2.845	1.744
atac_L25762	highk4_prom	4.052	2.437	0.603	1.294	1.633	1.057	0	0	1.348	0.726	1.164
atac_L25784	highk4_prom	4.44	3.61	1.59	1.261	1.526	1.548	0	2.556	1.881	1.034	1.133
atac_L25792	highk4_prom	5.095	4.137	2.443	2.682	2.648	2.478	2.247	0	2.889	2.34	1.613
atac_L25808	highk4_prom	3.942	4.017	2.668	2.649	2.219	1.424	1.58	0	2.206	0	1.065
atac_L25819	highk4_prom	3.55	5.161	2.175	2.579	2.224	2.099	1.459	2.951	2.51	1.663	0.866
atac_L25832	highk4_prom	3.787	2.2	0.884	1.274	1.043	1.302	0.796	0	2.317	1.645	1.776
atac_L25881	highk4_prom	3.881	3.965	2.89	2.277	2.345	1.526	1.252	0	2.565	1.221	0.707
atac_L25884	highk4_prom	4.313	3.601	1.064	2.515	1.488	1.896	1.009	0	2.905	2.431	1.257
atac_L25930	highk4_prom	3.499	2.336	0.662	3.372	2.531	1.045	1.195	3.605	3.224	0.616	1.596
atac_L25941	highk4_prom	3.69	4.202	1.735	2.807	2.302	0.258	1.156	2.93	3.232	0	1.531
atac_L25955	highk4_prom	3.766	4.865	1.981	2.183	1.758	1.63	1.171	2.6	2.145	0.786	0.868
atac_L25974	highk4_prom	3.806	3.736	0.924	1.66	1.064	1.255	0.566	0	1.954	1.625	0.944
atac_L25976	highk4_prom	4.247	4.395	1.336	1.351	1.236	1.499	0.786	0	1.514	0	0.844
atac_L25990	highk4_prom	3.329	4.185	2.252	2.691	1.656	1.773	1.777	2.562	2.579	1.265	0.737
atac_L26051	highk4_prom	4.307	4.18	1.914	2.568	1.534	1.766	0.908	0	2.806	1.686	0.882
atac_L40468	highk4_prom	3.702	3.497	0.891	1.951	1.676	2.073	1.314	0	3.481	1.655	1.063
atac_L40469	highk4_prom	3.645	4.29	0.628	2.312	2.231	2.184	1.536	0	3.579	1.247	0.177
atac_L41091	highk4_prom	3.802	2.819	1.278	2.646	1.942	1.688	1.992	1.417	3.037	0.78	1.398
atac_L40599	highk4_prom	3.366	3.654	1.812	2.953	1.887	2.603	1.459	0	3.082	1.819	1.477
atac_L40657	highk4_prom	3.843	4.386	1.231	2.217	1.957	1.188	0.991	3.22	2.263	0.777	0.346
atac_L40787	highk4_prom	9.046	8.95	5.372	5.734	5.6	5.248	5.147	5.751	6.501	5.341	5.221
atac_L41132	highk4_prom	3.418	1.183	1.592	1.587	1.197	0.911	0.604	0	1.784	0.809	0.362
atac_L40915	highk4_prom	3.805	4.267	1.077	2.052	1.118	1.158	2.121	1.452	1.679	1.993	1.432
atac_L28355	lowk4_prom	4.047	4.132	1.521	2.12	2.111	1.493	1.497	0	1.876	1.862	1.1
atac_L28539	lowk4_prom	3.485	1.54	0.535	0.416	0.293	0.501	1.03	0	0.918	0	0.653
atac_L28560	lowk4_prom	3.842	1.141	0.942	2.779	2.21	1.907	2.073	2.935	3.331	1.946	1.059
atac_L28591	lowk4_prom	3.873	1.83	1.139	1.593	1.431	1.267	1.629	2.178	1.694	0	1.368
atac_L28618	lowk4_prom	4.593	3.299	1.622	1.996	2.084	1.976	3.042	2.164	2.972	0	1.435
atac_L28621	lowk4_prom	4.602	2.724	1.803	3.437	2.345	1.551	2.547	4.742	3.723	2.11	0.766
atac_L28622	lowk4_prom	4.54	2.576	1.997	3.365	2.209	1.522	2.341	4.912	3.765	2.224	0.764
atac_L28748	lowk4_prom	3.96	1.133	1.132	0.703	1.214	0.423	1.151	2.101	2.312	0.771	0.343
atac_L28833	lowk4_prom	5.307	3.787	1.235	1.673	1.433	1.674	2.052	2.18	1.883	2.141	1.592
atac_P05196	lowk4_prom	4.281	1.404	0.827	0.658	1.049	0.888	1.232	0	2.798	0.406	0.693
atac_L28952	lowk4_prom	4.351	1.164	1.066	1.396	1.904	1.711	1.474	2.144	1.562	0.451	0.982
atac_L28955	lowk4_prom	3.728	1.191	1.191	1.427	1.405	0.878	0.609	0	1.231	1.333	0.658
atac_L28976	lowk4_prom	4.441	4.132	0.76	1.518	0.606	0.824	2.05	0	0.271	1.631	1.581
atac_L28977	lowk4_prom	3.474	2.054	0.672	1.581	1.226	0.739	1.024	1.454	1.681	1.696	1.094
atac_L29022	lowk4_prom	3.417	1.773	1.232	1.459	1.32	2.019	1.162	0	1.428	0	0.86
atac_L29111	lowk4_prom	3.512	2.239	0.79	0.725	1.142	0.638	0.592	0	0	0	0.639
atac_L29193	lowk4_prom	5.108	1.068	1.274	2.849	2.525	2.122	1.971	2.818	2.948	2.705	1.741
atac_L29238	lowk4_prom	3.546	0	1.443	1.741	2.092	1.166	0.605	3.003	2.258	0.81	1.001
atac_L29302	lowk4_prom	3.433	1.738	0.971	1.655	2.089	1.131	1.419	0	2.225	1.912	0.728
atac_P05259	lowk4_prom	4.103	2.622	1.388	1.142	1.213	1.473	1.84	0	1.851	0	0.928
atac_L34782	lowk4_prom	3.607	1.975	0.364	2.118	1.994	0.711	1.138	2.952	2.906	0.659	0.992
atac_L34933	lowk4_prom	4.431	3.347	1.53	1.951	2.138	1.892	2.019	0	3.142	2.136	1.274
atac_L35074	lowk4_prom	3.821	3.458	0.606	1.382	1.363	1.152	0.75	1.34	2.501	0.729	1.321
atac_L35103	lowk4_prom	4.219	1.191	1.529	2.013	1.852	1.39	2.816	0	3.983	0.815	0
atac_L35125	lowk4_prom	3.342	2.257	1.354	0	0.587	0.548	0.6	0	0.527	0	0.773
atac_L35243	lowk4_prom	3.387	2.575	1.497	2.781	1.817	1.975	2.41	0	2.949	1.503	1.259
atac_L35251	lowk4_prom	5.191	3.078	1.421	1.643	2.007	1.572	1.717	0	2.23	1.504	1.26
atac_L35287	lowk4_prom	3.374	1.971	1.247	2.638	2.486	1.818	2.899	2.545	3.063	1.027	0.337
atac_L35292	lowk4_prom	4.584	2.174	0.959	2.651	2.346	1.719	2.921	0	2.764	1.476	1.235
atac_L35335	lowk4_prom	4.497	2.811	1.432	2.523	1.621	1.276	1.792	2.58	2.912	0	0.345
atac_L35387	lowk4_prom	4.068	2.217	1	0.714	1.23	1.371	0.321	2.122	2.272	1.287	1.243
atac_L35429	lowk4_prom	4.43	4.062	0.731	2.724	2.113	1.869	1.909	2.846	1.98	1.581	0.813
atac_L35517	lowk4_prom	3.975	2.82	1.199	1.205	2.363	1.204	1.235	0	2.762	0	0.802
atac_L35649	lowk4_prom	4.396	3.788	1.091	1.332	1.493	1.205	0.336	2.181	1.482	1.332	1.106
atac_L35682	lowk4_prom	4.682	1.166	1.641	1.306	1.842	1.01	1.719	2.147	2.781	1.073	1.262
atac_L35686	lowk4_prom	4.35	1.824	1.593	0.739	1.865	1.691	1.624	0	2.04	1.861	0.778
atac_L35750	lowk4_prom	3.831	2.803	1.669	1.877	1.802	1.719	1.885	0	2.12	0.772	0.742
atac_L35754	lowk4_prom	3.648	0	1.243	0.939	1.512	0.65	1.415	0	2.156	0.755	0.477
atac_L35770	lowk4_prom	3.863	1.504	0.782	0.569	0.814	0.806	1.462	0	1.192	0.787	0.351
atac_L35790	lowk4_prom	3.982	1.466	1.21	0.695	1.385	1.039	1.768	0	2.569	1.258	0.179
atac_L35797	lowk4_prom	4.987	3.323	1.392	1.819	1.932	1.612	1.569	0	2.436	2.491	0.96
atac_L35909	lowk4_prom	4.376	3.506	1.428	1.837	2.269	1.35	2.324	3.396	3.008	2.441	0.332
atac_L36014	lowk4_prom	4.799	2.827	1.034	1.844	2.399	1.424	1.638	1.198	2.566	1.256	1.18
atac_L36035	lowk4_prom	5.051	3.704	0.647	1.884	2.38	1.681	1.571	0	2.912	2.889	0.857
atac_L36036	lowk4_prom	4.012	2.887	1.139	2.01	1.462	1.444	2.139	3.534	1.967	0.813	0.517
atac_L36068	lowk4_prom	4.394	1.807	1.346	1.402	1.869	1.528	2.112	2.152	3.522	1.31	1.179
atac_L36084	lowk4_prom	4.702	0	0.523	1.394	1.372	1.24	1.921	2.142	2.158	0.793	0.503
atac_L36143	lowk4_prom	5.043	2.84	0.592	1.558	2.408	1.437	1.594	0	2.222	1.298	1.746
atac_L36182	lowk4_prom	4.256	1.935	0.845	2.448	2.446	1.483	2.55	0	2.984	0	1.182
atac_L36223	lowk4_prom	3.956	0	1.441	1.116	0.791	0.91	1.355	2.17	1.473	0	1.191
atac_L36405	lowk4_prom	4.45	1.476	0.932	1.357	0.506	1.112	1.148	0	2.854	0	0.849
atac_P06434	lowk4_prom	3.359	0.634	1.39	1.853	1.803	1.508	1.891	2.476	0.825	0.725	0.902
atac_L36684	lowk4_prom	4.441	2.76	0.347	2.118	2.524	1.881	1.645	2.531	3.214	1.438	0.831
atac_L36758	lowk4_prom	4.169	1.825	1.362	1.003	1.233	1.166	1.03	0	1.876	1.325	1.442
atac_L36776	lowk4_prom	3.348	0	0.976	1.222	0.923	0.741	0.83	0	1.871	0.807	1.097
atac_P06548	lowk4_prom	4.343	1.722	1.314	1.64	1.421	1.499	0.77	0	2.005	2.138	1.024
atac_L37009	lowk4_prom	4.007	1.136	0.827	1.531	1.217	1.052	0.986	0	1.174	0	0.854
atac_L37014	lowk4_prom	4.256	2.857	0.854	0.865	1.38	0.976	0.821	2.152	1.941	0	0.507
atac_L30668	lowk4_prom	3.566	2.52	1.171	2.04	1.995	1.527	0.978	1.396	2.85	1.036	0.34
atac_L30755	lowk4_prom	3.505	3.156	0.898	1.398	0.848	0.835	1.729	0	1.475	2.004	0.327
atac_L30937	lowk4_prom	3.703	2.091	1.304	2.051	2.538	2.082	2.323	0	3.838	0.974	1.302
atac_L31040	lowk4_prom	3.607	2.685	0.82	2.147	1.594	1.47	0.918	1.998	2.424	0.402	0.687
atac_P05464	lowk4_prom	3.694	2.509	1.305	2.316	2.34	2.245	2.338	0	2.885	0.388	1.402
atac_L31434	lowk4_prom	5.376	2.261	1.818	3.084	2.804	2.621	2.901	0	3.198	1.997	1.647
atac_L31449	lowk4_prom	3.784	3.077	1.858	2.88	2.308	1.443	2.478	2.144	3.485	1.977	0.763
atac_L31450	lowk4_prom	3.416	2.264	2.019	1.663	1.393	1.436	1.738	0	3.094	1.322	0.998
atac_L31469	lowk4_prom	4.026	2.215	1.321	1.187	0.67	0.58	1.317	0	1.314	1.285	0.967
atac_L31521	lowk4_prom	3.992	3.47	1.62	1.994	2.435	1.916	3.25	0	2.375	1.994	1.273
atac_L31616	lowk4_prom	4	1.108	0.913	0.935	1.678	0.771	0.961	2.066	1.689	0.425	0.475
atac_L31678	lowk4_prom	3.849	2.068	1.783	1.979	1.882	1.256	0.726	1.977	3.201	0.395	1.136
atac_L31712	lowk4_prom	5.106	1.16	1.159	2.631	2.22	2.111	2.099	0	2.817	1.972	0.637
atac_L31822	lowk4_prom	5.21	1.787	0.783	1.293	1.934	1.459	2.528	2.956	1.551	0.787	1.25
atac_L31830	lowk4_prom	3.339	2.593	1.175	0.412	1.154	1.055	1.487	2.16	2.105	1.517	1.642
atac_L31841	lowk4_prom	4.126	1.823	1.031	1.416	2.031	2.24	1.495	0	2.038	2.001	0.514
atac_L31865	lowk4_prom	4.612	4.114	0.97	1.493	1.917	1.454	2.279	0	2.026	0.801	0.645
atac_L31968	lowk4_prom	4.282	2.21	0.996	1.54	1.522	1.594	2.511	2.115	2.791	1.654	0.964
atac_L32104	lowk4_prom	4.745	1.171	1.073	1.987	1.413	0.94	1.934	0	2.743	1.312	1.181
atac_L32120	lowk4_prom	3.47	2.255	0.916	0.87	1.786	0.943	1.614	1.451	2.311	0.803	0.51
atac_L32123	lowk4_prom	4.046	3.109	1.275	2.373	2.166	1.964	1.741	0	2.853	2.133	0.652
atac_L32182	lowk4_prom	4.117	1.11	1.572	1.647	0.981	1.027	1.411	2.534	3.625	0.753	1.9
atac_P05645	lowk4_prom	3.906	2.83	0.667	1.801	1.87	1.785	2.283	0	2.643	0	0.585
atac_L32218	lowk4_prom	3.606	2.221	0.896	0.567	0.812	0.431	0	0	1.916	0	0.754
atac_L32254	lowk4_prom	4.572	3.407	1.348	2.661	1.899	1.974	2.578	2.374	3.014	1.484	1.553
atac_L32269	lowk4_prom	3.821	0.672	1.081	1.523	1.583	1.046	2.215	0	1.412	1.463	0.341
atac_L32338	lowk4_prom	3.972	2.205	0.647	0.708	0.93	0.528	0	0	1.818	1.804	0.857
atac_L32361	lowk4_prom	3.933	3.084	1.119	2.396	1.8	1.943	2.272	2.978	2.363	1.508	1.633
atac_L32375	lowk4_prom	3.351	0	0.675	1.504	1.266	1.262	0	2.171	1.353	1.324	1.279
atac_L32409	lowk4_prom	4.467	2.18	1.122	0.948	1.203	1.287	1.55	0	1.957	0	1.042
atac_L32472	lowk4_prom	3.862	3.925	0.981	1.668	1.391	0.659	0.57	2.091	1.164	0	0.484
atac_L32497	lowk4_prom	3.598	2.642	0.865	2.177	2.204	1.36	2.267	0	1.395	0	0.478
atac_L32510	lowk4_prom	4.527	1.835	0.681	1.598	0.75	1.105	1.751	0	1.363	1.333	1.007
atac_L32513	lowk4_prom	4.085	4.035	1.665	2.702	2.148	1.872	2.009	0	3.609	2.215	0.977
atac_L32558	lowk4_prom	3.968	2.756	1.861	3.071	2.099	1.359	2.865	0	3.468	1.71	1.286
atac_L32584	lowk4_prom	3.966	2.306	0.339	1.988	1.2	1.458	1.387	0	1.985	1.001	1.01
atac_P05749	lowk4_prom	3.981	1.713	0.74	1.632	1.687	1.903	1.115	0	1.845	1.232	0.597
atac_L32743	lowk4_prom	3.65	2.68	1.262	0.65	1.135	1.269	0.529	1.994	0.96	1.832	0.98
atac_L26382	lowk4_prom	3.417	4.114	0.889	2.169	1.835	1.708	1.797	0	2.876	1.281	1.238
atac_L26488	lowk4_prom	3.964	2.234	1.062	1.299	1.767	1.356	1.179	2.139	2.678	0.791	0
atac_P04841	lowk4_prom	3.629	1.376	1	0.985	0.602	0.685	1.764	0	1.923	1.176	0.442
atac_L26615	lowk4_prom	3.759	3.485	0.678	2.194	2.124	1.282	1.627	0	2.754	1.004	0.327
atac_P04845	lowk4_prom	4.438	3.052	1.072	1.068	1.745	1.521	2.21	2.755	2.811	0.388	0.16
atac_L26735	lowk4_prom	4.312	3.18	1.096	1.271	1.192	1.39	1.678	1.987	2.412	1.54	1.293
atac_L26754	lowk4_prom	5.085	3.017	1.339	0.698	1.955	1.233	1.965	0	2.849	1.036	0.615
atac_L26808	lowk4_prom	4.215	2.58	0.964	1.486	1.346	1.473	1.719	0	2.017	2.228	1.344
atac_L26810	lowk4_prom	3.971	2.204	0.771	2.057	1.434	2.21	2.625	0	2.259	1.475	0
atac_L26860	lowk4_prom	3.506	1.794	1.493	0.406	1.813	1.207	1.595	0	2.289	0.449	0.502
atac_L26875	lowk4_prom	3.501	1.121	0.758	0.389	0.745	0.699	1.425	0	2.354	0	0.945
atac_L26882	lowk4_prom	3.769	1.826	0.98	0.878	0.927	0.553	0.605	0	0.29	0	0.363
atac_L26957	lowk4_prom	4.534	3.47	1.527	2.042	1.958	1.645	2.137	0	2.579	1.789	0.485
atac_L27020	lowk4_prom	4.22	2.247	1.466	0.99	1.38	1.049	2.486	2.152	2.302	0	0.882
atac_L27065	lowk4_prom	4.852	1.815	1.077	1.111	1.418	1.285	1.488	2.635	2.434	1.518	1.093
atac_L27080	lowk4_prom	3.33	3.123	1.081	1.806	1.108	1.144	1.778	0	1.715	1.636	0.951
atac_L27166	lowk4_prom	3.916	3.936	1.264	2.831	1.754	2.056	2.143	0	2.9	2.062	1.307
atac_L27221	lowk4_prom	3.553	1.153	1.328	1.292	1.952	1.431	1.324	0	2.074	1.962	0.632
atac_L27265	lowk4_prom	4.398	1.717	0.557	1.236	1.08	1.176	0.954	0	0.849	0	0.599
atac_L27268	lowk4_prom	3.656	2.875	1.132	1.415	2.198	1.35	1.354	3.284	1.872	2.358	0.891
atac_L27295	lowk4_prom	4.761	2.616	1.004	2.104	2.18	1.65	2.171	2.052	2.629	1.426	1.19
atac_L27339	lowk4_prom	4.595	2.416	1.162	1.976	1.747	1.546	2.103	0	2.865	1.07	1.172
atac_L27340	lowk4_prom	4.086	2.568	1.698	1.39	2.348	1.237	1.817	2.137	2.626	1.298	0.759
atac_L27357	lowk4_prom	4.323	1.167	0.965	0.863	0.633	0.937	1.186	0	1.668	0	1.084
atac_L27368	lowk4_prom	4.953	2.563	1.254	1.942	2.257	1.507	2.143	2.958	2.581	0.905	1.525
atac_L27384	lowk4_prom	3.898	2.592	1.025	1.729	1.762	1.68	1.613	0	2.176	0	0.646
atac_L27484	lowk4_prom	3.8	2.252	1.124	1.214	1.807	1.22	2.117	2.157	1.069	1.08	0.645
atac_L27574	lowk4_prom	4.692	3.487	0.745	1.815	1.601	0.954	1.954	2.177	2.121	0.462	0
atac_L27667	lowk4_prom	3.959	1.183	1.275	1.002	1.456	1.544	1.496	2.172	1.078	0	0.515
atac_L27687	lowk4_prom	4.424	2.884	1.365	1.67	1.27	1.357	1.032	3.293	2.328	1.093	0.364
atac_L27863	lowk4_prom	3.828	3.337	1.258	1.602	1.553	1.437	1.852	0	2.119	1.231	0.863
atac_L27888	lowk4_prom	3.483	2.549	1.191	1.829	1.194	1.027	0.995	1.418	1.431	0.781	1.155
atac_L27925	lowk4_prom	4.66	2.021	0.952	0.403	1.059	0.535	1.001	0	1.439	0.786	0.868
atac_L27990	lowk4_prom	3.627	3.077	0.849	1.564	1.212	1.044	0.817	0	2.013	0	1.081
atac_L28119	lowk4_prom	3.366	2.617	1.238	1.427	1.579	1.271	1.751	2.183	2.457	1.536	1.289
atac_L28127	lowk4_prom	3.841	2.383	0.993	1.885	1.622	1.443	1.572	0	2.741	0.776	0.346
atac_L28217	lowk4_prom	4.216	2.214	1.098	0.969	1.323	1.129	0.582	0	2.503	1.054	1.064
atac_L28262	lowk4_prom	3.395	1.939	1	0.377	1.173	0.454	1.112	0	1.757	1.228	0.92
atac_L32977	lowk4_prom	3.533	1.77	0.994	1.537	1.379	1.335	1.311	0	1.903	1.05	0.858
atac_P05797	lowk4_prom	4.183	1.675	0.537	1.371	1.671	1.113	1.231	2.009	1.882	0.981	0.799
atac_L33039	lowk4_prom	3.701	3.198	1.31	0.412	0.354	0.981	2.356	0	0.911	0.803	0.886
atac_L33152	lowk4_prom	3.725	2.072	1.091	1.425	1.168	1.389	1.364	0	1.361	2.142	1.006
atac_L33210	lowk4_prom	4.521	2.951	1.199	1.293	0.814	1.136	1.703	0	1.322	1.492	0.974
atac_P05832	lowk4_prom	4.977	1.354	1.189	2.349	2.81	2.001	2.557	0	2.948	2.564	1.331
atac_L33220	lowk4_prom	4.997	2.412	1.441	2.579	2.732	1.679	2.553	2.799	3.581	0.971	1.433
atac_L33254	lowk4_prom	4.319	3.606	1.944	2.783	2.294	2.278	2.019	0	3.03	2.225	1.42
atac_L33256	lowk4_prom	4.594	1.819	1.08	1.32	1.044	0.908	1.198	0	1.218	0.806	1.276
atac_P05877	lowk4_prom	3.412	1.722	1.233	1.413	1.845	1.761	1.527	2.06	1.931	0.422	0.929
atac_L33354	lowk4_prom	3.673	1.835	0.93	1.126	1.495	0.878	1.366	2.183	2.051	1.536	1.007
atac_P05883	lowk4_prom	4.146	2.842	1.293	2.724	1.899	2.055	1.25	0	3.297	1.219	0.589
atac_L33490	lowk4_prom	4.663	4.027	0.744	2.51	2.388	2.006	2.136	2.176	2.563	0.812	1.196
atac_L33514	lowk4_prom	4.041	1.701	1.408	2.187	2.332	2.121	2.079	0	2.868	1.736	1.713
atac_P05921	lowk4_prom	4.463	4.045	1.191	2.21	2.252	1.569	2.252	0	2.813	1.757	1.024
atac_P05944	lowk4_prom	5.185	0.998	1.494	1.504	1.901	1.694	2.657	0	1.783	1.308	0.534
atac_L33731	lowk4_prom	3.872	2.272	1.036	1.592	0.794	1.169	1.206	3.532	2.262	1.093	0.655
atac_L33785	lowk4_prom	4.055	0	0.46	1.511	1.092	1.171	1.956	0	2.123	0.813	1.286
atac_L33821	lowk4_prom	4.52	2.248	1.121	1.49	1.253	1.249	0.596	0	1.672	2.233	1.087
atac_L33851	lowk4_prom	4.705	3.822	1.603	0.958	1.457	0.981	1.153	0	2.048	0.772	0.62
atac_L33901	lowk4_prom	4.048	1.113	0.692	1.051	1.226	1.159	0.778	0	2.09	1.445	0.478
atac_L33984	lowk4_prom	4.742	2.91	1.752	1.986	2.69	1.598	2.136	2.093	3.309	0.767	1.925
atac_L34007	lowk4_prom	4.476	3.363	1.065	1.502	1.974	1.383	1.537	0	2.016	1.022	1.359
atac_L34024	lowk4_prom	3.744	2.766	0.967	0.818	0.945	0.692	1.13	0	2.087	0.755	0.936
atac_L34053	lowk4_prom	3.841	3.283	1.345	2.754	2.266	2.327	2.885	2.979	3.493	1.309	1.086
atac_L16108	lowk4_prom	3.9	1.098	1.004	1.036	2.028	1.288	1.927	0	2.43	0.744	0.924
atac_L16121	lowk4_prom	3.592	0.681	1.095	1.888	1.599	1.57	0	3.458	2.956	1.653	1.602
atac_L16153	lowk4_prom	4.125	1.822	0.803	1.415	1.794	0.949	1.946	0	2.185	1.088	0.651
atac_L16163	lowk4_prom	4.311	4.572	1.315	2.169	2.087	1.921	2.289	0	3.093	1.087	0
atac_P03121	lowk4_prom	4.686	2.592	0.891	2.031	1.55	1.324	2.479	0	2.737	1.408	2.363
atac_L16255	lowk4_prom	4.493	3.648	0.81	2.183	1.55	1.446	1.857	2.181	2.266	2.012	1.287
atac_L16354	lowk4_prom	4.935	1.055	0.963	2.393	2.609	1.636	2.179	2.795	3.482	2.363	0.788
atac_L16489	lowk4_prom	3.879	2.494	1.321	2.397	1.429	1.433	2.262	0	2.648	1.246	0.476
atac_L16577	lowk4_prom	3.791	0.699	1.07	2.098	1.823	1.739	2.484	2.15	2.589	1.075	1.497
atac_L16621	lowk4_prom	4.98	2.232	1.158	1.2	2.095	1.833	1.177	0	2.466	1.498	1.486
atac_L16717	lowk4_prom	3.823	0	1.486	2.067	2.058	1.599	1.032	0	2.121	1.708	1.841
atac_L16719	lowk4_prom	3.47	0	0.829	1.683	1.462	0.794	1.684	0	1.727	1.648	1.148
atac_L16725	lowk4_prom	3.633	1.804	1.069	1.569	1.577	1.335	1.828	1.442	2.165	1.683	0.766
atac_L16735	lowk4_prom	4.326	3.118	0.928	1.818	1.168	1.472	1.363	0	1.792	1.331	0.898
atac_L16755	lowk4_prom	5.074	2.418	0.907	0.861	1.463	1.147	1.474	2.145	2.583	0.795	0.355
atac_L16847	lowk4_prom	3.482	1.183	1.481	1.324	0.882	1.23	0.604	3.001	1.222	1.703	0
atac_L16853	lowk4_prom	3.465	2.251	1.683	1.988	1.186	1.677	1.727	0	1.86	2.117	1.182
atac_L16927	lowk4_prom	4.151	2.698	1.326	1.699	1.801	1.739	2.391	1.424	2.711	1.059	1.327
atac_P03300	lowk4_prom	4.597	3.331	1.288	1.698	1.808	1.686	1.568	0	2.801	1.178	0.678
atac_L17041	lowk4_prom	3.676	2.748	1.625	1.635	1.417	0.641	1.838	3.589	3.433	1.752	0.33
atac_L17119	lowk4_prom	3.394	1.805	1.258	0.864	1.217	1.012	0.82	0	2.64	0	0.766
atac_L17423	lowk4_prom	3.827	3.646	1.14	2.07	2.21	1.991	1.035	0	2.196	2.141	0.365
atac_L17445	lowk4_prom	4.695	3.128	1.319	2.916	2.311	1.722	0.93	2.828	3.389	1.399	0.996
atac_L17470	lowk4_prom	3.745	2.248	0.967	1.793	1.286	0.594	0.329	0	1.858	1.077	0.988
atac_L17479	lowk4_prom	4.214	2.182	1.255	0.697	0.747	0.566	1.666	0	1.615	0.432	1.043
atac_L00035	lowk4_prom	3.564	1.159	1.249	1.2	1.695	1.684	2.535	0	0.898	1.674	0.637
atac_L00160	lowk4_prom	3.371	1.873	0.859	0.642	1.271	1.06	1.669	1.977	1.608	0.705	0.443
atac_L00273	lowk4_prom	4.149	3.848	1.149	1.547	1.502	1.88	1.32	3.47	1.435	1.661	1.159
atac_L00304	lowk4_prom	3.628	2.24	1.381	1.304	1.492	1.799	1.717	0	2.09	1.072	1.082
atac_P00078	lowk4_prom	4.799	2.778	1.461	1.817	1.529	1.584	2.095	0	1.924	1.177	0.565
atac_L00381	lowk4_prom	4.728	0	0.523	1.713	1.674	1.387	1.714	2.614	2.011	0	0.981
atac_L00460	lowk4_prom	3.895	1.622	0.688	2.351	2.012	1.236	2.754	2.406	3.254	0.692	1.461
atac_L00552	lowk4_prom	4.265	1.174	1.265	1.729	1.689	1.284	1.347	0	2.49	0.802	0.886
atac_P00146	lowk4_prom	3.535	2.071	0.757	1.265	1.216	0.725	1.339	0	1.777	0.706	0.88
atac_L00611	lowk4_prom	4.077	3.786	1.36	2.079	1.553	1.78	1.065	1.305	1.776	1.682	0.879
atac_L00687	lowk4_prom	3.757	2.551	0.836	1.695	1.704	1.285	1.166	0	2.84	0.443	1.4
atac_L00745	lowk4_prom	3.926	2.457	0.811	0.419	1.132	1.39	1.633	0	1.594	1.871	1.007
atac_L00754	lowk4_prom	3.426	1.829	1.186	1.422	1.201	1.327	2.137	2.177	0.74	0.812	1.003
atac_L00758	lowk4_prom	4.816	2.748	1.183	0.416	1.267	0.651	2.132	0	2.445	1.861	0
atac_L00774	lowk4_prom	3.955	3.662	1.487	2.867	2.756	2.644	2.813	0	3.125	1.294	1.962
atac_L00785	lowk4_prom	3.774	3.314	0.927	1.51	1.401	1.524	1.502	0	1.79	1.532	1.285
atac_L00812	lowk4_prom	3.968	1.188	0.679	1.594	1.272	0.875	2.139	0	2.566	0.813	1.286
atac_L00836	lowk4_prom	4.449	1.096	0.68	1.63	2.043	1.079	1.395	0	2.065	1.231	1.105
atac_L00874	lowk4_prom	3.43	1.783	0.896	1.29	0.94	1.65	1.906	0	1.832	1.488	1.404
atac_L00890	lowk4_prom	4.604	2.065	1.136	1.326	1.516	1.325	1.498	0	1.476	1.863	1.001
atac_L00909	lowk4_prom	4.752	2.89	1.706	1.675	1.783	1.723	2.379	0	2.333	0.464	1.107
atac_L00914	lowk4_prom	4.506	2.318	0.85	2.377	1.686	2.103	2.82	2.05	2.843	0.743	1.481
atac_L00943	lowk4_prom	3.412	0.68	1.609	0.963	1.285	1.217	1.309	0	1.533	1.649	0.491
atac_L00974	lowk4_prom	4.679	2.395	1.101	2.368	2.044	1.918	1.167	0	2.966	1.287	0.969
atac_L01045	lowk4_prom	5.266	1.186	1.087	1.814	2.076	1.909	1.627	0	2.985	1.865	1.283
atac_L01103	lowk4_prom	4.396	3.85	1.936	2.93	2.631	1.936	2.538	2.842	3.778	1.409	0.811
atac_L01177	lowk4_prom	3.669	1.471	1.078	0.83	0.877	1.232	1.668	0	2.472	0.765	1.516
atac_L01210	lowk4_prom	3.828	3.739	1.701	3.111	2.003	1.708	1.919	0	2.352	0.792	0.875
atac_L01258	lowk4_prom	3.9	3.802	1.374	1.06	1.575	1.138	2.35	0	1.613	1.259	0.613
atac_P00347	lowk4_prom	3.543	1.419	1.436	1.387	1.061	1.214	1.612	0	0.833	0.732	0.703
atac_L38824	lowk4_prom	3.427	2.069	0.927	1.006	1.053	1.203	1.746	2.178	0	1.329	0.655
atac_L39057	lowk4_prom	3.53	3.432	0.911	0.541	0.819	0.41	0.959	0	1.143	0	0
atac_L39078	lowk4_prom	3.739	0.658	0.095	1.148	1.088	0.689	0.306	0	2.275	0	0.604
atac_L39100	lowk4_prom	4.136	1.007	1.313	1.3	1.052	0.899	1.024	0	1.936	1.762	0.649
atac_L39260	lowk4_prom	4.108	2.519	0.981	0.553	0.607	0.901	1.43	0	2.24	0.766	1.135
atac_L39286	lowk4_prom	4.113	3.813	1.528	1.671	2.379	1.946	2.772	2.095	2.179	0.434	0.617
atac_L39288	lowk4_prom	4.501	2.138	1.341	1.822	1.382	1.414	1.829	1.358	2.423	0.418	1.186
atac_L39326	lowk4_prom	3.551	1.74	1.071	0	0.697	0.416	1.421	0	1.399	1.915	0.729
atac_L39344	lowk4_prom	4.895	2.803	1.134	2.157	1.987	1.719	2.675	2.104	2.904	0	1.229
atac_L39371	lowk4_prom	4.359	2.613	1.037	1.747	1.462	1.892	1.362	2.179	2.047	0.813	0.656
atac_L39402	lowk4_prom	4.735	2.721	1.256	2.038	2.048	1.574	2.343	2.147	2.734	1.682	0.879
atac_L39427	lowk4_prom	3.446	1.161	1.377	1.392	1.672	1.543	1.712	0	2.525	1.068	0.761
atac_L39461	lowk4_prom	4.511	2.266	0.675	1.504	1.425	1.352	1.028	0	2.502	0.809	0.893
atac_L39502	lowk4_prom	3.671	1.984	1.559	0.391	0.793	0.974	1.144	0	1.164	1.036	1.22
atac_L39503	lowk4_prom	3.804	2.866	1.126	1.578	1.417	1.19	2.495	0	0.731	0.803	0.51
atac_L39563	lowk4_prom	3.422	3.151	1.191	1.543	1.125	0.88	0.582	2.119	0.711	1.813	0.967
atac_P07021	lowk4_prom	3.34	2.318	0.903	2.458	2.257	1.711	2.242	0	2.48	1.748	0.714
atac_L39615	lowk4_prom	3.777	0	1.695	1.525	1.818	1.483	1.879	2.098	2.68	0.435	1.381
atac_L39685	lowk4_prom	3.386	2.657	0.637	1.261	0.956	1.041	1.142	2.556	1.023	1.457	0.947
atac_L39706	lowk4_prom	4.539	3.116	1.058	1.986	1.945	1.323	2.121	0	2.25	0.932	1.446
atac_L39821	lowk4_prom	4.004	1.159	1.11	1.636	1.694	1.174	0.813	2.137	2.153	0	0.353
atac_L39827	lowk4_prom	3.449	1.125	1.03	1.353	0.835	0.863	0.569	0	1.617	0.765	0.846
atac_L39871	lowk4_prom	3.752	2.462	0.896	1.621	1.349	1.25	1.915	2.852	1.571	0	0.326
atac_L39887	lowk4_prom	3.549	2.172	0.812	1.584	1.756	1.163	1.284	0	1.7	1.621	0.839
atac_L39892	lowk4_prom	4.287	0.611	0.949	1.337	1.397	1.249	2.009	1.967	2.049	1.357	0.56
atac_L40004	lowk4_prom	4.282	3.275	0.285	1.564	1.748	1.416	1.923	0	2.949	1.071	1.341
atac_L40014	lowk4_prom	3.693	1.03	0.743	1.16	1.725	1.102	1.743	1.954	2.377	0.945	0.954
atac_L40109	lowk4_prom	4.256	2.89	1.237	1.514	2.003	1.27	2.142	2.182	2.951	1.333	1.523
atac_L40169	lowk4_prom	3.918	1.186	1.278	1.591	0.928	1.065	0.606	0	2.901	1.707	0.896
atac_L40322	lowk4_prom	3.465	2.148	0.621	1.409	0.73	0.985	1.523	0	1.264	1.236	0.33
atac_L09935	lowk4_prom	4.319	1.775	0.584	1.891	2.001	1.368	2.239	0	3.397	0	1.24
atac_L09982	lowk4_prom	3.335	3.475	0.985	1.675	1.611	1.178	1.15	0	1.17	1.639	0.342
atac_L09989	lowk4_prom	3.533	2.442	1.625	1.798	1.305	1.06	1.806	2.482	1.816	0.409	0.583
atac_L10093	lowk4_prom	3.559	0	1.412	0.57	0.861	1.171	1.591	0	2.003	0	1.166
atac_L10142	lowk4_prom	3.801	3.093	0.735	1.494	1.558	0.863	1.485	2.158	1.463	0	0.885
atac_L10155	lowk4_prom	3.927	1.191	1.673	1.427	0.975	1.174	1.211	0	1.699	0.465	1.372
atac_L10206	lowk4_prom	3.786	1.728	0.688	0.935	1.282	1.456	1.275	0	1.272	1.61	1.848
atac_L10211	lowk4_prom	3.579	2.152	1.147	1.707	1.716	0.953	0.77	0	1.93	0.422	0.331
atac_P02017	lowk4_prom	4.521	2.492	0.786	1.661	1.789	1.464	0.706	1.939	2.458	1.148	0.944
atac_L10307	lowk4_prom	4.181	0	1.54	1.57	1.439	1.337	1.341	0	1.856	1.509	1.424
atac_L10336	lowk4_prom	4.201	2.909	1.339	1.192	1.106	0.809	0.917	0	1.626	2.074	1.301
atac_L10384	lowk4_prom	4.729	3.109	1.446	2.234	1.947	1.419	2.125	2.083	3.494	2.045	1.039
atac_L10389	lowk4_prom	3.476	2.598	1.438	0.584	1.67	1.093	2.287	0	3.052	0.806	0.996
atac_L10472	lowk4_prom	4.389	3.003	1.232	1.328	1.824	1.296	1.953	2.176	2.507	2.365	1.589
atac_L10621	lowk4_prom	4.359	2.219	0.653	2.413	1.864	2.063	1.997	2.124	2.8	2.086	0.865
atac_L10661	lowk4_prom	5.189	3.709	1.357	2.313	2.016	1.965	1.449	1.414	3.45	1.281	1.152
atac_P02120	lowk4_prom	4.454	2.838	0.785	1.613	2.024	1.673	2.221	0	1.976	2.407	0.811
atac_L10837	lowk4_prom	4.428	3.118	2.004	2.011	2.061	2.047	1.503	0	2.454	1.533	1.105
atac_L10964	lowk4_prom	4.854	3.32	0.872	1.676	1.784	1.855	1.506	0	2.571	1.098	1.201
atac_L11078	lowk4_prom	3.593	3.368	0.981	1.064	0.868	0.883	0.886	0	1.667	0.69	0.765
atac_L11230	lowk4_prom	3.674	3.587	1.115	1.666	1.242	1.388	1.599	0	2.677	0.724	0.801
atac_L11360	lowk4_prom	3.651	1.736	0.63	1.251	1.776	1.161	1.282	2.075	1.868	0	0
atac_L11421	lowk4_prom	3.758	3.53	1.649	1.16	1.467	1.518	1.864	0	2.566	2.044	0.73
atac_L11427	lowk4_prom	3.353	2.154	1.148	0.683	1.337	1.119	1.123	2.061	2.144	1.24	0.473
atac_L11500	lowk4_prom	3.908	3.683	0.82	0.391	1.107	1.292	1.67	0	0.871	0.767	0.341
atac_L17972	lowk4_prom	3.341	1.483	1.18	1.997	1.565	1.15	2.148	0	1.629	1.939	0.621
atac_L17985	lowk4_prom	4.115	0	1.025	1.409	0.786	0.943	1.487	0	1.576	0.803	1.272
atac_L18045	lowk4_prom	4.045	1.824	0.534	1.117	1.395	1.198	0.604	0	0.917	0.809	0.777
atac_L18119	lowk4_prom	4.729	2.904	1.195	2.644	2.389	1.459	1.281	0	3.028	2.087	0.743
atac_L18126	lowk4_prom	3.459	1.169	1.774	1.21	0.913	1.216	1.93	0	1.208	1.509	0.643
atac_L18141	lowk4_prom	3.371	2.022	0.898	1.552	1.534	1.484	2.463	2.601	2.974	0.787	0.869
atac_P03460	lowk4_prom	3.445	1.319	0.611	0.178	0.771	0.952	1.869	0	1.783	1.125	0.642
atac_L18325	lowk4_prom	3.832	2.519	1.416	1.684	1.851	1.297	2.286	0	3.031	0.951	0.774
atac_L18334	lowk4_prom	4.66	1.169	0.451	0.41	0.221	0.818	1.606	0	1.67	1.076	0
atac_L18344	lowk4_prom	3.531	1.175	0.972	1.217	1.189	1.124	2.032	1.451	1.576	0.803	0.993
atac_L18396	lowk4_prom	4.256	2.218	0.717	1.189	1.529	0.994	1.167	0	1.914	1.057	0.496
atac_L18447	lowk4_prom	3.604	1.149	1.002	0.214	0.462	1.031	0.806	2.124	0.512	1.058	1.159
atac_L18525	lowk4_prom	3.413	1.406	0.88	2.113	2.599	1.697	2.271	0	2.158	1.394	1.079
atac_L18642	lowk4_prom	3.33	1.754	0.983	1.74	2.225	1.853	2.289	0	1.887	1.93	1.451
atac_P03570	lowk4_prom	4.494	2.068	1.171	1.084	0.689	1.358	1.337	2.434	1.775	1.365	1.055
atac_L18838	lowk4_prom	4.218	3.084	0.793	0.988	1.378	1.393	1.015	2.15	2.423	0	0.642
atac_L18852	lowk4_prom	4.321	2.609	1.137	0.417	1.336	0.991	0.835	2.176	1.226	1.328	0.364
atac_L18927	lowk4_prom	4.276	1.16	1.112	0.981	1.339	1.268	1.008	0	2.155	1.675	1.414
atac_L18928	lowk4_prom	5.159	3.085	1.316	2.348	2.429	1.803	2.255	2.063	3.273	1.435	1.353
atac_L19082	lowk4_prom	3.373	1.748	0.829	1.517	1.323	1.322	1.234	0	1.214	1.082	1.115
atac_L19116	lowk4_prom	3.729	3.175	0.855	0.93	1.335	0.806	1.403	0	2.074	0	0.331
atac_L19152	lowk4_prom	3.54	2.263	1.226	1.222	0.88	1.196	1.026	0	1.781	1.321	0
atac_L19195	lowk4_prom	3.339	1.175	0.916	1.316	1.117	0.904	1.194	2.16	2.311	1.316	0.359
atac_L19533	lowk4_prom	4.125	1.822	1.479	2.116	1.539	1.436	1.494	2.169	3.202	2.13	0.651
atac_L19535	lowk4_prom	3.619	3.267	0.724	1.2	1.742	1.326	1.594	2.137	2.77	1.066	1.076
atac_L37209	lowk4_prom	4.825	3.338	0.893	2.123	1.965	1.552	2.517	0	3.372	0.782	1.542
atac_L37307	lowk4_prom	4.715	2.185	1.125	1.984	1.447	1.233	0.57	0	2.302	1.459	0.735
atac_L37425	lowk4_prom	3.448	3.015	1.778	2.419	1.5	1.595	0.787	0	3.364	0.765	0.845
atac_L37463	lowk4_prom	3.87	2.608	0.459	0.588	0.84	1.168	1.359	2.175	1.878	0	1.102
atac_L37519	lowk4_prom	3.341	2.256	1.175	1.801	1.899	1.125	1.839	0	2.246	0.457	0.887
atac_L37621	lowk4_prom	4.51	3.194	1.325	1.787	1.194	1.944	2.267	0	1.946	2.454	0.727
atac_P06691	lowk4_prom	4.631	2.405	0.813	1.353	1.361	1.712	1.773	0	2.689	0.398	1.219
atac_L37676	lowk4_prom	3.53	2.487	0.803	0.382	1.085	0.955	1.643	0	2.008	1.435	0.332
atac_L37831	lowk4_prom	4.23	2.798	1.408	2.096	2.106	1.918	2.319	0	1.624	0.714	0.686
atac_L37900	lowk4_prom	4.42	1.166	0.964	1.567	1.071	0.816	1.184	0	1.667	0.796	0.641
atac_L37947	lowk4_prom	3.828	1.19	1.528	2.751	1.683	1.418	1.749	0	2.568	0.814	1.448
atac_L37979	lowk4_prom	4.071	1.781	0.718	0.401	1.198	1.132	0.584	2.124	1.188	1.487	1.735
atac_L38015	lowk4_prom	3.722	3.263	0.901	1.092	1.538	0.889	1.175	0	1.655	0	1.166
atac_L38032	lowk4_prom	4.81	0.688	1.722	1.901	2.457	1.741	1.808	0	2.565	0.785	1.852
atac_L38042	lowk4_prom	3.931	0.698	1.608	2.202	2.588	1.802	2.021	0	2.421	1.306	0.985
atac_L38079	lowk4_prom	3.714	4.03	1.644	2.45	2.727	1.712	1.884	2.007	3.504	2.29	0.692
atac_L38123	lowk4_prom	3.506	0	0.874	0.552	0.274	0.862	0.976	0	0.499	1.458	0.34
atac_L38191	lowk4_prom	4.695	1.188	0.928	1.123	0.594	0.875	1.855	0	1.791	0	0.656
atac_L38243	lowk4_prom	4.506	1.797	1.379	1.394	2.043	1.387	2.102	2.142	2.087	0.793	1.079
atac_L38466	lowk4_prom	3.351	2.266	0.804	1.587	1.541	1.569	0.333	2.645	2.115	0.46	1.192
atac_L38482	lowk4_prom	4.573	1.104	1.103	1.64	1.649	1.348	1.122	0	2.439	2.138	1.734
atac_L38564	lowk4_prom	3.638	2.585	1.261	2.101	1.87	1.423	1.832	2.153	2.366	0.799	1.266
atac_L38686	lowk4_prom	4.543	1.759	0.987	1.447	1.369	0.83	0.793	0	1.171	0	1.591
atac_L11703	lowk4_prom	3.518	2.477	1.098	1.829	2.029	1.693	1.117	0	2.2	1.889	0.598
atac_P02261	lowk4_prom	4.333	2.837	1.1	1.658	1.667	1.348	2.191	0	2.713	1.643	0.942
atac_L11988	lowk4_prom	3.371	2.225	1.592	1.629	1.736	2.184	2.704	2.601	2.567	1.062	1.55
atac_L12172	lowk4_prom	3.409	2.053	0.973	1.498	0.92	0.598	1.023	0	2.179	0	0.888
atac_L12207	lowk4_prom	3.539	1.144	0.583	1.761	0.974	0.991	1.163	0	1.43	1.481	0.627
atac_L12298	lowk4_prom	3.768	1.184	1.319	1.943	1.396	1.294	0.605	0	2.258	1.09	0.515
atac_L12339	lowk4_prom	4.206	3.272	0.96	1.202	1.746	1.358	1.597	0	1.931	0.792	0.354
atac_L12342	lowk4_prom	4.108	2.365	1.069	1.065	1.481	0.885	1.644	0	1.825	1.343	0.766
atac_L12460	lowk4_prom	4.244	2.542	1.274	2.115	2.276	1.87	1.16	0	3.031	1.947	0.859
atac_L12476	lowk4_prom	3.914	2.268	1.629	1.226	1.365	1.166	2.216	0	1.961	1.704	0.363
atac_L12479	lowk4_prom	4.363	3.1	0.97	1.506	1.195	0.928	0.779	0	0.86	0.757	1.034
atac_L12544	lowk4_prom	5.054	3.413	1.645	3.053	2.276	2.317	2.308	2.936	2.993	1.478	1.466
atac_L12566	lowk4_prom	3.331	4.109	1.504	2.922	2.744	2.534	1.342	2.153	3.285	1.844	1.348
atac_L12629	lowk4_prom	3.703	1.177	1.128	2.053	1.692	1.316	1.195	2.162	2.031	1.317	0.511
atac_L12683	lowk4_prom	4.564	2.236	1.457	1.782	1.792	1.896	1.92	0	3.303	1.069	0.981
atac_L12706	lowk4_prom	4.019	3.61	1.463	2.68	1.705	1.447	0.82	0	2.234	2.229	1.345
atac_L12731	lowk4_prom	3.867	2.832	1.468	2.077	1.546	0.965	1.376	2.836	3.07	0.73	1.323
atac_L12786	lowk4_prom	3.903	3.099	1.312	2.217	2.193	1.612	2.207	0	2.032	1.696	1.578
atac_L12796	lowk4_prom	3.901	3.295	1.844	2.408	2.373	1.51	1.94	1.452	2.106	1.317	1.432
atac_L12953	lowk4_prom	3.741	3.23	1.082	1.745	1.97	1.425	2.22	0	1.902	1.729	1.326
atac_L12973	lowk4_prom	3.591	2.833	0.987	1.742	2.02	1.212	1.244	1.343	1.56	0.731	1.323
atac_L13061	lowk4_prom	4.102	2.423	0	0.577	0.527	0.817	0	0	1.064	0	0.986
atac_L13077	lowk4_prom	3.661	2.948	0.781	0.402	1.165	0.885	1.46	0	1.744	1.82	0.754
atac_L13179	lowk4_prom	5.124	3.088	0.527	1.793	1.253	1.503	0.822	0	1.209	0.799	0.882
atac_L06936	lowk4_prom	3.335	1.758	0.275	1.068	1.075	1.671	0.573	2.099	0.874	0.77	1.05
atac_L07091	lowk4_prom	3.357	1.038	1.037	0.759	0.804	0.679	0.282	0	0.453	0	1.047
atac_L07150	lowk4_prom	4.572	1.118	1.023	2.082	2.177	1.194	1.764	1.386	1.701	1.028	0.942
atac_L07166	lowk4_prom	3.73	1.992	1.304	2.251	2.111	1.178	2.555	1.402	3.015	1.041	0.619
atac_L07180	lowk4_prom	3.601	1.779	1.147	1.378	1.416	1.528	0.805	0	0.712	1.287	0.629
atac_L07189	lowk4_prom	4.879	2.617	1.412	3.16	2.812	1.916	2.97	0	4.211	1.333	1.372
atac_L07201	lowk4_prom	3.916	1.509	1.06	1.635	1.206	0.929	1.467	0	1.555	0.79	0.353
atac_L07216	lowk4_prom	4.046	0	1.01	1.2	0.818	1.141	1.71	0	1.927	1.298	0.501
atac_L07357	lowk4_prom	5.388	3.954	0.671	2.363	2.044	2.184	2.429	0	3.831	1.695	1.507
atac_L07476	lowk4_prom	4.594	2.953	1.544	3.094	2.242	1.975	2.896	2.035	3.115	2.319	1.595
atac_P01498	lowk4_prom	3.722	1.099	0.682	2.38	1.331	1.469	1.836	0	2.998	0.42	1.345
atac_L07547	lowk4_prom	3.891	1.143	0.944	2.404	1.65	1.571	1.313	0	2.265	1.949	1.468
atac_L07556	lowk4_prom	4.349	2.266	1.318	2.061	1.541	1.409	1.495	2.171	2.502	0.809	1.192
atac_L07573	lowk4_prom	4.458	3.284	0.794	1.793	2.217	1.673	0.821	0	2.875	1.31	1.498
atac_L07642	lowk4_prom	3.767	2.225	1.522	2.132	2.371	2.051	2.396	2.13	3.123	1.062	0.869
atac_L07922	lowk4_prom	3.797	1.142	1.509	0.843	1.721	0.989	0	0	2.442	1.479	0.493
atac_L07923	lowk4_prom	3.66	2.018	0.78	1.192	1.165	1.1	1.807	0	2.563	0.784	0.631
atac_L08090	lowk4_prom	3.746	2.597	0.841	2.36	1.693	1.327	1.909	2.496	2.655	0.997	0.705
atac_L08158	lowk4_prom	3.804	1.814	0.916	1.409	1.154	0.645	1.487	0	2.105	1.316	0
atac_L08202	lowk4_prom	4.726	2.571	0.847	0.723	1.622	1.176	2.1	2.966	2.679	0.792	0.98
atac_L08229	lowk4_prom	4.089	2.547	1.18	0.887	1.223	1.342	1.68	0	1.619	0.968	1.493
atac_L08274	lowk4_prom	3.553	1.785	0.841	0.403	0.769	0.262	1.001	0	0.715	1.666	0.632
atac_L08292	lowk4_prom	4.048	3.359	1.455	2.937	2.551	2.519	1.918	0	3.534	1.3	1.169
atac_P01690	lowk4_prom	3.87	2.294	0.837	0.526	1.282	0.863	1.099	1.344	1.654	0.993	0.17
atac_L08374	lowk4_prom	3.697	1.771	0.581	1.538	1.547	0.529	0.579	0	1.983	1.807	0.625
atac_L05412	lowk4_prom	3.53	1.017	0.38	0.958	1.239	0.971	1.035	2.389	2.305	0.382	1.105
atac_L05472	lowk4_prom	4.046	1.482	0.936	1.938	1.712	1.719	1.44	0	2.982	0	1.458
atac_L05588	lowk4_prom	3.768	1.75	1.078	1.166	0.918	1.14	2.284	0	1.711	0.765	1.447
atac_L05639	lowk4_prom	3.994	1.818	1.269	0.872	1.004	0.549	0.332	0	2.378	0	1.188
atac_L05646	lowk4_prom	4.14	3.009	1.45	1.674	1.239	1.5	1.857	3.012	2.513	2.012	0.657
atac_L05785	lowk4_prom	4.459	1.807	1.428	1.572	1.934	1.554	2.936	2.153	3	0	1.266
atac_L05802	lowk4_prom	3.991	2.256	1.548	2.362	1.042	1.61	1.839	0	1.95	0.804	0.647
atac_L05915	lowk4_prom	4.266	1.044	0.857	1.814	2.193	1.581	2.092	0	2.796	2.157	1.053
atac_L05931	lowk4_prom	4.114	2.954	1.407	1.394	1.651	0.904	2.078	0	1.47	0.999	1.534
atac_L06005	lowk4_prom	3.535	0	1.027	0.872	0.533	0.739	0.601	0	1.578	1.519	1.434
atac_P01255	lowk4_prom	4.526	2.644	1.078	1.166	1.016	1.219	1.444	0	2.619	2.334	1.044
atac_L06048	lowk4_prom	3.665	3.312	0.807	1.744	1.236	1.414	1.953	2.176	0.92	0	0.896
atac_L06062	lowk4_prom	3.361	1.831	0.984	1.747	1.272	1.067	1.362	0	1.36	0	1.005
atac_L06153	lowk4_prom	4.096	0	0.797	2.498	1.974	1.692	2.094	2.052	2.482	1.597	1.19
atac_L06172	lowk4_prom	3.441	1.791	0.844	1.093	1.716	1.107	1.176	0	2.22	1.296	0.977
atac_P01292	lowk4_prom	4.83	1.297	0.848	1.545	1.713	1.325	1.673	0	2.137	2.154	1.515
atac_L06210	lowk4_prom	3.657	2.603	1.083	1.116	1.231	1.665	1.622	0	1.473	0.808	0
atac_L06230	lowk4_prom	3.682	1.994	0.706	1.527	1.369	1.534	1.438	0	1.72	0.771	0.343
atac_L06231	lowk4_prom	4.683	2.265	0.922	1.323	1.484	1.734	1.947	0	0.917	0.808	0.651
atac_L06232	lowk4_prom	3.741	2.161	1.015	1.647	0.943	1.407	1.943	0	2.014	1.44	0.476
atac_L06239	lowk4_prom	3.514	1.129	0.984	0.392	0.961	0.616	0.98	2.096	2.041	0	1.452
atac_L06324	lowk4_prom	4.306	2.649	0.922	1.511	1.595	1.069	1.286	0	2.291	1.777	0.337
atac_L06395	lowk4_prom	3.964	1.16	0.958	0.722	0.948	1.328	2.099	0	2.008	1.068	1.337
atac_L06524	lowk4_prom	4.308	2.84	1.415	1.845	1.026	0.967	1.177	2.137	0.72	1.298	1.076
atac_L06704	lowk4_prom	3.527	3.832	1.651	2.497	2.236	1.68	1.977	2.476	1.811	2.093	0.696
atac_L13355	lowk4_prom	3.795	1.7	0.788	0.671	1.101	0.298	1.105	0	1.249	0.736	0.325
atac_L13402	lowk4_prom	3.546	2.553	0.717	1.546	1.501	1.256	1.804	3.469	1.993	1.287	1.158
atac_L13523	lowk4_prom	4.053	1.41	0.831	1.733	1.439	1.148	1.802	2.017	2.163	0.986	0
atac_P02575	lowk4_prom	4.188	2.702	0.776	1.204	0.982	0.743	0.927	0	1.549	1.714	1.745
atac_L13616	lowk4_prom	4.264	3.093	1.173	2.405	2.097	1.912	2.201	2.987	2.371	1.99	0.646
atac_L13687	lowk4_prom	4.6	2.826	0.833	1.604	1.492	1.027	2.062	1.338	2.639	0.988	1.319
atac_L13776	lowk4_prom	3.373	1.418	1.248	1.464	1.339	0.898	1.098	0	1.462	0.731	1.462
atac_L13811	lowk4_prom	4.643	2.616	0.871	2.678	1.806	1.527	1.036	0	2.396	1.333	0.519
atac_L14137	lowk4_prom	3.871	3.113	0.868	1.744	1.368	1.414	2.219	0	1.879	1.093	0.654
atac_L14139	lowk4_prom	3.456	2.972	0.964	1.102	1.865	1.149	1.603	0	1.853	1.839	0.641
atac_L14217	lowk4_prom	4.638	4.058	1.355	2.264	1.597	1.416	1.892	0	2.323	0	1.392
atac_L14258	lowk4_prom	3.923	1.7	0.945	2.138	2.116	1.571	2.297	2.036	1.749	1.873	0.464
atac_L14356	lowk4_prom	4.435	2.229	0.955	2.026	1.483	1.265	2.763	0	2.897	1.826	0.5
atac_L14402	lowk4_prom	4.257	1.961	1.063	0	1.089	1.3	1.411	0	2.151	1.765	1.684
atac_L04251	lowk4_prom	3.661	1.784	1.103	0.974	1.019	0.923	1.322	0	2.143	0.785	0.35
atac_P00870	lowk4_prom	3.36	1.073	0.831	1.294	1.019	1.176	1.802	0	2.223	1.717	1.517
atac_L04432	lowk4_prom	4.997	2.388	0.714	2.68	2.58	1.642	1.691	0	2.201	1.282	2.092
atac_L04565	lowk4_prom	3.586	1.614	1.584	2.178	2.004	1.122	1.426	1.942	2.508	0	0.761
atac_L04727	lowk4_prom	5.261	2.267	0.676	1.325	1.93	1.595	1.357	0	2.322	1.325	1.28
atac_L04742	lowk4_prom	3.505	1.794	0.846	1.2	0.523	0.726	0	0	1.328	1.067	0.76
atac_L04748	lowk4_prom	4.469	1.14	0.772	1.076	1.188	1.022	0.799	0	1.635	1.278	1.059
atac_L04766	lowk4_prom	4.792	2.17	0.811	1.155	1.819	1.537	1.134	0	2.402	1.252	0.94
atac_L04802	lowk4_prom	4.047	1.997	0.644	1.364	1.183	1.272	0.575	2.105	1.896	1.799	0.344
atac_P00982	lowk4_prom	3.889	0.647	1.22	1.991	1.745	1.577	1.729	0	2.523	1.741	1.262
atac_L04856	lowk4_prom	3.671	0	1.141	0.419	0.797	0.702	0.609	2.181	1.593	1.332	0.194
atac_L04882	lowk4_prom	4.053	3.197	1.16	2.526	2.55	2.414	2.531	2.077	2.791	2.263	0.336
atac_L04891	lowk4_prom	4.049	2.962	0.999	1.132	2.14	1.308	1.626	0	1.838	0.74	1.719
atac_L04906	lowk4_prom	3.848	2.506	0.973	0.944	0.911	1.224	1.136	2.08	0.863	0.759	0.61
atac_L04908	lowk4_prom	4.34	2.482	0.855	1.142	1.081	1.085	2.018	2.057	2.588	1.237	0.175
atac_L04982	lowk4_prom	4.803	3.01	1.49	2.129	1.659	1.474	2.379	0	2.675	0.815	0.783
atac_L04984	lowk4_prom	4.397	1.834	1.49	1.009	1.523	1.447	0	0	1.23	1.333	1.007
atac_L05055	lowk4_prom	3.769	3.303	0.701	0.698	1.14	0.901	1.43	2.911	1.962	0	0.735
atac_L05116	lowk4_prom	3.631	1.76	0.706	0.394	1.147	0.664	2.063	2.57	1.81	0	0.956
atac_L05180	lowk4_prom	3.391	2.971	1.3	2.347	2.105	1.801	2.722	0	2.532	1.98	0.765
atac_L05236	lowk4_prom	3.785	1.727	1.107	1.573	1.891	1.574	1.409	2.065	2.213	1.243	0.831
atac_P01099	lowk4_prom	3.891	1.844	0.936	2.528	1.678	1.598	1.54	1.28	3.57	0.69	0.302
atac_L05367	lowk4_prom	3.545	2.615	1.177	1.442	1.289	0.877	1.443	0	1.303	1.073	0.879
atac_L05386	lowk4_prom	4.085	2.25	0.864	1.43	1.333	1.389	1.213	0	1.782	0.965	1.49
atac_L14600	lowk4_prom	4.048	2.641	1.474	2.271	1.838	2.188	2.116	0	3.16	2.035	1.033
atac_L14642	lowk4_prom	3.577	3.083	1.301	2.097	1.604	1.671	2.109	2.149	2.234	2.439	1.263
atac_L14660	lowk4_prom	3.715	2.558	1.152	1.469	1.951	0.805	1.001	2.953	1.834	1.665	1.248
atac_L14974	lowk4_prom	3.502	2.91	1.558	2.738	2.214	1.42	2.664	2.985	3.731	0.672	1.011
atac_L15051	lowk4_prom	4.774	3.117	1.449	1.007	1.603	1.674	2.865	0	2.33	1.095	1.005
atac_L15056	lowk4_prom	4.206	1.419	0.889	1.465	1.731	1.518	1.715	0	2.735	1.727	1.251
atac_L15150	lowk4_prom	4.392	1.968	0.425	0.94	0.868	0.414	1.54	0	1.395	0	0.608
atac_L15170	lowk4_prom	3.996	0	1.08	0.998	1.509	1.487	1.352	0	2.605	0	1.276
atac_L15226	lowk4_prom	3.652	2.302	1.442	0.67	1.066	1.301	1.251	0	2.301	1.22	0
atac_L15273	lowk4_prom	3.573	1.906	1.522	1.202	0.907	0.817	1.485	2.471	1.725	0.406	1.078
atac_L15281	lowk4_prom	4.049	1.185	0.925	1.119	1.677	0.699	1.951	1.462	0.919	0	0.779
atac_L15365	lowk4_prom	3.632	1.134	1.534	1.363	0.965	1.355	1.44	0	2.777	1.043	1.309
atac_L15410	lowk4_prom	4.96	1.111	1.156	3.084	3.172	2.382	3.326	2.537	3.453	1.022	1.031
atac_L15438	lowk4_prom	4.475	3.445	1.378	2.556	2.099	2.469	1.82	1.436	2.905	1.501	0.761
atac_L15465	lowk4_prom	3.592	3.494	0.832	1.183	1.812	1.546	1.689	0	2.326	0.441	1.318
atac_L15513	lowk4_prom	4.089	1.794	1.493	1.392	1.242	2.255	1.819	2.139	1.199	1.3	0.874
atac_P02980	lowk4_prom	3.513	0	0.637	1.683	1.83	1.192	1.553	1.292	1.68	1.166	0.773
atac_P02998	lowk4_prom	3.738	2.472	0.826	0.949	1.633	1.239	0.87	0	1.722	1.63	0.423
atac_P03005	lowk4_prom	4.674	2.624	1.313	1.952	2.34	2.158	2.57	2.059	2.931	1.604	1.275
atac_L15796	lowk4_prom	4.218	2.909	1.893	1.596	1.701	1.708	2.423	0	2.241	0.766	1.449
atac_L15811	lowk4_prom	4.024	3.286	1.923	2.101	1.78	1.806	0.596	2.153	1.858	1.31	0.357
atac_L15855	lowk4_prom	3.922	1.831	1.28	1.594	0.973	0.701	1.362	2.179	1.967	1.33	0.898
atac_L15957	lowk4_prom	4.052	3.297	1.28	2.118	1.863	1.438	1.236	2.016	2.162	0.726	0.902
atac_L08401	lowk4_prom	3.94	2.251	0.796	1.313	1.735	1.341	1.61	0	1.462	0	0
atac_L08489	lowk4_prom	4.022	3.244	1.437	2.009	1.941	1.949	1.798	0	2.553	1.283	0.861
atac_L08559	lowk4_prom	3.911	2.404	1.449	1.841	1.453	1.536	2.327	0	2.569	1.294	0.634
atac_L08626	lowk4_prom	3.524	3.028	0.979	2.208	1.487	1.311	0.927	2.014	2.441	1.564	1.515
atac_L08725	lowk4_prom	5.256	2.766	1.156	2.7	2.353	1.157	2.113	0	2.396	1.442	1.284
atac_P01757	lowk4_prom	4.061	1.039	0.802	1.806	1.815	1.299	0.898	2.769	2.968	0.7	0.962
atac_L08810	lowk4_prom	3.968	3.219	0.679	1.23	1.167	1.102	1.362	0	1.228	1.71	1.368
atac_L08892	lowk4_prom	4.107	3.153	1.747	2.013	1.58	1.916	2.164	0	1.991	2.2	0.864
atac_L09074	lowk4_prom	3.969	1.091	1.947	1.029	0.926	0.907	0.3	0	1.574	1.225	0.71
atac_L09149	lowk4_prom	4.847	2.252	1.172	1.108	1.444	1.016	0.33	0	2.026	1.313	0.509
atac_L09169	lowk4_prom	4.012	4.087	1.367	2.38	2.02	1.787	2.139	3.296	2.195	1.71	0.365
atac_P01840	lowk4_prom	3.774	0	1.203	1.458	1.517	1.179	0.54	2.02	1.554	0	0.904
atac_L09241	lowk4_prom	4.163	2.316	1.224	1.319	1.356	0.911	1.261	0	1.373	1.23	1.188
atac_L09273	lowk4_prom	3.913	1.99	1.083	0.21	0.922	0.867	0	0	1.805	0.435	1.049
atac_P01877	lowk4_prom	4.659	2.12	0.669	1.215	1.339	1.322	1.812	0	1.9	1.865	0.702
atac_L09400	lowk4_prom	4.405	2.329	0.857	2.211	1.673	1.349	1.271	0	2.639	1.015	0.93
atac_L09415	lowk4_prom	4.058	1.413	0.334	0.907	1.334	1.121	1.709	0	1.816	1.401	0.805
atac_L09475	lowk4_prom	3.979	2.211	0.583	1.184	1.158	0.671	1.798	2.116	2.133	0.779	0.627
atac_P01929	lowk4_prom	3.332	2.796	0.764	2.045	1.97	1.295	1.78	2.799	3.462	1.831	1.066
atac_L09526	lowk4_prom	4.412	2.184	0.819	0.208	1.446	1.008	0.787	0	2.524	1.925	0.735
atac_L22354	lowk4_prom	3.325	0	1.212	1.645	1.522	1.419	2.191	2.148	1.336	0.796	0.879
atac_L22493	lowk4_prom	3.739	2.201	1.671	1.073	0.928	0.834	0	0	1.898	1.046	0.182
atac_L22544	lowk4_prom	3.948	2.659	0.637	0.697	1.527	1.318	1.774	0	1.799	0.765	0.735
atac_L22573	lowk4_prom	4.063	2.513	0.57	1.162	1.763	0.86	2.047	2.553	2.519	0.763	0.482
atac_L22578	lowk4_prom	4.061	3.083	1.166	2.604	1.971	2.052	2.109	2.149	3.109	1.982	1.263
atac_L22626	lowk4_prom	4.065	1.327	0.67	2.015	2.072	2.165	2.62	2.988	2.385	1.131	0.747
atac_L22680	lowk4_prom	3.397	2.044	0.854	0.99	1.658	1.118	1.723	0	1.458	1.077	1.266
atac_L22703	lowk4_prom	4.301	1.482	1.267	2.392	2.133	2.06	1.68	0	3.228	1.044	1.458
atac_L22750	lowk4_prom	3.372	1.829	0.444	1.458	1.393	0.999	0.703	0	1.17	0.682	0.655
atac_L22757	lowk4_prom	3.987	1.918	1.122	0.665	0.877	1.445	0.296	0	1.116	0.73	0.701
atac_L22894	lowk4_prom	3.895	2.251	0.856	2.104	2.018	1.121	1.345	0	1.86	0	1.182
atac_L22920	lowk4_prom	3.882	3.191	1.473	2.595	2.217	1.772	2.334	2.889	2.697	1.443	1.687
atac_L23000	lowk4_prom	3.672	1.61	1.141	1.232	1.063	1.033	1.727	0	1.737	0.685	0.429
atac_L23005	lowk4_prom	3.741	1.924	1.036	1.467	1.988	1.27	1.1	0	1.742	1.216	0.323
atac_L23008	lowk4_prom	3.797	2.169	0.81	1.426	1.319	0.854	1.95	2.075	2.092	0	0.608
atac_P04253	lowk4_prom	4.583	3.413	1.224	1.883	1.464	0.8	1.831	1.36	1.841	0.742	1.015
atac_L23113	lowk4_prom	3.398	1.807	1.612	1.793	1.184	1.529	1.724	0	2.741	2.342	1.761
atac_L23122	lowk4_prom	3.873	1.159	0.846	0.722	0.576	1.383	0.59	0	1.056	0	0.873
atac_L23213	lowk4_prom	5.037	2.261	0.739	2.541	1.859	1.879	0.829	1.456	2.754	0.806	1.095
atac_P04293	lowk4_prom	3.633	3.082	1.289	1.875	1.769	1.499	1.065	1.305	1.995	2.26	1.287
atac_L23227	lowk4_prom	4.395	0	1.428	1.793	0.686	1.395	0.596	0	1.209	0.799	0.357
atac_L23232	lowk4_prom	3.664	3.64	1.699	1.881	1.545	1.233	2.218	0	1.08	0.811	0.364
atac_L23289	lowk4_prom	3.843	1.169	0.911	1.402	0.996	1.084	1.723	0	2.237	1.31	1.179
atac_P04331	lowk4_prom	3.917	0.572	1.021	0.469	1.023	1.279	1.134	1.227	2.246	1.447	1.459
atac_P04340	lowk4_prom	3.915	2.229	1.038	2.114	2.466	1.822	1.328	0	2.898	1.356	0.439
atac_L23427	lowk4_prom	3.667	1.188	1.187	2.513	2.466	2.34	2.138	2.178	3.281	1.532	1.446
atac_L23479	lowk4_prom	3.502	2.407	0.283	0.72	0.904	0.809	1.328	2.135	1.925	0	1.965
atac_L23496	lowk4_prom	3.43	3.428	1.406	1.549	0.856	0.804	0	2.126	1.832	0.784	0.866
atac_L23519	lowk4_prom	3.678	1.101	1.145	2.005	1.8	0.916	0.954	0	2.002	0	1.11
atac_P04382	lowk4_prom	4.474	1.595	0.964	2.629	1.983	1.554	2.473	0	2.981	1.885	1.016
atac_L19744	lowk4_prom	3.33	0	0.64	1.357	1.422	0.66	1.433	0	2.111	0.434	0.617
atac_L19747	lowk4_prom	3.473	3.948	1.139	1.685	1.741	1.614	1.571	0	1.533	0.776	1.315
atac_P03687	lowk4_prom	4.187	1.654	1.137	2.879	3.014	1.731	2.372	0	4.279	1.689	1.219
atac_L19912	lowk4_prom	3.54	1.964	0.628	2.124	1.856	1.667	1.413	2.071	2.219	0.754	1.852
atac_L20072	lowk4_prom	3.583	1.808	1.021	1.404	1.351	0.861	1.482	0	2.171	1.311	1.088
atac_L20105	lowk4_prom	3.414	1.77	1.093	1.279	1.623	2.017	1.448	0	2.495	0	1.15
atac_L20174	lowk4_prom	4.218	2.631	1.06	1.417	1.086	0.77	1.408	0	1.936	0	0.721
atac_L20211	lowk4_prom	3.354	2.816	0.828	0.366	1.015	0.78	1.364	2.011	0.823	0.723	1.238
atac_L20245	lowk4_prom	4.119	2.765	1.282	2.018	1.681	1.578	1.413	1.378	1.149	1.613	0.834
atac_L20274	lowk4_prom	3.651	0	0.604	0.414	0.788	0.647	1.024	0	0.528	0.805	0.774
atac_L20574	lowk4_prom	3.851	3.293	1.472	3.238	2.371	2.261	2.119	0	3.503	1.081	0.886
atac_L20622	lowk4_prom	4.5	3.736	1.375	2.738	1.718	1.912	2.596	0	2.082	0.79	0.636
atac_P03806	lowk4_prom	3.419	1.074	1.073	2.673	1.94	1.974	2.405	2.478	1.454	0.408	0.995
atac_P03809	lowk4_prom	3.665	1.708	1.18	1.401	1.266	1.579	2.373	2.045	1.991	0	1.186
atac_L20659	lowk4_prom	3.394	1.805	1.214	1.858	1.251	0.543	1.929	2.15	1.457	0	0.506
atac_P03829	lowk4_prom	4.546	2.131	0.339	1.128	1.033	1.331	0	2.038	1.75	0.737	0.326
atac_L20784	lowk4_prom	4.603	1.825	1.033	1.119	2.13	1.439	1.95	0	2.664	1.704	0.653
atac_L20892	lowk4_prom	3.716	2.021	1.152	0.717	1.021	0.201	1.171	0	1.05	1.292	0.498
atac_L20909	lowk4_prom	3.902	2.861	0.942	1.247	1.438	1.292	1.65	1.957	1.499	1.662	0.304
atac_L20989	lowk4_prom	4.357	3.114	2.154	1.947	1.546	1.95	1.628	2.651	2.451	1.866	0.896
atac_L21041	lowk4_prom	3.624	2.715	1.418	0	0.286	0.969	0	0	1.058	1.069	0.503
atac_L21095	lowk4_prom	3.677	0	1.795	1.096	1.543	1.592	1.179	0	1.057	1.5	1.558
atac_L21108	lowk4_prom	3.659	0	0.654	0.215	0.767	0.884	0.584	0	1.995	0.445	1.068
atac_L21171	lowk4_prom	3.454	1.94	0.848	1.229	1.463	1.311	1.259	0	0.995	0	0.595
atac_L21172	lowk4_prom	3.892	2.855	1.222	1.555	1.682	1.747	2.164	0	1.917	0	1.663
atac_L02907	lowk4_prom	4.472	0	1.396	1.646	0.644	0.887	1.127	0	1.777	1.019	1.202
atac_L03035	lowk4_prom	4.364	3.663	1.02	1.507	1.515	1.606	2.196	1.383	1.869	1.447	1.569
atac_L03060	lowk4_prom	5.271	4.155	1.11	3.003	2.787	2.107	2.692	2.536	3.741	2.148	1.851
atac_L03238	lowk4_prom	3.863	3.152	1.149	2.129	1.972	1.168	1.858	0	2.743	1.859	0.736
atac_L03280	lowk4_prom	3.887	2.042	0.91	2.255	1.706	1.048	0.328	2.15	3.11	1.508	0.766
atac_L03352	lowk4_prom	3.675	1.802	0.996	2.48	2.134	1.413	2.7	2.355	3.225	0.372	1.359
atac_L03403	lowk4_prom	3.666	2.561	0.899	1.09	1.097	0.485	0.587	0	1.441	0.787	0.869
atac_P00711	lowk4_prom	3.609	2.092	1.147	0.363	1.26	1.045	1.079	0	1.873	1.194	0.984
atac_L03469	lowk4_prom	4.934	2.858	0.967	1.211	1.848	1.085	1.017	2.153	3	2.114	0.508
atac_L03489	lowk4_prom	3.426	0	0.868	1.815	1.754	1.599	1.854	2.651	1.965	0	0.896
atac_L03627	lowk4_prom	4.494	1.191	1.326	2.129	2.47	2.329	3.233	2.182	3.109	1.333	1.726
atac_L03741	lowk4_prom	5.156	2.389	1.048	1.691	1.259	1.572	2.238	0	2.959	1.481	1.728
atac_L03754	lowk4_prom	4.699	3.738	1.681	1.88	1.605	1.786	2.431	0	2.688	2.062	1.291
atac_L03825	lowk4_prom	3.401	3.014	1.448	2.325	1.868	1.473	1.588	2.001	2.017	0.403	0.316
atac_P00798	lowk4_prom	4.446	4.032	1.261	1.563	1.807	1.775	2.015	0	3.273	2.266	0.416
atac_L03851	lowk4_prom	3.496	1.741	0.696	1.974	1.545	1.283	1.863	2.081	2.291	0	1.038
atac_P00822	lowk4_prom	3.799	1.703	1.176	1.817	1.51	0.975	0.944	1.354	2.123	0	0.592
atac_L04148	lowk4_prom	3.97	2.679	1.352	0.56	1.252	1.245	1.157	0	1.531	1.047	1.531
atac_L04155	lowk4_prom	3.92	2.653	1.244	0.639	1.614	1.277	2.293	0	1.845	1.933	0.777
atac_L01527	lowk4_prom	4.036	2.268	0.329	1.366	1.575	1.048	1.88	2.003	1.337	0.719	0.986
atac_L01564	lowk4_prom	3.362	1.832	1.038	1.595	1.433	0.503	1.363	0	1.883	1.533	0
atac_L01581	lowk4_prom	4.038	2.334	0.422	1.713	1.121	1.183	1.848	2.065	1.387	1.243	0.831
atac_L01592	lowk4_prom	3.704	2.691	1.049	0.969	0.764	1.062	0	0	1.989	1.284	0.75
atac_L01598	lowk4_prom	3.428	1.149	0.718	0.849	1.092	0.582	0.584	0	1.046	1.487	0.349
atac_L01608	lowk4_prom	4.196	0	1.351	3.111	2.714	1.957	2.679	3.484	3.55	1.807	0.162
atac_L01635	lowk4_prom	3.844	0.585	1.234	2.486	2.154	1.733	2.164	2.704	2.517	0	1.161
atac_L01694	lowk4_prom	3.786	2.923	1.309	1.531	1.513	0.909	1.154	1.406	1.812	0.773	1.31
atac_L01730	lowk4_prom	4.673	2.844	0.847	1.638	1.697	1.208	1.008	2.14	1.93	0.45	0.875
atac_L01804	lowk4_prom	3.717	2.102	1.275	2.159	1.694	1.791	1.886	2.47	3.24	1.392	0.8
atac_L01863	lowk4_prom	3.445	2.956	1.919	1.875	1.784	1.457	2.365	0	2.83	0	1.404
atac_L01874	lowk4_prom	3.601	3.052	1.322	1.189	2.45	1.714	1.995	0	2.451	1.056	0.349
atac_L02019	lowk4_prom	3.543	3.107	0.675	2.225	1.699	1.165	1.848	2.171	2.76	1.324	0
atac_L02026	lowk4_prom	4.21	3.569	1.316	1.888	1.674	1.57	1.689	0	1.309	1.808	1.061
atac_P00478	lowk4_prom	4.476	3.335	0.902	1.997	1.834	1.391	2.439	0	2.256	1.007	1.48
atac_L02194	lowk4_prom	3.626	2.574	1.014	1.098	1.342	1.469	2.339	0	1.202	0.794	1.34
atac_L02238	lowk4_prom	3.659	1.183	0.978	0.738	1.008	0.988	0	1.46	2.256	1.089	0.652
atac_L02258	lowk4_prom	4.825	3.143	1.507	2.133	1.342	1.299	1.101	0	2.239	1.409	0.588
atac_L02317	lowk4_prom	3.452	1.164	1.534	1.978	0.951	0.815	1.601	0	1.934	1.504	1.082
atac_L02342	lowk4_prom	3.546	1.695	1.211	2.315	1.99	1.325	1.502	0	2.559	1.731	0.324
atac_L02363	lowk4_prom	4.357	2.824	0.652	1.189	0.81	0.802	1.803	0	1.829	0	1.401
atac_L02393	lowk4_prom	3.557	2.277	1.369	1.749	1.373	1.139	1.75	0	1.23	1.333	0.783
atac_L02412	lowk4_prom	3.336	1.759	0.642	0.702	1.001	0.474	0.315	2.1	1.97	1.795	1.051
atac_L02420	lowk4_prom	3.506	1.982	0.818	0.39	0.556	0.567	0	0	2.106	1.458	0.34
atac_L02434	lowk4_prom	3.756	3.576	0.777	1.763	0.62	1.755	1.317	0	1.643	0.443	0.348
atac_L02457	lowk4_prom	3.881	2.719	1.066	1.099	1.677	1.211	0.817	0	2.295	0	0.764
atac_L02479	lowk4_prom	4.986	3.214	0.572	1.737	1.391	0.864	1.294	0	2.764	1.459	0.735
atac_L02511	lowk4_prom	3.639	0	1.392	1.179	1.669	1.701	2.373	0	1.816	0.775	1.39
atac_L02537	lowk4_prom	3.732	3.13	1.085	1.993	1.638	1.51	2.295	0	2.483	1.27	1.052
atac_L02559	lowk4_prom	3.457	2.562	0.924	2.284	1.729	1.784	1.692	0	2.429	1.704	0.69
atac_L02604	lowk4_prom	3.528	1.811	0.734	0.731	1.53	1.016	1.02	0	1.861	1.08	0.359
atac_L02661	lowk4_prom	4.328	2.741	0.486	1.558	1.772	1.339	1.923	0	2.131	1.007	0.922
atac_L02735	lowk4_prom	3.477	2.686	1.095	2.267	1.767	1.25	1.449	0	3.207	0.778	0.86
atac_L02745	lowk4_prom	3.804	2.351	0.696	0.824	0.552	1.165	1.286	0	1.79	0.76	1.128
atac_L02775	lowk4_prom	3.797	2.345	0.753	2.362	1.94	1.161	1.654	2.893	2.608	0	0.837
atac_L23981	lowk4_prom	3.664	0	1.21	0.827	1.741	1.168	1.29	0	2.102	1.455	1.443
atac_L24053	lowk4_prom	4.31	0.667	1.21	1.859	2.114	1.544	2.205	2.552	2.842	0.762	1.131
atac_L24062	lowk4_prom	3.912	3.309	0.878	1.267	0.921	0.704	0.79	0	1.028	1.039	0.738
atac_L24169	lowk4_prom	3.822	0.655	1.19	2.061	1.865	1.635	1.403	2.524	2.812	1.756	1.554
atac_L24201	lowk4_prom	4.134	1.77	0.831	1.37	1.672	0.837	0.991	0	2.197	1.651	1.236
atac_L24220	lowk4_prom	3.57	2.574	1.208	1.714	1.342	0.933	1.715	1.438	0.723	1.503	0.504
atac_L24351	lowk4_prom	4.083	1.156	1.696	2.379	2.532	1.83	2.467	2.134	3.416	0.448	0.976
atac_L24357	lowk4_prom	4.503	2.118	1.325	1.018	1.251	1.562	2.217	0	2.042	0	1.171
atac_L24427	lowk4_prom	3.491	0	0.61	1.746	1.575	1.443	1.207	0	1.479	1.532	0.897
atac_P04535	lowk4_prom	3.651	1.058	0.919	0.65	0.934	0.527	1.22	0	1.868	1.19	1.067
atac_L24471	lowk4_prom	3.736	1.165	1.255	1.566	1.247	1.114	0.593	0	2.162	2.62	1.563
atac_L24593	lowk4_prom	3.519	2.855	1.019	2.303	2.108	1.336	2.548	0	2.873	1.308	1.758
atac_L24628	lowk4_prom	3.833	3.187	1.32	1.245	1.4	1.273	1.851	0	1.939	2.254	0.833
atac_L24815	lowk4_prom	3.672	1.834	1.95	2.559	1.632	1.676	1.365	0	2.675	2.143	0.657
atac_L24952	lowk4_prom	3.778	2.276	0.871	2.751	2.002	1.652	1.504	2.181	3.07	2.012	0.899
atac_L21288	lowk4_prom	3.329	0	0.666	0.989	0.826	1.012	0.821	0	0.905	1.076	0.189
atac_L21358	lowk4_prom	4.413	2.989	1.108	1.843	1.951	1.481	2.396	2.533	2.737	0	0.934
atac_P03956	lowk4_prom	3.39	3.098	0.652	0.649	1.47	0.482	0.529	0	1.434	0	0.165
atac_L21576	lowk4_prom	4.829	3.033	1.605	2.738	2.3	2.266	2.621	2.106	2.946	0	1.529
atac_L21585	lowk4_prom	4.328	3.19	1.388	2.487	2.111	2.455	2.025	3.504	3.113	0.799	0.19
atac_L21722	lowk4_prom	4.565	1.819	0.92	2.113	2.593	1.288	1.735	2.639	3.052	1.32	1.188
atac_L21725	lowk4_prom	3.587	0	1.313	1.754	1.764	1.567	1.792	2.111	2.597	0.44	0.624
atac_L21778	lowk4_prom	4.071	2.554	0.718	2.615	2.549	2.225	1.805	0	2.395	2.508	1.545
atac_P04014	lowk4_prom	3.654	1.087	0.994	1.394	0.137	1.431	1.385	0	1.47	1.221	0.707
atac_L21845	lowk4_prom	3.97	2.77	1.019	2.023	2.069	1.713	2.267	0	1.867	0.756	1.287
atac_L21869	lowk4_prom	3.628	2.576	0.962	1.396	1.701	1.522	2.018	0	2.23	1.68	1.419
atac_L21986	lowk4_prom	3.473	1.14	1.229	2.709	2.013	1.681	0.989	2.111	2.056	1.278	1.464
atac_L22029	lowk4_prom	3.473	1.177	1.128	1.658	1.741	1.485	1.941	0	0.287	1.853	0.888
atac_L22153	lowk4_prom	3.436	2.894	1.136	2.307	1.713	2.082	2.102	0	2.248	0.709	1.06
atac_L22169	lowk4_prom	3.469	1.766	0.646	2.597	1.151	0.911	1.444	0	2.257	0.774	1.72
atac_L22198	lowk4_prom	4.369	3.293	1.433	2.535	2.241	2.132	2.119	0	3.259	2.45	0.992
atac_L22210	lowk4_prom	4.057	2.419	0.791	1.918	1.927	1.977	2.544	2.618	2.868	1.072	1.261
atac_L24998	lowk4_prom	3.757	2.393	0.777	1.695	2.023	1.502	1.58	2.121	1.044	1.814	0.348
atac_L25075	lowk4_prom	3.811	2.556	0.487	0.925	0.794	0.601	0.999	0	1.761	0.658	0.631
atac_L25109	lowk4_prom	4.359	1.169	1.426	1.858	1.348	1.577	1.187	0	2.236	0.453	0.987
atac_L25145	lowk4_prom	3.517	3.494	1.185	1.322	2.063	1.444	1.397	2.052	2.376	1.426	0.597
atac_L25153	lowk4_prom	3.468	2.591	0.798	1.494	1.713	0.78	1.02	0	1.947	0	1.091
atac_P04652	lowk4_prom	3.682	0.601	0.888	1.469	1.218	1.513	1.64	0	2.089	0.939	1.112
atac_L25253	lowk4_prom	4.804	2.868	0.973	2.164	1.717	1.159	1.023	0	2.798	0	0.36
atac_L25269	lowk4_prom	4.335	3.467	1.22	1.93	1.586	1.853	1.938	2.159	2.748	1.85	0.646
atac_P04658	lowk4_prom	3.895	1.651	1.049	2.423	1.485	1.093	0.729	2.44	2.457	0.963	0.881
atac_L25309	lowk4_prom	4.238	2.35	0.499	1.792	2.257	1.739	1.136	0	2.564	1.622	0.178
atac_L25445	lowk4_prom	4.395	1.17	1.021	1.31	2.015	1.763	1.724	2.153	1.858	1.687	0.357
atac_L25484	lowk4_prom	3.66	2.605	0.742	1.002	0.536	0.39	1.029	2.172	1.354	0	1.193
atac_L25512	lowk4_prom	3.964	2.609	1.364	0.417	1.489	1.065	0	0	2.507	0.812	0.193
atac_L25522	lowk4_prom	3.76	0.63	1.703	1.725	1.507	1.112	0.924	2.008	1.804	0.405	0.99
atac_L25532	lowk4_prom	3.414	2.262	1.131	1.998	1.36	0.947	0.602	2.166	1.219	0.806	0.775
atac_L25598	lowk4_prom	3.481	2.289	0.781	1.016	0.987	0.747	1.374	0	1.557	0.729	0.999
atac_L25644	lowk4_prom	4.943	2.573	1.457	1.914	1.649	1.569	2.015	2.142	2.58	1.07	1.258
atac_L25732	lowk4_prom	3.47	2.593	1.393	2.214	1.291	0.597	0.826	2.633	2.373	2.349	1.185
atac_L25812	lowk4_prom	3.824	3.025	1.383	2.428	2.162	1.048	1.56	0	1.718	0.769	1.381
atac_L25841	lowk4_prom	4.631	1.825	1.483	1.667	0.969	1.571	1.85	0	2.446	1.09	1.281
atac_L25850	lowk4_prom	4.068	0.655	0.685	1.041	1.183	0.988	1.121	0	1.267	1.604	0.718
atac_L25866	lowk4_prom	4.312	0.992	0.713	2.043	2.068	1.553	2.276	3.198	2.629	1.118	1.688
atac_L25873	lowk4_prom	3.833	2.533	0.883	0.838	0.8	1.182	0.986	2.105	0.505	1.045	0
atac_L25969	lowk4_prom	3.838	2.928	1.091	1.454	1.717	1.441	1.89	0	2.38	1.648	1.057
atac_L40550	lowk4_prom	3.503	2.133	1.374	2.042	1.535	1.041	0.76	2.503	2.056	2.002	1.099
atac_L40601	lowk4_prom	3.566	0	1.865	1.063	1.63	1.453	0.57	2.092	2.109	1.264	1.046
atac_L40519	lowk4_prom	4.506	3.869	1.637	1.85	1.674	1.545	1.181	0	3.206	1.834	0.762
atac_L40555	lowk4_prom	4.078	1.757	0.356	1.444	1.11	1.238	0	2.098	2.182	0.435	0.85
atac_L40574	lowk4_prom	3.485	2.497	0.269	1.503	1.485	1.247	0.964	0	1.6	1.248	0.477
atac_L40736	lowk4_prom	3.416	1.408	0.721	1.111	1.052	1.679	1.235	0	0.825	0.725	0.802
atac_L28393	lowk4_prom	3.444	2.846	1.296	2.404	1.719	1.836	1.822	0	2.467	2.222	1.097
atac_P05140	lowk4_prom	3.505	1.705	1.178	1.624	1.744	1.136	1.512	0	1.667	2.119	0.71
atac_L28436	lowk4_prom	3.613	3.247	1.583	2.328	1.89	1.785	1.73	0	2.059	1.59	1.541
atac_L28565	lowk4_prom	4.2	1.82	1.029	0	1.158	1.378	1.944	0	3.015	0	0.65
atac_L28602	lowk4_prom	3.873	2.529	1.306	0.836	0.708	0.474	1.783	0	1.72	1.27	0.955
atac_P05158	lowk4_prom	3.736	2.899	0.65	0.772	1.193	1.038	0.912	0	0.646	0	1.294
atac_L28675	lowk4_prom	4.531	1.862	0.169	1.255	1.89	0.928	2.155	2.769	2.111	0.392	0.439
atac_L28755	lowk4_prom	4.976	1.822	0.803	1.415	1.264	1.06	1.2	0	2.804	1.088	1.438
atac_L28789	lowk4_prom	4.507	2.69	1.547	1.828	1.551	1.525	1.452	0	1.825	1.054	1.321
atac_L28797	lowk4_prom	4.557	2.592	1.309	1.655	1.079	1.894	1.938	2.632	1.677	0.802	1.936
atac_L28854	lowk4_prom	3.669	2.184	1.558	0.95	1.033	0.785	1.553	0	1.799	0	0.735
atac_L28896	lowk4_prom	4.162	1.791	0.723	2.239	1.853	1.635	1.815	0	1.751	1.496	0.635
atac_L28940	lowk4_prom	4.184	3.19	1.467	2.399	2.425	2.091	2.887	0	2.918	2.711	0.988
atac_L29083	lowk4_prom	4.786	2.243	0.909	1.208	1.843	1.335	1.477	0	1.853	0.796	0.985
atac_L29163	lowk4_prom	4.21	3.872	0.907	1.099	1.491	1.008	1.474	0	1.849	0	0.982
atac_L29181	lowk4_prom	3.399	2.917	0.356	1.446	1.883	1.115	1.676	0	1.97	0	1.141
atac_L29200	lowk4_prom	3.576	1.166	0.792	1.645	1.603	1.305	0.594	2.148	1.205	0	0.641
atac_L29328	lowk4_prom	4.673	3.984	1.566	2.706	2.411	1.773	1.47	0	2.945	2.101	1.256
atac_L29374	lowk4_prom	3.896	1.976	1.251	0.825	1.064	0.968	1.547	0	2.099	0.761	1.214
atac_L29405	lowk4_prom	4.751	2.619	1.554	3.078	2.682	1.797	1.73	4.383	3.098	1.781	1.826
atac_L29547	lowk4_prom	4.258	0	0.355	0.954	1.451	0.472	0.98	0	1.168	0	0.738
atac_L29881	lowk4_prom	4.581	0.648	0.263	1.228	1.003	0.76	0.55	2.045	1.478	0.418	0.328
atac_L30176	lowk4_prom	4.565	4.2	2.058	2.817	2.254	2.07	2.224	0	3.485	0.413	1.006
atac_L35109	lowk4_prom	4.067	1.419	0.989	1.02	1.34	1.27	1.246	0	2.604	0	0.323
atac_L35363	lowk4_prom	4.233	2.142	1.095	1.942	1.971	1.669	1.735	0	2.842	1.595	1.267
atac_P06207	lowk4_prom	4.289	1.682	0.664	0.905	1.413	1.619	0.747	2.017	2.163	1.207	1.316
atac_L35448	lowk4_prom	4.328	2.457	1.237	2.013	1.684	1.7	3.192	0	3.35	1.713	0.366
atac_L35505	lowk4_prom	4.593	3.768	1.028	2.269	2.376	2.013	2.125	2.638	3.051	1.697	0.512
atac_L35522	lowk4_prom	4.411	1.82	1.357	0.222	1.194	1.195	0.829	2.166	1.075	0.459	0.997
atac_L35542	lowk4_prom	4.579	2.736	1.518	2.6	2.526	2.081	1.626	2.507	2.573	1.88	1.184
atac_L35563	lowk4_prom	5.043	3.883	1.504	2.306	2.301	1.984	2.113	3.266	3.219	0.454	1.087
atac_L35653	lowk4_prom	4.023	2.584	0.854	0.99	0.914	0.819	1.342	0	1.671	0.799	0.643
atac_L35662	lowk4_prom	5.596	3.041	1.23	2.746	2.588	1.85	1.572	2.113	2.262	1.651	1.466
atac_L35684	lowk4_prom	3.537	2.008	1.188	1.888	1.998	1.42	1.575	0	2.7	2.194	0.86
atac_P06258	lowk4_prom	4.266	2.505	0.315	0.864	1.332	1.012	0.712	0	1.75	0.692	0.766
atac_L35735	lowk4_prom	4.499	2.231	1.11	1.844	1.137	1.173	1.006	1.432	2.625	2.097	0.636
atac_L35739	lowk4_prom	4.318	2.968	1.066	1.853	2.34	1.799	1.924	0	2.684	0.795	1.26
atac_L35807	lowk4_prom	5.193	2.579	1.117	1.644	1.214	0.973	1.338	0	1.062	0	0.765
atac_L35917	lowk4_prom	4.737	1.438	1.097	0.926	1.177	1.202	0.552	0	1.482	2.517	0.597
atac_P06288	lowk4_prom	4.519	2.754	0.745	1.796	1.916	1.586	1.65	3.036	2.274	0.947	1.337
atac_L35942	lowk4_prom	4.6	1.824	1.442	2.118	1.951	1.843	0.604	2.645	2.502	1.526	0.193
atac_L36015	lowk4_prom	3.595	1.924	0.941	1.807	2.173	1.297	2.479	0	1.824	0.412	1.091
atac_L36137	lowk4_prom	5.738	3.741	1.013	0.859	1.814	1.077	1.597	0	2.526	0.792	0.638
atac_L36168	lowk4_prom	3.579	2.856	0.526	1.104	1.41	1.247	1.187	0	1.94	1.842	1.874
atac_L36355	lowk4_prom	4.683	2.556	1.15	2.18	2.564	2.18	2.459	0	2.614	0.784	1.246
atac_L36360	lowk4_prom	3.945	2.619	0.621	0.928	1.389	0.725	0.953	0	1.678	1.235	0.599
atac_L36443	lowk4_prom	3.874	1.794	0.593	1.972	2.151	2.27	2.182	2.139	3.022	1.499	1.687
atac_L36466	lowk4_prom	3.527	2.251	1.124	0.992	1.661	0.902	2.028	0	2.241	0	1.351
atac_L36503	lowk4_prom	3.767	2.397	0.956	2.216	2.007	1.834	2.02	0	2.124	2.259	1.815
atac_L36511	lowk4_prom	3.459	3.188	1.503	3.01	1.682	1.216	2.023	2.624	3.436	1.984	1.265
atac_L36540	lowk4_prom	4.5	2.256	0.859	1.111	1.08	1.158	2.496	0	1.679	1.317	1.093
atac_P06459	lowk4_prom	4.607	0.55	1.241	2.183	2.317	1.758	2.616	2.887	2.775	1.405	1.416
atac_L30600	lowk4_prom	3.392	3.454	1.257	1.981	1.843	2.186	2.27	3.26	2.478	2.622	0.879
atac_L30705	lowk4_prom	3.325	1.088	1.042	1.473	1.375	1.007	1.253	2.037	2.659	1.222	0
atac_L30955	lowk4_prom	3.965	3.643	1.233	0.741	1.236	1.47	0	0	1.479	0.812	1.103
atac_L31019	lowk4_prom	4.526	2.136	1.136	1.625	1.38	1.361	1.391	0	3.092	1.227	1.184
atac_L31032	lowk4_prom	4.779	1.177	0.973	1.802	1.589	1.772	2.497	0	1.951	2.123	1.644
atac_L31134	lowk4_prom	5.119	3.648	1.236	0.744	0.749	1.032	1.209	2.181	2.395	0	0.657
atac_L31185	lowk4_prom	4.084	3.844	1.2	0.688	1.192	1.509	1.854	0	1.6	0.755	0.835
atac_L31250	lowk4_prom	4.566	1.99	0.932	1.17	1.506	1.207	1.148	0	3.22	0	0.618
atac_L31337	lowk4_prom	4.017	2.891	1.638	2.858	1.633	2.285	2.143	2.183	2.2	1.714	1.289
atac_L31348	lowk4_prom	3.751	3.621	1.024	1.865	1.257	0.942	1.02	2.631	0.91	0.456	0.51
atac_L31410	lowk4_prom	5.63	2.042	1.425	2.643	2.93	2.425	2.98	2.978	4.239	2.23	1.346
atac_L31515	lowk4_prom	3.598	0.662	1.285	1.787	1.487	0.854	1.857	0	1.279	1.024	1.034
atac_L31522	lowk4_prom	4.073	3.02	1.301	1.868	2.318	1.793	2.771	0	2.305	1.789	1.45
atac_P05522	lowk4_prom	4.132	0.6	1.106	0.346	0.97	1.094	1.309	0	2.146	0.687	0.947
atac_L31895	lowk4_prom	4.434	2.601	1.042	1.394	1.101	1.221	1.386	3.569	1.75	0.415	1.009
atac_L31906	lowk4_prom	3.456	2.22	0.691	1.162	0.679	0.713	1.549	0	1.404	2.237	0.436
atac_L31936	lowk4_prom	3.983	1.171	1.171	2.157	1.287	1.531	1.726	0	2.79	1.079	1.088
atac_L31995	lowk4_prom	3.393	1.059	0.919	1.945	1.568	1.682	1.872	0	1.218	0.972	1.068
atac_L32061	lowk4_prom	4.529	3.653	1.154	2.437	2.553	1.728	2.397	3.784	2.979	1.44	1.282
atac_L32063	lowk4_prom	5.183	4.305	1.505	2.57	2.318	1.849	1.608	2.154	3.186	0.8	0.883
atac_L32089	lowk4_prom	4.045	1.158	1.11	1.908	1.618	1.173	2.009	0	2.722	1.672	0.977
atac_L32100	lowk4_prom	3.451	0.647	1.136	0.533	0.586	1.167	0.946	2.044	1.989	0.74	1.184
atac_L32133	lowk4_prom	3.551	0	1.054	1.087	1.2	0.676	1.701	0	1.997	1.29	0.754
atac_L32249	lowk4_prom	3.504	1.159	1.292	1.094	1.101	1.174	0.813	2.608	1.446	0.79	1.076
atac_L32335	lowk4_prom	3.71	2.826	0.516	1.697	2.395	1.626	1.583	0	1.317	0.783	0.865
atac_L32351	lowk4_prom	3.955	1.822	1.554	1.223	1.906	2.089	1.946	0	2.254	2	1.278
atac_L32369	lowk4_prom	4.527	1.96	0.493	1.334	1.723	1.326	1.126	1.375	1.689	1.61	1.028
atac_L32399	lowk4_prom	3.554	2.888	0.984	2.07	1.96	1.788	2.302	0	1.968	1.331	1.005
atac_L32456	lowk4_prom	5.321	3.217	1.561	2.672	2.479	2.025	1.954	3.736	2.902	1.531	1.782
atac_L32499	lowk4_prom	4.386	2.038	1.738	2.676	1.885	1.92	2.267	0	2.992	1.681	0.984
atac_L32547	lowk4_prom	3.795	1.734	1.285	1.721	1.838	1.277	1.856	0	1.602	0.756	0.836
atac_L32554	lowk4_prom	5.044	4.265	1.362	2.366	2.377	1.314	1.901	2.945	3.215	1.484	1.4
atac_L32562	lowk4_prom	4.218	1.833	1.45	1.748	0.843	1.526	1.209	2.181	0.923	0.814	1.106
atac_L32571	lowk4_prom	4.439	3.736	0.902	1.909	1.833	1.987	2.258	2.608	2.9	1.298	0.501
atac_P05725	lowk4_prom	3.661	1.705	0.949	0.673	0.632	0.591	1.109	2.042	1.475	0.739	1.012
atac_P05734	lowk4_prom	3.63	2.241	0.756	0.642	1.059	1.23	1.456	0	1.517	1.177	0.781
atac_L26127	lowk4_prom	3.511	3.573	1.018	0.896	1.643	1.45	2.192	2.462	2.209	0.977	0.986
atac_L26231	lowk4_prom	3.557	2.404	0.657	2.236	1.737	1.104	0.587	0	2.569	0.788	0.975
atac_L26320	lowk4_prom	3.348	1.033	0.691	1.249	1.935	0.955	1.44	2.414	2.738	0.948	0.957
atac_L26500	lowk4_prom	3.44	2.726	1.085	0.798	0.844	1.19	1.505	0	0.478	0	0.325
atac_L26526	lowk4_prom	3.853	2.354	0.5	0.388	0.832	0.969	0.972	0	1.876	0	1.214
atac_L26565	lowk4_prom	3.724	2.567	1.203	0.571	1.456	1.325	1.176	0	1.657	0.79	0.187
atac_L26582	lowk4_prom	3.973	2.617	0.93	1.01	0.75	1.07	1.037	0	1.971	0.816	0.658
atac_L27031	lowk4_prom	4.032	0	0.503	0.831	0.836	1.574	2.053	0	1.963	2.171	1.136
atac_L27133	lowk4_prom	3.889	1.522	0.731	0.219	0.781	0.641	1.479	0	1.856	0	0.507
atac_L27159	lowk4_prom	5.077	4.429	1.095	2.117	1.898	1.91	1.45	0	2.327	1.281	0.964
atac_P04909	lowk4_prom	3.585	2.582	1.204	2.61	2.116	2.119	2.738	0	2.499	1.57	1.319
atac_L27180	lowk4_prom	3.934	2.469	1.263	1.48	1.436	1.31	1.515	0	2.369	1.005	0.328
atac_P04926	lowk4_prom	3.738	3.184	1.181	2.676	1.78	1.897	1.073	0	1.864	1.829	1.365
atac_L27347	lowk4_prom	4.003	2.879	1.033	0.586	0.882	0.743	0	0	1.688	1.325	1
atac_L27353	lowk4_prom	4.926	0	1.08	2.218	2.026	2.05	1.197	2.164	0.913	1.085	0.889
atac_L27369	lowk4_prom	4.43	3.462	0.969	1.492	1.977	2.041	2.351	0	3.041	1.312	1.181
atac_L27381	lowk4_prom	4.311	2.302	0.842	1.928	1.957	1.888	1.384	1.35	2.865	0.998	0.914
atac_L27522	lowk4_prom	4.567	2.012	0.947	1.621	2.06	1.622	1.694	0	2.449	2.592	1.323
atac_L27924	lowk4_prom	3.365	1.834	0.811	0.883	0.423	0.556	0.838	0	1.362	0	1.007
atac_L27944	lowk4_prom	4.184	0	1.021	1.572	1.411	1.217	1.017	0	3.038	1.077	0.19
atac_L27951	lowk4_prom	4.229	1.966	0.692	2.126	1.459	1.436	1.131	0	2.786	1.249	1.286
atac_L27971	lowk4_prom	3.835	2.162	1.154	1.047	1.284	1.061	0.963	0	2.601	0	0.833
atac_L27981	lowk4_prom	4.297	1.152	0.952	0.215	1.757	1.26	1.001	0	2.278	0.785	1.329
atac_P05085	lowk4_prom	4.292	2.086	1.408	1.889	1.842	1.72	1.582	0	2.471	2.688	1.149
atac_L28053	lowk4_prom	4.652	3.077	1.209	1.785	1.573	1.666	2.187	0	1.933	1.836	1.081
atac_L28080	lowk4_prom	3.661	3.621	1.22	1.477	1.536	1.28	0.761	0	2.365	1.588	0.466
atac_L28121	lowk4_prom	3.59	1.175	1.077	2.451	1.855	1.344	0.599	0	2.795	1.316	0.993
atac_L28176	lowk4_prom	4.183	3.401	1.443	1.548	1.823	1.303	2.297	0	1.569	0	0.815
atac_L28195	lowk4_prom	3.424	1.147	1.362	0.847	1.294	1.097	1.994	0	2.138	1.056	0
atac_L28248	lowk4_prom	3.325	2.972	1.3	1.568	2.068	1.693	2.546	2.148	2.735	2.337	1.495
atac_L33038	lowk4_prom	4.457	2.273	0.537	0.418	0.747	1.235	1.629	2.178	1.227	1.094	1.368
atac_P05807	lowk4_prom	4.322	2.317	0.434	1.363	0.978	1.095	1.014	0	0.904	0.914	0.534
atac_L33079	lowk4_prom	4.227	2.591	1.685	0.994	1.737	1.655	2.201	1.45	1.677	1.314	0.771
atac_L33112	lowk4_prom	4.365	1.761	0.826	1.071	1.538	0.981	1.679	0	2.252	1.469	0.956
atac_L33184	lowk4_prom	3.412	2.598	1.356	1.5	0.922	1.258	1.352	2.639	1.779	1.32	0.512
atac_L33259	lowk4_prom	3.767	2.951	1.105	0.569	0.723	0.535	0.586	0	1.44	1.293	0.351
atac_L33289	lowk4_prom	3.497	3.434	1.725	1.63	1.508	1.677	2.004	0	1.837	1.667	1.25
atac_L33332	lowk4_prom	4.98	3.441	1.061	1.2	0.905	1.383	1.71	0	1.753	0	1.746
atac_L33339	lowk4_prom	4.518	1.344	1.06	1.886	2.168	1.44	2.543	3.622	2.863	0	1.62
atac_L33489	lowk4_prom	4.079	2.527	1.384	2.047	2.128	1.714	1.3	2.099	2.728	1.933	1.589
atac_L33506	lowk4_prom	3.681	0	1.297	2.344	2.12	2.405	2.265	1.438	2.683	1.836	1.259
atac_L33596	lowk4_prom	3.4	2.529	0.987	1.527	1.369	1.485	1.882	0	0.875	1.27	1.142
atac_L33612	lowk4_prom	4.69	3.46	1.304	1.403	1.286	1.153	1.724	0	1.569	0	1.636
atac_L33642	lowk4_prom	3.327	2.132	1.176	0.375	0.721	1.408	1.387	0	0.99	2.504	1.334
atac_L33729	lowk4_prom	4.353	2.549	0.999	1.62	1.678	1.933	1.993	0	2.75	0.781	1.54
atac_L33786	lowk4_prom	4.035	1.177	0.918	1.111	1.293	1.458	1.941	0	1.866	0.804	1.577
atac_L33864	lowk4_prom	3.363	3.788	1.41	2.183	1.631	1.652	0.838	0	2.622	1.096	1.66
atac_L33899	lowk4_prom	4.349	3.603	0.849	2.296	2.307	1.57	2.264	0	2.907	1.303	0.639
atac_L34040	lowk4_prom	3.513	2.189	0.983	1.523	1.176	1.403	2.056	3.199	2.306	0	0.341
atac_L34081	lowk4_prom	4.044	2.708	0.52	1.475	1.716	1.002	1.176	0	1.841	1.827	1.484
atac_L34207	lowk4_prom	4.304	3.626	1.987	3.052	2.718	1.728	1.84	3.277	2.886	0.804	1.355
atac_L34271	lowk4_prom	3.825	2.755	0.869	0	0.93	0.993	1.629	0	0	0	0.897
atac_L34272	lowk4_prom	3.531	1.768	0.83	0	0.713	0.528	0.798	2.58	0.276	0	1.058
atac_L34437	lowk4_prom	3.638	1.17	0.599	0.41	1.036	0.939	1.189	0	1.066	0	1.087
atac_L16059	lowk4_prom	3.624	1.099	0.682	0.379	0.49	0.64	0.952	0	0.847	0	0.33
atac_P03071	lowk4_prom	3.624	2.104	0.978	1.79	1.934	1.173	1.365	2.012	1.344	1.394	0.899
atac_L16109	lowk4_prom	3.952	1.153	1.105	0.852	1.869	1.376	2.09	0	1.999	1.061	0.632
atac_L16115	lowk4_prom	3.357	1.145	0.513	0.968	1.701	1.395	2.45	0	2.268	0	0.348
atac_L16118	lowk4_prom	3.897	0.619	0.589	0.884	1.359	1.152	1.342	0	1.857	1.182	0.68
atac_P03097	lowk4_prom	4.742	2.041	1.337	2.229	2.153	2.062	2.138	0	3.281	1.157	1.264
atac_L16187	lowk4_prom	3.429	0	0.969	0.82	1.288	1.462	0.778	0	1.278	1.249	1.033
atac_L16233	lowk4_prom	4.823	3.912	1.089	1.883	2.098	1.989	1.629	2.178	2.194	1.709	0.655
atac_L16388	lowk4_prom	3.553	1.153	1.105	1.838	2.21	1.348	0.586	0	2.341	0.786	0.868
atac_L16436	lowk4_prom	3.689	2.042	1.119	0.728	0.582	0.384	1.479	0	1.207	0.797	1.264
atac_L16505	lowk4_prom	3.835	1.801	1.255	2.2	0.992	1.274	1.825	0	1.851	1.305	1.082
atac_L16526	lowk4_prom	3.448	1.514	0.447	1.782	1.88	1.386	2.101	0	2.68	1.069	0.981
atac_L16529	lowk4_prom	4.714	2.164	0.495	2.313	1.255	0.813	1.13	0	1.011	2.538	0.606
atac_L16570	lowk4_prom	4.497	3.622	1.265	1.799	1.613	1.372	1.837	2.159	2.432	2.348	1.504
atac_L16585	lowk4_prom	3.777	3.07	1.062	1.299	1.92	1.728	1.178	0	3.361	1.498	1.255
atac_L16590	lowk4_prom	4.752	1.191	0.747	1.333	1.464	1.173	1.036	3.014	1.594	1.871	0.366
atac_P03205	lowk4_prom	3.843	1.09	1.612	1.989	1.905	1.529	2.605	0	2.187	2.002	1.538
atac_L16728	lowk4_prom	4.414	0	0.674	1.223	1.647	1.196	1.354	0	2.254	0	0.362
atac_L16789	lowk4_prom	3.559	1.123	1.412	1.591	1.328	0.782	0.785	0	2.802	1.456	0.613
atac_L16811	lowk4_prom	4.617	2.478	1.269	1.234	0.814	0.984	1.635	2.053	0.847	1.01	0.925
atac_L16859	lowk4_prom	4.394	2.247	0.854	1.104	1.252	0.642	1.723	0	0.523	1.686	1.699
atac_L16896	lowk4_prom	3.703	1.177	1.128	0.413	0.476	0.141	0.6	2.162	1.467	1.317	0.994
atac_L17118	lowk4_prom	3.763	2.264	1.227	1.223	1.672	1.163	1.027	0	3.056	0.808	0.362
atac_L17133	lowk4_prom	4.004	2.064	0.742	3.005	2.716	2.093	2.44	0	3.172	2.004	1.194
atac_L17169	lowk4_prom	3.526	1.952	0.558	0.682	0.937	1.118	0	0	1.93	0	0.827
atac_L17189	lowk4_prom	5.347	4.241	1.279	2.394	1.911	1.184	2.109	0	2.598	1.019	1.028
atac_L17219	lowk4_prom	4.567	1.071	1.316	2.702	2.307	1.903	2.462	0	3.154	1.395	1.384
atac_L17449	lowk4_prom	3.412	1.07	1.35	1.596	1.839	1.696	1.887	2.011	2.584	0.982	1.312
atac_L17530	lowk4_prom	3.368	3.255	1.813	2.762	2.565	1.782	1.907	0	3.937	1.664	0.867
atac_L17631	lowk4_prom	3.517	1.714	1.827	1.945	2.347	1.562	1.633	1.363	2.923	2.237	1.018
atac_L17681	lowk4_prom	3.725	1.19	0.747	0	0.749	0.606	1.364	0	1.793	1.096	0.365
atac_L00024	lowk4_prom	4.002	2.372	0.357	0.957	1.755	1.269	1.438	0	1.525	0.771	1.384
atac_L00059	lowk4_prom	3.743	2.928	1.043	2.057	0.846	1.089	1.89	0	2.126	1.803	1.148
atac_L00135	lowk4_prom	4.789	1.168	1.214	1.4	1.605	1.448	1.721	0	2.829	0.453	1.346
atac_L00201	lowk4_prom	3.883	0	1.201	0.385	1.021	0.926	0.562	0	2.089	1.249	0.607
atac_L00234	lowk4_prom	3.429	2.026	1.14	1.529	1.32	1.117	2.052	1.271	1.951	0.684	0.853
atac_L00261	lowk4_prom	4.385	1.8	0.85	0.861	0.867	1.756	1.824	0	1.06	1.68	1.754
atac_L00271	lowk4_prom	4.249	1.165	0.596	1.566	0.952	0.896	1.012	0	1.204	0.795	0.878
atac_L00350	lowk4_prom	4.122	1.481	0.577	0.394	1.248	1.487	2.146	0	2.119	0.772	0.956
atac_P00094	lowk4_prom	3.725	1.808	1.122	1.292	0.846	1.304	1.017	0	1.858	1.752	0.154
atac_L00465	lowk4_prom	4.431	2.891	1.412	2.923	2.703	2.031	3.017	0	3.319	0.816	1.108
atac_L00484	lowk4_prom	3.828	0	1.112	1.202	0.728	0.381	1.712	0	1.448	1.832	1.078
atac_L00507	lowk4_prom	4.818	2.565	0.955	1.296	1.691	1.203	1.707	0	3.127	0.789	1.252
atac_L00525	lowk4_prom	4.392	1.522	0.598	1.648	1.846	0.938	1.606	0	1.94	0	1.086
atac_L00527	lowk4_prom	3.931	0	0.525	1.719	1.071	0.774	1.719	2.62	1.763	0.796	0.985
atac_P00139	lowk4_prom	3.754	2.307	0.614	0.2	1.201	0.975	0.944	2.04	1.752	1.001	0.465
atac_L00549	lowk4_prom	3.86	3.103	0.376	1.501	0.879	1.094	1.619	2.166	2.317	1.321	0.65
atac_L00712	lowk4_prom	3.796	1.701	1.174	1.62	1.959	1.572	1.998	1.352	2.746	1.415	1.713
atac_L00717	lowk4_prom	4.17	3.565	1.355	1.455	1.492	1.789	1.793	0	1.73	1.805	1.15
atac_L00815	lowk4_prom	3.379	2.232	1.491	1.845	1.939	2.075	2.18	3.247	2.349	1.498	0.978
atac_L00880	lowk4_prom	3.698	2.209	1.275	1.824	2.178	1.279	1.449	0	2.745	2.193	1.318
atac_L01106	lowk4_prom	3.656	0	0.896	0.8	1.533	1.457	2.428	1.352	1.251	1.585	1.01
atac_L01115	lowk4_prom	3.537	2.944	1.397	1.782	1.565	1.466	1.731	1.941	1.888	1.336	1.257
atac_L01165	lowk4_prom	3.363	2.388	0.951	2.118	1.8	1.735	1.663	0	2.175	1.526	0.562
atac_L01169	lowk4_prom	3.893	2.212	1.437	1.827	1.412	2.073	1.898	2.587	2.654	1.283	0.749
atac_L01192	lowk4_prom	4.185	0.632	0.661	1.29	1.21	1.084	1.087	0	1.884	0	0.319
atac_L01323	lowk4_prom	4.105	0.669	0.927	1.734	1.675	1.594	1.772	2.089	2.522	1.034	1.374
atac_L38836	lowk4_prom	3.64	2.335	1.152	1.959	1.532	1.726	1.941	0	2.598	1.763	0.604
atac_L38838	lowk4_prom	3.63	2.85	0.908	1.918	1.627	1.417	2.019	0	2.162	0.795	0.355
atac_L38859	lowk4_prom	3.655	1.821	0.803	1.736	1.593	1.196	1.354	0	1.871	0.807	1.097
atac_P06865	lowk4_prom	4.873	2.44	0.934	1.014	1.185	0.928	0.748	2.48	1.455	0.727	0.698
atac_L39034	lowk4_prom	3.513	2.418	0.595	0.725	1.069	0.684	1.012	3.494	1.452	1.072	0.355
atac_L39058	lowk4_prom	3.776	3.426	1.008	0.681	0.817	0.599	0.769	0	1.266	0.422	0
atac_L39167	lowk4_prom	3.728	2.57	0.904	1.201	1.767	1.005	2.099	0	1.844	0	0.874
atac_L39205	lowk4_prom	3.627	1.991	1.22	1.444	1.337	1.238	1.675	2.566	2.771	1.465	1.305
atac_L39363	lowk4_prom	4.474	2.872	1.623	1.997	2.123	1.614	1.843	0	2.552	0.458	1.188
atac_L39382	lowk4_prom	3.671	1.19	1.189	1.674	0.797	0.917	1.035	0	1.793	1.332	1.106
atac_L39656	lowk4_prom	3.703	2.601	1.257	2.321	1.824	0.794	0.758	1.352	1.471	1	0.591
atac_L39781	lowk4_prom	4.118	1.131	1.036	0.556	1.308	1.208	0.792	2.099	1.719	0	1.93
atac_L39808	lowk4_prom	3.763	2.556	0.193	0.567	0.98	1.428	1.7	2.126	2.211	1.29	0.971
atac_L39825	lowk4_prom	4.27	3.066	1.108	2.466	2.092	1.68	2.467	2.96	3.606	1.064	0.635
atac_L39856	lowk4_prom	4.551	1.858	0.899	1.553	1.753	1.528	1.444	1.292	2.28	0.697	0.558
atac_L39879	lowk4_prom	3.911	2.265	1.181	1.223	1.007	0.742	1.355	0	2.186	1.088	1.513
atac_L39941	lowk4_prom	4.4	3.943	1.04	3.016	2.489	2.496	2.3	0	2.906	1.645	0.344
atac_L40018	lowk4_prom	3.555	3.378	1.025	1.257	1.233	1.004	2.045	2.084	0.693	1.257	0
atac_L09870	lowk4_prom	3.554	2.682	0.594	1.191	1.447	0.571	2.185	0	0.649	0.401	1.068
atac_L09973	lowk4_prom	3.49	4.73	1.322	2.124	1.825	0.954	1.361	0	2.045	1.531	0.364
atac_L09978	lowk4_prom	4.115	3.473	1.382	3.44	2.999	2.523	1.674	2.097	4.301	2.059	1.139
atac_L09981	lowk4_prom	4.18	1.146	1.235	2.011	1.125	0.841	1.578	0	1.313	0	1.322
atac_L09984	lowk4_prom	4.078	2.869	1.027	3.409	2.836	2.466	2.995	2.163	3.96	1.995	0.773
atac_L10071	lowk4_prom	4.827	3.788	0.929	2.677	2.002	1.789	1.209	2.181	2.332	1.096	0.365
atac_L10143	lowk4_prom	3.805	2.256	1.434	1.868	1.08	1.09	1.839	0	2.374	0	0.994
atac_L10204	lowk4_prom	4.108	3.578	1.515	1.832	1.356	1.577	0.997	0	2.067	1.485	0.864
atac_L10317	lowk4_prom	3.465	1.172	0.969	1.405	1.186	1.398	1.834	2.156	0.908	0	0.645
atac_L10396	lowk4_prom	3.445	1.089	0.946	1.128	2.015	0.795	2.157	2.038	0.838	0	0.591
atac_L10451	lowk4_prom	3.625	3.075	1.252	1.914	0.776	1.145	1.714	0	1.758	1.502	0.354
atac_L10456	lowk4_prom	4.279	2.484	0.96	1.041	1.215	1.055	0	0	1.49	1.239	0.929
atac_L10540	lowk4_prom	4.069	2.731	0.528	0.867	1.221	1.606	2.555	0	1.86	0.801	1.639
atac_P02098	lowk4_prom	4.626	2.936	1.244	1.672	1.961	1.96	1.605	1.338	1.967	1.858	0.905
atac_L10625	lowk4_prom	3.74	1.766	1.041	0.839	1.345	1.303	1.889	0	1.304	0.439	1.056
atac_L10647	lowk4_prom	3.822	1.828	1.364	0.417	0.593	1.202	0	0	1.357	0.462	1.003
atac_L10767	lowk4_prom	3.657	2.061	1.661	0.415	1.196	1.38	1.947	0	2.711	1.702	1.191
atac_L10965	lowk4_prom	4.976	3.552	1.036	1.811	1.904	2.004	1.151	0	2.729	1.467	1.226
atac_L11010	lowk4_prom	4.168	2.32	1.051	0.379	1.007	1.113	1.264	0	0.846	2.014	0.597
atac_L11061	lowk4_prom	4.162	1.157	1.156	1.198	0.347	1.488	1.466	0	1.325	1.296	0.977
atac_L11110	lowk4_prom	4.155	3.06	0.952	1.384	1.167	1.261	1.702	0	1.746	0	1.071
atac_L11126	lowk4_prom	3.33	1.169	0.911	1.984	2.234	1.763	1.016	0	2.998	1.51	0.643
atac_L11234	lowk4_prom	4.363	3.429	1.241	1.627	1.824	1.402	1.585	2.127	2.339	1.06	1.247
atac_L11343	lowk4_prom	3.483	0	1.793	1.225	0.792	0.697	1.496	3.002	1.688	0	1.1
atac_L11410	lowk4_prom	4.107	2.298	1.367	3.162	2.408	2.273	2.421	0	3.174	1.868	1.591
atac_P02217	lowk4_prom	4.901	3.289	1.111	2.248	2.168	1.881	2.2	2.009	2.33	2.292	1.572
atac_L11574	lowk4_prom	3.494	1.833	0.202	1.008	0	0.835	0	0	0.534	0	0.518
atac_L11608	lowk4_prom	3.465	2.198	1.224	2.302	0.885	1.487	1.304	2.925	2.253	0.772	1.144
atac_L17957	lowk4_prom	3.35	0.654	0.419	0.681	1.335	0.357	1.269	2.523	1.381	0	0.827
atac_P03421	lowk4_prom	3.979	0	1.029	1.378	1.491	1.416	1.491	2.018	2.682	1.567	1.083
atac_L18068	lowk4_prom	3.706	3.226	1.594	2.222	1.668	1.606	1.439	1.189	2.244	1.548	0.606
atac_L18103	lowk4_prom	4.136	1.83	1.407	0.88	0.747	1.17	1.362	0	1.591	0.813	0.897
atac_L18122	lowk4_prom	3.499	0.585	1.041	0.839	0.981	1.279	1.507	0	1.857	0.671	1.008
atac_L18138	lowk4_prom	4.003	3.068	0.52	0.405	1.24	0.768	0.812	0	1.657	0.79	0.636
atac_L18177	lowk4_prom	3.415	2.874	1.726	0.415	1.159	1.259	1.493	2.167	1.685	0.807	1.19
atac_L18308	lowk4_prom	3.542	3.949	2.136	1.435	2.062	1.458	2.021	0	1.707	0.914	1.084
atac_L18417	lowk4_prom	5.554	4.76	1.016	2.037	2.612	1.841	2.267	2.146	2.636	2.531	1.493
atac_L18429	lowk4_prom	4.432	2.55	1.569	2.185	2.07	1.596	3.012	3.077	2.608	1.544	0.789
atac_L18444	lowk4_prom	3.722	0.671	1.721	1.596	1.724	1.401	0.788	2.092	1.713	0	0.847
atac_L18555	lowk4_prom	5.223	3.99	1.599	3.483	3.129	2.288	2.219	3.203	3.316	2.061	0.619
atac_L18559	lowk4_prom	5.587	2.581	0.197	1.72	1.495	1.551	1.604	2.149	1.854	1.307	1.696
atac_L18782	lowk4_prom	4.499	1.124	0.979	2.332	1.893	1.007	1.772	0	2.716	1.034	0.845
atac_L18813	lowk4_prom	5.023	3.089	0.855	1.106	1.582	1.153	1.343	1.447	2.834	0	0.358
atac_L18829	lowk4_prom	4.542	2.104	1.113	2.383	2.482	1.822	2.031	2.293	3.129	2.025	1.312
atac_L18837	lowk4_prom	4.602	3.431	0.803	1.24	1.476	1.181	1.747	0	1.855	1.016	1.491
atac_L18912	lowk4_prom	4.638	2.73	0.796	0.579	1.686	0.978	1.19	0	1.461	1.513	0.883
atac_L18925	lowk4_prom	3.347	4.226	1.553	2.168	1.121	1.258	1.736	0	1.684	1.086	1.276
atac_L18990	lowk4_prom	4.755	2.652	1.12	2.813	2.005	1.367	1.767	0	2.41	1.257	0.842
atac_L19009	lowk4_prom	3.95	4.229	2.07	1.354	2.27	1.319	2.053	0	2.765	0.766	0.95
atac_L19028	lowk4_prom	3.81	2.928	0.979	0.786	1.117	1.023	1.234	1.333	1.108	1.204	0.319
atac_L19071	lowk4_prom	3.875	0	1.014	0.542	0.735	0.958	0.306	0	1.272	1.61	0.832
atac_L19238	lowk4_prom	3.894	2.508	1.516	1.728	1.571	1.418	2.275	0	2.292	1.029	0.841
atac_L19306	lowk4_prom	4.234	3.197	0.92	3.216	2.316	2.177	2.12	0	4.149	1.026	1.692
atac_L19373	lowk4_prom	4.454	1.185	1.277	1.004	0.928	1.967	1.626	0	2.667	2.466	1.102
atac_L19414	lowk4_prom	3.561	2.759	1.159	0.87	1.201	0.424	1.552	1.961	1.406	0.697	0.161
atac_L19598	lowk4_prom	3.699	2.682	0.967	1.438	1.824	0.879	1.686	0	1.331	1.38	0.981
atac_L19610	lowk4_prom	4.34	3.263	1.718	1.49	2.218	1.497	2.249	2.057	2.681	1.237	0.717
atac_L19631	lowk4_prom	4.523	3.508	1.277	1.044	1.675	1.429	1.407	1.373	2.147	1.899	1.278
atac_L37180	lowk4_prom	3.546	1.184	0.292	0.739	0.838	0.651	1.03	0	1.876	0	0
atac_L37328	lowk4_prom	3.415	3.206	0.863	0.999	1.229	0.948	1.737	2.167	0.529	1.523	0.65
atac_L37382	lowk4_prom	3.68	3.448	1.458	0.86	0.822	1.301	1.182	0	0	0.794	0.982
atac_L37573	lowk4_prom	4.016	3.081	0.791	2.149	2.194	1.046	2.02	2.147	2.912	1.98	0.765
atac_L37798	lowk4_prom	5.075	2.703	0.782	2.078	1.422	1.2	2.588	0	2.668	0.787	0
atac_L37837	lowk4_prom	3.36	1.188	0.983	1.816	1.779	1.524	1.855	3.533	2.392	2.258	0.781
atac_P06742	lowk4_prom	3.612	2.361	0.856	1.872	1.416	1.087	2.252	1.181	2.373	0.627	0.696
atac_L37925	lowk4_prom	4.84	2.605	0.742	2.062	2.11	0.989	1.624	0	2.761	2.463	1.1
atac_L37973	lowk4_prom	4.725	3.42	1.32	2.067	1.629	1.856	1.453	2.119	2.136	1.657	1.064
atac_L37989	lowk4_prom	4.449	1.164	1.605	2.345	2.402	2.134	2.105	0	2.014	1.68	1.629
atac_L38031	lowk4_prom	3.981	2.728	1.121	1.49	2.129	0.819	1.017	1.446	1.34	0.799	1.179
atac_L38096	lowk4_prom	4.568	2.848	1.768	1.977	2.138	1.079	2.017	2.144	3.618	1.503	1.341
atac_L38198	lowk4_prom	3.525	0	1.429	1.574	2.237	2.272	1.344	2.983	2.646	1.987	1.501
atac_L38204	lowk4_prom	4.032	2.827	1.24	1.467	1.056	1.427	1.169	0	1.546	1.058	0.753
atac_L38247	lowk4_prom	4.048	1.794	1.062	1.392	1.4	1.04	1.008	0	2.224	0.791	1.077
atac_L38441	lowk4_prom	3.481	2.893	1.531	2.935	2.441	2.065	2.811	2.263	2.762	1.538	0.785
atac_L38458	lowk4_prom	3.987	1.981	1.212	1.061	1.417	1.288	2.209	0	2.034	2.167	0.734
atac_L38627	lowk4_prom	3.759	2.944	1.052	0.971	1.127	1.03	1.319	2.123	2.208	1.057	0.63
atac_L38659	lowk4_prom	4.473	2.29	1.323	1.801	1.982	1.395	1.984	2.023	2.169	1.86	0.906
atac_L11701	lowk4_prom	3.55	2.367	1.152	1.673	1.661	0.951	2.56	0	2.472	0	1.399
atac_L11772	lowk4_prom	3.898	1.174	1.025	1.495	1.355	1.054	1.021	0	2.244	0	0
atac_L11897	lowk4_prom	3.732	0	0.935	1.935	2.077	1.46	1.783	0	2.818	1.641	1.982
atac_L11928	lowk4_prom	3.628	3.078	1.007	1.565	1.445	0.951	0.555	0	1.928	1.012	1.194
atac_L12047	lowk4_prom	3.524	2.979	1.496	1.706	2.052	1.424	1.403	0	2.589	1.432	1.023
atac_L12185	lowk4_prom	3.763	3.428	1.103	1.468	1.39	1.288	0.807	0	1.743	1.663	0.35
atac_L12265	lowk4_prom	4.477	3.274	1.995	2.145	1.068	1.301	2.264	0	3.305	1.07	1.627
atac_L12282	lowk4_prom	4.342	0	1.165	0.388	0.502	0.859	1.662	0	1.159	0	1.638
atac_L12285	lowk4_prom	4.131	3.703	0.58	1.684	0.969	1.021	1.157	0	1.634	0.775	0.961
atac_L12312	lowk4_prom	3.691	1.807	0.732	0.41	1.553	1.118	2.612	0	1.339	1.985	0.767
atac_L12321	lowk4_prom	4.962	2.714	1.012	1.3	1.791	1.492	1.712	2.14	2.352	0.792	1.558
atac_P02347	lowk4_prom	5.604	4.471	1.124	2.748	2.056	2.254	2.886	1.343	2.968	1.406	1.172
atac_L12336	lowk4_prom	3.944	3.462	1.254	0.208	0.701	1.316	1.962	0	2.469	1.033	1.133
atac_P02355	lowk4_prom	4.696	2.667	0.588	0.99	1.41	1.48	1.211	1.308	2.408	0	0.311
atac_L12520	lowk4_prom	3.868	0	1.391	1.896	1.762	1.547	1.844	2.061	3.177	0	1.113
atac_L12590	lowk4_prom	4.172	2.27	1.035	1.743	1.458	1.168	1.626	0	1.477	0.811	1.002
atac_L12597	lowk4_prom	3.54	2.9	1.037	2.095	1.865	1.299	1.152	0	1.032	0.913	1.228
atac_L12776	lowk4_prom	4.648	2.82	1.361	1.62	1.943	0.429	1.8	0	2.503	1.284	0.75
atac_L12778	lowk4_prom	3.659	0.646	1.299	1.397	1.137	1.223	1.825	0	1.573	0.416	1.011
atac_L12783	lowk4_prom	3.66	1.183	0.676	0	0.591	1.382	1.029	0	1.585	1.325	1
atac_L12807	lowk4_prom	4.393	0.674	0.986	0.702	0.753	1.147	1.881	0	2.586	1.27	1.051
atac_L12825	lowk4_prom	3.887	0	0.853	0	1.146	0.543	1.015	2.15	0.522	0	0
atac_L12896	lowk4_prom	3.65	1.085	1.368	1.124	1.195	1.273	0.756	2.033	1.905	0.734	1.177
atac_L12903	lowk4_prom	3.495	0	1.286	2.077	1.059	1.261	1.324	0	2.074	1.666	1.678
atac_L12913	lowk4_prom	4.376	2.729	1.408	1.814	2.318	1.48	1.253	0	2.613	1	0.707
atac_L12927	lowk4_prom	3.908	1.72	0.801	1.238	1.392	0.767	1.639	2.873	1.266	1.013	0.331
atac_L12960	lowk4_prom	3.504	2.84	1.204	1.39	0.905	1.039	0	0	1.556	1.298	1.168
atac_L13008	lowk4_prom	3.92	2.763	0.914	2.354	1.833	1.973	1.943	2.068	2.014	1.44	1.357
atac_P02498	lowk4_prom	3.693	1.055	1.181	1.508	1.035	1.293	1.348	0	1.529	0.969	1.295
atac_L13094	lowk4_prom	3.59	2.736	1.077	2.494	1.715	1.254	1.939	3.716	2.546	0.457	0.191
atac_L06925	lowk4_prom	3.429	0	0.718	1.381	0.518	1.197	1.169	0	1.189	1.289	0
atac_L07103	lowk4_prom	4.1	1.371	1.206	0.981	0.768	0.897	1.331	1.97	1.688	0.702	1.131
atac_L07135	lowk4_prom	3.671	3.438	1.06	1.907	1.692	1.891	0.324	0	2.22	1.296	0.501
atac_L07168	lowk4_prom	4.144	1.169	1.169	1.923	2.316	1.784	2.728	1.445	3.183	1.51	0.643
atac_L07296	lowk4_prom	3.51	1.162	0.662	0.407	0.729	0.54	1.714	0	1.847	1.677	0.354
atac_L07402	lowk4_prom	4.516	1.058	1.337	1.943	2.395	2.193	2.44	1.994	3.13	0	1.498
atac_L07434	lowk4_prom	3.366	0.715	1.74	1.01	1.056	1.174	1.96	0	1.484	1.333	0.658
atac_L07484	lowk4_prom	3.365	2.277	1.04	2.287	1.169	1.7	1.75	3.921	2.05	1.097	0.519
atac_L07495	lowk4_prom	4.883	1.154	0.518	2.132	1.712	1.721	0.586	2.955	2	0	0.756
atac_L07613	lowk4_prom	4.126	2.901	1.221	0.511	1.224	0.841	1.468	0	1.431	0.712	0.683
atac_P01540	lowk4_prom	3.416	1.864	1.386	1.338	1.633	0.961	1.661	0	2.286	1.524	0.672
atac_L07676	lowk4_prom	3.643	2.733	1.264	1.727	1.687	1.052	1.835	0	2.43	1.514	1.182
atac_L07754	lowk4_prom	3.857	1.782	1.24	2.127	1.948	1.228	0	0	1.995	1.058	1.545
atac_P01554	lowk4_prom	3.422	1.869	1.283	1.562	2.221	1.449	2.23	3.289	2.674	0.957	1.282
atac_L07838	lowk4_prom	3.655	2.441	1.226	0.737	1.122	1.228	1.493	0	1.685	1.321	1.582
atac_L07867	lowk4_prom	3.791	1.168	1.214	0.409	0.733	0.732	1.479	0	1.855	0.797	0.642
atac_L07887	lowk4_prom	3.915	2.685	1.227	1.44	1.766	1.013	2.116	1.998	2.08	0.716	1.069
atac_L07894	lowk4_prom	3.327	0.645	1.642	1.027	1.103	1.008	1.622	1.353	1.833	1.416	1.405
atac_L07999	lowk4_prom	4.527	2.445	0.835	3.47	2.905	1.766	2.925	2.485	4.446	2.207	1.321
atac_L08047	lowk4_prom	3.355	2.156	1.429	1.57	0.977	1.572	0.772	0	2.146	1.016	1.278
atac_L08073	lowk4_prom	3.823	1.158	1.333	1.635	1.305	1.704	1.709	0	1.842	0.79	0.759
atac_L08115	lowk4_prom	4.731	2.121	1.168	1.387	1.549	1.564	2.355	0	1.119	0	1.003
atac_L08268	lowk4_prom	3.434	1.117	1.328	1.054	1.568	0.695	0.781	2.078	2.024	1.913	0.609
atac_L05440	lowk4_prom	3.427	3.488	1.187	0	1.337	1.358	2.138	0	0.922	0.813	0.517
atac_L05627	lowk4_prom	3.697	2.542	0.278	2.115	1.349	1.092	0.991	0	1.637	0.777	0.859
atac_L05648	lowk4_prom	3.836	2.202	1.041	0	1.117	1.12	1.789	0	2.124	1.942	1.056
atac_L05709	lowk4_prom	4.607	3.24	0.902	1.624	1.497	1.024	1.329	1.296	1.842	1.672	0.873
atac_L05717	lowk4_prom	4.231	2.435	1.077	2.693	2.062	1.935	2.033	0	2.652	1.518	0.36
atac_L05815	lowk4_prom	3.739	1.765	0.884	1.532	1.643	0.834	1.306	0	1.175	1.046	0.743
atac_L05962	lowk4_prom	3.879	1.798	0.789	1.204	1.403	1.241	1.182	1.438	2.012	1.678	0.639
atac_L05979	lowk4_prom	3.418	1.726	0.687	2.822	1.556	1.527	1.939	2.881	2.643	0.751	0.932
atac_L06134	lowk4_prom	3.823	1.104	1.314	1.239	1.739	1.426	1.935	2.876	2.638	0	1.351
atac_L06286	lowk4_prom	4.236	1.137	1.226	1.817	1.46	1.183	1.682	2.107	1.814	0.438	0.743
atac_L06310	lowk4_prom	4.046	1.793	1.061	1.709	1.788	0.435	1.594	0	2.153	1.066	0.501
atac_L06437	lowk4_prom	5.517	2.584	0.967	2.485	2.468	1.741	2.612	2.625	4.026	1.31	0.988
atac_L06511	lowk4_prom	3.806	2.595	1.268	1.317	1.357	1.192	1.616	2.636	2.435	0	0.773
atac_L06577	lowk4_prom	3.8	1.173	0.97	1.108	1	0.942	1.728	2.157	1.212	0	0.885
atac_L06711	lowk4_prom	3.979	2.474	1.096	1.699	1.663	0.762	2.011	2.05	2.882	1.008	0.822
atac_L13219	lowk4_prom	3.368	1.917	0.834	1.117	0.987	1.061	0.295	2.022	1.114	0	0.322
atac_L13337	lowk4_prom	3.754	3.42	0.715	1.829	1.413	1.876	2.08	2.589	1.642	0.781	0.75
atac_L13473	lowk4_prom	4.938	2.588	1.469	2.31	1.806	1.654	2.49	0	2.025	1.313	1.572
atac_L13554	lowk4_prom	4.167	2.713	1.205	2.243	1.921	1.238	1.469	0	3.392	1.3	0.979
atac_L13578	lowk4_prom	3.33	2.135	1.897	2.488	2.473	1.507	1.512	0	3.021	0.416	0.327
atac_L13619	lowk4_prom	3.558	3.207	1.52	1.663	1.672	1.168	0.973	2.086	1.512	0	0.732
atac_L13620	lowk4_prom	4.173	1.186	0.807	1.421	1.051	1.385	1.627	0	1.788	1.53	0.516
atac_L13677	lowk4_prom	4.45	4.171	1.362	1.622	1.68	1.713	1.455	0	1.991	0.782	0.751
atac_P02625	lowk4_prom	5.523	1.781	0.895	1.981	1.911	1.578	1.845	2.949	2.441	2.061	1.211
atac_L13715	lowk4_prom	4.221	2.858	1.121	1.985	1.47	1.579	2.025	0	1.672	1.687	0.768
atac_L13760	lowk4_prom	4.865	2.628	0.746	0.204	1.05	1.057	1.406	0	1.492	0	0.72
atac_L13765	lowk4_prom	4.077	4.04	1.529	1.673	1.901	1.457	1.879	2.097	2.181	1.039	0.738
atac_L13833	lowk4_prom	3.521	1.806	1.214	0	1.284	1.527	1.341	0	0.905	0	1.265
atac_L13854	lowk4_prom	4.49	2.224	0.656	1.194	1.331	1.069	1.001	0	1.746	1.491	0.351
atac_L14046	lowk4_prom	3.394	1.129	0.877	2.198	1.939	1.403	2.138	2.095	1.621	0.768	1.048
atac_L14145	lowk4_prom	3.51	1.162	0.848	1.203	0.99	1.33	1.598	2.142	2.087	0.793	1.079
atac_L14158	lowk4_prom	3.733	1.163	1.208	1.303	1.373	1.495	1.822	0	2.088	0.794	1.172
atac_L14179	lowk4_prom	3.76	1.903	0.976	1.449	1.208	1.082	1.794	0	1.105	1.2	1.51
atac_L14236	lowk4_prom	3.686	1.166	0.852	2.715	1.654	2.12	1.927	0	2.298	0.452	1.344
atac_L14301	lowk4_prom	3.724	3.02	1.811	2.759	2.714	2.05	1.671	3.638	3.559	1.789	1.047
atac_L04267	lowk4_prom	3.718	0	0.657	2.079	1.133	0.848	1.463	3.241	2.281	0.787	0.351
atac_P00863	lowk4_prom	4.051	3.486	1.647	0.675	1.436	1.045	0.763	0	0.994	1.005	1.186
atac_L04313	lowk4_prom	3.951	1.152	1.242	1.193	1.391	1.033	0.808	0	1.32	1.291	1.479
atac_L04324	lowk4_prom	3.889	3.457	1.168	1.648	1.348	1.475	1.187	0	0.523	0.798	1.265
atac_L04394	lowk4_prom	3.517	3.223	0.824	2.429	2.001	1.483	0.982	3.44	2.426	2.061	0.181
atac_L04440	lowk4_prom	3.38	2.669	0.589	1.986	0.891	0.523	1.772	1.985	1.088	0	0.445
atac_P00904	lowk4_prom	3.867	2.754	1.862	1.708	2.327	1.819	2.252	0	3.466	1.896	0.473
atac_L04451	lowk4_prom	3.957	2.843	1.02	1.392	1.425	1.303	1.73	1.94	1.485	1.903	1.184
atac_L04561	lowk4_prom	4.863	1.824	1.592	1.117	1.087	1.352	2.042	0	2.321	1.324	0.514
atac_L04576	lowk4_prom	3.571	2.796	1.842	1.601	1.275	1.113	1.435	3.201	2.246	0.769	0.181
atac_L04577	lowk4_prom	3.38	0	1.415	0.981	1.645	1.541	1.007	0	1.328	1.299	1.336
atac_L04582	lowk4_prom	3.544	2.77	1.544	2.561	1.775	2.047	2.528	1.382	3.317	0.427	0.727
atac_L04604	lowk4_prom	3.363	2.456	1.601	1.008	1.709	1.578	1.749	0	2.568	0.814	1.448
atac_L04850	lowk4_prom	4.37	3.405	0.509	0.559	1.251	0.71	1.155	0	2.123	0	0
atac_L04965	lowk4_prom	4.157	2.08	1.139	0.994	1.252	1.714	2.375	1.313	3.124	1.827	0.683
atac_L14623	lowk4_prom	3.911	0	0.574	0.392	0.96	0.746	1.558	0	1.295	0.768	0.848
atac_L14644	lowk4_prom	3.45	2.861	0.594	1.872	1.882	1.509	1.985	1.22	2.382	1.439	0.519
atac_L14680	lowk4_prom	3.395	2.469	1.047	0.804	1.173	1.198	0	2.509	0.994	1.882	1.014
atac_P02834	lowk4_prom	4.278	1.952	0.909	1.567	1.365	1.265	0.305	2.059	1.852	1.238	1.35
atac_L14755	lowk4_prom	4.351	1.516	1.015	0.725	1.106	1.079	1.923	0	0.901	1.503	1.173
atac_L14773	lowk4_prom	4.088	2.267	1.557	1.225	0.968	1.097	1.029	0	1.875	0	1.28
atac_L14836	lowk4_prom	4.028	2.589	1.435	1.804	1.447	1.213	1.499	3.556	2.349	0.993	0.46
atac_L14837	lowk4_prom	3.518	1.804	1.119	2.642	2.297	1.781	2.345	2.149	2.872	0.797	1.816
atac_L14867	lowk4_prom	3.821	1.827	0.925	0.74	1.051	1.168	0.606	2.175	0	1.327	1.655
atac_L14901	lowk4_prom	3.806	1.816	1.932	0.734	0.92	0.906	1.023	2.636	2.549	0	1.093
atac_L14969	lowk4_prom	4.235	2.091	1.341	1.653	1.571	1.247	2.117	0	1.795	1.383	1.502
atac_L15088	lowk4_prom	3.73	3.361	1.702	2.387	1.943	1.991	2.014	0	2.01	1.974	1.971
atac_L15164	lowk4_prom	3.475	2.597	1.08	0.222	1.12	1.404	1.49	2.164	2.109	0.805	0.889
atac_L15171	lowk4_prom	4.092	1.659	1.055	1.275	1.254	1.617	1.953	1.991	2.197	1.544	1.065
atac_L15176	lowk4_prom	4.829	2.035	1.297	1.641	2.063	1.858	2.409	0	2.776	0	1.491
atac_L15264	lowk4_prom	3.981	1.807	1.347	1.924	1.826	1.45	0.822	2.153	1.672	1.687	1.087
atac_L15286	lowk4_prom	3.945	2.218	1.148	0	0.622	0.958	0	0	1.544	0	0.969
atac_L15290	lowk4_prom	4.7	2.544	1.095	0.359	0.736	0.838	1.214	1.311	0.645	1.949	0.681
atac_L15440	lowk4_prom	3.689	3.183	1.602	0.685	1.052	0.992	0.773	0	1.937	0.752	1.201
atac_L15477	lowk4_prom	4.444	4.016	1.081	2.413	1.904	1.94	2.038	1.457	1.219	1.699	0.997
atac_L15566	lowk4_prom	4.06	3.84	1.627	2.347	2.452	1.559	0.933	1.34	2.889	1.211	0.806
atac_L15666	lowk4_prom	4.176	2.452	1.169	1.924	1.877	1.097	0.297	0	2.459	0	1.465
atac_L15729	lowk4_prom	4.539	2.169	1.403	2.362	2.634	1.853	2.268	0	2.831	0.757	0.837
atac_P03015	lowk4_prom	4.223	2.381	1.162	2.016	1.609	1.419	1.327	2.767	2.533	1.355	0.559
atac_P03016	lowk4_prom	3.409	1.951	0.855	0.811	1.334	0.917	1.525	0	1.488	1.013	0.717
atac_P03038	lowk4_prom	4.1	3.259	1.386	1.038	0.685	1.29	2.097	0	0.848	1.752	1.55
atac_L15983	lowk4_prom	3.826	2.233	1.011	0.857	1.369	1.438	1.469	0	2.724	1.067	0.873
atac_L15991	lowk4_prom	3.607	0	1.445	1.327	1.164	0.699	1.499	0	1.356	0.811	0.654
atac_L15993	lowk4_prom	4.258	2.882	1.24	1.576	1.344	0.604	1.535	0	1.01	0	0.833
atac_L08482	lowk4_prom	3.419	0	1.096	0.563	1.321	0.917	2.077	2.94	2.133	0	0.627
atac_L08608	lowk4_prom	4.236	0	1.009	1.907	1.397	1.612	2.594	2.135	2.519	0.789	1.554
atac_L08802	lowk4_prom	3.673	2.278	0.986	2.237	1.495	1.653	1.859	1.47	2.051	2.263	1.727
atac_L08864	lowk4_prom	5.3	2.593	1.221	2.576	2.81	2.149	2.68	3.274	3.417	1.517	1.354
atac_L08877	lowk4_prom	3.47	1.814	1.472	0.412	1.002	0.443	0.599	0	1.678	0	1.185
atac_L08889	lowk4_prom	4.22	1.986	0.702	0.553	0.919	0.865	1.556	1.397	1.293	2.055	0.736
atac_L08898	lowk4_prom	4.16	1.134	1.179	1.175	1.182	1.271	1.303	0	1.811	0	1.229
atac_L09068	lowk4_prom	3.592	1.142	1.316	1.372	1.156	1.909	1.161	0	1.309	1.281	0.626
atac_L09105	lowk4_prom	3.428	1.047	1.324	0.88	1.327	1.283	1.457	0	2.548	1.366	1.213
atac_L09136	lowk4_prom	5.071	3.762	1.174	1.408	1.559	1.253	0.825	0	0.91	0	1.271
atac_L09158	lowk4_prom	4.22	2.976	0.854	1.793	1.44	1.366	2.024	2.152	1.458	0.799	0.882
atac_L09573	lowk4_prom	3.491	3.716	1.089	2.595	2.566	2.295	1.955	0	3.467	1.329	1.52
atac_L09768	lowk4_prom	3.472	1.602	0.238	1.141	1.835	1.54	1.625	1.265	2.297	1.141	0
atac_L22345	lowk4_prom	3.473	0	0.83	0.708	0.889	0.576	0	0	1.178	0	0.745
atac_L22350	lowk4_prom	3.713	1.745	1.074	1.433	0.448	0.781	1.959	0	1.159	0	0.338
atac_L22355	lowk4_prom	3.375	4.084	1.331	1.197	1.482	1.849	2.254	2.133	1.75	1.825	1.483
atac_L22523	lowk4_prom	4.126	2.232	1.061	1.39	1.398	1.49	0.589	2.963	2.153	1.673	0.978
atac_L22562	lowk4_prom	4.373	0	1.223	1.58	1.419	0.782	1.616	1.453	1.216	0	1.273
atac_L22570	lowk4_prom	3.537	1.179	1.397	1.32	0.788	0.826	1.352	0	2.706	1.32	1.188
atac_L22621	lowk4_prom	4.254	0	0.461	1.331	1.273	0.956	1.957	0	2.331	0	0.898
atac_L22625	lowk4_prom	4.088	1.183	0.805	2.003	2.429	2.127	1.849	0	2.116	0	1.28
atac_L22627	lowk4_prom	4.261	1.733	0.629	2.223	2.135	2.231	2.265	2.538	2.651	0.755	0.606
atac_L22696	lowk4_prom	3.983	1.146	1.439	0.399	0.894	0.918	1.993	0	1.184	0.781	0.348
atac_L22797	lowk4_prom	3.594	1.817	1.689	1.581	1.156	1.317	1.024	0	1.347	1.318	0.888
atac_L22906	lowk4_prom	3.654	2.216	0.836	1.545	1.09	0.881	1.695	0	2.271	0	0.864
atac_L22930	lowk4_prom	4.132	0	1.379	1.302	1.244	1.494	2.824	0	1.847	0.793	1.69
atac_L23019	lowk4_prom	3.443	2.728	2.441	2.556	2.567	1.191	2.078	0	2.702	0.414	1.096
atac_L23071	lowk4_prom	4.571	2.747	1.556	2.118	2.146	1.735	1.74	3.001	3.058	1.324	1.099
atac_L23101	lowk4_prom	3.872	2.84	1.204	0	1.064	1.108	1.817	0	1.753	1.066	1.622
atac_L23111	lowk4_prom	4.067	2.385	1.631	2.766	2.4	1.561	2.386	2.627	3.151	1.807	1.309
atac_L23153	lowk4_prom	4.591	4.676	1.347	1.234	1.47	1.851	1.739	0	1.847	2.015	1.346
atac_L23160	lowk4_prom	4.114	3.584	1.752	2.372	1.909	1.581	1.808	2.952	2.665	1.06	1.161
atac_L23236	lowk4_prom	3.593	4.063	1.58	2.268	1.675	1.497	1.797	0	0.509	1.949	1.061
atac_L23278	lowk4_prom	3.908	1.821	0.921	1.874	2.049	1.566	1.737	0	2.253	1.7	1.889
atac_L23307	lowk4_prom	3.59	1.079	1.468	1.741	1.22	1.063	1.376	0	2.107	2.102	1.249
atac_L23321	lowk4_prom	3.951	2.558	0.952	1.837	1.686	1.23	2.461	3.474	2.4	1.49	0.972
atac_L23499	lowk4_prom	3.529	1.486	1.392	0.84	0.846	1.185	1.982	0	1.979	1.803	1.531
atac_L23531	lowk4_prom	4.049	2.344	0.865	1.787	1.919	0.776	1.653	0	2.745	0	0.608
atac_P04379	lowk4_prom	4.751	2.53	0.806	1.174	1.478	1.847	1.666	2.777	2.448	0.958	1.708
atac_L23569	lowk4_prom	3.637	1.807	0.911	0.729	0.956	1.395	0.596	0	1.941	1.985	1.266
atac_L23591	lowk4_prom	3.89	3.414	0.512	1.078	1.085	0.756	0	0	2.059	0.778	0.626
atac_L23688	lowk4_prom	3.923	2.924	0.884	1.177	1.313	0.833	1.788	0	1.175	0.438	0.49
atac_L19742	lowk4_prom	3.341	1.713	0.555	1.405	1.006	0.301	0.552	0	1.26	0.419	0.329
atac_L19944	lowk4_prom	4.023	1.807	1.169	1.649	1.954	1.308	1.607	2.152	2.237	0.799	1.266
atac_L20063	lowk4_prom	3.552	3.689	1.372	2.545	1.721	2.062	2.44	0	2.697	0.714	1.368
atac_L20160	lowk4_prom	3.667	3.218	0.983	2.595	2.606	1.575	2.138	0	2.86	1.329	0.655
atac_L20208	lowk4_prom	4.432	2.152	1.597	2.061	1.648	1.613	1.526	2.059	2.931	0	1.112
atac_L20217	lowk4_prom	3.863	2.114	0.936	1.738	1.494	1.06	1.24	3.113	1.735	0.989	0.998
atac_L20236	lowk4_prom	3.847	1.774	0.714	0.967	0.934	0.99	0.319	2.116	1.823	0	0.965
atac_L20249	lowk4_prom	3.788	2.925	1.136	1.999	1.643	1.214	1.567	0	2.256	0	1.388
atac_L20261	lowk4_prom	3.568	2.522	1.127	1.929	1.815	1.529	1.297	0	1.886	0.767	1.222
atac_L20272	lowk4_prom	3.862	2.976	0.854	1.489	1.881	1.871	2.098	0	1.927	0.746	0.599
atac_L20314	lowk4_prom	3.991	3.549	1.026	2.765	2.575	2.605	2.358	0	3.194	2.241	0.887
atac_L20366	lowk4_prom	3.653	1.147	1.279	1.621	1.293	0.919	0.996	0	1.911	1.483	1.323
atac_L20371	lowk4_prom	3.96	0	1.443	1.119	1.088	0.83	0.605	0	0.29	0.81	0
atac_L20381	lowk4_prom	4.39	0	0.45	0.727	0.732	0.898	1.339	0	1.668	1.307	1.084
atac_L20555	lowk4_prom	4.425	2.886	0.745	0.224	0.886	0.79	0.607	0	0.922	0.813	1.197
atac_L20762	lowk4_prom	3.511	1.798	1.339	1.714	0.95	1.52	1.599	0	1.933	0.794	1.259
atac_L20996	lowk4_prom	3.826	2.274	1.526	1.123	1.576	1.359	0	2.179	1.882	1.71	1.198
atac_L21068	lowk4_prom	3.945	1.175	0.374	0.995	1.08	1.09	1.348	2.16	1.465	0	0.886
atac_L21071	lowk4_prom	3.484	2.215	1.362	0.847	1.293	0.801	0.996	0	2.137	0	1.399
atac_L21097	lowk4_prom	3.404	1.946	0.797	1.946	1.619	1.734	2.444	0	2.261	2.13	0.598
atac_L21142	lowk4_prom	3.45	1.126	1.171	1.803	1.916	1.233	1.965	0	2.175	1.263	0.846
atac_L21173	lowk4_prom	3.466	2.533	1.224	1.072	1.486	1.357	0.986	0	1.896	0.773	1.054
atac_L02890	lowk4_prom	3.334	2.25	0.913	0.579	0.998	0.386	1.018	2.155	0.524	1.689	0.358
atac_L02935	lowk4_prom	3.332	2.191	0.505	1.808	1.729	1.266	1.971	0	1.623	1.267	1.224
atac_L03103	lowk4_prom	5.329	2.376	0.692	3.296	2.715	1.589	2.809	3.273	3.827	1.923	1.797
atac_L03159	lowk4_prom	4.094	2.61	2.027	2.231	1.778	0.992	2.048	0	2.945	2.138	0.78
atac_L03341	lowk4_prom	4.136	2.354	1.41	3.019	2.813	2.712	2.597	2.084	3.267	1.257	1.442
atac_L03465	lowk4_prom	3.909	3.176	1.352	2.72	2.425	1.893	1.842	0	3.207	1.014	1.275
atac_L03583	lowk4_prom	4.052	1.709	1.52	2.706	2.058	1.602	1.921	2.046	0.995	1.592	0.82
atac_P00739	lowk4_prom	3.891	2.663	1.25	2.079	1.846	1.521	1.856	0	2.722	1.818	1.286
atac_L03618	lowk4_prom	3.834	1.73	0.862	2.555	1.874	1.939	0.963	0	2.943	0	1.283
atac_L03621	lowk4_prom	4.183	2.909	0.929	0.952	1.42	1.643	1.431	0	2.176	1.633	1.221
atac_P00758	lowk4_prom	4.046	0	1.214	1.762	2.156	1.609	1.067	0	2.064	1.18	0.972
atac_L03736	lowk4_prom	3.751	1.812	1.308	1.407	1.04	1.156	1.729	0	1.343	0.802	1.091
atac_L03746	lowk4_prom	4.194	1.176	0.671	2.052	1.764	1.973	2.033	0	1.466	1.694	1.432
atac_L03750	lowk4_prom	4.521	2.56	1.105	1.293	1.479	1.069	1.462	2.13	2.567	1.492	0.499
atac_L03753	lowk4_prom	3.545	1.183	1.361	1.002	1.198	0.95	0	0	1.875	1.325	1.515
atac_L03782	lowk4_prom	3.437	2.35	0.868	1.51	1.323	1.069	0.97	0	1.873	1.254	0.729
atac_L03791	lowk4_prom	3.722	3.066	1.059	1.197	1.425	0.849	0.588	0	2.079	0.789	0.635
atac_L03820	lowk4_prom	3.543	1.183	1.36	0.738	0.743	0.95	1.356	0	1.687	0	0.893
atac_L03855	lowk4_prom	4.293	1.951	1.086	1.397	1.335	1.091	0.476	0	1.002	1.271	1.053
atac_L03916	lowk4_prom	3.471	2.256	0.972	1.993	2.137	1.835	2.622	0	3.358	2.122	1.576
atac_L01596	lowk4_prom	4.273	2.741	0.801	2.22	1.295	1.258	0	0	1.683	0	0.361
atac_L01894	lowk4_prom	3.34	1.666	0.922	2.001	1.747	1.247	1.223	0	2.373	0.717	1.152
atac_L01902	lowk4_prom	3.94	2.251	0.198	1.214	0.958	0.979	1.727	0	1.771	1.313	0.99
atac_L01904	lowk4_prom	3.475	2.157	1.355	1.331	0.94	0.847	1.407	0	1.686	2.025	1.425
atac_L02047	lowk4_prom	4.766	0	0.967	1.722	1.111	1.395	1.48	0	2.237	1.843	0.507
atac_L02077	lowk4_prom	4.435	2.254	3.003	1.866	1.786	1.123	1.729	0	2.748	0.802	0.646
atac_P00471	lowk4_prom	3.731	2.484	1.148	1.041	0.818	0.882	0.957	0	2.269	0.422	1.351
atac_L02144	lowk4_prom	4.597	1.779	1	0.971	0.854	0.802	1.318	0	1.74	1.056	1.324
atac_L02191	lowk4_prom	3.705	2.348	0.754	1.054	1.517	1.1	1.543	0	2.162	1.027	0.479
atac_L02266	lowk4_prom	4.118	1.131	1.632	0.956	1.245	0.979	0.982	0	1.624	1.794	0.619
atac_L02285	lowk4_prom	4.13	1.462	0.567	2.027	1.491	1.818	1.954	2.546	1.95	1.254	1.572
atac_P00547	lowk4_prom	3.664	0	1.087	0.911	1.071	0.832	1.36	0	1.878	1.092	0
atac_L02556	lowk4_prom	3.861	0	0.863	2.584	2.41	1.84	2.364	2.167	2.607	1.321	0.361
atac_L02612	lowk4_prom	4.163	1.136	0.827	1.75	2.152	1.183	1.681	0	3.262	1.8	1.46
atac_L02864	lowk4_prom	3.381	2.03	1.461	0.491	0.899	1.092	1.307	0	0.782	0.686	0.658
atac_L23934	lowk4_prom	3.694	1.11	1.398	2.071	2.009	1.483	1.535	2.069	1.94	0.754	0.833
atac_L23943	lowk4_prom	3.767	2.517	1.077	0.95	0.748	0.937	1.773	0	1.616	1.034	0.484
atac_L24007	lowk4_prom	3.86	2.262	0.92	1.221	1.538	1.686	0.829	0	1.47	1.699	1.096
atac_L24039	lowk4_prom	4.816	2.134	0.615	2.449	1.808	1.385	1.624	0	2.708	1.418	1.1
atac_L24126	lowk4_prom	4.143	2.424	1.071	1.858	1.606	1.449	2.611	3.264	3.407	2.231	0.357
atac_L24200	lowk4_prom	4.694	1.074	1.16	2.257	1.844	1.439	1.978	0	2.723	1.207	1.165
atac_L24214	lowk4_prom	3.361	2.393	0.193	0.565	0.765	0.842	1.166	0	0.511	0.443	0.495
atac_L24266	lowk4_prom	5.632	2.75	0.743	2.279	2.055	1.572	2.635	3.004	2.042	0.81	1.895
atac_L24273	lowk4_prom	3.641	0.658	1.667	0.936	1.746	1.576	1.752	0	2.599	1.245	0.604
atac_L24288	lowk4_prom	3.398	2.044	0.795	0	0.529	0.642	0	0	0	0	0.644
atac_L24295	lowk4_prom	4.629	2.78	1.482	2.326	2.112	1.898	1.138	0	2.84	1.452	0.611
atac_L24312	lowk4_prom	4.494	0	1.259	3.022	2.71	2.061	2.901	1.354	3.568	1.224	0.709
atac_L24329	lowk4_prom	4.347	2.264	1.082	1	1.647	1.321	1.946	0	2.185	0.46	1.278
atac_L24352	lowk4_prom	4.343	4.57	1.588	2.056	1.509	1.348	1.943	0	2.182	1.32	0.512
atac_L24430	lowk4_prom	3.938	3.089	1.388	1.404	1.804	1.339	1.608	0	1.46	0.8	1.088
atac_P04540	lowk4_prom	4.537	2.388	0.458	0.876	0.918	0.897	0.283	0	2.289	1.359	0.308
atac_L24566	lowk4_prom	3.88	2.617	0.811	0.745	1.016	0.958	1.037	0	1.484	0	1.108
atac_L24567	lowk4_prom	3.73	1.796	1.113	1.202	1.859	1.042	1.597	0	2.63	0	1.416
atac_L24601	lowk4_prom	3.828	2.276	1.039	1.332	1.307	1.172	1.749	0	1.793	1.712	1.106
atac_L24645	lowk4_prom	3.902	1.6	1.317	1.587	1.617	1.431	1.888	1.926	3.278	0.927	0.753
atac_L24695	lowk4_prom	3.39	1.801	1.64	0.726	1.07	0.815	1.475	0	1.453	1.979	1.563
atac_L21414	lowk4_prom	3.69	1.939	1.53	2.694	2.549	2.109	1.349	3.811	3.287	1.083	0.802
atac_L21614	lowk4_prom	3.34	0	1.382	0.925	0.54	1.467	1.396	0	0.845	1.231	1.779
atac_L21625	lowk4_prom	3.642	2.943	1.363	1.539	1.252	1.268	0.936	0	0.475	0	1.25
atac_L21634	lowk4_prom	4.802	3.252	1.049	1.825	1.729	1.441	1.113	0	1.672	0	1.267
atac_L21717	lowk4_prom	3.719	0	0.926	1.509	1.368	1.065	1.5	2.176	1.226	2.137	0.364
atac_L21720	lowk4_prom	3.429	1.189	1.409	1.231	0.796	0.747	0.336	2.18	1.792	0.814	0.365
atac_L21745	lowk4_prom	3.533	3.097	2.21	2.315	1.878	1.43	2.358	2.161	2.374	0.804	0.994
atac_L21817	lowk4_prom	3.748	0	1.074	0.411	0.687	1.251	1.727	1.448	1.572	1.69	1.182
atac_L21889	lowk4_prom	3.794	2.247	0.854	1.923	1.218	1.308	1.016	2.152	2.021	1.077	0.988
atac_L21890	lowk4_prom	4.536	3.631	1.624	1.806	1.592	1.434	0.829	2.166	2.847	1.856	1.773
atac_L21961	lowk4_prom	3.444	3.07	1.762	1.477	1.429	1.566	1.917	0	1.056	0	1.623
atac_L21993	lowk4_prom	4.198	3.745	1.147	2.092	2.262	2.114	2.918	3.256	2.683	1.908	1.328
atac_L22089	lowk4_prom	4.195	3.894	1.128	1.111	1.589	1.056	1.35	0	2.107	1.695	1.355
atac_L22237	lowk4_prom	3.78	3.122	0.811	1.676	1.373	0.996	1.96	0	1.971	0.816	1.108
atac_L22300	lowk4_prom	4.339	2.779	1.584	2.81	2.944	1.969	2.595	3.623	3.234	1.452	1.44
atac_L22317	lowk4_prom	3.847	2.505	0.812	0.547	1.381	1.253	1.763	0	1.872	0.759	0.61
atac_L22320	lowk4_prom	3.464	1.761	1.266	1.606	1.538	1.299	1.153	0	1.722	1.642	0.741
atac_P04661	lowk4_prom	3.901	0	1.029	1.296	0.622	0.858	2.209	0	1.891	0.727	0.698
atac_L25356	lowk4_prom	4.194	2.023	0.365	0	0.943	0.536	1.173	3.241	2.281	1.493	1.25
atac_L25389	lowk4_prom	3.483	4.131	1.793	2.589	1.82	1.865	1.741	2.172	3.37	1.703	0.652
atac_L25399	lowk4_prom	3.877	1.11	1.063	1.575	1.584	0.812	1.534	0	0	0	1.119
atac_L25402	lowk4_prom	3.912	2.228	1.108	1.555	1.691	1.537	0.811	0	2.002	0	0.87
atac_L25497	lowk4_prom	3.667	1.188	1.407	1.948	1.401	1.358	2.3	3.533	1.694	0.813	1.59
atac_L25531	lowk4_prom	3.825	1.188	1.187	1.746	0.647	1.17	0.607	2.178	0.533	1.709	1.004
atac_L25549	lowk4_prom	3.625	1.13	0.505	1.17	1.275	0.661	0.791	0	1.717	1.039	0.849
atac_L25550	lowk4_prom	4.12	2.227	0.59	0.853	1.615	0.964	1.003	3.479	1.653	0	0.351
atac_L25646	lowk4_prom	4.055	1.117	1.162	1.344	0.95	1.253	1.285	2.079	1.701	1.449	0.61
atac_L25811	lowk4_prom	4.083	0.691	1.202	1.474	1.997	0.767	1.327	0	2.897	1.826	0
atac_L25817	lowk4_prom	3.58	1.763	1.135	1.072	1.513	1.118	2.148	2.927	0.878	1.273	1.387
atac_L25834	lowk4_prom	4.873	2.694	1.363	2.823	2.791	1.991	2.902	0	3.869	1.956	0.496
atac_L25872	lowk4_prom	4.134	1.164	0.962	0.725	1.404	0.933	2.265	2.144	1.664	0	0.639
atac_L25957	lowk4_prom	3.522	4.303	1.169	1.649	1.148	1.784	1.016	0	1.941	2.232	0.643
atac_L26060	lowk4_prom	3.354	2.756	1.058	2.879	2.254	1.896	1.642	1.371	3.178	2.347	0.332
atac_L40697	lowk4_prom	3.844	2.17	1.246	0.69	1.095	1.192	1.655	0	0.861	0	0.479
atac_L41328	lowk4_prom	8.384	6.387	4.865	5.325	5.05	4.914	4.883	5.21	6.172	4.996	4.821
