name	DNAme_group	lg_k4me2_enrich	lg_mznps_atac	lg_mznps_k27ac	lg_h2az	sphere_DNAme_prop
atac_L00083	LOW	0.684	0.038	0.838	-1.691	0
atac_L00084	LOW	0.821	-0.253	1.449	-1.712	0
atac_L00093	LOW	1.468	-0.05	-0.537	-1.995	0.183
atac_L00269	LOW	1.453	0.216	0.683	-2.118	0
atac_L00298	LOW	1.111	-2.409	-0.045	-1.876	0
atac_L00336	LOW	1.969	-0.207	2.662	-1.732	0.15
atac_L00342	LOW	0.692	-0.437	-0.189	-1.546	0.056
atac_L00357	LOW	0.297	-2.426	-0.448	-2.025	0.083
atac_L00675	LOW	-0.501	0.028	-0.175	-2.217	0
atac_L00702	LOW	1.169	-0.93	0.084	-1.453	1.833
atac_L00719	LOW	-0.922	-3.475	-2.685	-2.231	0
atac_L00747	LOW	3.462	-3.301	-2.228	-1.934	0
atac_L00817	LOW	1.752	-2.351	0.463	-1.711	0
atac_L00962	LOW	-0.986	0.586	0.307	-1.562	0
atac_L01074	LOW	2.19	0.516	0.922	-1.625	18
atac_L01092	LOW	1.355	-0.27	0.277	-1.094	0.214
atac_L01126	LOW	1.672	-1.191	0.981	-1.792	0
atac_L01158	LOW	1.406	0.864	1.916	-1.877	1.071
atac_L01179	LOW	0.512	-3.242	-2.435	-2.533	0
atac_L01284	LOW	0.671	0.601	0.674	-1.397	0
atac_L01335	LOW	2.088	0.314	-0.34	-2.022	7.75
atac_L01446	LOW	0	0.23	2.124	-2.194	0
atac_L01482	LOW	1.435	-2.013	-0.63	-2.653	0.5
atac_L01780	LOW	2.481	-2.067	-0.708	-1.666	0
atac_L01781	LOW	1.41	-5.072	-1.788	-1.753	0
atac_L02018	LOW	2.483	-0.012	0.011	-1.861	8
atac_L02038	LOW	2.342	-0.603	-0.373	-1.18	0
atac_L02049	LOW	-0.362	-0.967	-0.772	-2.436	4
atac_L02050	LOW	-0.353	-2.521	-0.538	-2.091	18.167
atac_L02060	LOW	2.46	0.814	0.096	-2.534	0
atac_L02111	LOW	2.82	-0.031	0.373	-1.658	0
atac_L02119	LOW	0.508	0.613	0.657	-1.491	2.125
atac_L02222	LOW	2.339	-0.685	0.155	-1.496	0
atac_L02226	LOW	1.155	-0.24	-0.295	-1.329	0
atac_L02293	LOW	0.406	-1.154	-3.235	-1.539	0.417
atac_L02294	LOW	1.459	-0.7	-1.729	-1.649	0
atac_L02295	LOW	2.113	-0.439	-1.778	-1.623	0
atac_L02314	LOW	0	4.2	3.06	-2.887	0.417
atac_L02326	LOW	1.8	-0.326	-0.009	-1.804	0
atac_L02343	LOW	-0.097	-2.652	-0.72	-1.747	0
atac_L02441	LOW	-0.884	0.182	0.883	-2.262	0
atac_L02565	LOW	1.155	-0.021	0.25	-2.035	0
atac_L02566	LOW	1.26	-0.18	0.13	-1.896	0
atac_L02599	LOW	0.286	0.486	0.178	-1.545	0
atac_L02786	LOW	1.495	-0.348	0.632	-1.7	0
atac_L02787	LOW	1.957	0.075	0.28	-2.189	0.23
atac_L02825	LOW	1.708	0.01	0.759	-1.275	0
atac_L02956	LOW	2.557	0.141	0.585	-1.564	0
atac_L02959	LOW	1.16	0.529	0.973	-2.171	0
atac_L03017	LOW	0.177	-1.123	-1.901	-1.956	0
atac_L03086	LOW	2.349	0.098	0.179	-2.005	0.294
atac_L03294	LOW	1.765	0.125	1.072	-2.15	1.6
atac_L03342	LOW	0	0.49	-0.087	-2.394	0
atac_L03354	LOW	-0.67	-1.196	-1.219	-2.123	0
atac_L03369	LOW	-0.507	0.345	-0.268	-2.775	6.25
atac_L03376	LOW	1.927	0.452	-1.235	-1.875	3.75
atac_L03536	LOW	3.589	0.401	0.007	-1.738	0
atac_L03548	LOW	1.597	-0.071	-0.686	-1.865	2.167
atac_L03603	LOW	1.574	0.021	-0.079	-1.227	12.5
atac_L03670	LOW	-0.009	-2.005	-1.48	-1.973	0
atac_L03674	LOW	1.033	0.417	-0.004	-1.954	0.909
atac_L03726	LOW	1.158	-0.447	0.508	-2.055	0
atac_L03728	LOW	0.746	-1.749	-0.927	-0.848	0
atac_L03729	LOW	0.406	-0.411	0.435	-1.706	0
atac_L03822	LOW	2.959	0.487	0.796	-1.421	0
atac_L03953	LOW	1.948	-2.885	0.438	-1.914	2.333
atac_L03987	LOW	2.09	-0.117	-0.577	-1.119	1.571
atac_L04025	LOW	0.872	-2.51	-1.064	-1.468	0
atac_L04026	LOW	1.404	-1.171	-1.97	-1.636	0.25
atac_L04064	LOW	3.734	0.357	-0.071	-1.351	0
atac_L04119	LOW	2.771	-0.707	0.183	-1.526	0.533
atac_L04250	LOW	1.342	0.459	0.878	-1.82	0
atac_L04318	LOW	1.892	-0.876	-0.28	-2.37	6.3
atac_L04365	LOW	-0.842	-0.159	-0.321	-2.093	0
atac_L04519	LOW	1.878	-0.403	1.035	-1.815	0
atac_L04547	LOW	1.68	0.623	1.365	-2.603	1
atac_L04551	LOW	0	0.069	0.797	-2.662	0
atac_L04574	LOW	2.477	0.543	0.212	-2.179	1.875
atac_L04643	LOW	2.371	0.406	-0.461	-1.171	0
atac_L04668	LOW	2.149	-0.339	1.755	-2.408	2.222
atac_L04680	LOW	3.078	0.503	-0.118	-2.163	0
atac_L04701	LOW	2.238	-0.408	-0.113	-2.319	2.421
atac_L04926	LOW	0.272	0.357	0.081	-1.915	0
atac_L05134	LOW	2.086	0.285	0.167	-1.772	0
atac_L05209	LOW	1.766	-0.091	0.83	-2.2	0
atac_L05604	LOW	1.421	-3.436	-0.868	-1.941	2.6
atac_L05712	LOW	3.252	-0.643	0.636	-1.529	0
atac_L05729	LOW	1.67	-0.745	0.151	-1.413	0
atac_L05778	LOW	-0.865	-3.53	-1.306	-2.184	0
atac_L05784	LOW	-0.447	-5.655	-0.957	-2.255	0
atac_L05823	LOW	1.079	-0.319	0.103	-1.871	0.5
atac_L06067	LOW	3.535	0.176	0.292	-1.294	0
atac_L06101	LOW	1.182	0.159	-0.236	-2.277	8.25
atac_L06108	LOW	1.078	0.438	1.095	-1.506	0
atac_L06109	LOW	1.909	0.592	0.56	-1.976	0
atac_L06137	LOW	1.133	-0.58	0.736	-1.769	0
atac_L06184	LOW	1.685	0.304	0.399	-1.586	0
atac_L06413	LOW	1.359	0.396	0.132	-1.869	0
atac_L06417	LOW	3.751	0.603	0.777	-1.861	0
atac_L06418	LOW	0.864	-3.664	0.029	-1.882	0
atac_L06419	LOW	-0.839	0.068	-0.853	-1.759	0.5
atac_L06434	LOW	2.738	-0.78	-1.324	-1.905	0
atac_L06447	LOW	1.656	-0.67	0.906	-1.563	0.9
atac_L06503	LOW	1.235	-0.162	-0.516	-1.978	7.8
atac_L06531	LOW	2	0.128	0.727	-1.354	0.846
atac_L06707	LOW	0	-1.104	0.945	-1.888	0.6
atac_L06830	LOW	0.575	-3.038	-1.856	-2.182	0
atac_L06878	LOW	1.753	0.453	0.59	-1.973	0
atac_L06965	LOW	2.21	-0.414	-0.841	-2.363	5
atac_L06995	LOW	0.859	0.225	-0.924	-1.273	1.25
atac_L07021	LOW	1.119	0.6	0.982	-2.457	13.75
atac_L07220	LOW	2.47	-0.06	0.296	-1.187	0
atac_L07221	LOW	2.936	-0.855	0.42	-1.431	0
atac_L07244	LOW	2.056	-0.019	-0.153	-1.762	16.5
atac_L07349	LOW	2.64	-0.882	-0.642	-1.481	0
atac_L07394	LOW	2.519	-0.102	-0.541	-2.045	0
atac_L07417	LOW	2.269	-0.573	-1.146	-2.645	1.95
atac_L07501	LOW	2.744	0.521	0.304	-1.588	0.162
atac_L07515	LOW	1.233	-2.193	-1.261	-2.19	0
atac_L07687	LOW	0.602	-0.5	-1.873	-2.243	0
atac_L07743	LOW	1.588	-0.026	-1.039	-1.975	0
atac_L07783	LOW	2.308	1.126	-0.543	-2.396	11.5
atac_L07827	LOW	1.731	0.088	0.277	-2.072	0
atac_L07846	LOW	1.166	-0.546	0.908	-0.754	9.5
atac_L07876	LOW	1.615	0.231	0.864	-1.957	0
atac_L07984	LOW	1.331	-0.064	-1.255	-2.014	0
atac_L08068	LOW	1.579	-0.392	0.543	-1.868	0
atac_L08108	LOW	2.567	-1.192	0.451	-1.539	1.559
atac_L08133	LOW	2.105	0.312	0.485	-2.141	0
atac_L08221	LOW	2.203	0.85	0.924	-1.729	0.533
atac_L08236	LOW	2.741	0.444	0.582	1.419	0
atac_L08319	LOW	2.546	0.199	0.734	-2.256	0
atac_L08449	LOW	1.312	-0.753	1.368	-1.631	0
atac_L08460	LOW	1.326	1.109	-0.774	-1.935	2.167
atac_L08507	LOW	4.162	0.169	0.185	-1.306	0
atac_L08508	LOW	4.204	-0.165	0.048	-1.744	0.111
atac_L08531	LOW	1.158	0.254	-0.071	-1.696	0
atac_L08597	LOW	0.094	-0.045	0.646	-2.002	0.5
atac_L08790	LOW	1.173	0.024	1.664	-1.698	0.688
atac_L08874	LOW	0.518	0.546	1.24	-2.447	9.333
atac_L08922	LOW	1.987	-0.765	0.194	-1.81	0
atac_L09268	LOW	0.808	-2.462	-0.214	-2.242	2.5
atac_L09277	LOW	2.992	0.789	0.71	-2.12	1.375
atac_L09336	LOW	-0.771	0.416	-0.649	-1.973	0.3
atac_L09355	LOW	0.058	-0.474	0.666	-1.274	0
atac_L09357	LOW	0.433	-0.782	-0.076	-1.212	0.5
atac_L09449	LOW	1.535	0.708	-0.649	-2.057	9.25
atac_L09456	LOW	2.614	0.849	0.837	-2.41	1.312
atac_L09465	LOW	0.176	0.409	0.383	-2.032	0
atac_L09555	LOW	-1.052	0.039	-1.908	-1.958	1
atac_L09562	LOW	0.291	0.094	-0.083	-2.308	0
atac_L09583	LOW	-1.086	0.009	0.396	-2.831	0
atac_L09594	LOW	3.026	0.464	1.971	-1.738	0
atac_L09657	LOW	2.749	-0.063	-1.881	-1.538	0.318
atac_L09751	LOW	2.862	0.508	1.927	-2.203	0
atac_L09858	LOW	1.877	0.037	1.074	-1.492	0
atac_L09866	LOW	-0.57	-1.981	0.436	-1.489	0
atac_L09904	LOW	2.259	0.17	0.48	-1.874	0
atac_L09905	LOW	0.67	0.025	-1.199	-2.319	0
atac_L09907	LOW	-0.768	-2.765	-0.907	-2.155	0
atac_L09909	LOW	0.265	-0.225	-0.14	-1.806	0
atac_L10311	LOW	-0.68	-3.122	-2.392	-2.474	0.5
atac_L10347	LOW	1.96	-0.248	0.895	-1.242	0
atac_L10436	LOW	1.486	-0.095	0.797	-1.844	0.1
atac_L10524	LOW	-0.959	-1.136	0.307	-1.57	15.667
atac_L10525	LOW	-1.437	-0.968	0.726	-2.119	0
atac_L10549	LOW	0.668	-0.6	0.693	-1.752	0
atac_L10622	LOW	1.332	0.266	0.029	-1.305	0
atac_L10637	LOW	0.183	-1.48	0.49	-1.292	0
atac_L10658	LOW	0.657	0.17	-0.299	-1.893	1.25
atac_L10728	LOW	1.17	-0.77	-2.39	-2.464	12.333
atac_L10790	LOW	1.264	0.893	0.1	-1.783	0.472
atac_L10904	LOW	4.479	-1.904	-6.466	-0.027	6
atac_L10905	LOW	4.397	-1.673	-7.672	-0.361	18.482
atac_L10984	LOW	2.397	0.694	-0.047	-0.948	0
atac_L11062	LOW	1.243	0.406	0.516	-1.997	0
atac_L11063	LOW	1.051	-0.345	0.905	-1.814	0.5
atac_L11100	LOW	1.658	0.573	1.048	-1.285	0.533
atac_L11156	LOW	2.469	-0.548	0.138	-1.908	0
atac_L11182	LOW	1.129	-0.518	0.512	-1.944	2.8
atac_L11186	LOW	1.488	-0.159	0.102	-2.949	1.75
atac_L11200	LOW	1.087	0.316	-0.721	-2.129	0
atac_L11312	LOW	2.251	1.951	2.541	-2.868	4
atac_L11319	LOW	-0.955	-2.837	-1.828	-1.385	0.083
atac_L11470	LOW	1.727	0.725	1.661	-1.784	2.7
atac_L11611	LOW	1.275	0.123	-0.113	-1.552	0
atac_L11613	LOW	1.906	0.15	-1.202	-1.819	0
atac_L11620	LOW	1.728	0.294	0.794	-1.27	0
atac_L11697	LOW	-0.436	-1.115	-0.197	-2.134	0
atac_L11831	LOW	1.462	0.168	-1.231	-2.467	13.5
atac_L11881	LOW	1.514	-0.06	2.193	-1.657	0
atac_L11931	LOW	1.06	-0.353	0.484	-1.994	0
atac_L11989	LOW	1.158	-3.015	-0.196	-2.468	0.333
atac_L11990	LOW	0.779	0.519	-0.507	-2.27	0
atac_L12130	LOW	1.9	-2.86	-2.048	-2.796	5.75
atac_L12225	LOW	2.573	0.251	1.222	-1.607	2.5
atac_L12233	LOW	-1.957	-2.984	-1.776	-2.143	0
atac_L12240	LOW	0.775	0.703	0.134	-1.566	0
atac_L12330	LOW	2.77	-0.18	-0.933	-1.576	0.083
atac_L12523	LOW	1.457	-0.581	0.233	-2.434	3
atac_L12533	LOW	1.327	0.093	-0.691	-2.126	0
atac_L12534	LOW	-1.201	-0.511	-1.116	-2.363	0
atac_L12561	LOW	0.183	-3.48	-0.483	-2.159	7
atac_L12571	LOW	1.988	0.525	-0.329	-2.253	0
atac_L12572	LOW	2.501	0.119	-0.425	-0.857	0
atac_L12578	LOW	1.165	0.6	-0.076	-1.737	0
atac_L12591	LOW	1.891	-0.162	0.508	-1.588	0
atac_L12693	LOW	-1.586	-3.001	-1.874	-1.527	0
atac_L12694	LOW	2.965	0.483	0.044	-1.613	0
atac_L12793	LOW	0.083	-0.262	0.324	-1.689	1.667
atac_L12937	LOW	1.779	-0.827	-0.822	-1.622	0
atac_L13110	LOW	1.878	0.409	1.044	-0.769	0
atac_L13129	LOW	3.744	0.419	0.423	-1.416	0
atac_L13286	LOW	1.313	0.109	0.443	-2.124	0
atac_L13287	LOW	0.518	-0.952	1.668	-2.022	2.125
atac_L13318	LOW	1.473	-3.401	-0.858	-2.257	0
atac_L13393	LOW	0.284	0.343	-0.987	-2.121	0
atac_L13405	LOW	1.115	0.167	0.815	-2.25	8
atac_L13450	LOW	0	1.178	1.55	-2.238	0.833
atac_L13467	LOW	-0.365	0.1	1.81	-1.672	16.671
atac_L13522	LOW	1.036	-0.713	0.115	-1.633	0
atac_L13528	LOW	1.952	0.16	0.637	-1.357	0.158
atac_L13598	LOW	-0.35	1	-0.28	-2.594	5.909
atac_L13693	LOW	1.175	-0.908	-0.672	-1.654	0
atac_L13746	LOW	1.446	0.082	-0.418	-1.303	0
atac_L13758	LOW	1.429	1.532	0.198	-2.09	16.75
atac_L13849	LOW	-0.269	0.25	0.375	-2.243	0
atac_L14009	LOW	1.305	-0.986	0.853	-2.365	0
atac_L14077	LOW	-0.511	0.596	-0.127	-2.493	8.833
atac_L14254	LOW	2.752	-0.233	0.38	-2.984	0
atac_L14317	LOW	-0.44	-1.892	-1.778	-1.97	12.5
atac_L14574	LOW	1.903	0.818	-0.451	-2.924	1.25
atac_L14640	LOW	2.635	-1.211	-0.807	-1.319	0
atac_L14681	LOW	0.978	-0.143	-0.099	-1.642	3.5
atac_L14704	LOW	1.374	0.318	0.649	-1.899	1.071
atac_L14705	LOW	1	1.085	0.158	-1.65	0
atac_L14786	LOW	2.516	0.119	-0.703	-2.434	0
atac_L14909	LOW	4.419	0.023	1.077	-1.753	3
atac_L14950	LOW	0.824	0.202	-0.282	-1.525	0
atac_L15012	LOW	4.02	0.398	0.594	-2.47	13.2
atac_L15105	LOW	0.666	0.569	1.393	-2.88	12.625
atac_L15175	LOW	2.275	1.451	0.738	-2.517	6.667
atac_L15224	LOW	0.053	0.477	0.694	-2.415	0
atac_L15300	LOW	2.107	-0.333	-1.618	-2.009	0
atac_L15527	LOW	1.36	-0.92	-0.523	-2.17	0
atac_L15562	LOW	2.711	0.392	0.336	-0.991	0
atac_L15632	LOW	1.156	-1.055	-1.274	-2.052	0
atac_L15677	LOW	0.825	3.653	0.416	-2.438	3.333
atac_L15678	LOW	0.814	1.071	1.03	-2.482	0
atac_L15831	LOW	1.829	0.152	-0.745	-2.057	0
atac_L15832	LOW	2.406	-1.06	-0.627	-1.986	0.3
atac_L16086	LOW	2.108	0.199	0.348	-2.248	4.5
atac_L16101	LOW	2.452	-0.374	0.775	-1.097	1.833
atac_L16103	LOW	0.318	0.732	0.509	-2.092	8.2
atac_L16105	LOW	3.316	0.574	0.387	-1.144	0
atac_L16175	LOW	2.1	-0.084	0.825	-1.471	0.25
atac_L16177	LOW	3.34	-1.384	0.674	-1.715	0
atac_L16200	LOW	1.862	-0.765	0.195	-0.853	0
atac_L16212	LOW	3.16	0.37	-0.446	-1.779	0
atac_L16305	LOW	1.168	-0.758	0.168	-1.57	1.75
atac_L16562	LOW	0.267	0.577	-0.436	-1.798	0
atac_L16842	LOW	-0.932	-1.257	-0.667	-2.131	0
atac_L16863	LOW	0.819	-0.094	0.261	-2.233	18.037
atac_L16873	LOW	1.801	-0.194	-1.135	-1.813	0
atac_L16874	LOW	1.165	-0.59	-0.482	-0.737	0
atac_L16895	LOW	0.291	-0.861	-2.123	-2.472	5.4
atac_L16962	LOW	1.347	0.68	0.337	-1.354	0
atac_L17019	LOW	0.532	0.189	0.998	-1.956	1.5
atac_L17073	LOW	1.171	-0.661	-1.882	-2.495	9.333
atac_L17141	LOW	1.042	0.284	0.254	-1.539	0.286
atac_L17172	LOW	1.203	0.516	0.275	-1.647	0
atac_L17201	LOW	3.544	-4.823	-2.47	-2.888	3.75
atac_L17262	LOW	2.394	0.283	1.058	-2.093	0.1
atac_L17330	LOW	1.146	0.246	1.148	-1.349	4.167
atac_L17408	LOW	-0.915	-1.36	-1.686	-2.466	0.75
atac_L17577	LOW	1.736	-0.075	0.867	-1.391	0
atac_L17600	LOW	0	-0.441	0.136	-1.57	0
atac_L17705	LOW	2.464	-2.993	-0.772	-1.696	0
atac_L17782	LOW	1.588	-0.091	-0.558	-2.407	0
atac_L17885	LOW	1.126	-6.711	-1.562	-2.509	0
atac_L18192	LOW	3.617	-0.744	1.292	-1.878	6.2
atac_L18212	LOW	0.692	-0.321	-1.266	-1.953	0
atac_L18257	LOW	1.39	0.174	0.919	-1.623	0.167
atac_L18402	LOW	0.819	-0.565	-0.709	-1.846	1.25
atac_L18409	LOW	3.1	0.35	0.507	-2.339	0
atac_L18445	LOW	1.651	0.758	0.287	-1.406	0
atac_L18624	LOW	0	0.07	-0.008	-2.246	0
atac_L18638	LOW	3.701	0.39	0.62	-1.539	0
atac_L18654	LOW	1.685	1.311	-1.143	-1.722	3.25
atac_L18763	LOW	0.181	-0.23	0.189	-0.669	0
atac_L18916	LOW	3.906	0.13	-1.414	-1.572	3.833
atac_L18943	LOW	2.077	0.046	1.356	-1.513	0
atac_L19156	LOW	1.654	-0.967	-0.374	-1.38	11.933
atac_L19252	LOW	0.458	0.272	-0.62	-2.645	0
atac_L19265	LOW	1.138	0.369	0.647	-2.119	0.8
atac_L19315	LOW	-0.899	-2.428	-1.319	-1.864	0
atac_L19318	LOW	0.652	0.557	0.037	-1.969	0
atac_L19370	LOW	0.993	-0.791	0.274	-1.036	5.375
atac_L19446	LOW	2.372	1.416	0.87	-1.704	0
atac_L19507	LOW	2.506	-0.052	0.598	-0.958	2.769
atac_L19534	LOW	1.69	-5.663	0.584	-3.224	0.423
atac_L19555	LOW	1.828	-1.221	0.456	-2.121	6.862
atac_L19580	LOW	2.061	0.927	0.303	-1.573	0
atac_L19618	LOW	2.185	1.351	-0.141	-2.117	4.821
atac_L19691	LOW	1.162	0.227	0.619	-2.527	0.111
atac_L19697	LOW	0.732	0.057	0.56	-2.262	0
atac_L19708	LOW	0.464	0.259	0.656	-1.931	0
atac_L19725	LOW	1.404	0.323	1.312	-2.275	0
atac_L19726	LOW	1.391	0.113	1.343	-2.094	0
atac_L19727	LOW	1.815	0.685	1.963	-2.092	0
atac_L19765	LOW	1.632	-0.003	1.04	-1.399	0
atac_L19851	LOW	0.772	0.249	0.077	-2.139	0
atac_L19992	LOW	2.026	0.709	0.594	-1.97	0
atac_L20046	LOW	0	-0.392	0.45	-1.373	0
atac_L20074	LOW	0.184	-0.035	-0.335	-1.177	0
atac_L20148	LOW	-0.452	-0.343	-0.834	-1.691	0
atac_L20149	LOW	1.087	-3.11	-1.287	-2.373	0
atac_L20168	LOW	1.778	-1.675	-3.106	-1.887	16.214
atac_L20173	LOW	-0.761	0.914	-1.064	-2.146	0
atac_L20240	LOW	1.37	0.021	0.691	-2.061	0
atac_L20246	LOW	0.789	-3.469	-2.145	-1.678	0
atac_L20306	LOW	0.4	-0.095	1.082	-2.225	4.562
atac_L20337	LOW	3.341	0.445	0.224	-0.985	1.5
atac_L20409	LOW	1.143	-0.909	0.723	-1.614	0
atac_L20411	LOW	2.081	0.947	1.005	-2.381	14.5
atac_L20431	LOW	1.806	0.653	0.269	-1.869	0.857
atac_L20443	LOW	2.349	0.583	1.519	-1.176	0
atac_L20596	LOW	1.804	-0.062	0.132	-1.417	11.6
atac_L20600	LOW	0.792	1.109	0.879	-1.371	0.3
atac_L20620	LOW	-0.065	0.293	1.193	-1.263	0
atac_L20641	LOW	-0.487	0.419	0.296	-1.851	0.286
atac_L20679	LOW	2.507	-0.045	0.137	-1.57	0.75
atac_L20728	LOW	1.261	-1.01	1.515	-1.995	0
atac_L20732	LOW	2.569	0.009	0.556	-1.986	0
atac_L20734	LOW	0.28	-0.648	1.632	-2.428	0
atac_L20754	LOW	2.841	0.377	0.185	-1.516	0
atac_L20866	LOW	0	0.503	1.754	-2.137	0.216
atac_L20870	LOW	2.603	-0.55	1.082	-1.649	0
atac_L20871	LOW	1.174	0.452	2.499	-2.813	0
atac_L21056	LOW	-0.096	1.905	-0.185	-1.947	0
atac_L21170	LOW	3.181	0.427	0.772	-1.046	0
atac_L21209	LOW	2.739	-0.194	0.066	-1.591	0
atac_L21295	LOW	1.593	0.286	0.212	-2.209	0
atac_L21296	LOW	1.943	-0.599	0.407	-1.163	0
atac_L21337	LOW	1.478	0.493	1.315	-2.629	0
atac_L21390	LOW	2.528	0.947	0.66	-1.892	0
atac_L21434	LOW	0.86	0.151	0.652	-1.646	1.25
atac_L21492	LOW	2.696	-2.059	-1.976	-1.55	0
atac_L21496	LOW	2.657	0.081	0.082	-2.305	0
atac_L21531	LOW	2.029	0.326	2.053	-1.717	1.467
atac_L21589	LOW	1.168	0.607	0.029	-2.378	0
atac_L21600	LOW	1.62	0.316	0.955	-2.42	0
atac_L21605	LOW	2.343	0.394	0.972	-0.141	0.214
atac_L21607	LOW	1.485	1.308	0.538	-2.029	0.667
atac_L21608	LOW	0.42	0.033	0.731	-2.273	0.071
atac_L21617	LOW	0.727	0.206	0.765	-1.768	0.167
atac_L21621	LOW	1.451	0.421	-0.762	-1.368	0.33
atac_L21669	LOW	3.57	0.048	0.964	-1.808	0
atac_L21670	LOW	3.525	-0.32	0.217	-1.58	0
atac_L21681	LOW	1.736	-2.647	0.051	-1.435	0
atac_L21781	LOW	-0.256	-0.473	1.179	-1.476	0
atac_L21826	LOW	2.177	0.375	0.437	-0.267	0
atac_L21882	LOW	1.426	-0.434	-0.487	-1.993	0
atac_L21891	LOW	3.022	0.044	1.183	-1.756	0
atac_L21892	LOW	3.042	-0.256	1.31	-1.878	1
atac_L21969	LOW	1.44	0.327	0.715	-2.069	0
atac_L22074	LOW	1.228	0.097	1.135	-1.806	0
atac_L22136	LOW	1.58	-0.513	-0.026	-1.827	0
atac_L22147	LOW	2.336	-0.481	-0.346	-1.726	5.267
atac_L22223	LOW	1.941	-0.451	-1.713	-1.962	0
atac_L22274	LOW	1.449	0.106	0.282	-1.631	0
atac_L22380	LOW	2.58	-1.232	0.644	-1.695	0
atac_L22381	LOW	1.707	0.757	-0.099	-0.747	0
atac_L22382	LOW	3.193	0.482	0.315	-0.761	1
atac_L22447	LOW	0.987	-0.203	-0.067	-1.506	0
atac_L22546	LOW	2.694	0.115	0.697	-1.753	1.5
atac_L22710	LOW	2.529	-0.812	-0.445	-2.191	0
atac_L22868	LOW	-0.651	0.861	-0.458	-2.434	2.667
atac_L22923	LOW	-0.621	0.718	1.345	-2.053	0
atac_L23126	LOW	-1.026	-0.061	0.445	-1.271	0
atac_L23174	LOW	3.599	0.188	0.874	-0.833	0
atac_L23303	LOW	0.534	0.485	-0.616	-2.14	0.917
atac_L23329	LOW	1.371	-1.044	0.403	-0.522	0
atac_L23565	LOW	1.136	0.395	2.149	-1.439	6.5
atac_L23583	LOW	-0.459	-0.133	0.755	-1.546	0
atac_L23588	LOW	0.332	-0.101	0.737	-2.134	1
atac_L23594	LOW	0.519	-0.278	0.079	-1.82	0
atac_L23998	LOW	3.151	-0.188	0.861	-1.87	0
atac_L24102	LOW	1.153	-4.517	-0.744	-2.499	1.213
atac_L24177	LOW	0.609	-0.463	-2.187	-1.296	0
atac_L24224	LOW	2.988	0.34	0.034	-1.692	0
atac_L24255	LOW	2.379	-0.302	-0.597	-2.049	0
atac_L24305	LOW	2.374	-1.524	-0.801	-1.931	0
atac_L24338	LOW	1.24	0.313	1.032	-1.919	0
atac_L24413	LOW	3.948	0.967	1.555	-1.833	3
atac_L24609	LOW	3.415	-2.161	-3.149	-2.916	0.6
atac_L24644	LOW	1.086	-3.664	-2.747	-2.134	0
atac_L24696	LOW	1.779	-0.13	0.765	-1.508	1.1
atac_L25047	LOW	0.534	-0.094	-0.258	-1.876	0
atac_L25098	LOW	-0.434	-0.332	0.2	-2.134	0
atac_L25104	LOW	2.06	-0.154	0.909	-1.562	0
atac_L25110	LOW	2.62	-0.195	0.62	-1.776	0.358
atac_L25248	LOW	0.166	0.014	-0.228	-1.236	0
atac_L25250	LOW	3.52	-0.049	0.036	-1.222	0
atac_L25270	LOW	1.82	-0.434	0.021	-2.072	0.167
atac_L25273	LOW	2.394	0.239	0.985	-1.868	1
atac_L25433	LOW	0.519	0.649	-0.101	-1.42	0
atac_L25438	LOW	3.905	0.4	-0.126	-0.593	0
atac_L25570	LOW	-0.347	0.298	0.444	-1.88	0.5
atac_L25631	LOW	2.589	0.456	0.179	-1.739	0
atac_L25632	LOW	3.488	-0.077	-0.141	-2.048	1.25
atac_L25658	LOW	0.181	1.812	1.613	-2.502	0.643
atac_L25749	LOW	1.631	0.415	0.76	-1.713	0
atac_L25775	LOW	1.166	0.06	-0.12	-1.967	0
atac_L25846	LOW	-0.752	0.347	-0.041	-1.741	0
atac_L25868	LOW	-0.361	-1.764	-2.625	-2.1	0
atac_L25869	LOW	-0.51	-0.995	-2.639	-1.931	0
atac_L25975	LOW	3.682	-0.158	-0.42	-1.131	3.417
atac_L26034	LOW	1.592	1.521	1.557	-1.71	1.167
atac_L26062	LOW	1.815	0.366	1.033	-1.586	0
atac_L26086	LOW	2.621	0.532	1.022	-2.032	0
atac_L26102	LOW	0.4	0.492	0.243	-1.884	4.5
atac_L26153	LOW	2.074	-0.063	0.931	-1.512	0
atac_L26243	LOW	1.85	-4.939	-6.14	-2.491	0
atac_L26256	LOW	2.553	0.374	0.816	-2.397	0
atac_L26311	LOW	-0.186	-0.376	0.62	-1.405	0
atac_L26481	LOW	2.628	0.246	1.074	-2.199	0
atac_L26505	LOW	-0.613	0.576	0.979	-1.888	0
atac_L26552	LOW	3.338	-2.566	0.899	-1.446	0.083
atac_L26553	LOW	3.216	-3.443	0.311	-1.853	4.333
atac_L26562	LOW	2.009	-0.162	0.608	-1.515	5.5
atac_L26709	LOW	0.718	-3.951	0.143	-1.7	4.667
atac_L26988	LOW	2.774	0.224	0.312	-1.621	0
atac_L27003	LOW	1.029	0.747	0.067	-2.281	0.25
atac_L27149	LOW	1.045	-0.194	0.267	-1.639	0
atac_L27193	LOW	2.507	-0.783	-0.634	-2.012	0
atac_L27405	LOW	2.412	0.968	1.314	-1.86	0
atac_L27455	LOW	-0.995	1.302	0.195	-2.49	0
atac_L27520	LOW	0.749	0.387	-0.082	-1.998	0
atac_L27681	LOW	2.118	-0.422	-0.552	-1.703	0
atac_L27704	LOW	0.746	0.47	-0.879	-1.912	0
atac_L27716	LOW	-0.009	-2.093	-1.546	-2.345	0
atac_L27799	LOW	2.412	-1.02	-1.871	-1.374	0
atac_L27804	LOW	2.386	0.628	-1.448	-2.049	0
atac_L27814	LOW	-1.062	-0.02	0.245	-1.509	0
atac_L27968	LOW	1.128	-0.601	0.056	-1.79	0
atac_L28100	LOW	3.545	0.335	-0.81	-1.483	0.5
atac_L28182	LOW	3.704	0.664	0.363	-1.644	0
atac_L28189	LOW	4.362	0.435	0.191	-1.896	0
atac_L28395	LOW	1.869	-3.088	-1.938	-2.394	0
atac_L28396	LOW	2.25	-0.103	-2.255	-2.653	0
atac_L29028	LOW	3.117	0.446	0.737	-1.401	0
atac_L29141	LOW	2.099	-0.204	0.722	-1.042	0
atac_L29210	LOW	-0.371	-0.495	-0.772	-1.748	0
atac_L29231	LOW	1.868	0.386	-0.359	-2.247	0
atac_L29270	LOW	0.867	-4.302	-2.25	-2.837	0
atac_L29536	LOW	2.64	-0.224	0.673	-2.011	0.08
atac_L30460	LOW	0.172	0.518	0.592	-1.779	0
atac_L30479	LOW	3.569	0.411	0.61	-1.553	0
atac_L30771	LOW	0.051	0.097	0.536	-1.915	0
atac_L30812	LOW	0.178	0.152	0.014	-1.916	5.25
atac_L30852	LOW	0.988	0.491	-0.774	-2.08	0
atac_L30949	LOW	1.559	0.354	0.214	-1.987	0.1
atac_L30969	LOW	-0.783	0.064	0.498	-2.146	0
atac_L31203	LOW	1.547	-0.225	0.796	-1.307	0
atac_L31256	LOW	1.839	0.78	0.697	-1.221	0
atac_L31264	LOW	3.607	0.762	0.203	-1.662	0
atac_L31296	LOW	2.207	0.665	0.148	-1.995	0
atac_L31363	LOW	0.885	-3.414	-1.675	-2.233	0
atac_L31406	LOW	2.703	0.332	0.226	-1.208	0
atac_L31421	LOW	2.993	0.783	-1.767	-1.97	0
atac_L31546	LOW	2.154	0.469	0.268	-1.588	0
atac_L31553	LOW	0	0.639	-1.771	-1.997	0
atac_L31579	LOW	1.024	-0.134	1.512	-2.073	2.3
atac_L31663	LOW	1.251	-3.43	-0.375	-1.911	10.333
atac_L31682	LOW	2.588	0.508	-0.64	-1.754	0.417
atac_L31683	LOW	-0.368	-0.603	-0.129	-2.273	1
atac_L31709	LOW	-1.409	0.431	-0.173	-1.484	10.333
atac_L31848	LOW	1.404	-0.612	0.818	-0.346	1
atac_L31863	LOW	3.112	0.215	0.69	-2.603	6.993
atac_L31867	LOW	0.523	0.413	0.666	-2.385	0.357
atac_L31917	LOW	1.137	-4.762	-1.028	-2.209	8
atac_L32148	LOW	0.749	-2.189	-0.711	-1.85	0
atac_L32212	LOW	0.265	-0.582	-1.728	-2.005	0
atac_L32266	LOW	-0.578	-0.138	0.735	-2.903	0
atac_L32346	LOW	-0.324	-0.474	0.731	-1.377	0.5
atac_L32465	LOW	2.082	0.591	0.395	-1.904	0
atac_L32546	LOW	0.665	-0.188	0.134	-1.645	0
atac_L32626	LOW	1.551	-0.148	1.331	-2.115	0
atac_L32627	LOW	0.345	0.297	0.176	-1.685	0
atac_L32697	LOW	0	0.521	0.546	-2.398	0
atac_L32720	LOW	1.988	0.35	2.425	-1.781	0.1
atac_L32723	LOW	0.513	0.864	0.948	-2.549	0
atac_L32763	LOW	0.822	0.108	0.065	-2.051	0
atac_L32780	LOW	0.67	-1.805	-1.307	-1.829	0
atac_L32871	LOW	-0.345	-0.799	1.469	-1.798	0
atac_L32975	LOW	0.794	0.627	0.944	-1.5	0
atac_L32988	LOW	-0.045	-0.406	0.773	-1.459	0.75
atac_L33088	LOW	0.806	0.952	-1.295	-1.956	8.013
atac_L33167	LOW	0	0.528	0.786	-2.669	3
atac_L33173	LOW	-0.177	0.597	0.957	-1.565	0
atac_L33471	LOW	0.181	-1.038	0.542	-2.009	2.333
atac_L33691	LOW	2.775	0.294	-0.097	-2.105	1.147
atac_L33739	LOW	2.119	-1.082	-1.222	-2.198	18.552
atac_L33794	LOW	1.378	0.582	0.874	-1.52	0
atac_L33838	LOW	1.643	0.201	-0.231	-0.274	12.625
atac_L34075	LOW	2.204	0.312	0.306	-1.845	0.556
atac_L34246	LOW	2.588	0.527	0.654	-1.393	0
atac_L34431	LOW	2.886	0.392	0.374	-1.947	0.176
atac_L34432	LOW	0.443	-0.085	1.26	-1.086	0
atac_L34454	LOW	1.427	0.494	1.359	-2.365	0
atac_L34478	LOW	-0.402	-1.674	-1.64	-2.043	6
atac_L34552	LOW	0.996	0.481	0.986	-0.904	0
atac_L34688	LOW	0.666	0.061	-2.76	-2.003	18
atac_L34806	LOW	0.876	0.42	-1.378	-2.525	1.9
atac_L34838	LOW	3.27	0.424	0.406	-1.793	0
atac_L34839	LOW	4.03	0.185	0.96	-1.228	0.125
atac_L34890	LOW	1.87	1.903	1.968	-1.659	0
atac_L34928	LOW	1.549	0.611	0.815	-1.587	0
atac_L34929	LOW	0.781	0.447	0.705	-1.952	3
atac_L35025	LOW	1.638	-0.229	-1.084	-1.596	1.75
atac_L35056	LOW	0.921	-1.041	0.231	-1.851	0
atac_L35111	LOW	1.18	0.683	0.337	-2.299	0
atac_L35115	LOW	2.067	0.208	-1.352	-1.844	0
atac_L35259	LOW	0.68	0.214	1.001	-2.05	0
atac_L35278	LOW	-1.088	0.593	-0.385	-1.696	0.625
atac_L35315	LOW	2.645	-0.675	0.073	-1.193	0
atac_L35319	LOW	2.528	0.498	-0.782	-2.475	0
atac_L35367	LOW	0.533	-3.147	0.194	-2.353	1
atac_L35518	LOW	0.761	-4.417	-2.193	-2.315	3
atac_L35588	LOW	1.621	0.663	0.911	-1.873	1.333
atac_L35628	LOW	2.667	0.557	0.099	-1.488	0
atac_L35629	LOW	1.601	-0.115	-0.387	-1.554	0.429
atac_L35631	LOW	3.293	0.389	0.333	-1.536	0.25
atac_L35882	LOW	0.606	-3.135	-3.065	-1.753	0
atac_L35901	LOW	0.047	-0.068	-0.572	-1.402	3.714
atac_L35947	LOW	0.883	0.671	0.084	-1.422	0
atac_L35978	LOW	3.109	0.451	0.635	-1.2	0
atac_L35983	LOW	1.877	-0.741	0.096	-1.26	0
atac_L36122	LOW	0.081	-1.104	0.484	-1.72	0
atac_L36162	LOW	2.322	0.357	0.602	-1.348	0
atac_L36181	LOW	0.927	0.413	0.392	-2.287	13
atac_L36183	LOW	0.811	-1.304	-0.415	-1.894	0
atac_L36258	LOW	1.168	0.104	0.514	-0.167	0
atac_L36455	LOW	0.342	-3.385	-0.247	-1.277	3.417
atac_L36487	LOW	0	-2.353	-0.247	-3.088	0.111
atac_L36513	LOW	0.97	-4.296	-1.042	-2.241	0
atac_L36580	LOW	1.041	-0.942	-2.059	-0.95	0
atac_L36844	LOW	1.165	-0.111	0.346	-1.164	0
atac_L36845	LOW	2.092	0.463	-0.16	-1.13	0
atac_L37046	LOW	0.522	-0.425	0.574	-1.803	1.5
atac_L37073	LOW	-0.74	0.62	1.045	-1.965	0
atac_L37074	LOW	-0.764	0.164	1.133	-2.577	5.714
atac_L37281	LOW	2.704	0.277	0.772	-1.836	0.136
atac_L37282	LOW	3.053	-0.416	0.972	-1.662	0.462
atac_L37305	LOW	1.733	0.509	0.086	-2.276	0
atac_L37537	LOW	1.279	0.091	-0.174	-1.651	0
atac_L37611	LOW	1.242	0.363	0.706	-1.291	0
atac_L37663	LOW	0.189	0.764	1.322	-1.978	0
atac_L37697	LOW	0.823	0.299	0.686	-2.124	4.092
atac_L37793	LOW	1.665	1.154	0.161	-2.157	0.286
atac_L37812	LOW	0.813	-2.17	-2.284	-2.119	0
atac_L37817	LOW	1.658	-2.724	-1.719	-1.759	0
atac_L37818	LOW	0.769	-1.636	-1.952	-1.83	0
atac_L37840	LOW	2.114	0.497	0.91	-1.462	0
atac_L37939	LOW	1.611	0.439	-0.201	-1.41	0
atac_L37940	LOW	2.765	0.326	0.562	-1.519	4.875
atac_L37994	LOW	2.544	0.244	0.069	-2.302	0.062
atac_L38093	LOW	3.906	-0.238	0.068	-0.853	0
atac_L38136	LOW	1.309	0.932	0.764	-1.198	0
atac_L38165	LOW	-0.958	-1.416	-0.817	-2.452	7.5
atac_L38237	LOW	1.596	-0.017	-0.27	-1.499	0
atac_L38267	LOW	1.824	-0.286	1.128	-1.195	0
atac_L38281	LOW	1.005	0.041	0.079	-1.952	2
atac_L38282	LOW	0.802	-0.32	0.128	-1.737	0
atac_L38283	LOW	1.827	0.535	0.869	-1.757	2.751
atac_L38312	LOW	1.098	-1.05	-5.865	-2.236	2.087
atac_L38368	LOW	0.094	0.974	0.419	-1.89	0
atac_L38430	LOW	1.378	0.228	0.117	-1.185	4.1
atac_L38495	LOW	1.923	0.305	0.846	-1.793	0
atac_L38526	LOW	0.251	-0.679	-1.14	-2.243	0.25
atac_L38626	LOW	1.171	0.253	-0.13	-2.235	0
atac_L38702	LOW	3.579	0.606	0.444	-1.321	0
atac_L38721	LOW	1.199	-3.854	-1.998	-2.647	0.154
atac_L38727	LOW	2.395	0.4	-0.329	-1.673	0
atac_L38873	LOW	1.554	-0.176	-0.297	-1.376	0.2
atac_L38948	LOW	-0.976	0.37	0.162	-1.889	0
atac_L38953	LOW	1.148	-1.175	-1.254	-1.629	1.8
atac_L38982	LOW	1.487	-0.64	-0.104	-2.029	0
atac_L39123	LOW	1.439	-1.561	-3.27	-3.116	18
atac_L39393	LOW	1.017	-0.141	-1.763	-2.57	0
atac_L39448	LOW	3.444	0.376	0.337	-1.912	0
atac_L39539	LOW	2.826	0.397	-0.424	-2.076	0
atac_L39540	LOW	1.211	0.373	-1.064	-1.667	0
atac_L39541	LOW	1.293	0.275	-0.154	-1.906	0
atac_L39553	LOW	1.395	0.301	0.484	-1.091	0
atac_L39590	LOW	2.615	0.059	0.326	-1.181	0.5
atac_L39591	LOW	2.765	-0.15	0.927	-1.994	2.667
atac_L39664	LOW	2.358	-2.061	-0.188	-1.667	0
atac_L39767	LOW	2.704	-0.858	-0.022	-1.896	0.474
atac_L39896	LOW	2.237	-0.316	-0.885	-1.432	0
atac_L39900	LOW	2.93	0.571	0.055	-2.908	0.75
atac_L39920	LOW	0.051	0.144	-0.564	-1.632	0
atac_L39929	LOW	1.139	0.168	0.929	-1.852	0
atac_L39957	LOW	2.588	0.51	0.643	-1.719	0
atac_L40060	LOW	0	0.135	0.984	-1.577	0
atac_L40073	LOW	0.923	-0.67	-1.942	-1.702	0
atac_L40102	LOW	0.159	-0.703	0.527	-2.295	9.633
atac_L40144	LOW	4.384	-5.587	1.107	-1.866	1.567
atac_L40247	LOW	2.883	-0.617	-0.221	-1.385	2.5
atac_L40250	LOW	1.634	0.705	0.59	-2.459	2.2
atac_L40293	LOW	2.922	0.928	0.243	-2.426	1.286
atac_L40321	LOW	1.898	0.702	0.688	-1.882	0
atac_L40452	LOW	4.238	0.422	1.304	-0.874	0
atac_L40598	LOW	0.948	-3.651	0.358	-0.817	0
atac_L40743	LOW	2.998	0.504	0.044	-1.588	0
atac_L40798	LOW	-0.19	-2.816	-0.756	-1.721	0
atac_L40885	LOW	0.341	-1.989	-1.703	-1.445	5.417
atac_L40903	LOW	1.997	0.557	1.405	-1.084	0
atac_L40904	LOW	1.388	0.692	0.869	-0.741	0.25
atac_L40921	LOW	1.12	0.671	0.271	-1.681	0
atac_L41002	LOW	2.562	-4.639	-7.139	-3.014	7
atac_L41064	LOW	1.044	-5.29	-2.298	-2.725	6.125
atac_L41131	LOW	2.881	0.039	0.756	-1.793	0
atac_L41192	LOW	2.624	0.593	0.644	-2.116	0.25
atac_L41193	LOW	2.165	0.553	-0.625	-1.439	0
atac_L41194	LOW	2.335	-3.681	-0.551	-1.429	0
atac_P00068	LOW	2.763	0.734	0.308	-1.211	0
atac_P00289	LOW	3.605	0.282	0.726	-1.496	0.692
atac_P00460	LOW	0.823	-0.142	0.553	-2.16	0
atac_P00501	LOW	2.113	-0.045	-0.239	0.36	0
atac_P00567	LOW	-0.31	-1.79	0.666	-2.242	0
atac_P00625	LOW	2.484	0.245	-0.669	-1.52	0
atac_P01227	LOW	-0.892	-0.428	0.081	-2.448	0
atac_P01305	LOW	0.975	1.108	1.493	-2.736	16.736
atac_P01334	LOW	0.785	-1.046	-0.446	-2.391	0
atac_P01497	LOW	-1.113	0.378	0.962	-1.883	0
atac_P01573	LOW	1.621	0.972	-0.655	-1.83	0
atac_P01676	LOW	1.384	-1.402	1.306	-2.657	0
atac_P01799	LOW	2.912	-2.157	-0.539	-0.672	7.25
atac_P01830	LOW	0.995	1.376	-0.624	-1.857	0
atac_P01848	LOW	0.068	0.042	-0.498	-1.69	8.5
atac_P01974	LOW	2.208	0.46	-0.106	-1.562	0
atac_P02081	LOW	2.193	-0.494	0.481	-1.327	0.412
atac_P02280	LOW	0.612	0.116	0.389	-1.859	0
atac_P02295	LOW	-0.087	-0.901	-0.91	-2.161	0.5
atac_P02320	LOW	2.029	1.234	1.127	-1.31	0
atac_P02478	LOW	2.576	-0.556	-0.439	-2.121	0
atac_P02645	LOW	0.162	0.487	-0.39	-0.846	0.1
atac_P02713	LOW	4.292	0.542	-0.179	-1.065	0
atac_P02758	LOW	2.241	0.076	0.662	-1.749	0
atac_P02855	LOW	1.906	0.177	0.514	-1.679	5
atac_P02860	LOW	1.308	-2.156	-0.165	-1.263	2.75
atac_P02972	LOW	2.319	0.278	0.125	-1.056	0
atac_P03037	LOW	1.332	-0.408	-0.172	-1.22	6.5
atac_P03090	LOW	3.401	0.014	0.324	-1.856	0
atac_P03091	LOW	-0.876	0.372	-0.019	-2.309	0
atac_P03186	LOW	2.396	0.674	0.359	-1.571	0
atac_P03207	LOW	0.988	-0.23	-1.368	-1.45	0.6
atac_P03294	LOW	1.091	0.414	-0.08	-2.022	14.875
atac_P03357	LOW	3.313	0.647	1.419	-1.634	0
atac_P03450	LOW	0.718	0.428	-2.585	-2.654	3.556
atac_P03481	LOW	-0.331	-0.385	0.164	-2.315	0
atac_P03497	LOW	1.546	-0.366	-0.176	-1.334	13.875
atac_P03578	LOW	2.822	0.615	-0.223	-1.242	0
atac_P03609	LOW	-0.924	-0.674	-0.55	-1.551	0
atac_P03711	LOW	2.652	0.202	0.319	-1.512	0
atac_P03824	LOW	-0.68	-0.01	0.382	-1.82	0
atac_P03830	LOW	1.864	0.67	0.279	-1.628	0
atac_P03928	LOW	2.619	-0.439	0.179	-1.86	0.333
atac_P03931	LOW	-0.305	0.593	0.236	0.197	0
atac_P03963	LOW	1.376	2.778	2.175	-2.513	7.487
atac_P04138	LOW	1.336	0.147	-1.198	-1.197	0
atac_P04183	LOW	0.167	0.757	1.025	-1.679	2.4
atac_P04350	LOW	-0.437	0.809	-0.502	-2.166	0.667
atac_P04500	LOW	2.111	0.424	1.117	-2.227	0
atac_P04562	LOW	1.371	-3.64	-1.964	-1.739	12.333
atac_P04579	LOW	-0.601	0.494	0.91	-2.493	11
atac_P04580	LOW	1.416	0.334	0.423	-2.083	19.2
atac_P05032	LOW	0.35	-0.427	0.783	-1.843	4
atac_P05230	LOW	2.862	0.382	1.057	-1.095	2.333
atac_P05357	LOW	1.281	-0.209	-1.089	-2.173	18.353
atac_P05509	LOW	0.618	0.174	0.204	-2.214	0
atac_P05563	LOW	2.657	-1.604	0.324	-1.592	0.75
atac_P05580	LOW	0.937	-1.381	0.115	-1.085	7.5
atac_P05980	LOW	1.288	0.263	0.178	-1.87	0.6
atac_P06047	LOW	3.714	0.646	0.903	-2.261	0.857
atac_P06163	LOW	1.645	0.702	-0.747	-1.885	0
atac_P06199	LOW	0.245	-2.33	0.466	-0.854	0.667
atac_P06285	LOW	-0.167	-0.152	-1.016	-1.976	0.333
atac_P06349	LOW	0.765	0.23	0.626	-1.585	0
atac_P06573	LOW	1.121	-0.029	0.007	-1.361	5.5
atac_P06586	LOW	2.628	0.448	0.588	-1.872	0
atac_P06587	LOW	2.751	0.235	0.989	-0.772	1.333
atac_P06753	LOW	2.61	0.211	0.827	-1.418	0.5
atac_P06791	LOW	2.185	0.382	0.461	-1.947	0
atac_P06798	LOW	1.143	-0.156	-1.13	-2.03	0
atac_P06820	LOW	1.462	-1.708	-2.161	-1.896	0.9
atac_P07012	LOW	0.052	-2.52	-1.385	-2.672	0
atac_P07027	LOW	2.547	1.194	-2.781	-1.825	0
atac_P07077	LOW	1.101	-0.517	-0.621	-1.292	0
atac_P07220	LOW	1.071	0.01	0.276	-2.459	0
atac_P07233	LOW	1.544	-3.646	-5.801	-2.009	0
atac_L00450	MID	1.904	-0.341	-0.547	-1.883	37.5
atac_L00485	MID	-0.749	-3.627	-2.506	-2.289	71
atac_L00668	MID	-0.353	0.039	-0.808	-1.274	45
atac_L00677	MID	-1.248	-1.502	-0.407	-2.673	78.5
atac_L00691	MID	0.628	-4.817	-2.189	-3.008	75
atac_L01309	MID	-0.946	-2.236	0.216	-2.619	79
atac_L01364	MID	1.407	0.085	0.829	-2.18	70.444
atac_L01605	MID	-1.276	0.424	-0.899	-2.601	59
atac_L01777	MID	2.374	-3.941	-3.496	-1.564	50
atac_L01795	MID	-0.885	-2.062	-0.635	-2.772	75
atac_L01819	MID	-0.657	-0.342	-0.927	-2.805	76
atac_L01846	MID	0.528	1.144	-0.279	-1.586	37.917
atac_L02007	MID	2.227	-0.473	0.008	-2.135	63.25
atac_L02016	MID	1.148	-0.134	1.307	-2.531	78.455
atac_L02023	MID	-0.884	-4.126	-3.146	-2.88	50
atac_L02410	MID	2.241	-0.05	0.717	-2.103	47.4
atac_L02411	MID	2.588	0.513	0.526	-2.832	29.75
atac_L02464	MID	-0.01	-5.801	-0.961	-2.671	75
atac_L02572	MID	1.473	0.855	0.33	-2.195	36
atac_L02608	MID	1.33	-2.773	-1.189	-1.982	48.5
atac_L02761	MID	-0.154	-0.035	0.649	-2.205	26
atac_L03343	MID	0.655	-0.379	-0.013	-2.224	69
atac_L03656	MID	2.873	-0.23	1.175	-1.645	21.3
atac_L03887	MID	-0.661	-4.084	-2.587	-2.239	50
atac_L03895	MID	2.723	4.329	1.827	-2.892	69
atac_L04648	MID	1.882	0.845	0.285	-1.907	44.438
atac_L04724	MID	0.72	-0.305	1.474	-2.002	33.839
atac_L05026	MID	1.62	0.762	1.083	-2.234	20.667
atac_L05031	MID	-0.899	0.367	0.92	-2.55	41.25
atac_L05122	MID	1	-2.721	-2.54	-2.393	76.75
atac_L05739	MID	0.893	0.598	0.07	-1.672	79
atac_L05740	MID	0.925	0.07	-0.018	-1.898	53.921
atac_L05849	MID	-0.325	-1.007	-2.942	-2.504	74.125
atac_L06083	MID	0.523	-2.001	-1.347	-2.653	67.5
atac_L06539	MID	0.406	-3.785	-1.109	-2.614	66.231
atac_L06581	MID	0.889	-3.553	-1.335	-2.547	70.5
atac_L06905	MID	-0.628	0.739	0.42	-1.436	26.5
atac_L07232	MID	1.399	-3.526	-0.629	-1.272	71
atac_L07377	MID	0.818	-4.243	-1.001	-2.762	50
atac_L07444	MID	-0.329	-5.118	-3.048	-2.575	76.6
atac_L07623	MID	1.178	0.182	-0.473	-2.804	49.75
atac_L07657	MID	-0.501	-6.154	-3.138	-2.279	73.5
atac_L07964	MID	1.449	-0.452	-2.211	-2.682	78.333
atac_L08058	MID	-0.402	-5.463	-2.568	-2.674	66
atac_L08093	MID	1.164	0.284	-0.081	-2.211	23
atac_L08497	MID	1.183	0.562	-1.648	-2.842	50.5
atac_L08602	MID	-0.991	-4.299	-1.992	-2.787	41
atac_L08618	MID	1.539	-0.185	0.349	-2.71	78.5
atac_L08728	MID	2.055	0.565	0.368	-1.351	25.167
atac_L08755	MID	0.217	-7.092	-1.667	-2.566	74
atac_L08822	MID	2.266	0.319	1.439	-2.379	55
atac_L08962	MID	3.521	-0.188	0.397	-0.631	29.75
atac_L09196	MID	-0.265	-4.6	-2.426	-2.744	77
atac_L09219	MID	1.186	1.137	-2.692	-2.568	25.133
atac_L09483	MID	1.275	0.301	-0.422	-1.715	30.214
atac_L09496	MID	-0.362	-2.314	-2.601	-2.722	77.5
atac_L09609	MID	1.354	-0.194	0.3	-2.728	64.667
atac_L09884	MID	2.16	1.53	0.594	-1.816	59.567
atac_L10139	MID	0	-2.479	-0.344	-2.772	60
atac_L10197	MID	0	0.239	2.343	-2.784	76
atac_L10293	MID	-1.3	-5.043	-1.966	-2.469	79
atac_L10617	MID	1.788	0.337	1.394	-1.969	61
atac_L10639	MID	1.72	0.05	-0.09	-2.153	66.542
atac_L10726	MID	0.519	-2.761	-2.503	-2.805	42
atac_L10789	MID	1.421	1	0.048	-1.057	33.5
atac_L10903	MID	4.727	-1.519	-2.018	1.008	57.917
atac_L11016	MID	0.525	-0.577	-1.435	-2.75	74.333
atac_L11417	MID	0.79	-0.797	-0.423	-2.777	68.5
atac_L11821	MID	-0.65	-0.106	-1.699	-2.392	36.143
atac_L12031	MID	-1.408	-2.59	-1.086	-2.693	65.333
atac_L12267	MID	1.335	-3.796	-0.919	-2.692	64.333
atac_L12995	MID	-0.168	-6.525	-3.405	-2.663	68.75
atac_L13073	MID	-0.093	-6.51	-3.553	-2.682	78
atac_L13165	MID	1.42	0.939	1.047	-1.909	57.417
atac_L13330	MID	-0.484	1.361	-1.66	-2.489	28.15
atac_L13895	MID	2.582	-0.238	0.176	-1.661	22
atac_L13975	MID	3.36	0.379	0.292	-2.72	62.9
atac_L14118	MID	-0.192	0.991	-0.387	-2.3	68
atac_L14152	MID	0.72	-0.08	-1.016	-1.617	70.3
atac_L14153	MID	0.892	0.317	-0.224	-2.401	78.875
atac_L14570	MID	0	-3.277	-5.051	-2.193	54.956
atac_L14592	MID	-0.626	0.774	-0.102	-2.748	66
atac_L15312	MID	0.826	-3.241	-2.667	-2.549	77
atac_L15320	MID	2.337	0.986	-0.473	-2.728	71
atac_L15511	MID	3.965	-0.952	1.089	-1.523	27.667
atac_L15764	MID	3.653	-4.99	1.693	-1.695	43.55
atac_L15783	MID	1.248	-6.662	-1.787	-2.444	77.667
atac_L15834	MID	0.803	-0.116	-1.705	-2.301	58.25
atac_L16006	MID	2.057	0.843	2.739	-2.036	64.75
atac_L16264	MID	1.457	-1.267	-0.754	-2.407	24.438
atac_L16905	MID	0.633	-2.969	-0.97	-2.755	72
atac_L16925	MID	-1.057	-2.174	-1.615	-2.685	78
atac_L17003	MID	-0.881	-4.176	-2.394	-3.059	78.167
atac_L17139	MID	-0.618	-3.082	2.286	-2.689	68.209
atac_L17228	MID	1.177	-1.809	0.352	-2.328	73.333
atac_L17317	MID	0.327	-2.929	-2.271	-2.489	70.125
atac_L17320	MID	-0.8	-3.838	-2.148	-2.765	76.667
atac_L17381	MID	-0.613	-4.354	-2.186	-2.867	56.333
atac_L17463	MID	0.285	2.948	2.633	-2.558	78.5
atac_L17626	MID	-0.17	1.157	0.998	-2.081	51
atac_L17792	MID	0.277	-3.197	-2.646	-2.266	32.75
atac_L18027	MID	-0.359	-3.585	-0.608	-3.15	66
atac_L18134	MID	0.408	-3.613	-2.899	-2.644	72.667
atac_L18317	MID	1.188	-3.11	-0.157	-2.779	69
atac_L18319	MID	1.818	0.891	0.312	-2.852	70.875
atac_L18567	MID	1.358	1.562	0.828	-0.926	68.667
atac_L18568	MID	1.338	1.455	1.16	-1.326	79.25
atac_L18676	MID	-0.861	-4.12	-1.5	-2.78	39
atac_L18720	MID	0.406	-5.148	-0.557	-2.588	70.333
atac_L18942	MID	2.078	-1.632	-1.819	-2.238	68.25
atac_L19602	MID	0.382	-1.019	1.525	-1.426	30
atac_L20452	MID	2.299	1.539	1.132	-1.625	42
atac_L20467	MID	1.189	-2.535	-0.578	-2.589	53
atac_L20564	MID	1.599	0.445	1.231	-1.7	29.5
atac_L20704	MID	3.981	0.893	0.978	-1.443	31.667
atac_L20824	MID	2.051	-0.977	-0.919	-1.976	60.5
atac_L20898	MID	-0.358	-4.761	-2.484	-2.871	47
atac_L20964	MID	1.186	0.519	-0.227	-2.767	65
atac_L21118	MID	-0.882	0.394	0.291	-2.567	71
atac_L21201	MID	2.955	0.046	0.293	-1.238	20.5
atac_L21247	MID	1.007	-0.233	-0.019	-2.453	77.5
atac_L21421	MID	1.14	-0.384	-0.428	-1.026	71.167
atac_L21445	MID	0.524	-2.261	0.091	-2.624	60.5
atac_L21525	MID	0	-2.66	-3.105	-2.667	71
atac_L21658	MID	2.071	-1.412	0.648	-2.254	48
atac_L21766	MID	1.769	1.057	0.167	-2.185	70.625
atac_L21876	MID	0.905	0.832	0.433	-2.267	42.25
atac_L21887	MID	1.781	1.494	0.366	-1.663	78.225
atac_L21917	MID	1.138	1.014	0.537	-1.884	49.5
atac_L22000	MID	0.432	-4.441	-2.307	-2.705	71.5
atac_L22053	MID	0.818	0.096	-0.341	-2.198	76
atac_L22054	MID	-0.611	-4.281	-0.579	-2.87	77
atac_L22183	MID	1.191	-2.086	0.278	-2.842	75.583
atac_L22420	MID	-0.988	-4.128	-2.958	-3.042	54
atac_L22716	MID	-0.773	0.624	0.446	-2.306	31.5
atac_L22932	MID	-1.05	-4.243	-0.86	-2.928	44
atac_L22954	MID	1.609	0.266	0.74	-1.461	77.083
atac_L23736	MID	1.358	0.632	0.771	-1.973	40.75
atac_L24489	MID	2.204	2.028	2.228	-2.396	53.6
atac_L24755	MID	0.531	-1.325	-0.391	-2.573	78.833
atac_L25138	MID	1.596	-0.354	1.162	-1.698	55
atac_L25244	MID	1.15	-1.928	0.574	-2.925	53
atac_L25289	MID	2.873	0.802	0.579	-1.801	45.775
atac_L25299	MID	1.834	-3.114	-1.478	-2.818	75
atac_L25372	MID	1.664	-1.419	-0.056	-2.443	67
atac_L25614	MID	3.709	-0.293	-0.352	-1.906	49.657
atac_L25839	MID	-0.31	-3.718	-1.09	-2.86	67.6
atac_L26044	MID	0.599	-5.02	-4.114	-2.65	53
atac_L26064	MID	0.257	-3.02	-0.837	-2.55	70.75
atac_L26325	MID	-1.005	-2.198	-0.757	-2.772	70.333
atac_L26326	MID	-0.281	-6.918	-4.127	-3.117	60.857
atac_L26412	MID	1.02	0.69	0.22	-1.919	75.25
atac_L26473	MID	-0.356	-1.021	0.015	-2.023	39
atac_L26642	MID	1.184	-0.256	0.591	-2.827	76.5
atac_L26652	MID	-1.4	-6.361	-4.486	-2.746	34
atac_L26872	MID	1.74	0.06	0.96	-2.223	37.167
atac_L26959	MID	-0.271	-5.299	-3.285	-2.885	77.833
atac_L26999	MID	-0.656	-0.174	0.741	-2.81	72
atac_L27049	MID	2.433	0.122	0.956	-0.964	52.5
atac_L27054	MID	1.473	0.31	0.907	-1.938	50
atac_L27192	MID	2.471	-1.805	-0.899	-2.04	30.451
atac_L27335	MID	-0.577	-2.61	-2.199	-2.313	68.5
atac_L27358	MID	1.538	0.521	1.284	-2.389	71
atac_L27386	MID	2.743	0.452	-0.976	-0.516	73.5
atac_L27423	MID	2.335	1.052	-0.982	-1.503	30.818
atac_L27486	MID	3.116	0.499	-1.096	-2.142	77.75
atac_L27624	MID	-0.885	-5.497	-3.865	-2.704	65
atac_L27625	MID	0.543	-1.993	-2.133	-2.614	72
atac_L27665	MID	-0.639	0.54	1.335	-2.825	77.5
atac_L27761	MID	0.32	-3.291	-1.872	-2.438	66.25
atac_L27803	MID	2.406	-0.245	0.67	-2.269	31
atac_L27813	MID	-0.182	1.092	-0.189	-2.973	76.667
atac_L27884	MID	-1.315	-7.713	-2.398	-2.439	79.5
atac_L28041	MID	-0.606	-4.816	-2.534	-2.573	48
atac_L28157	MID	-0.511	-5.72	-1.265	-2.863	64
atac_L28623	MID	0.877	-3.473	-1.82	-2.686	68
atac_L28980	MID	-0.009	-4.163	-2.762	-2.605	68
atac_L29078	MID	0.528	0.684	0.08	-2.766	60
atac_L29252	MID	-0.648	-0.742	0.505	-2.389	73
atac_L29266	MID	-0.18	-2.34	-0.824	-2.891	37.5
atac_L29308	MID	0.533	-4.81	-2.581	-2.841	65.5
atac_L29436	MID	-1.003	-1.129	-2.472	-2.892	78
atac_L30773	MID	1.519	0.486	0.296	-2.833	52.5
atac_L30982	MID	-0.459	-2.492	-0.39	-2.171	50
atac_L31012	MID	1.132	-3.167	-3.12	-2.307	48.875
atac_L31409	MID	-0.176	0.427	-2.382	-2.594	40.833
atac_L31531	MID	2.07	0.485	0.291	-2.476	70.083
atac_L31596	MID	1.147	-0.331	0.735	-2.243	34.75
atac_L31877	MID	0.057	-2.156	-2.67	-2.981	72.6
atac_L32260	MID	2.324	1.27	0.442	-2.024	54.611
atac_L32303	MID	-0.255	-0.563	0.436	-2.382	66
atac_L32306	MID	1.632	-1.858	-1.253	-1.697	75.8
atac_L32320	MID	-0.889	-2.49	0.211	-2.763	60
atac_L32412	MID	1.645	-3.777	0.173	-2.619	36.5
atac_L32936	MID	0.533	-3.903	-0.136	-3.078	67.6
atac_L33007	MID	-1.255	-5.211	-2.134	-2.847	75
atac_L33059	MID	0.882	-2.786	-1.63	-2.727	66.5
atac_L33087	MID	0.818	0.681	-0.859	-1.488	66
atac_L33276	MID	0.815	-5.294	-3.613	-2.581	26
atac_L33450	MID	-0.177	-3.472	-2.315	-2.473	59.5
atac_L33479	MID	-0.255	-0.748	-1.574	-2.359	62.5
atac_L33486	MID	0.076	-4.455	-3.04	-2.62	78.167
atac_L33751	MID	0.932	0.234	-1.374	-2.264	27.267
atac_L33936	MID	-0.893	-3.5	-1.893	-2.969	61
atac_L34030	MID	1.123	0.186	-0.026	-2.594	45.5
atac_L34195	MID	0.815	-2.72	-3.528	-2.715	67
atac_L34222	MID	1.269	0.26	-0.93	-1.159	27.2
atac_L34277	MID	1.461	-7.106	-3.456	-2.457	77.5
atac_L34292	MID	0.083	-2.485	-0.21	-3.114	71.25
atac_L34609	MID	1.529	0.249	0.043	-2.926	76.2
atac_L34635	MID	-0.178	-2.074	-0.993	-2.958	72
atac_L34891	MID	1.694	-2.584	-3.122	-2.465	40
atac_L34970	MID	0.058	0.677	1.652	-2.677	54.75
atac_L35091	MID	0.65	-3.546	-0.693	-2.22	63.857
atac_L35118	MID	-0.902	-3.749	-0.988	-1.56	64
atac_L35247	MID	0.672	-1.271	-0.456	-2.962	65.5
atac_L35317	MID	0.432	1.31	2.379	-2.147	79
atac_L35467	MID	-0.869	-3.906	-0.847	-2.78	60
atac_L35478	MID	1.438	-0.317	-0.217	-2.216	33
atac_L35501	MID	-1.191	-2.425	-1.15	-3.19	30
atac_L35553	MID	0.505	-0.607	0.444	-2.531	57.917
atac_L35640	MID	1.231	-4.742	-1.285	-2.589	69.333
atac_L35723	MID	1.126	-4.108	-2.714	-2.398	78.286
atac_L35956	MID	-0.863	-0.643	-1.792	-2.499	53.5
atac_L36088	MID	1.907	-0.597	0.577	-2.067	68.775
atac_L36290	MID	-0.64	-5.689	-4.056	-2.914	78
atac_L36435	MID	1.13	-0.662	0.818	-2.335	69
atac_L36437	MID	2.575	-3.827	-4.795	-1.973	43.833
atac_L36623	MID	1.301	-1.306	-1.742	-2.699	69.75
atac_L36624	MID	1.307	-1.428	-0.583	-2.469	63.667
atac_L37048	MID	0.984	0.161	0.551	-2.167	65.75
atac_L37118	MID	0	0.852	0.361	-1.674	36.75
atac_L37131	MID	0.979	-7.004	-4.821	-2.752	72
atac_L37337	MID	1.177	2.063	1.257	-2.121	36.333
atac_L37362	MID	3.469	-1.072	-1.709	-2.964	23.304
atac_L37449	MID	-0.519	-4.369	0.912	-2.896	63
atac_L37612	MID	-0.644	NA	0.603	-2.941	69.625
atac_L37636	MID	1.037	0.775	0.71	-1.829	45.333
atac_L37741	MID	1.183	0.007	0.632	-2.457	64.333
atac_L37792	MID	0.82	-0.892	-1.409	-2.761	75
atac_L37933	MID	-0.772	-5.288	-2.678	-2.641	79.667
atac_L38034	MID	1.485	-4.993	-2.264	-2.967	66
atac_L38133	MID	2.229	2.689	0.742	-2.614	31.589
atac_L38147	MID	0	-1.384	-0.748	-2.35	76
atac_L38265	MID	1.166	3.895	2.271	-3.082	30.9
atac_L38387	MID	0.543	-0.058	-2.465	-2.564	77.75
atac_L38677	MID	0.169	-4.468	-1.345	-2.378	78
atac_L39014	MID	1.189	-2.085	-1.598	-2.916	76.25
atac_L39204	MID	-0.34	-1.798	-1.176	-2.717	76.5
atac_L39277	MID	0.98	-1.887	-0.875	-2.759	77
atac_L39358	MID	0.811	-5.726	-1.886	-2.814	77.333
atac_L39747	MID	-0.979	-5.347	-1.46	-2.799	72.75
atac_L39816	MID	1.18	1.47	2.153	-2.482	31.917
atac_L39979	MID	-0.773	-0.067	-2.1	-2.632	62.5
atac_L39986	MID	0.931	1.675	1.345	-1.454	70.613
atac_L39991	MID	-0.651	-1.09	-0.393	-2.725	78.75
atac_L40167	MID	0.526	-3.394	-0.743	-3.025	79.5
atac_L40192	MID	1.145	-1.129	-0.234	-2.984	47.5
atac_L40460	MID	-0.878	-2.054	-2.59	-2.498	78
atac_L40557	MID	-0.18	0.31	0.08	-2.202	56.5
atac_L40745	MID	0.522	0.689	1.899	-2.148	33.833
atac_P00031	MID	1.157	1.104	-0.196	-2.552	26.9
atac_P00132	MID	-0.685	-0.706	-0.472	-2.123	66.625
atac_P00189	MID	1.039	-3.566	-3.149	-2.598	72
atac_P00288	MID	3.001	0.829	0.187	-2.654	43.5
atac_P00357	MID	1.617	0.424	0.986	-1.539	20.625
atac_P00690	MID	-0.595	-4.593	-3.62	-2.458	74.833
atac_P00702	MID	-1.062	-5.559	-1.661	-2.789	73
atac_P00755	MID	-0.235	-4.091	-0.825	-2.538	76.5
atac_P01500	MID	1.093	-4.841	-3.024	-2.25	79.125
atac_P01864	MID	0.902	0.826	1.343	-2.654	79.25
atac_P02069	MID	-0.494	0.7	0.793	-2.55	52
atac_P02395	MID	0.26	-0.19	0.17	-2.66	71
atac_P02859	MID	1.323	-0.79	-0.243	-2.139	46.667
atac_P03189	MID	0.493	1.058	0.441	-2.662	59
atac_P03469	MID	1.743	0.178	0.48	-2.11	65.152
atac_P03765	MID	-1.82	-5.416	-2.501	-2.685	65.333
atac_P03839	MID	-0.46	-4.57	-3.654	-2.662	77.5
atac_P03891	MID	-0.513	-3.24	-0.931	-2.185	63
atac_P03966	MID	2.253	-2.518	-2.724	-1.967	38.75
atac_P04041	MID	-1.36	-1.567	-0.176	-2.358	65
atac_P04051	MID	2.297	0.388	-0.245	-2.083	66.175
atac_P04366	MID	0.736	-1.262	-2.656	-2.64	40
atac_P04374	MID	-0.328	-0.423	-0.146	-2.315	27.125
atac_P04586	MID	2.53	0.025	0.426	-2.421	62.525
atac_P04646	MID	1.221	0.28	-0.342	-2.463	66.5
atac_P04854	MID	1.446	-2.018	-0.218	-2.745	78.667
atac_P04877	MID	1.967	-1.475	-1.301	-2.316	31.5
atac_P04885	MID	-0.329	0.631	2.044	-2.522	67.917
atac_P05238	MID	0.791	-0.998	-0.957	-2.524	63
atac_P05328	MID	-0.44	-0.248	-2.306	-2.97	71.625
atac_P05470	MID	1.111	-1.449	-1.767	-2.474	51.75
atac_P05597	MID	1.583	0.203	-1.485	-2.628	79.5
atac_P05879	MID	1.705	-1.098	-0.568	-2.581	71
atac_P05919	MID	0.078	-2.372	-3.699	-2.654	75
atac_P05977	MID	-1.107	-3.974	-2.468	-2.197	69
atac_P05991	MID	0.769	-0.333	-1.233	-2.97	54.5
atac_P06197	MID	2.547	1.477	1.077	-2.093	60.444
atac_P06369	MID	1.069	-4.411	-1.459	-2.676	76
atac_P06538	MID	1.422	0.505	-0.263	-1.679	63.25
atac_P07169	MID	1.865	1.157	0.082	-2.869	60.5
atac_L00039	HIGH	1.327	-4.806	-2.452	-2.463	100
atac_L00077	HIGH	0.53	-1.826	0.083	-3.056	92
atac_L00140	HIGH	0.958	0.586	0.691	-2.525	95
atac_L00150	HIGH	-0.732	-3.794	-1.93	-2.91	81
atac_L00174	HIGH	0.393	-3.51	-2.045	-3.005	94.792
atac_L00181	HIGH	-0.528	-2.721	-1.189	-2.657	100
atac_L00182	HIGH	-0.312	-2.206	-2.177	-2.599	100
atac_L00186	HIGH	0.48	-5.386	-2.802	-2.274	93
atac_L00187	HIGH	1.004	-3.304	-1.139	-2.599	87.3
atac_L00198	HIGH	1.628	-1.596	0.065	-2.813	96.5
atac_L00200	HIGH	1.498	0.384	1.513	-2.599	96.125
atac_L00203	HIGH	0	-1.39	-0.248	-2.852	91.25
atac_L00204	HIGH	0.638	-5.368	-1.356	-2.91	97.5
atac_L00206	HIGH	0.528	-2.53	-0.609	-2.747	91.75
atac_L00210	HIGH	-0.093	-6.062	-3.645	-2.871	98.333
atac_L00211	HIGH	0.17	-5.268	-5.237	-2.696	88.25
atac_L00212	HIGH	1.244	-2.133	-3.265	-2.732	100
atac_L00217	HIGH	-0.329	1.283	-0.852	-1.896	80
atac_L00247	HIGH	-0.503	-4.363	-0.454	-3.006	94.875
atac_L00259	HIGH	1.398	-0.837	1.479	-2.853	95.375
atac_L00307	HIGH	-0.877	-7.511	-2.383	-2.683	89
atac_L00316	HIGH	-0.492	-2.886	0.89	-2.955	97.444
atac_L00352	HIGH	-0.636	-1.145	-0.452	-2.301	97.562
atac_L00354	HIGH	1.132	-4.822	-2.555	-2.798	95
atac_L00361	HIGH	-0.86	-4.703	-2.174	-2.774	89.667
atac_L00366	HIGH	-0.646	-3.656	-1.596	-2.899	97
atac_L00367	HIGH	-0.363	-2.163	-1.336	-2.818	96.5
atac_L00405	HIGH	-0.766	-4.247	-1.35	-2.965	98.75
atac_L00423	HIGH	-0.618	-4.914	-3.417	-2.881	84.333
atac_L00429	HIGH	1.303	-3.776	-3.012	-2.814	97.5
atac_L00430	HIGH	1.175	2.175	1.503	-2.586	82.75
atac_L00431	HIGH	1.268	-1.563	0.137	-2.946	92
atac_L00453	HIGH	-0.364	-1.518	0.454	-2.535	86.667
atac_L00455	HIGH	0.812	-5.142	-1.995	-2.728	89.5
atac_L00496	HIGH	1.298	-4.599	-2.143	-2.68	89.667
atac_L00508	HIGH	0.916	-5.014	-2.597	-2.246	92
atac_L00512	HIGH	1.603	-4.055	-2.804	-2.636	96.75
atac_L00523	HIGH	-0.854	-5.454	-1.774	-2.68	93.922
atac_L00540	HIGH	1.343	-2.191	-2.549	-2.101	83
atac_L00546	HIGH	-1.302	-1.982	-0.58	-2.488	87
atac_L00563	HIGH	-0.096	-5.699	-2.895	-2.501	100
atac_L00571	HIGH	0.182	-2.865	-0.949	-2.212	85.5
atac_L00575	HIGH	-0.893	-2.936	-1.358	-2.781	95.857
atac_L00592	HIGH	-1.193	-4.971	-2.501	-2.658	94
atac_L00631	HIGH	2.049	-6.679	-3.023	-2.548	100
atac_L00644	HIGH	-1.105	-3.824	-2.753	-2.584	93
atac_L00645	HIGH	-0.353	-1.295	-1.019	-2.708	100
atac_L00646	HIGH	0.501	-5.295	-2.375	-2.692	97.333
atac_L00672	HIGH	-0.009	-2.336	-0.172	-3.022	86
atac_L00681	HIGH	-0.367	-3.63	-3.014	-2.219	100
atac_L00708	HIGH	-0.757	-2.801	-0.649	-2.742	95.833
atac_L00725	HIGH	0.891	-4.859	-3.145	-2.342	100
atac_L00726	HIGH	0.876	-3.982	-3.887	-2.504	100
atac_L00729	HIGH	0.075	-5.55	-2.46	-2.434	100
atac_L00730	HIGH	0.595	-3.223	-1.025	-2.354	97
atac_L00734	HIGH	-0.986	-2.284	-1.132	-2.655	95.5
atac_L00742	HIGH	0.823	-1.823	-0.981	-2.683	93.5
atac_L00752	HIGH	1.172	-3.793	-2.589	-2.62	100
atac_L00786	HIGH	-0.25	-4.195	-2.35	-2.499	94.625
atac_L00793	HIGH	-0.595	-4.539	-1.332	-2.865	95.125
atac_L00795	HIGH	-0.608	-3.87	-2.863	-2.918	87
atac_L00827	HIGH	0.78	-3.961	-1.154	-2.862	99
atac_L00842	HIGH	1.165	-1.724	0.589	-2.9	93.5
atac_L00846	HIGH	0.546	-3.768	-1.831	-2.24	100
atac_L00852	HIGH	-0.222	-6.031	-3.11	-2.669	95
atac_L00853	HIGH	-0.512	-4.152	-2.214	-2.732	95.083
atac_L00869	HIGH	-0.897	-4.053	-1.548	-2.546	93.625
atac_L00896	HIGH	-0.489	-3.825	-2.846	-2.62	100
atac_L00897	HIGH	0.232	-4.184	-2.171	-2.939	91.5
atac_L00900	HIGH	0.649	-3.05	-2.393	-2.804	100
atac_L00903	HIGH	0.181	-3.284	-2.977	-2.539	90.8
atac_L00910	HIGH	-1.184	1.378	0.46	-2.473	80.667
atac_L00929	HIGH	-0.953	-4.935	-2.752	-2.743	92.5
atac_L00964	HIGH	1.459	-1.029	-0.241	-2.485	100
atac_L00987	HIGH	0.606	-6.866	-2.125	-2.911	90
atac_L00990	HIGH	1.709	-3.007	-2.223	-2.809	98.5
atac_L00998	HIGH	1.37	-0.8	-1.227	-2.756	100
atac_L01053	HIGH	-0.798	-5.023	-1.716	-2.378	95.25
atac_L01054	HIGH	0.546	-1.157	-1.712	-2.767	100
atac_L01055	HIGH	0.471	-2.266	-0.962	-2.616	97.333
atac_L01060	HIGH	0.305	-4.639	-2.411	-2.778	100
atac_L01068	HIGH	0.176	-3.063	-0.532	-2.642	98.25
atac_L01093	HIGH	0.384	-5.026	-1.518	-2.682	99
atac_L01099	HIGH	1.508	0.137	-0.302	-2.847	97.5
atac_L01104	HIGH	-0.88	-4.985	-1.697	-2.746	100
atac_L01123	HIGH	0.651	-1.181	-0.442	-2.908	97.429
atac_L01128	HIGH	-0.009	-4.774	-3.245	-2.796	94
atac_L01200	HIGH	1.448	-0.479	-0.349	-2.696	95
atac_L01240	HIGH	-0.009	-5.544	-3.304	-2.933	95.5
atac_L01249	HIGH	-0.346	-2.349	-1.916	-3.074	90.5
atac_L01266	HIGH	0.807	0.764	0.692	-2.869	95.375
atac_L01301	HIGH	0.288	-0.566	-1.256	-2.039	83
atac_L01311	HIGH	-0.513	-5.084	-1.926	-2.664	92
atac_L01363	HIGH	0.967	0.473	1.474	-3.177	91.5
atac_L01417	HIGH	0.534	-4.406	-2.702	-3.063	100
atac_L01424	HIGH	-0.634	-3.768	-1.067	-2.778	95.875
atac_L01575	HIGH	0.814	-1.984	-1.409	-2.623	98
atac_L01673	HIGH	1.407	-1.691	-0.106	-2.691	85.617
atac_L01685	HIGH	1.479	-2.545	-3.381	-2.523	97.8
atac_L01707	HIGH	1.086	-4.855	-3.583	-2.463	96.125
atac_L01723	HIGH	-0.486	0.141	1.57	-2.733	95.083
atac_L01727	HIGH	-0.894	-1.617	-1.4	-2.738	100
atac_L01745	HIGH	1.038	-1.001	-1.914	-2.979	99.167
atac_L01774	HIGH	-0.009	-4.415	-1.19	-2.776	100
atac_L01787	HIGH	-1.194	-3.331	-2.411	-2.835	93
atac_L01801	HIGH	-0.582	-5.793	-2.5	-2.57	94
atac_L01815	HIGH	-0.18	-0.297	0.583	-2.866	94.767
atac_L01816	HIGH	-1.026	0.067	0.691	-2.657	95.8
atac_L01817	HIGH	0.277	-2.311	-0.57	-2.398	96.667
atac_L01818	HIGH	0.287	0.174	-0.834	-2.707	88.5
atac_L01821	HIGH	-0.092	-5.808	-1.986	-2.407	98.333
atac_L01822	HIGH	0.8	-2.895	-1.029	-1.829	84.25
atac_L01862	HIGH	-1.389	-4.19	-2.612	-2.433	100
atac_L01865	HIGH	0.937	-2.471	-2.156	-2.777	90
atac_L01866	HIGH	-0.516	-1	-2.844	-2.934	92.5
atac_L01867	HIGH	-0.956	-2.568	-2.234	-2.702	100
atac_L01887	HIGH	0.754	-4.114	-2.905	-2.732	91.5
atac_L01897	HIGH	-0.282	-3.654	-2.188	-2.765	94.667
atac_L01898	HIGH	-1.135	-4.728	-1.827	-2.794	98.1
atac_L01908	HIGH	0.08	-1.791	-0.753	-2.566	99
atac_L01926	HIGH	0.785	-3.015	-0.427	-2.705	93.25
atac_L01965	HIGH	-0.503	-1.094	-0.145	-2.775	92
atac_L01975	HIGH	-0.473	-4.499	-1.731	-2.766	89.833
atac_L01977	HIGH	0.281	-3.537	-3.559	-2.41	95.8
atac_L02005	HIGH	-0.614	-2.842	-1.741	-2.964	85.5
atac_L02006	HIGH	-1.437	-3.945	-3.803	-2.585	98.667
atac_L02021	HIGH	-1.588	-5.537	-2.37	-2.605	100
atac_L02022	HIGH	0.8	-4.177	-2.603	-2.863	94.917
atac_L02058	HIGH	-0.625	-2.763	-1.522	-2.749	100
atac_L02128	HIGH	-0.349	-1.378	-1.08	-2.551	95
atac_L02134	HIGH	-0.382	-3.166	-2.205	-2.996	97.333
atac_L02135	HIGH	-1.443	-3.65	-1.938	-2.949	87
atac_L02151	HIGH	0.644	-1.972	-0.476	-2.811	98.25
atac_L02155	HIGH	-0.345	-4.925	-1.53	-2.731	94.5
atac_L02157	HIGH	0.079	-5.854	-1.954	-2.986	91.333
atac_L02162	HIGH	0.666	-4.438	-2.265	-2.999	97
atac_L02171	HIGH	0.979	-3.554	-1.285	-2.799	98.5
atac_L02188	HIGH	1.463	0.621	-0.68	-2.944	98.667
atac_L02189	HIGH	1.046	-1.623	-0.458	-2.501	88
atac_L02212	HIGH	1.692	-4.451	-3.274	-2.626	94
atac_L02225	HIGH	-1.144	-1.92	-0.972	-2.572	98
atac_L02232	HIGH	0.804	-4.45	-1.7	-2.847	98.5
atac_L02235	HIGH	-0.764	-0.813	-0.57	-2.865	98.833
atac_L02239	HIGH	-0.178	-3.439	-3.752	-2.647	100
atac_L02255	HIGH	-0.78	-3.817	-0.445	-3.005	98.333
atac_L02261	HIGH	-0.85	-3.696	-1.313	-2.755	100
atac_L02267	HIGH	-0.722	-5.659	-1.902	-2.943	100
atac_L02275	HIGH	0.616	-4.424	-3.653	-2.566	98.75
atac_L02292	HIGH	-1.363	-3.026	-1.332	-2.826	95.312
atac_L02311	HIGH	1.038	0.079	-0.924	-2.847	97
atac_L02312	HIGH	1.544	-1.926	1.704	-3.019	100
atac_L02318	HIGH	-0.009	-5.912	-1.667	-2.422	91.875
atac_L02325	HIGH	0	-5.397	-0.993	-3.125	95.25
atac_L02328	HIGH	-0.167	-2.69	-0.806	-2.668	97.429
atac_L02350	HIGH	-0.361	-3.506	-0.608	-2.93	91
atac_L02401	HIGH	-1.079	-2.222	-2.718	-2.536	100
atac_L02405	HIGH	-0.875	-2.947	-1.024	-2.525	100
atac_L02415	HIGH	-0.5	-1.021	-1.576	-3.078	100
atac_L02444	HIGH	0.821	-0.692	-0.78	-3.006	86
atac_L02456	HIGH	1.472	2.032	2.725	-2.775	94.458
atac_L02459	HIGH	0	0.769	1.368	-2.649	91.114
atac_L02466	HIGH	-0.75	-3.976	-1.573	-2.78	96.233
atac_L02468	HIGH	-0.112	-5.583	-1.596	-2.803	100
atac_L02539	HIGH	1.919	-3.738	-2.502	-2.82	91
atac_L02540	HIGH	-0.789	-6.222	-3.668	-2.78	90
atac_L02549	HIGH	-0.478	-6.327	-1.733	-2.806	100
atac_L02551	HIGH	-1.246	-5.61	-2.354	-2.754	87
atac_L02576	HIGH	0.221	0.266	-0.978	-2.101	95.833
atac_L02594	HIGH	1.136	-2.275	-0.867	-2.944	100
atac_L02603	HIGH	-0.348	-3.863	-0.675	-2.834	100
atac_L02650	HIGH	-0.364	0.523	1.306	-2.684	98.5
atac_L02658	HIGH	1.449	-4.071	-0.3	-2.735	89
atac_L02678	HIGH	-0.16	-4.699	-0.298	-2.445	92.857
atac_L02679	HIGH	-1.191	-2.418	-1.847	-2.768	97.5
atac_L02680	HIGH	0.886	-1.145	-1.278	-2.608	96
atac_L02682	HIGH	0.431	-1.186	-1.129	-2.715	93.417
atac_L02702	HIGH	-0.354	-1.557	1.738	-2.804	100
atac_L02723	HIGH	-1.007	-1.321	1.286	-2.45	99.25
atac_L02771	HIGH	-0.773	-3.58	-2.166	-2.619	100
atac_L02829	HIGH	0.658	0.245	0.731	-2.364	94.583
atac_L02835	HIGH	1.214	-0.786	-0.254	-2.245	98.5
atac_L02841	HIGH	-1.123	-4.962	-2.66	-2.265	96.286
atac_L02842	HIGH	0.517	-3.611	-1.878	-2.322	90.75
atac_L02846	HIGH	1.19	0.829	0.362	-3.004	99
atac_L02856	HIGH	-0.362	-0.59	0.07	-2.958	100
atac_L02947	HIGH	-0.17	-1.464	-0.168	-2.633	90.167
atac_L02974	HIGH	0.527	-0.805	0.572	-2.936	87.5
atac_L02991	HIGH	-0.169	-1.107	-1.158	-1.982	92
atac_L03012	HIGH	-0.768	-3.206	-2.951	-2.906	92.25
atac_L03036	HIGH	-0.5	-2.737	-0.813	-2.641	98.667
atac_L03055	HIGH	1.129	0.508	-0.235	-3.106	83.733
atac_L03056	HIGH	1.173	0.224	-0.71	-2.709	88.893
atac_L03084	HIGH	-0.861	-2.689	-1.356	-2.608	95.25
atac_L03085	HIGH	-0.896	-4.159	-1.469	-2.53	100
atac_L03098	HIGH	0.245	-6.769	-2.876	-2.556	95.5
atac_L03114	HIGH	1.171	-4.693	-2.018	-2.8	95.667
atac_L03115	HIGH	-0.319	-3.978	-2.417	-2.841	95.5
atac_L03116	HIGH	-0.983	-3.919	-2.796	-2.637	100
atac_L03117	HIGH	-1.996	-4.18	-2.225	-2.837	100
atac_L03120	HIGH	-1.005	-3.246	-1.294	-2.737	98.333
atac_L03125	HIGH	-0.11	0.337	0.296	-2.252	100
atac_L03127	HIGH	-1.339	-3.684	-0.453	-2.721	95.75
atac_L03128	HIGH	-1.322	-2.538	-0.944	-2.629	89.333
atac_L03134	HIGH	-1.139	-1.724	-0.347	-2.913	94.75
atac_L03152	HIGH	-0.01	-2.97	-2.521	-2.738	98.833
atac_L03220	HIGH	0	-0.506	-0.061	-2.6	81.5
atac_L03228	HIGH	-1.097	-4.905	-0.995	-2.341	95.25
atac_L03243	HIGH	1.143	1.2	1.7	-2.551	88.167
atac_L03246	HIGH	0	-3.31	-2.136	-2.758	91.833
atac_L03247	HIGH	0	-3.294	-2.114	-2.995	90.75
atac_L03253	HIGH	0.581	-2.127	-0.949	-1.963	100
atac_L03258	HIGH	-1.081	-1.409	-2.386	-2.876	83.5
atac_L03259	HIGH	-1.342	-6.184	-2.901	-2.435	100
atac_L03260	HIGH	-0.654	-5.608	-2.878	-2.607	96.333
atac_L03266	HIGH	-1.094	-1.121	-0.987	-2.697	94.917
atac_L03299	HIGH	-0.767	-0.953	0.153	-2.707	93
atac_L03313	HIGH	0.388	-3.479	-1.688	-2.928	100
atac_L03339	HIGH	0.536	-2.268	-1.317	-2.816	99.5
atac_L03344	HIGH	-0.545	0.843	-0.141	-2.616	89
atac_L03355	HIGH	-0.908	-4.419	-3.08	-2.544	96.75
atac_L03357	HIGH	-0.171	-4.195	-3.793	-2.807	97.6
atac_L03358	HIGH	0.024	-4.075	-2.381	-2.835	97.75
atac_L03359	HIGH	0.527	-2.664	-3.503	-2.937	83.133
atac_L03362	HIGH	-0.257	-6.785	-3.184	-2.722	91.667
atac_L03364	HIGH	1.101	-2.042	-1.5	-2.754	97.4
atac_L03372	HIGH	1.364	-5.956	-2.793	-2.403	99.5
atac_L03377	HIGH	1.865	-4.841	-2.863	-2.209	95.233
atac_L03378	HIGH	1.378	0.211	0.601	-2.505	96
atac_L03381	HIGH	-1.934	-3.531	-1.083	-2.688	93
atac_L03406	HIGH	-1.148	-4.557	-2.124	-2.587	88
atac_L03433	HIGH	0	-3.549	-1.79	-2.84	93.583
atac_L03434	HIGH	-0.621	-3.133	-1.666	-2.533	96.917
atac_L03466	HIGH	0.814	-4.459	-1.819	-2.665	93.5
atac_L03467	HIGH	-0.37	-4.536	-2.416	-2.938	86
atac_L03500	HIGH	-0.478	-6.107	-2.465	-2.806	92
atac_L03562	HIGH	-0.652	-2.993	-2.017	-2.79	98.25
atac_L03573	HIGH	0.435	-2.615	-0.01	-2.796	100
atac_L03597	HIGH	-1.428	-4.219	-1.75	-2.718	98.6
atac_L03608	HIGH	0.789	-4.337	-2.009	-2.747	94
atac_L03625	HIGH	1.185	-4.866	-2.179	-2.175	97
atac_L03639	HIGH	0.646	-3.788	-2.947	-2.584	97.5
atac_L03643	HIGH	-0.82	-1.882	-0.721	-2.644	98.25
atac_L03654	HIGH	-1.305	-7.516	-3.749	-2.584	100
atac_L03671	HIGH	-0.727	-1.564	-2.006	-2.693	97.5
atac_L03684	HIGH	0.287	0.64	1.05	-2.64	100
atac_L03685	HIGH	0.081	-5.324	-3.393	-2.281	94.5
atac_L03686	HIGH	0.183	-2.682	-2.816	-2.51	92.75
atac_L03687	HIGH	1.171	-0.876	0.088	-2.703	89
atac_L03688	HIGH	0.525	-2.06	-0.378	-2.695	96.333
atac_L03697	HIGH	0.98	-1.328	-2.346	-2.717	86.5
atac_L03700	HIGH	-0.097	-2.99	-2.441	-2.754	89.5
atac_L03701	HIGH	-0.009	-5.625	-1.022	-2.834	86.5
atac_L03702	HIGH	-0.922	-3.146	-1.801	-2.843	100
atac_L03718	HIGH	0.935	-1.391	0.003	-2.638	92.375
atac_L03835	HIGH	1.165	0.649	-0.171	-2.635	89.667
atac_L03847	HIGH	-0.614	-3.681	-1.971	-2.502	95
atac_L03850	HIGH	-1.239	-6.188	-2.057	-2.607	99
atac_L03875	HIGH	0	-1.156	-0.61	-2.699	100
atac_L03926	HIGH	0.181	-2.183	-2.516	-2.656	100
atac_L03928	HIGH	-0.761	0.172	0.083	-2.362	98
atac_L04157	HIGH	0	-1.572	-0.451	-2.916	100
atac_L04246	HIGH	0.642	-4.272	-1.774	-2.754	93
atac_L04249	HIGH	-0.175	-5.785	-2.631	-2.385	97
atac_L04264	HIGH	1.119	0.059	2.164	-2.346	95
atac_L04272	HIGH	-0.896	-0.375	-1.482	-2.928	98.5
atac_L04274	HIGH	-0.068	-5.701	-3.518	-2.8	88.2
atac_L04381	HIGH	-0.357	-2.828	-0.097	-2.672	95.75
atac_L04397	HIGH	-1.675	-2.39	-2.907	-2.671	94.957
atac_L04405	HIGH	-1.185	-1.734	-3.506	-2.785	97.5
atac_L04406	HIGH	-1.197	-5.198	-3.273	-2.552	98
atac_L04408	HIGH	0.521	-5.7	-3.405	-2.671	100
atac_L04441	HIGH	1.022	-2.792	-3.057	-2.543	94
atac_L04459	HIGH	-0.498	0.95	0.322	-2.908	100
atac_L04461	HIGH	-0.651	-3.246	-2.027	-2.919	97
atac_L04465	HIGH	0.494	-1.591	-0.711	-2.235	93
atac_L04513	HIGH	-1.337	-3.95	-2.996	-2.4	87
atac_L04514	HIGH	-0.18	-6.379	-3.413	-2.726	100
atac_L04528	HIGH	0.822	-2.066	-0.761	-3.025	100
atac_L04534	HIGH	0.429	-4.352	-1.255	-3.002	99.333
atac_L04553	HIGH	0.439	-5.904	-1.727	-2.774	96.667
atac_L04557	HIGH	0.77	0.784	1.199	-2.268	97.5
atac_L04598	HIGH	-0.655	-4.132	-1.787	-2.74	100
atac_L04637	HIGH	0	-3.112	-1.478	-2.716	85.5
atac_L04650	HIGH	-0.477	-3.2	-0.494	-2.702	100
atac_L04651	HIGH	0.077	-6.49	-2.462	-2.672	100
atac_L04658	HIGH	-0.632	1.114	0.591	-2.929	96.967
atac_L04667	HIGH	-0.277	-4.148	-0.466	-2.742	85
atac_L04674	HIGH	1.142	-1.986	-1.178	-2.536	96.175
atac_L04690	HIGH	-0.591	-5.393	-1.96	-2.442	100
atac_L04695	HIGH	0.521	-5.513	-4.768	-2.79	100
atac_L04709	HIGH	0.65	-2.537	-4.235	-2.904	99.167
atac_L04769	HIGH	-0.173	-2.947	-1.392	-2.628	100
atac_L04794	HIGH	-0.893	-1.883	-1.969	-2.923	100
atac_L04795	HIGH	0.25	-3.632	-2.446	-2.713	95.5
atac_L04799	HIGH	1.83	-5.927	-2.486	-2.498	100
atac_L04803	HIGH	0.626	-3.761	-0.274	-2.764	94.167
atac_L04804	HIGH	-0.177	-4.076	-1.463	-2.847	94.083
atac_L04813	HIGH	0.934	-3.329	-1.766	-2.684	100
atac_L04836	HIGH	1.86	-0.689	0.856	-2.384	85
atac_L04840	HIGH	-0.357	-2.964	-1.777	-2.901	94.5
atac_L04842	HIGH	-0.187	-5.203	-2.946	-2.761	99
atac_L04864	HIGH	-0.097	-0.804	-1.52	-2.835	97.167
atac_L04865	HIGH	0.862	-4.6	-3.293	-2.921	96
atac_L04866	HIGH	-1.228	-4.567	-2.664	-2.314	94.667
atac_L04867	HIGH	0.496	-0.954	0.369	-2.774	94.833
atac_L04868	HIGH	-0.18	-3.832	-1.055	-2.799	95
atac_L04879	HIGH	0	-2.498	-3.346	-2.815	92
atac_L04883	HIGH	0.813	-3.069	-0.797	-2.894	91
atac_L04899	HIGH	0.54	-1.652	-1.549	-2.529	97
atac_L04902	HIGH	1.541	-1.604	0.078	-2.696	94.7
atac_L04907	HIGH	-0.616	-6.409	-1.748	-2.903	96.871
atac_L04911	HIGH	0.082	0.175	-0.408	-2.547	100
atac_L04913	HIGH	-1.171	-3.461	-2.381	-2.773	87
atac_L04916	HIGH	1.183	-2.009	-1.462	-2.733	100
atac_L04917	HIGH	0.804	-1.13	-1.598	-2.896	96.6
atac_L04949	HIGH	0.919	-3.541	-1.026	-2.808	94.167
atac_L04972	HIGH	0.7	-1.39	-1.591	-2.482	90
atac_L04986	HIGH	-0.097	-2.669	-3.249	-2.173	94.667
atac_L05003	HIGH	1.902	-1.589	0.982	-2.488	100
atac_L05015	HIGH	0.923	-5.119	-2.259	-2.614	99.333
atac_L05018	HIGH	1.695	-2.623	0.928	-2.837	100
atac_L05022	HIGH	-1.281	-3.81	-0.623	-2.646	100
atac_L05027	HIGH	-0.801	-3.094	-1.845	-2.845	85.083
atac_L05032	HIGH	2.07	-2	-0.22	-2.875	94.9
atac_L05033	HIGH	2.257	-1.113	-3.554	-2.903	99.1
atac_L05043	HIGH	1.39	-4.191	-0.349	-2.667	88.833
atac_L05071	HIGH	-0.45	-1.414	-1.739	-2.731	100
atac_L05081	HIGH	1.122	-4.18	-0.35	-2.786	100
atac_L05092	HIGH	-0.782	-3.772	0.131	-2.803	97.333
atac_L05094	HIGH	0.751	-3.837	0.268	-2.869	98.5
atac_L05101	HIGH	1.627	-2.68	-1.915	-2.883	100
atac_L05106	HIGH	-1.339	-3.566	-0.333	-2.95	100
atac_L05107	HIGH	1.273	0.701	2.275	-2.933	98
atac_L05118	HIGH	-0.606	-3.019	-0.822	-2.919	91.667
atac_L05127	HIGH	0.181	-4.563	-0.857	-3.128	97.833
atac_L05198	HIGH	0.533	-5.023	-2.554	-3.088	95
atac_L05200	HIGH	0.962	-2.582	-1.151	-2.999	98.25
atac_L05219	HIGH	1.164	0.206	1.111	-2.943	95.175
atac_L05291	HIGH	-0.658	-3.796	-0.867	-2.377	94.208
atac_L05316	HIGH	1.216	-6.001	-2.012	-2.695	89
atac_L05530	HIGH	0	-2.764	-2.033	-2.818	85.5
atac_L05534	HIGH	-0.009	-3.74	-2.976	-2.852	96
atac_L05541	HIGH	1.233	-3.757	-1.98	-2.707	91.9
atac_L05564	HIGH	-1.643	-5.007	-3.234	-2.389	87.667
atac_L05601	HIGH	0.636	-4.277	-3.561	-2.371	95
atac_L05607	HIGH	-1.385	-5.299	-1.91	-2.732	100
atac_L05608	HIGH	-0.538	-0.344	-0.402	-2.61	100
atac_L05643	HIGH	0.285	-3.655	-0.749	-2.498	93.5
atac_L05674	HIGH	-0.846	-5.879	-0.64	-2.802	93
atac_L05685	HIGH	1.718	-2.784	0.194	-3.061	100
atac_L05697	HIGH	0.181	-1.718	1.016	-2.918	95
atac_L05725	HIGH	0.974	-1.012	-0.383	-2.892	100
atac_L05738	HIGH	-0.534	-4.488	-3	-2.391	95.667
atac_L05748	HIGH	-1.235	-1.156	-0.772	-2.747	97.667
atac_L05759	HIGH	-0.748	-1.441	-0.919	-2.889	92
atac_L05760	HIGH	1.184	-0.034	-0.039	-2.984	98.667
atac_L05771	HIGH	-0.369	-4.215	-1.502	-2.575	95
atac_L05775	HIGH	-1.203	-3.083	-1.003	-2.669	95
atac_L05782	HIGH	0.175	-3.46	-2.143	-2.571	94
atac_L05826	HIGH	-0.445	-3.02	-1.655	-2.391	95.333
atac_L05841	HIGH	1.059	-5.07	-1.822	-2.256	95.833
atac_L05845	HIGH	-1.179	-3.205	-2.976	-2.79	86.5
atac_L05847	HIGH	1.25	-1.701	-3.049	-2.637	96.5
atac_L05851	HIGH	-0.9	-2.896	-3.632	-3.006	90.625
atac_L05852	HIGH	-0.208	-5.872	-2.996	-2.429	97.667
atac_L05855	HIGH	0.225	-4.831	-3.78	-2.752	96.667
atac_L05858	HIGH	-1.065	-3.868	-3.642	-2.718	97.667
atac_L05859	HIGH	0.777	-0.916	-3.068	-2.61	97.75
atac_L05866	HIGH	-1.125	-3.368	-1.255	-2.956	91
atac_L05867	HIGH	-0.64	-4.169	-0.682	-2.813	95.5
atac_L05881	HIGH	0.343	0.304	0.673	-2.741	96.667
atac_L05894	HIGH	0.235	-2.245	-2.805	-2.417	94.5
atac_L05895	HIGH	0.426	-5.279	-0.78	-2.002	97
atac_L05922	HIGH	0	-1.424	-0.007	-2.772	100
atac_L05924	HIGH	-0.52	-6.07	-2.377	-2.934	93
atac_L05928	HIGH	0.183	-3.944	-1.054	-2.816	94.333
atac_L05929	HIGH	-0.631	-3.571	-1.385	-2.748	92
atac_L05965	HIGH	-1.234	0.019	0.275	-2.39	96.3
atac_L05984	HIGH	-0.94	0.266	-0.658	-2.82	100
atac_L06027	HIGH	-0.893	-5.267	-1.7	-3.099	98.5
atac_L06042	HIGH	0.664	-2.365	-3.453	-2.493	98.667
atac_L06043	HIGH	0.503	-5.728	-2.302	-2.704	94
atac_L06046	HIGH	-0.504	-2.693	-1.334	-2.622	89
atac_L06071	HIGH	0.084	-1.999	-1.125	-2.628	89.75
atac_L06073	HIGH	-1.082	-4.178	-1.89	-2.756	99
atac_L06075	HIGH	-0.361	-2.485	0.01	-2.779	82.5
atac_L06079	HIGH	-0.178	-2.596	-1.488	-2.637	100
atac_L06080	HIGH	-1.262	-4.211	-2.524	-2.792	95
atac_L06081	HIGH	0.432	-3.45	-1.693	-2.889	98.5
atac_L06084	HIGH	-1.197	-1.256	-0.974	-2.641	100
atac_L06112	HIGH	1.192	1.181	1.029	-0.122	94.458
atac_L06118	HIGH	0.172	-5.338	0.193	-2.856	98.5
atac_L06121	HIGH	0.962	-5.712	-2.644	-2.845	89.75
atac_L06131	HIGH	0.088	-5.872	-1.034	-2.392	97.2
atac_L06162	HIGH	-0.648	-1.87	-0.901	-2.489	100
atac_L06199	HIGH	-1.619	-4.222	-3.94	-2.349	96
atac_L06201	HIGH	-0.095	-5.59	-3.376	-2.718	88.5
atac_L06205	HIGH	0.529	-2.604	-1.787	-2.746	96.75
atac_L06208	HIGH	-0.639	-2.305	0.077	-2.753	100
atac_L06243	HIGH	0.054	-2.898	-1.665	-2.593	97.667
atac_L06293	HIGH	-0.18	-3.257	-2.481	-2.379	92.875
atac_L06294	HIGH	0.26	-0.765	-2.269	-2.502	97.5
atac_L06298	HIGH	-1.69	-4.277	-2.378	-2.218	87.667
atac_L06301	HIGH	-0.773	-2.666	-3.717	-2.835	100
atac_L06302	HIGH	-0.989	-4.081	-2.459	-2.915	95.75
atac_L06311	HIGH	-0.303	-3.975	0.013	-2.731	100
atac_L06313	HIGH	0.083	-3.795	-1.449	-2.76	98.667
atac_L06314	HIGH	-0.193	-3.043	0.413	-2.707	90.75
atac_L06318	HIGH	0.08	-3.149	-1.664	-2.752	93
atac_L06319	HIGH	1.603	-3.406	-2.589	-2.017	81
atac_L06320	HIGH	0.545	-1.124	-3.44	-2.64	96.667
atac_L06323	HIGH	0.701	-3.468	-2.824	-2.655	98.75
atac_L06325	HIGH	0.708	-4.028	0.414	-2.759	92.5
atac_L06326	HIGH	-0.715	-4.521	-2.743	-2.703	80.5
atac_L06328	HIGH	0.835	-2.489	-0.699	-2.673	90
atac_L06340	HIGH	0.663	-1.125	-0.965	-2.68	100
atac_L06345	HIGH	0.694	-1.991	0.674	-2.417	94.15
atac_L06349	HIGH	0.176	-4.555	-0.95	-2.637	92.467
atac_L06350	HIGH	-1.005	-0.868	-1.383	-2.722	97.5
atac_L06367	HIGH	1.869	-1.547	-2.77	-2.442	100
atac_L06420	HIGH	1.166	0.34	0.674	-2.744	92.667
atac_L06427	HIGH	0.184	-5.021	-4.608	-2.936	100
atac_L06443	HIGH	-0.068	0.362	0.299	-2.413	94.75
atac_L06444	HIGH	0.925	-0.053	0.585	-2.318	95
atac_L06452	HIGH	-0.632	-4.544	-1.221	-2.972	100
atac_L06453	HIGH	0.179	-3.671	-3.568	-3.091	95.274
atac_L06459	HIGH	0.082	-4.294	-1.759	-2.764	100
atac_L06470	HIGH	0.648	-0.85	0.602	-2.651	99.167
atac_L06490	HIGH	0.778	-4.021	0.62	-2.888	99
atac_L06496	HIGH	-0.669	-3.124	-1.341	-2.995	95.433
atac_L06497	HIGH	-0.999	-1.089	-1.503	-2.734	92
atac_L06506	HIGH	-0.761	-4.073	-3.797	-2.768	98.667
atac_L06508	HIGH	0.255	-6.262	-1.3	-2.64	95
atac_L06522	HIGH	0.532	-0.998	-2.26	-2.745	100
atac_L06551	HIGH	0.531	-2.059	-2.185	-2.684	100
atac_L06552	HIGH	0.181	-3.058	-3.01	-2.577	95
atac_L06554	HIGH	-0.798	-5.447	-3.21	-2.439	100
atac_L06568	HIGH	-0.633	-3.888	-3.193	-2.635	100
atac_L06569	HIGH	1.127	-0.263	0.074	-3.072	95.5
atac_L06586	HIGH	0	-0.331	-0.864	-3.154	100
atac_L06589	HIGH	-1.199	-4.156	-2.306	-2.992	91.274
atac_L06590	HIGH	-0.969	-2.17	-2.323	-2.886	96.9
atac_L06593	HIGH	1.55	-0.591	-1.024	-2.99	100
atac_L06602	HIGH	1.797	-0.578	-1.002	-2.903	90
atac_L06605	HIGH	-0.012	-6.627	-3.172	-2.736	90.5
atac_L06609	HIGH	0.752	-0.073	-1.901	-2.868	94
atac_L06622	HIGH	-0.649	0.239	-2.401	-2.851	94
atac_L06641	HIGH	-0.725	-0.816	0.025	-2.922	92.778
atac_L06643	HIGH	0.346	-1.323	-2.063	-2.736	90
atac_L06644	HIGH	2.055	-1.234	-0.857	-2.87	99
atac_L06647	HIGH	-0.866	-4.125	-0.284	-2.841	95
atac_L06657	HIGH	-0.354	0.256	-0.628	-2.749	96.292
atac_L06659	HIGH	-0.476	-2.498	-1.854	-2.755	100
atac_L06668	HIGH	-0.819	1.385	1.755	-2.969	96.1
atac_L06681	HIGH	0.965	-3.105	0.748	-3.183	93.333
atac_L06712	HIGH	-0.878	-1.459	-2.729	-2.996	100
atac_L06713	HIGH	0.269	-4.901	-1.61	-2.682	100
atac_L06717	HIGH	-1.114	-5.247	-3.101	-2.723	95.833
atac_L06729	HIGH	0.966	-4.858	-0.797	-2.826	97.917
atac_L06737	HIGH	0.078	-3.971	-2.637	-2.535	97.179
atac_L06786	HIGH	2.248	0.454	1.314	-2.423	97.333
atac_L06856	HIGH	1.185	-2.452	0.731	-2.856	88.25
atac_L07065	HIGH	0.26	-5.379	-0.262	-2.85	88
atac_L07096	HIGH	-0.824	-6.423	-2.661	-2.93	100
atac_L07126	HIGH	-0.089	-2.742	-1.919	-2.764	99
atac_L07145	HIGH	0.807	0.061	-0.781	-2.745	90.575
atac_L07159	HIGH	-0.093	-6.485	-2.457	-2.815	81
atac_L07160	HIGH	-1.133	-5.296	-2.581	-2.985	93.75
atac_L07174	HIGH	1.173	0.952	-1.583	-3.11	100
atac_L07191	HIGH	0	-3.363	-2.515	-2.707	97.625
atac_L07218	HIGH	-1.088	0.553	0.668	-2.127	89.5
atac_L07267	HIGH	-0.657	-4.026	-3.265	-2.494	98
atac_L07271	HIGH	-0.466	-1.4	0.333	-2.659	96.333
atac_L07294	HIGH	-0.946	-5.77	-3.215	-2.753	97.25
atac_L07297	HIGH	0	-1.066	-1.856	-2.524	92
atac_L07305	HIGH	-1.217	-4.575	-1.202	-2.781	100
atac_L07306	HIGH	0.081	-5.923	-3.123	-2.579	92.5
atac_L07311	HIGH	-0.177	-3.256	-2.15	-2.916	83
atac_L07312	HIGH	0.634	-2.581	-3.323	-2.869	100
atac_L07318	HIGH	2.034	-2.776	-0.973	-2.594	94
atac_L07319	HIGH	1.823	-3.56	-0.25	-2.694	93
atac_L07341	HIGH	-1.116	-5.245	-2.453	-2.684	90.5
atac_L07360	HIGH	1.066	0.303	0.85	-2.641	91.571
atac_L07368	HIGH	0.303	-5.676	-1.804	-3.025	91
atac_L07374	HIGH	-0.182	-5.354	-2.546	-3.248	87
atac_L07384	HIGH	-0.629	-4.975	-2.238	-2.548	99
atac_L07385	HIGH	0.286	-3.354	-1.78	-2.57	91.1
atac_L07403	HIGH	0.522	-0.475	0.695	-2.408	99
atac_L07428	HIGH	0	-2.278	-3.212	-2.699	97.25
atac_L07430	HIGH	0.341	-0.455	0.13	-2.593	100
atac_L07436	HIGH	-1.108	-4.517	-1.204	-2.976	94
atac_L07437	HIGH	-0.657	-4.884	-2.307	-2.504	94
atac_L07438	HIGH	0.17	-6.263	-3.81	-2.934	97.861
atac_L07440	HIGH	1.174	0.523	-0.16	-3.022	92.732
atac_L07445	HIGH	0.932	-4.74	-1.797	-2.58	98
atac_L07452	HIGH	0.634	-0.843	0.384	-2.778	100
atac_L07461	HIGH	-1.369	-3.635	-1.779	-2.946	100
atac_L07472	HIGH	-0.279	-7.471	-2.567	-2.779	100
atac_L07473	HIGH	0.524	-1.52	-2.225	-2.376	92
atac_L07522	HIGH	-1.262	-3.035	0.427	-2.647	81
atac_L07544	HIGH	0.521	-4.344	-1.706	-2.787	99.5
atac_L07554	HIGH	0.825	-5.097	-2.579	-2.39	100
atac_L07570	HIGH	1.24	-3.902	-1.539	-2.654	95.5
atac_L07599	HIGH	-0.783	-1.249	-1.88	-2.788	98.333
atac_L07602	HIGH	-1.179	-4.58	-2.293	-2.127	98.333
atac_L07617	HIGH	1.376	-4.452	-2.234	-2.597	97
atac_L07622	HIGH	-0.982	-5.354	-4.016	-2.84	82.167
atac_L07633	HIGH	1.163	-0.066	1.65	-2.388	83.667
atac_L07656	HIGH	-0.655	-3.286	-3.097	-2.104	90.5
atac_L07673	HIGH	-0.603	-2.194	0.451	-2.916	100
atac_L07708	HIGH	-0.36	-0.954	0.135	-2.674	90.5
atac_L07712	HIGH	-0.179	-3.763	-1.127	-2.419	100
atac_L07725	HIGH	-0.009	-1.962	-1.151	-2.535	99
atac_L07729	HIGH	-0.746	-3.234	-3.743	-2.432	93.667
atac_L07730	HIGH	1.487	-4.998	-3.469	-2.476	97.5
atac_L07761	HIGH	1.067	-4.408	-2.245	-2.674	92.905
atac_L07765	HIGH	0.924	-3.418	-1.225	-2.584	100
atac_L07785	HIGH	-1.287	-3.545	-2.855	-2.703	85.5
atac_L07786	HIGH	1.372	1.224	-1.783	-2.247	97
atac_L07788	HIGH	-1.028	-5.492	-3.374	-2.731	82.3
atac_L07789	HIGH	-0.166	-2.511	-3.784	-2.462	94.333
atac_L07791	HIGH	-0.6	-5.295	-2.711	-2.627	100
atac_L07792	HIGH	0.418	-1.56	-1.598	-2.949	95
atac_L07793	HIGH	0.163	-5.35	-2.887	-2.553	95.667
atac_L07794	HIGH	-0.461	-2.618	-2.675	-2.648	95
atac_L07813	HIGH	-0.179	-4.143	-0.331	-2.669	100
atac_L07814	HIGH	-0.761	-3.685	0.178	-2.647	92.917
atac_L07829	HIGH	-0.097	-0.118	-1.185	-2.639	90.275
atac_L07843	HIGH	1.027	-3.672	-0.498	-2.794	100
atac_L07845	HIGH	-0.504	-1.793	-2.951	-2.725	97.958
atac_L07854	HIGH	-0.345	-0.603	1.231	-2.593	97.75
atac_L07855	HIGH	-0.992	-1.168	0.748	-2.538	89
atac_L07868	HIGH	0.174	-3.278	-1.485	-2.657	96.5
atac_L07882	HIGH	1.284	-3.545	-0.304	-2.74	87.5
atac_L07898	HIGH	-0.286	-4.372	-1.184	-2.502	88.083
atac_L07910	HIGH	-0.359	-3.313	-1.796	-2.864	100
atac_L07913	HIGH	1.169	0.338	0.68	-2.363	95
atac_L07917	HIGH	1.145	-0.6	-0.256	-2.846	97.333
atac_L07944	HIGH	-1.338	-3.967	-5.038	-2.777	95.667
atac_L07956	HIGH	0.172	-2.474	-5.081	-2.623	91.8
atac_L07957	HIGH	-0.595	-5.475	-3.226	-2.525	95.4
atac_L07958	HIGH	0.671	-2.025	-3.887	-2.619	100
atac_L07960	HIGH	-0.616	-1.479	-3.216	-2.592	91
atac_L07963	HIGH	0.885	-2.22	-2.239	-2.613	96.875
atac_L07965	HIGH	0.481	-4.2	-2.842	-2.684	93.333
atac_L07969	HIGH	0.607	-1.757	-1.407	-2.686	98.25
atac_L07986	HIGH	-0.172	-5.614	-1.973	-2.041	93.1
atac_L07989	HIGH	0.082	-3.946	-1.421	-2.568	89.5
atac_L07994	HIGH	-0.364	-1.491	-1.42	-2.756	93
atac_L08011	HIGH	-0.984	-5.126	-2.945	-2.807	100
atac_L08015	HIGH	-0.486	-4.285	-2.663	-2.763	95.5
atac_L08017	HIGH	-0.437	-6.353	-5.132	-2.758	97.167
atac_L08018	HIGH	-0.272	-3.835	-7.357	-2.522	92.667
atac_L08020	HIGH	1.133	-4.699	-3.525	-2.819	100
atac_L08024	HIGH	0.083	-5.474	-3.931	-2.657	100
atac_L08025	HIGH	0.846	-3.973	-2.334	-2.78	95.5
atac_L08027	HIGH	0.492	-4.889	-1.714	-2.829	97.083
atac_L08038	HIGH	-1.161	-5.99	-5.27	-2.508	100
atac_L08042	HIGH	-0.009	-4.934	-1.971	-2.6	100
atac_L08044	HIGH	1.467	-3.877	-2.642	-2.58	98
atac_L08046	HIGH	-0.63	-1.597	-2.148	-2.835	100
atac_L08054	HIGH	0.4	-2.325	-1.18	-2.247	95
atac_L08055	HIGH	-0.18	-2.576	-0.648	-2.784	100
atac_L08081	HIGH	0.494	-3.301	-0.425	-2.959	86.75
atac_L08082	HIGH	0.855	-4.541	-2.002	-2.481	100
atac_L08086	HIGH	0.951	-4.995	-2.669	-2.458	98
atac_L08107	HIGH	-0.582	-2.924	-0.717	-2.003	100
atac_L08109	HIGH	0.985	-3.944	-1.201	-2.775	93.5
atac_L08119	HIGH	1.958	-2.12	-0.769	-2.773	97.7
atac_L08155	HIGH	0	-4.982	-3.309	-3.072	96.8
atac_L08179	HIGH	-0.365	0.032	0.792	-2.242	88
atac_L08232	HIGH	0.614	-4.58	-1.153	-2.8	92.5
atac_L08252	HIGH	-1.005	-1.495	-3.776	-2.816	93
atac_L08253	HIGH	-0.365	-1.682	-0.688	-2.964	100
atac_L08280	HIGH	0.982	-5.571	-1.774	-2.753	96.5
atac_L08295	HIGH	2.658	0.38	0.624	-2.548	82.6
atac_L08412	HIGH	-0.361	-0.161	-0.732	-2.654	100
atac_L08458	HIGH	1.621	-3.174	-2.783	-2.521	87
atac_L08490	HIGH	1.177	-1.277	-2.226	-2.552	86.5
atac_L08505	HIGH	-0.788	-4.097	-1.909	-3.031	100
atac_L08506	HIGH	0.794	0.931	-1.264	-2.631	94.925
atac_L08552	HIGH	0.531	-5.066	-3.502	-2.433	98.5
atac_L08591	HIGH	0.525	-4.633	-2.483	-2.691	93.111
atac_L08592	HIGH	1.216	-1.812	-2.141	-2.781	96.1
atac_L08605	HIGH	0.534	-2.596	-1.473	-2.738	100
atac_L08606	HIGH	-0.348	-0.54	-1.286	-2.876	89.75
atac_L08609	HIGH	2.238	-0.304	-0.966	-2.169	94.292
atac_L08612	HIGH	0.182	-4.461	-2.201	-2.943	100
atac_L08667	HIGH	-0.64	-1.855	-1.983	-2.679	97.5
atac_L08674	HIGH	-1.095	-2.509	-1.665	-2.681	95
atac_L08689	HIGH	-0.603	-2.671	-0.904	-2.117	100
atac_L08708	HIGH	-0.381	-5.396	-2.277	-2.737	100
atac_L08713	HIGH	1.798	-2.36	-3.467	-2.754	100
atac_L08729	HIGH	1.283	-2.966	0.584	-2.639	100
atac_L08730	HIGH	0.801	-3.924	-3.465	-2.609	93
atac_L08731	HIGH	1.157	-3.274	-4.793	-2.69	98
atac_L08732	HIGH	-0.555	-6.273	-3.573	-2.815	97
atac_L08733	HIGH	0.29	-3.735	-3.628	-2.88	100
atac_L08734	HIGH	-0.51	-4.707	-3.853	-2.733	86
atac_L08737	HIGH	0.529	-4.807	-1.558	-2.794	86
atac_L08743	HIGH	-0.759	-4.497	-4.095	-2.937	96.133
atac_L08746	HIGH	-0.835	-3.789	-0.407	-2.701	93.5
atac_L08748	HIGH	-0.297	-0.161	-0.65	-2.132	93.75
atac_L08756	HIGH	0.182	-3.182	-2.197	-2.621	100
atac_L08757	HIGH	-0.381	-4.027	-1	-2.408	92.5
atac_L08758	HIGH	-1.554	-2.19	-1.452	-2.637	96.5
atac_L08780	HIGH	1.598	1.74	0.482	-2.773	95.333
atac_L08791	HIGH	-0.876	-3.242	0.377	-2.105	96
atac_L08801	HIGH	-1.25	0.178	0.563	-2.515	94.375
atac_L08827	HIGH	0.176	-5.391	-0.8	-2.738	97.4
atac_L08833	HIGH	-0.896	-1.172	-0.951	-2.801	100
atac_L08852	HIGH	-1.354	-4.448	-2.815	-2.54	90.125
atac_L08859	HIGH	-0.365	-0.277	0.022	-2.849	96.875
atac_L08860	HIGH	0.522	-5.406	-3.135	-2.597	94.5
atac_L08866	HIGH	0.092	-5.459	-3.903	-2.751	97
atac_L08868	HIGH	-0.18	-3.769	-2.688	-2.669	100
atac_L08883	HIGH	0.341	-5.378	0.046	-2.904	100
atac_L08887	HIGH	-0.363	-2.178	0.687	-2.866	98.5
atac_L08897	HIGH	0.176	-4.145	-1.354	-2.894	92.625
atac_L08901	HIGH	0.801	-5.275	-1.829	-2.572	96.5
atac_L08903	HIGH	-0.401	-3.441	-2.203	-2.511	93.667
atac_L08904	HIGH	1.315	-2.044	-1.783	-2.637	95
atac_L08917	HIGH	-0.654	-3.41	-2.854	-2.754	96.167
atac_L08918	HIGH	-0.974	-5.858	-2.942	-2.812	97.5
atac_L08934	HIGH	-0.175	-7.528	-0.524	-2.576	91.333
atac_L08936	HIGH	-0.882	-2.036	0.14	-2.725	98
atac_L08940	HIGH	0.056	-4.359	0.369	-2.714	100
atac_L08978	HIGH	-0.832	0.146	0.293	-2.776	95.125
atac_L08980	HIGH	-0.512	-1.553	-0.362	-2.644	100
atac_L08999	HIGH	-1.066	-0.699	0.112	-2.594	93.7
atac_L09027	HIGH	-0.257	-4.528	-1.925	-2.852	97.333
atac_L09031	HIGH	0.163	-6.045	-3.441	-3.135	99.5
atac_L09032	HIGH	1.625	-2.961	-2.274	-2.789	100
atac_L09061	HIGH	1.131	-4.001	-0.158	-2.555	96.667
atac_L09081	HIGH	-0.828	-2.3	-0.315	-2.787	89.75
atac_L09143	HIGH	1.331	-1.759	0.646	-2.522	97
atac_L09144	HIGH	0.529	-0.164	1.461	-2.793	95
atac_L09146	HIGH	-0.291	0.898	0.981	-2.583	88.333
atac_L09153	HIGH	0.542	-5.956	-3.109	-2.552	93
atac_L09168	HIGH	-0.89	-2.51	0.115	-2.654	83.917
atac_L09186	HIGH	0.408	-2.962	-1.441	-2.676	100
atac_L09190	HIGH	0.181	-3.891	-2.145	-2.758	93.333
atac_L09201	HIGH	-1.28	-0.326	-3.891	-2.074	97.923
atac_L09204	HIGH	0.584	-4.244	-3.124	-2.689	94
atac_L09213	HIGH	-0.364	-0.536	1.225	-2.881	90
atac_L09227	HIGH	0.519	-3.699	-1.76	-2.78	91.5
atac_L09258	HIGH	-0.19	-2.597	-1.031	-2.722	93.125
atac_L09259	HIGH	-0.728	-2.254	-3.277	-2.736	95.625
atac_L09279	HIGH	0.163	-5.638	-4.168	-2.547	81
atac_L09280	HIGH	0.658	-0.867	-3.909	-2.722	86.5
atac_L09286	HIGH	-0.01	-0.946	-3.243	-2.626	88.5
atac_L09288	HIGH	-0.609	-3.498	-1.449	-2.932	100
atac_L09306	HIGH	0.732	-4.329	-2.817	-3.013	91.625
atac_L09317	HIGH	1.138	-4.213	-3.864	-3.088	92
atac_L09330	HIGH	0.526	-4.623	-1.768	-2.877	86
atac_L09344	HIGH	1.315	0.399	0.851	-2.61	100
atac_L09363	HIGH	-0.335	-3.684	-1.011	-2.799	100
atac_L09370	HIGH	-1.205	-6.005	-2.587	-2.836	91.75
atac_L09373	HIGH	-0.769	-3.035	-3.309	-3.046	97.5
atac_L09374	HIGH	-0.64	-2.15	-2.929	-2.951	100
atac_L09382	HIGH	-0.507	-1.308	-2.169	-2.623	91
atac_L09404	HIGH	0.283	-4.065	-1.183	-2.479	91.833
atac_L09411	HIGH	-1.397	-3.406	-1.505	-2.735	95.917
atac_L09433	HIGH	0.19	-1.561	-1.663	-2.199	100
atac_L09434	HIGH	0.255	-4.574	-4.956	-2.75	96
atac_L09442	HIGH	-0.474	-2.817	-1.076	-2.727	89
atac_L09443	HIGH	-0.623	-3.393	-3.047	-2.753	96.324
atac_L09495	HIGH	1.165	-1.341	-3.595	-2.838	100
atac_L09518	HIGH	0.023	-5.478	-2.288	-2.784	96.125
atac_L09519	HIGH	0.652	-5.182	-2.046	-2.873	96.5
atac_L09520	HIGH	-0.009	-1.264	-0.877	-2.582	95.25
atac_L09549	HIGH	1.19	-0.612	-0.273	-2.362	98.571
atac_L09606	HIGH	-0.317	-0.23	-0.737	-2.954	100
atac_L09644	HIGH	-0.274	-4.523	-3.798	-2.54	94.5
atac_L09645	HIGH	2.427	-7.407	-4.127	-2.849	100
atac_L09845	HIGH	1.369	0.463	0.952	-2.836	87.333
atac_L09894	HIGH	2.133	-0.859	-0.827	-2.911	100
atac_L09896	HIGH	-0.319	-5.275	-1.639	-2.936	100
atac_L09914	HIGH	1.035	-5.499	-1.326	-2.952	93.333
atac_L09915	HIGH	1.799	-1.358	-1.985	-2.872	87.625
atac_L09922	HIGH	0.358	-3.385	-1.259	-2.85	94.429
atac_L09942	HIGH	3.119	-5.373	-3.365	-2.978	90
atac_L09957	HIGH	-0.322	-2.689	-2.218	-2.705	100
atac_L09959	HIGH	0.823	-2.021	-1.508	-3.023	88.5
atac_L09979	HIGH	1.144	-2.441	-1.218	-2.987	90
atac_L10031	HIGH	-0.093	-5.239	-2.851	-2.998	98.75
atac_L10049	HIGH	-1.001	-0.118	0.56	-2.353	100
atac_L10056	HIGH	0.821	-1.226	-2.424	-2.254	95.125
atac_L10059	HIGH	0.18	-3.606	-3.806	-2.739	98.6
atac_L10095	HIGH	-0.601	0.895	0.872	-2.749	99.667
atac_L10096	HIGH	0.024	-3.563	-1.607	-2.507	94.25
atac_L10097	HIGH	0.515	-4.004	-3.552	-2.63	100
atac_L10099	HIGH	-0.179	-5.735	-1.93	-2.824	95.5
atac_L10103	HIGH	-0.169	-2.359	-1.067	-2.462	97
atac_L10132	HIGH	1.8	-0.744	-1.482	-1.891	100
atac_L10146	HIGH	1.173	-2.619	-2.037	-3.053	95.75
atac_L10176	HIGH	0.819	-1.084	-1.169	-2.523	93.75
atac_L10194	HIGH	0.905	-4.977	-1.994	-2.737	97.333
atac_L10268	HIGH	2.036	-3.516	-2.789	-2.751	93.25
atac_L10281	HIGH	1.169	1.811	-0.19	-2.973	89.779
atac_L10298	HIGH	0.431	-4.721	-2.495	-2.452	84.5
atac_L10305	HIGH	1.19	0.206	0.441	-2.806	96.6
atac_L10309	HIGH	-0.846	-1.151	-2.824	-2.533	93.45
atac_L10310	HIGH	-0.951	-5.274	-2.272	-2.547	96
atac_L10329	HIGH	0.54	-3.933	-4.275	-2.606	91.533
atac_L10343	HIGH	1.777	-1.498	-0.333	-1.881	93.494
atac_L10356	HIGH	1.165	-0.887	0.095	-2.932	92.75
atac_L10379	HIGH	-0.96	-2.067	-2.156	-2.874	98.5
atac_L10402	HIGH	-0.582	-4.86	-2.168	-2.355	97
atac_L10409	HIGH	-0.832	-1.173	-0.328	-2.866	96.5
atac_L10412	HIGH	1.17	-2.981	-3.89	-2.871	96.5
atac_L10431	HIGH	1.097	-0.701	-0.268	-2.503	100
atac_L10461	HIGH	-0.93	-5.316	-2.691	-2.531	98
atac_L10464	HIGH	0.837	-2.932	-0.324	-2.385	97
atac_L10465	HIGH	0.818	-1.735	-1.165	-2.668	99
atac_L10466	HIGH	-0.292	-0.133	-0.974	-2.965	83.25
atac_L10476	HIGH	-0.459	-2.552	-0.97	-2.461	88.5
atac_L10506	HIGH	0	-5.373	-1.716	-2.723	98
atac_L10536	HIGH	0.822	0.151	1.202	-2.678	86
atac_L10542	HIGH	-0.353	0.939	0.203	-2.214	100
atac_L10546	HIGH	1.463	-0.489	-0.304	-2.75	82.889
atac_L10556	HIGH	0.531	0.266	0.16	-2.821	96.633
atac_L10557	HIGH	0.023	-6.63	-1.99	-2.525	89.333
atac_L10602	HIGH	0.335	-2.536	-3.553	-2.552	94.6
atac_L10603	HIGH	-1.159	-3.765	-3.253	-2.814	91.333
atac_L10619	HIGH	1.277	-4.678	-2.164	-2.196	98
atac_L10620	HIGH	1.322	-1.014	-2.342	-2.577	100
atac_L10633	HIGH	-0.097	-1.539	-2.772	-2.519	90
atac_L10649	HIGH	-1.34	-1.652	-1.85	-2.672	100
atac_L10650	HIGH	-1.254	-2.319	-1.265	-2.661	96.125
atac_L10684	HIGH	-0.616	-2.889	-3.247	-2.411	100
atac_L10736	HIGH	0.177	-4.247	-1.726	-2.801	95.333
atac_L10764	HIGH	-1.146	-2.761	-0.201	-2.626	98.25
atac_L10771	HIGH	0.649	2.058	1.699	-2.673	84
atac_L10782	HIGH	-0.338	-4.376	-1.642	-2.742	100
atac_L10783	HIGH	1.648	-0.721	-0.966	-2.234	96
atac_L10788	HIGH	-1.323	-3.037	-0.199	-2.445	96.75
atac_L10801	HIGH	1.955	-2.126	0.61	-2.665	100
atac_L10810	HIGH	-0.984	0.098	-4.352	-2.941	96.792
atac_L10811	HIGH	-1.128	-6.054	-2.708	-2.891	91
atac_L10817	HIGH	-1.151	-2.064	-0.865	-2.931	100
atac_L10821	HIGH	-0.533	-0.401	0.02	-2.585	97.5
atac_L10822	HIGH	0.903	-5.79	-0.883	-2.614	100
atac_L10823	HIGH	0.899	0.346	0.768	-2.357	90
atac_L10830	HIGH	0.43	-0.665	0.178	-2.397	92.75
atac_L10835	HIGH	0.082	-3.576	-2.03	-2.496	96
atac_L10839	HIGH	-0.169	-1.307	-0.954	-2.766	84.5
atac_L10847	HIGH	1.038	-3.333	-2.249	-2.614	95
atac_L10881	HIGH	1.183	-1.853	-4.769	-2.431	95.75
atac_L10914	HIGH	2.263	-1.202	-6.175	-1.736	95.333
atac_L10928	HIGH	0.534	-1.202	-7.14	-3.026	98.6
atac_L10929	HIGH	1.061	-2.142	-8.941	-2.401	98
atac_L10930	HIGH	0.31	-2.476	-9.725	-2.58	98.3
atac_L10991	HIGH	-1.059	-3.683	-2.14	-2.691	87
atac_L11004	HIGH	-1.134	-3.666	-0.721	-2.693	97.5
atac_L11007	HIGH	0.529	-2.3	0.339	-2.723	97.75
atac_L11021	HIGH	2.346	-5.494	-3.101	-2.519	100
atac_L11028	HIGH	2.334	-0.52	-0.562	-2.842	100
atac_L11049	HIGH	1.345	0.343	0.029	-2.59	97.25
atac_L11058	HIGH	0.29	-5.428	-3.122	-2.654	97.875
atac_L11083	HIGH	0.532	-5.867	-1.64	-2.74	100
atac_L11108	HIGH	0.641	-0.113	0.102	-2.388	88.6
atac_L11113	HIGH	-0.009	-1.705	0.457	-2.696	97.833
atac_L11125	HIGH	0.402	-1.826	-0.833	-2.794	96.732
atac_L11142	HIGH	-1.093	-3.228	-0.055	-2.964	94.5
atac_L11147	HIGH	-0.359	-4.09	0.049	-2.938	100
atac_L11148	HIGH	-0.359	-3.025	-1.31	-2.762	92
atac_L11153	HIGH	-0.851	-4.278	-2.537	-2.727	97.75
atac_L11162	HIGH	-0.731	-3.385	-1.772	-2.834	95.5
atac_L11229	HIGH	-1.239	-3.145	-1.395	-2.73	100
atac_L11249	HIGH	2.515	-0.172	0.486	-2.069	94.25
atac_L11251	HIGH	1.167	-3.133	2.945	-2.876	97.5
atac_L11276	HIGH	1.126	-5.278	-3.376	-3.05	94.5
atac_L11290	HIGH	1.175	1.121	-0.939	-2.992	94.457
atac_L11331	HIGH	0.392	-2.159	-1.175	-2.893	93.716
atac_L11348	HIGH	1.794	-3.998	-1.576	-2.262	90
atac_L11379	HIGH	-0.435	-2.281	-0.289	-2.988	90.533
atac_L11384	HIGH	0.636	-3.026	-0.955	-2.585	95
atac_L11420	HIGH	1.183	-0.213	1.642	-3.047	93.958
atac_L11425	HIGH	-0.637	-4.507	-3.304	-2.922	100
atac_L11485	HIGH	0.327	-1.909	-0.319	-2.748	98
atac_L11533	HIGH	-0.708	-4.937	-1.801	-2.915	96.417
atac_L11562	HIGH	0	-4.267	-0.078	-3.132	100
atac_L11708	HIGH	1.52	0.352	1.911	-2.899	94.75
atac_L11777	HIGH	1.466	1.21	2.16	-2.973	98.667
atac_L11778	HIGH	1.14	0.712	1.721	-2.96	97.333
atac_L11848	HIGH	0.822	-3.05	-1.491	-2.756	97.5
atac_L11894	HIGH	0.511	-3.985	-1.588	-2.79	97.5
atac_L11896	HIGH	-0.091	-6.115	-2.199	-2.698	97.275
atac_L11901	HIGH	0.279	-3.061	-0.791	-2.771	96.333
atac_L11939	HIGH	-0.646	-3.436	-1.902	-2.882	95.167
atac_L11969	HIGH	1.861	-4.323	-1.337	-2.927	95.5
atac_L11974	HIGH	-0.906	-3.414	-1.347	-2.593	98.375
atac_L12007	HIGH	1.311	-2.58	0.375	-2.724	97.5
atac_L12020	HIGH	1.808	0.449	-0.2	-2.716	99.1
atac_L12023	HIGH	1.845	1.51	-0.771	-2.659	100
atac_L12034	HIGH	-0.096	-2.207	-4.236	-2.914	97.067
atac_L12036	HIGH	2.109	-1.194	-2.146	-2.837	98.5
atac_L12044	HIGH	0.898	-2.681	-0.91	-2.535	95.417
atac_L12045	HIGH	-1.162	-4.485	-1.869	-2.387	100
atac_L12064	HIGH	-0.414	-7.196	-3.789	-2.854	99.333
atac_L12065	HIGH	-1.992	-2.194	-3.16	-1.99	92.167
atac_L12095	HIGH	-0.827	-2.599	0.579	-2.898	95.5
atac_L12104	HIGH	0.539	0.59	0.483	-2.051	98
atac_L12128	HIGH	-1.093	-3.85	0.108	-2.717	94.75
atac_L12132	HIGH	-0.389	-2.501	-1.339	-2.818	97.3
atac_L12156	HIGH	-0.992	-4.684	-2.14	-2.795	94.5
atac_L12198	HIGH	-0.28	-2.125	-1.437	-2.724	91.738
atac_L12218	HIGH	-0.689	-3.381	-0.568	-2.779	94
atac_L12220	HIGH	1.138	-3.471	-0.938	-2.924	99.25
atac_L12250	HIGH	-1.647	-4.358	-3.98	-2.706	97.5
atac_L12251	HIGH	-0.164	-5.44	-3.995	-2.684	97.5
atac_L12268	HIGH	-0.256	-4.563	-1.64	-2.958	96.7
atac_L12289	HIGH	-0.969	-5.83	-2.227	-2.466	95
atac_L12297	HIGH	0.526	-3.362	-2.583	-2.822	93
atac_L12329	HIGH	1.446	-3.423	-2.072	-2.691	88.25
atac_L12332	HIGH	0.541	-4.133	-3.295	-2.704	86.5
atac_L12358	HIGH	1.649	-6.022	-2.011	-2.78	100
atac_L12361	HIGH	0.343	-5.625	-2.53	-2.486	98
atac_L12369	HIGH	-0.892	-4.093	-2.33	-2.677	91.5
atac_L12371	HIGH	0	-3.294	-0.891	-2.629	94.775
atac_L12430	HIGH	-0.652	-1.86	-1.597	-2.399	96
atac_L12434	HIGH	-1.19	-4.859	-0.82	-2.484	91.5
atac_L12494	HIGH	0.168	-3.802	-2.059	-2.599	91.167
atac_L12496	HIGH	-1.281	-3.633	-5.812	-2.987	100
atac_L12519	HIGH	-1.187	-4.089	-1.913	-2.795	86.333
atac_L12527	HIGH	0.365	-0.283	0.391	-2.329	95.667
atac_L12535	HIGH	-1.244	-4.417	-0.463	-2.477	88.25
atac_L12536	HIGH	1.81	0.653	1.561	-2.455	95.25
atac_L12543	HIGH	1.175	-1.859	-2.038	-2.938	93.5
atac_L12545	HIGH	1.02	-4.279	-3.02	-2.506	98.25
atac_L12553	HIGH	0.527	-0.543	0.789	-2.545	93.75
atac_L12555	HIGH	1.184	0.189	0.314	-2.852	91.25
atac_L12599	HIGH	-0.344	-1.042	-2.3	-2.714	98.75
atac_L12606	HIGH	1.463	0.375	-1.724	-2.708	99.25
atac_L12611	HIGH	0.519	-5.609	-2.608	-2.754	88
atac_L12614	HIGH	-0.777	-0.5	0.005	-2.417	94
atac_L12623	HIGH	1.669	-0.15	0.014	-1.636	95
atac_L12641	HIGH	-0.361	-1.281	-0.691	-2.36	85.5
atac_L12643	HIGH	0.43	-2.963	-2.176	-2.755	95.75
atac_L12644	HIGH	0.181	-5.669	-1.79	-2.814	95.5
atac_L12678	HIGH	1.226	-4.864	-2.499	-2.791	100
atac_L12741	HIGH	-0.507	-1.624	-1.202	-2.84	83
atac_L12752	HIGH	0.416	-4.089	-2.317	-2.679	98.667
atac_L12753	HIGH	0.383	-2.979	-2.361	-2.549	96.667
atac_L12754	HIGH	-0.783	-4.587	-0.724	-3.108	93
atac_L12760	HIGH	-0.86	-4.801	-1.551	-2.522	95.5
atac_L12761	HIGH	1.16	-2.334	-0.448	-2.752	96.333
atac_L12775	HIGH	-0.064	-4.408	-2.266	-2.824	100
atac_L12785	HIGH	-0.779	-4.439	-0.801	-2.483	94.5
atac_L12797	HIGH	-0.255	-3.266	-1.619	-2.691	97.375
atac_L12815	HIGH	-0.379	-4.211	-1.918	-2.796	91.333
atac_L12834	HIGH	-0.36	-0.332	-1.343	-2.648	93.25
atac_L12835	HIGH	-0.558	-4.432	-3.8	-2.872	100
atac_L12851	HIGH	-0.915	-4.493	-2.699	-2.554	100
atac_L12861	HIGH	0.978	-1.761	-1.881	-2.569	93.333
atac_L12862	HIGH	-0.044	-3.162	-2.508	-2.747	83
atac_L12863	HIGH	-0.749	-5.776	-4.021	-2.921	98.5
atac_L12864	HIGH	0.285	-4.321	-3.46	-2.66	100
atac_L12874	HIGH	0.822	-0.549	-2.836	-2.408	95
atac_L12877	HIGH	-0.957	-4.245	-3.105	-2.957	90.5
atac_L12975	HIGH	-1.156	-5.887	-2.833	-2.602	97.25
atac_L12976	HIGH	-0.85	-2.893	-1.908	-2.841	97.333
atac_L12985	HIGH	-0.338	-3.805	-1.505	-2.645	90.5
atac_L13003	HIGH	0.646	-1.794	-2.61	-2.635	96.208
atac_L13009	HIGH	-0.092	-6.147	-3.164	-2.199	88
atac_L13012	HIGH	1.176	-4.297	-1.251	-2.867	96.833
atac_L13018	HIGH	-0.097	-4.463	-1.946	-2.964	90.273
atac_L13020	HIGH	0.345	-2.729	-3.187	-2.916	96.667
atac_L13040	HIGH	2.386	-4.027	-2.395	-1.875	95.75
atac_L13118	HIGH	0.825	0.329	0.123	-2.714	97.167
atac_L13119	HIGH	0	1.033	0.222	-2.654	92.5
atac_L13145	HIGH	1.152	-1.217	1.066	-2.138	84.133
atac_L13166	HIGH	1.457	-0.665	-0.02	-2.921	100
atac_L13171	HIGH	-0.654	-0.431	1.391	-2.576	83.5
atac_L13292	HIGH	0.33	-6.276	-4.489	-2.818	97.667
atac_L13312	HIGH	-0.175	-1.798	-1.706	-2.79	92.167
atac_L13363	HIGH	-0.606	-0.015	1.584	-2.794	87.5
atac_L13375	HIGH	-0.189	-4.057	-0.112	-2.928	100
atac_L13399	HIGH	-0.652	0.259	0.351	-2.385	86.5
atac_L13429	HIGH	0.924	-0.948	0.095	-2.05	93
atac_L13430	HIGH	-0.386	-4.128	-1.559	-2.385	100
atac_L13485	HIGH	-0.009	-4.981	-1.599	-2.658	94
atac_L13511	HIGH	-0.506	-2.874	-0.056	-2.889	92
atac_L13529	HIGH	0.815	-5.702	-2.687	-2.684	100
atac_L13531	HIGH	0	-2.76	-2.586	-2.836	97
atac_L13552	HIGH	-0.938	-4.89	-1.906	-3.04	89.75
atac_L13553	HIGH	1.139	-4.389	-3.106	-2.734	95.8
atac_L13563	HIGH	1.573	-3.293	-0.536	-2.735	91
atac_L13582	HIGH	1.451	2.061	-0.741	-2.773	95.5
atac_L13588	HIGH	1.757	-3.817	-0.038	-2.609	93.5
atac_L13592	HIGH	1.182	0.465	-4.458	-2.887	95.25
atac_L13612	HIGH	0.954	-0.797	-0.41	-2.683	96.175
atac_L13633	HIGH	-0.175	-4.109	-3.623	-2.677	100
atac_L13638	HIGH	-1.18	-4.346	-1.933	-2.606	98.5
atac_L13661	HIGH	-1.309	-3.31	-1.395	-2.856	100
atac_L13688	HIGH	0.529	-2.723	-0.808	-2.716	86.5
atac_L13689	HIGH	-1.257	-2.92	0.002	-2.098	91.583
atac_L13700	HIGH	0.345	-0.592	-1.006	-2.695	87.5
atac_L13726	HIGH	1.404	-5.228	-1.953	-2.512	98
atac_L13733	HIGH	-0.888	-0.835	0.411	-2.267	83.667
atac_L13736	HIGH	-0.377	-3.992	-2.756	-2.715	98.167
atac_L13738	HIGH	0.865	-5.184	-3.047	-2.627	96.7
atac_L13739	HIGH	0.047	-2.883	-2.216	-2.567	92.5
atac_L13743	HIGH	0.93	-1.938	-0.34	-2.342	97
atac_L13744	HIGH	-1.485	-4.945	-2.104	-2.69	100
atac_L13747	HIGH	-0.652	-3.833	-0.822	-2.727	96.2
atac_L13748	HIGH	-1.483	0.904	1.413	-2.288	93.5
atac_L13762	HIGH	1.298	-3.189	-1.306	-2.323	96.25
atac_L13763	HIGH	-0.852	-3.019	-2.021	-2.906	100
atac_L13788	HIGH	-0.58	-2.978	-1.561	-2.331	88
atac_L13794	HIGH	1.973	-3.968	-3.435	-2.619	96.143
atac_L13803	HIGH	-0.645	1.146	0.762	-2.609	97.083
atac_L13806	HIGH	0.783	-5.514	-2.381	-2.674	97.2
atac_L13810	HIGH	1.3	-0.44	-0.5	-2.773	90.5
atac_L13818	HIGH	-1.045	-3.41	-0.907	-2.786	100
atac_L13820	HIGH	0.286	-2.414	0.977	-2.807	99.375
atac_L13834	HIGH	-0.866	-3.477	-0.517	-2.738	90
atac_L13840	HIGH	-1.262	-3.697	-1.878	-2.975	95.817
atac_L13861	HIGH	0.374	-3.542	-2.378	-2.781	100
atac_L13862	HIGH	0.454	-4.643	-1.696	-2.659	95.083
atac_L13876	HIGH	1.507	-3.113	-1.758	-2.833	96.5
atac_L13894	HIGH	-0.423	-1.457	-1.255	-2.605	94.5
atac_L13922	HIGH	1.049	-0.483	-0.078	-2.868	100
atac_L13976	HIGH	-1.038	-5.562	-2.67	-2.836	96.625
atac_L13984	HIGH	-0.45	-0.201	0.021	-2.867	96.5
atac_L14013	HIGH	-1.125	-3.176	-1.834	-2.297	99.333
atac_L14015	HIGH	-1.028	0.816	0.311	-2.954	94.333
atac_L14020	HIGH	0.611	-5.389	-3.008	-2.69	98.2
atac_L14026	HIGH	-1.208	-4.035	-1.768	-2.924	100
atac_L14032	HIGH	0.761	-4.155	-1.297	-2.736	98
atac_L14036	HIGH	0.862	1.474	0.392	-2.981	90.875
atac_L14038	HIGH	1.172	-0.155	-1.601	-3.217	97.9
atac_L14042	HIGH	0.868	-5.755	-2.464	-2.415	90
atac_L14043	HIGH	1.162	-3.454	-3.708	-2.504	100
atac_L14061	HIGH	-0.192	-0.779	-1.794	-2.741	91.7
atac_L14073	HIGH	1.071	-5.5	-2.519	-2.662	92.833
atac_L14074	HIGH	-0.614	-2.51	-0.725	-2.737	95.25
atac_L14080	HIGH	0.605	-3.094	0.037	-2.746	97.75
atac_L14092	HIGH	0.545	-2.893	-3.74	-2.553	92.5
atac_L14093	HIGH	0.873	-4.309	-3.823	-2.552	100
atac_L14120	HIGH	-0.652	-5.495	-1.467	-2.706	97
atac_L14135	HIGH	-0.369	-4.255	-3.121	-2.715	100
atac_L14177	HIGH	2.468	0.062	-0.933	-2.707	95.667
atac_L14178	HIGH	-0.847	-3.2	-0.575	-2.863	95.057
atac_L14206	HIGH	0.603	-5.849	-3.642	-2.669	97.667
atac_L14214	HIGH	-1.006	-3.666	-2.576	-2.653	100
atac_L14220	HIGH	-0.381	-6.798	-2.881	-2.497	97.667
atac_L14221	HIGH	0.307	-3.551	-3.323	-2.623	92.75
atac_L14238	HIGH	-0.734	-3.982	-2.863	-2.851	94
atac_L14240	HIGH	-1.175	-3.457	-3.141	-2.64	95.595
atac_L14259	HIGH	-0.933	-5.826	-5.45	-2.334	100
atac_L14261	HIGH	-0.884	-3.016	-2.47	-1.997	94.25
atac_L14264	HIGH	-1.414	-3.736	-1.359	-2.852	88.75
atac_L14319	HIGH	0.023	-4.291	-1.367	-2.88	93.667
atac_L14329	HIGH	-0.182	-1.513	0.676	-2.778	98.75
atac_L14339	HIGH	1.341	-1.54	-0.815	-2.602	87
atac_L14372	HIGH	-0.293	-4.7	-3.054	-2.334	97.708
atac_L14375	HIGH	1.047	-4.828	-3.473	-2.742	80
atac_L14376	HIGH	1.644	-2.463	-3.618	-2.917	94
atac_L14377	HIGH	-1.388	-3.878	-2.857	-2.791	98.9
atac_L14418	HIGH	1.011	-2.167	0.393	-2.722	97
atac_L14496	HIGH	1.132	0.385	1.18	-2.849	86.292
atac_L14596	HIGH	-0.762	-6.744	-4.191	-2.671	96
atac_L14632	HIGH	-0.348	-1.85	-0.753	-2.577	92.167
atac_L14633	HIGH	-0.728	-4.798	-2.713	-2.792	100
atac_L14637	HIGH	1.581	-2.043	-2.559	-2.945	80
atac_L14638	HIGH	-0.363	0.125	-0.737	-2.757	94.667
atac_L14672	HIGH	0.657	-5.073	-1.568	-2.674	89.875
atac_L14683	HIGH	0.462	-4.482	-1.533	-2.753	100
atac_L14702	HIGH	-0.517	-4.398	-1.794	-3.069	92.219
atac_L14729	HIGH	1.254	-0.102	-0.391	-2.772	90.4
atac_L14746	HIGH	0.645	-3.844	-0.01	-2.231	93.292
atac_L14747	HIGH	0.765	-0.297	-0.462	-1.947	94
atac_L14752	HIGH	-1.04	0.049	-0.108	-2.585	92.95
atac_L14824	HIGH	-0.34	-0.98	-1.408	-2.731	90.5
atac_L14850	HIGH	-0.009	-5.014	-1.874	-2.833	95.982
atac_L14921	HIGH	0.616	-6.101	-2.724	-2.734	100
atac_L14963	HIGH	0.178	-3.534	-3.193	-2.548	92
atac_L14982	HIGH	-1.119	-1.044	-0.132	-2.457	91.083
atac_L14983	HIGH	0.981	-5.245	-1.703	-2.791	92.5
atac_L14987	HIGH	-0.173	-2.476	-0.409	-2.605	95
atac_L15000	HIGH	-0.655	-5.068	-4.851	-2.869	95.7
atac_L15001	HIGH	-0.518	-2.695	-3.971	-2.787	95.833
atac_L15033	HIGH	-1.611	-4.883	-2.834	-2.843	97.6
atac_L15037	HIGH	-0.648	-3.567	-0.905	-2.797	94.4
atac_L15040	HIGH	0.241	-0.348	0.433	-2.39	88.833
atac_L15041	HIGH	1.047	-3.064	-1.102	-2.706	90.333
atac_L15042	HIGH	1.06	-2.905	-1.541	-2.41	100
atac_L15046	HIGH	-0.736	0.482	-0.74	-2.725	90
atac_L15068	HIGH	-0.636	-2.139	-1.103	-2.529	92.8
atac_L15076	HIGH	-0.429	-5.245	-2.905	-2.694	95.25
atac_L15093	HIGH	-0.362	0.239	0.79	-2.782	94.333
atac_L15119	HIGH	-0.775	-5.537	-0.324	-2.583	100
atac_L15120	HIGH	-0.876	-2.017	-0.258	-2.819	100
atac_L15123	HIGH	-0.349	0.098	0.641	-2.792	92
atac_L15141	HIGH	1.153	-2.291	-1.388	-2.709	92.4
atac_L15177	HIGH	0.814	-0.877	0.243	-2.6	96.5
atac_L15188	HIGH	-0.246	0.349	0.289	-2.462	100
atac_L15202	HIGH	-0.339	-0.878	-0.417	-2.729	89.75
atac_L15204	HIGH	-1.187	-0.261	-4.483	-2.701	92.2
atac_L15208	HIGH	-0.187	-4.115	-0.385	-2.972	98.667
atac_L15237	HIGH	-0.093	-4.893	-3.08	-2.778	97.667
atac_L15256	HIGH	-0.096	-4.455	-2.904	-2.709	100
atac_L15277	HIGH	0.172	-3.222	-4.516	-2.467	96.75
atac_L15288	HIGH	-0.01	-3.016	-0.852	-2.789	100
atac_L15293	HIGH	0.537	-1.541	-0.805	-2.684	100
atac_L15294	HIGH	0.932	-3.177	-2.455	-2.76	85.5
atac_L15302	HIGH	1.856	0.528	0.671	-1.483	90.5
atac_L15303	HIGH	0.634	-1.396	-0.748	-2.801	100
atac_L15304	HIGH	0.73	-3.967	-1.792	-2.784	86
atac_L15305	HIGH	-0.902	-4.473	-2.817	-2.567	100
atac_L15309	HIGH	0.569	-2.414	-1.046	-2.803	95
atac_L15311	HIGH	-0.01	-0.477	-0.128	-2.616	100
atac_L15313	HIGH	1.224	-2.438	-1.925	-2.776	94.417
atac_L15315	HIGH	0.635	-2.28	-2.008	-2.741	88
atac_L15316	HIGH	0.407	-2.438	-1.308	-2.714	100
atac_L15317	HIGH	0.823	-1.201	-1.495	-2.715	100
atac_L15322	HIGH	0.819	-5.634	-2.673	-2.844	94.8
atac_L15323	HIGH	1.83	-1.516	-3.657	-2.42	87
atac_L15369	HIGH	-0.851	-2.817	-1.827	-2.615	95.5
atac_L15375	HIGH	-0.502	-3.474	-1.548	-2.574	100
atac_L15387	HIGH	1.18	-0.404	0.333	-2.985	100
atac_L15389	HIGH	-0.093	-2.479	-1.614	-2.243	99
atac_L15403	HIGH	0.305	-5.858	-2.464	-2.249	99.25
atac_L15406	HIGH	0.642	-1.832	-2.985	-2.474	90.286
atac_L15408	HIGH	1.169	-0.973	-3.026	-2.48	95
atac_L15411	HIGH	0.083	-2.452	-2.341	-2.804	93.5
atac_L15413	HIGH	2.943	-2.111	-1.493	-2.576	90.667
atac_L15447	HIGH	-0.879	-3.715	-1.795	-2.203	100
atac_L15450	HIGH	-0.919	-3.91	-1.487	-2.76	100
atac_L15458	HIGH	-1.023	-5.636	-2.213	-2.509	99.375
atac_L15459	HIGH	-1.13	-2	-3.006	-2.739	96.25
atac_L15460	HIGH	0.379	-1.492	-2.855	-2.695	91.125
atac_L15461	HIGH	-0.571	-4.409	-2.309	-2.643	86.9
atac_L15479	HIGH	-0.862	-0.722	-0.523	-2.582	95.167
atac_L15480	HIGH	-0.654	-1.926	-0.167	-2.556	86.875
atac_L15484	HIGH	1.75	-1.867	-0.8	-2.631	95.667
atac_L15492	HIGH	-0.617	-6.953	-2.147	-2.529	92.333
atac_L15525	HIGH	0.174	-4.017	-1.639	-2.392	96
atac_L15543	HIGH	0.815	-2.421	-3.338	-2.351	100
atac_L15548	HIGH	0.084	-3.15	-1.223	-2.829	96.5
atac_L15558	HIGH	-0.618	-6.685	-3.179	-2.5	93.75
atac_L15595	HIGH	0.92	-4.434	-3.268	-2.682	100
atac_L15610	HIGH	-1.103	-3.187	-2.483	-2.896	94
atac_L15624	HIGH	1.409	0.64	0.724	-2.975	98.6
atac_L15641	HIGH	-0.657	-3.178	-1.327	-2.54	100
atac_L15652	HIGH	1.028	-4.58	-4.093	-2.587	87.5
atac_L15664	HIGH	-0.159	-6.792	-2.971	-2.632	100
atac_L15670	HIGH	-0.486	-3.047	-3.446	-2.951	87
atac_L15682	HIGH	0.758	-4.812	-1.588	-2.65	99.333
atac_L15848	HIGH	0.933	-7.256	-2.843	-2.738	95.417
atac_L15865	HIGH	0.437	-2.261	-2.535	-2.734	96.275
atac_L15869	HIGH	0.102	-3.972	-3.156	-2.463	81.5
atac_L15870	HIGH	0.848	-6.558	-2.761	-2.531	90.333
atac_L15881	HIGH	-0.674	-2.31	-2.278	-2.704	88.5
atac_L15894	HIGH	1.157	0.845	-0.134	-2.883	85
atac_L15919	HIGH	1.373	-4.612	-2.641	-2.664	100
atac_L15927	HIGH	-0.192	-2.914	0.031	-2.87	91.3
atac_L15928	HIGH	0.913	-2.64	-0.171	-2.86	93.25
atac_L15963	HIGH	-0.924	-3.633	-1.523	-2.475	91.25
atac_L15971	HIGH	-0.508	-2.314	-0.198	-3.027	98.25
atac_L16135	HIGH	-0.87	-2.915	-1.809	-2.941	96.75
atac_L16154	HIGH	1.13	-0.961	-0.803	-2.924	97.4
atac_L16155	HIGH	-0.976	-3.318	-1.154	-2.855	98.1
atac_L16158	HIGH	0.29	-2.647	-0.798	-2.848	95.679
atac_L16184	HIGH	0.625	-5.279	-1.44	-2.617	100
atac_L16191	HIGH	-1.153	-4.004	-0.87	-2.755	98
atac_L16192	HIGH	1.608	-2.948	-0.995	-2.962	100
atac_L16214	HIGH	1.746	-1.212	-0.277	-2.142	94.167
atac_L16246	HIGH	0	-3.493	-0.358	-3.024	80.5
atac_L16250	HIGH	-0.644	-0.394	-0.98	-2.918	98.214
atac_L16282	HIGH	1.671	-2.322	0.45	-2.607	92
atac_L16292	HIGH	-0.778	-4.453	-2.099	-2.969	100
atac_L16307	HIGH	-1.06	-0.767	-0.21	-2.548	94.5
atac_L16327	HIGH	0.464	-6.027	-3.011	-2.606	100
atac_L16353	HIGH	-1.005	0.168	-0.118	-2.567	95.5
atac_L16376	HIGH	0.783	-1.291	-3.509	-2.709	97.119
atac_L16377	HIGH	-1.069	-2.886	-1.691	-2.82	100
atac_L16395	HIGH	1.155	0.364	0.473	-3.034	93.333
atac_L16424	HIGH	0.386	1.214	0.918	-2.841	89.208
atac_L16457	HIGH	1.593	-0.098	0.016	-3.248	85
atac_L16523	HIGH	0.386	-5.168	-1.309	-2.832	100
atac_L16524	HIGH	0.739	-6.052	-2.079	-2.842	95.65
atac_L16527	HIGH	-0.752	-5.173	-3.894	-2.52	96.5
atac_L16533	HIGH	1.169	-3.082	-1.266	-2.851	97.75
atac_L16535	HIGH	-1.267	-2.009	-4.419	-2.618	89
atac_L16539	HIGH	-1.177	-2.103	-1.616	-2.806	93.333
atac_L16553	HIGH	-0.5	-5.53	-3.688	-2.603	92
atac_L16565	HIGH	-0.398	-4.058	-4.726	-2.744	92.9
atac_L16580	HIGH	0.379	1.342	1.165	-2.173	90.333
atac_L16581	HIGH	0.177	2.052	0.669	-2.387	97.167
atac_L16601	HIGH	-0.57	0.491	0.203	-2.266	94.542
atac_L16623	HIGH	-0.755	-5.117	-1.192	-2.614	95
atac_L16626	HIGH	1.108	-1.983	-0.792	-2.904	94.25
atac_L16661	HIGH	-0.193	-1.894	-0.015	-2.842	98.4
atac_L16727	HIGH	0.319	-5.954	-1.335	-2.622	98
atac_L16741	HIGH	-0.009	-0.006	1.181	-2.246	95.5
atac_L16757	HIGH	0.927	-3.597	-2.384	-2.885	90.417
atac_L16766	HIGH	-0.166	-4.648	-1.032	-2.357	100
atac_L16787	HIGH	-0.009	-3.486	-2.086	-2.56	99.375
atac_L16792	HIGH	1.191	0.963	1.421	-2.852	95.5
atac_L16794	HIGH	1.24	-0.561	-1.928	-2.311	95.5
atac_L16824	HIGH	-0.346	-2.236	0.077	-2.857	100
atac_L16828	HIGH	0.288	-1.686	-3.014	-2.817	95.5
atac_L16855	HIGH	1.551	-5.323	-2.729	-2.876	96
atac_L16879	HIGH	-1.206	0.637	0.564	-2.746	100
atac_L16902	HIGH	1.185	-0.459	-2.728	-2.523	95.333
atac_L16904	HIGH	1.345	-2.517	-1.35	-2.504	100
atac_L16926	HIGH	-0.954	-4.706	-2.218	-2.891	97.25
atac_L16932	HIGH	-0.068	-2.788	-1.345	-2.779	100
atac_L16935	HIGH	-0.776	-5.047	-2.112	-2.648	100
atac_L16936	HIGH	0.29	-3.598	-1.997	-2.743	83
atac_L16940	HIGH	0.796	-1.078	-2.237	-2.636	98
atac_L16941	HIGH	0.946	-3.754	-3.472	-2.82	90.5
atac_L16944	HIGH	0	-2.227	-3.419	-2.862	96.5
atac_L16970	HIGH	1.113	-4.227	-2.111	-2.545	90
atac_L16971	HIGH	0.084	-1.789	-2.22	-2.478	100
atac_L16974	HIGH	1.32	-1.801	-2.955	-2.739	100
atac_L16975	HIGH	1.146	-3.696	-1.464	-2.595	90
atac_L16976	HIGH	1.074	-2.083	-1.944	-2.394	96.25
atac_L16981	HIGH	-1.135	-5.534	-3.623	-2.725	96.667
atac_L16988	HIGH	0.773	-5.96	0.378	-2.878	96.25
atac_L16994	HIGH	-0.781	-3.87	0.21	-3.006	94
atac_L16995	HIGH	0.797	-3.413	-0.119	-2.864	92
atac_L16996	HIGH	0.38	-5.913	-2.327	-2.691	97.5
atac_L17006	HIGH	-1.191	-1.389	-0.479	-2.677	95.875
atac_L17009	HIGH	0.517	-3.42	-1.427	-2.745	83
atac_L17012	HIGH	0.391	-0.856	-2.266	-2.855	88
atac_L17013	HIGH	-0.461	-5.003	-1.674	-2.573	97
atac_L17015	HIGH	-0.009	-5.277	-2.46	-2.732	93
atac_L17029	HIGH	-1.359	-5.305	-0.993	-2.711	100
atac_L17036	HIGH	1.453	-3.79	-4.413	-2.825	93.972
atac_L17037	HIGH	1.821	-3.1	-4.111	-2.889	95.833
atac_L17058	HIGH	0.058	0.823	-0.455	-2.847	94
atac_L17059	HIGH	1.348	-0.584	0.224	-2.735	93
atac_L17065	HIGH	0.281	-1.522	-0.209	-2.123	97
atac_L17066	HIGH	0.645	-2.291	-0.16	-2.334	97
atac_L17067	HIGH	1.161	-0.636	0.303	-2.636	90
atac_L17079	HIGH	0.084	-5.439	-2.23	-2.802	85.667
atac_L17105	HIGH	-0.009	-4.992	-1.378	-2.894	97.5
atac_L17106	HIGH	-1.36	-4.154	-1.297	-2.619	100
atac_L17111	HIGH	0.74	-2.725	-1.546	-2.851	94.439
atac_L17122	HIGH	-0.844	-4.311	-2.592	-2.968	95.75
atac_L17123	HIGH	-1.169	-4.256	-1.885	-2.88	99.5
atac_L17130	HIGH	0.077	-1.889	0.177	-2.787	97.667
atac_L17147	HIGH	-0.767	-0.249	-0.414	-2.729	96
atac_L17151	HIGH	0.725	-4.349	-2.403	-2.692	97
atac_L17161	HIGH	-1.455	-3.73	-1.012	-2.681	87.5
atac_L17178	HIGH	0.486	-7.209	-2.804	-2.731	100
atac_L17179	HIGH	0.244	-4.455	-2.085	-2.809	97.5
atac_L17181	HIGH	1.441	-4.423	-1.06	-2.024	91.5
atac_L17184	HIGH	1.543	1.079	-1.074	-2.743	92.25
atac_L17185	HIGH	-0.819	-0.826	0.626	-2.583	97
atac_L17187	HIGH	0.436	-5.332	-1.974	-2.731	87
atac_L17198	HIGH	-0.647	-1.808	-2.995	-2.855	94
atac_L17209	HIGH	-1.261	-5.763	-2.508	-2.949	96
atac_L17252	HIGH	0.38	-1.558	-0.793	-3.022	100
atac_L17253	HIGH	1.244	-1.47	-0.879	-2.608	93.75
atac_L17268	HIGH	0.82	-4.903	-1.299	-2.523	94
atac_L17321	HIGH	-0.782	-2.073	-1.345	-2.872	100
atac_L17322	HIGH	0.516	-1.126	-1.245	-2.521	92.833
atac_L17382	HIGH	-0.722	-3.939	-2.373	-2.641	94.583
atac_L17383	HIGH	-0.096	-2.525	-2.236	-2.833	86.5
atac_L17401	HIGH	-1.181	-1.989	-1.947	-2.899	94
atac_L17402	HIGH	-0.982	-4.512	-1.119	-2.825	100
atac_L17438	HIGH	0.577	-5.195	-3.188	-2.747	97.5
atac_L17442	HIGH	0.984	-3.941	-0.539	-2.861	92.833
atac_L17464	HIGH	-0.48	-1.514	-1.443	-3.002	99.75
atac_L17473	HIGH	1.467	-2.679	-0.358	-2.976	100
atac_L17476	HIGH	1.18	1.771	0.017	-3.25	93.6
atac_L17482	HIGH	1.801	1.779	0.445	-2.833	88.671
atac_L17486	HIGH	0.527	0.563	1.199	-1.829	88.5
atac_L17529	HIGH	1.173	-3.449	-1.32	-2.836	100
atac_L17585	HIGH	-0.5	-0.926	-1.575	-2.454	100
atac_L17617	HIGH	0.82	0.088	0.992	-2.931	93.667
atac_L17652	HIGH	1.805	0.639	1.086	-2.887	96.833
atac_L17675	HIGH	-0.995	-3.809	-0.376	-2.836	98.75
atac_L17676	HIGH	-0.18	-5.415	-1.052	-2.977	95.6
atac_L17706	HIGH	-0.385	-6.422	-4.538	-2.747	95.833
atac_L18002	HIGH	0.817	-3.664	-0.477	-2.883	97.167
atac_L18006	HIGH	1.712	-4.479	-2.742	-2.27	96
atac_L18038	HIGH	0	-2.443	-2.097	-2.72	100
atac_L18078	HIGH	0.18	-2.969	-3.912	-2.532	89
atac_L18079	HIGH	-0.457	-4.46	-3.296	-2.595	93.75
atac_L18088	HIGH	-0.653	-3.304	-1.728	-2.612	91.583
atac_L18101	HIGH	-0.51	-4.412	-1.3	-2.774	93.25
atac_L18102	HIGH	-0.353	-4.591	-1.494	-2.813	99.3
atac_L18153	HIGH	-1.028	-5.446	-3.129	-2.737	94.75
atac_L18157	HIGH	1.786	-0.068	-0.088	-2.985	97.833
atac_L18162	HIGH	-0.29	-4.524	-3.529	-2.742	96
atac_L18167	HIGH	-0.354	-4.791	-1.959	-2.908	100
atac_L18181	HIGH	0	-4.603	-4.821	-2.664	95
atac_L18214	HIGH	-0.356	-2.915	-1.381	-2.777	86.667
atac_L18218	HIGH	-0.874	-2.013	-1.685	-2.735	100
atac_L18228	HIGH	-1.336	-5.075	-2.866	-3.061	89
atac_L18229	HIGH	0.708	-4.27	-3.555	-2.497	100
atac_L18230	HIGH	0.291	1.349	1.235	-2.318	90.333
atac_L18251	HIGH	-1.445	-2.702	-3.725	-2.469	100
atac_L18260	HIGH	1.099	-0.796	-1.749	-2.907	96.1
atac_L18263	HIGH	2.058	-2.31	-0.644	-2.822	91.333
atac_L18277	HIGH	-0.767	-2.599	0.516	-2.808	90.25
atac_L18287	HIGH	0.278	-1.645	-0.117	-2.785	92.167
atac_L18292	HIGH	0.179	-2.221	-0.044	-2.506	94.333
atac_L18312	HIGH	1.707	-4.539	-1.238	-2.728	92.667
atac_L18313	HIGH	-1.166	-3.157	-3.155	-2.866	97
atac_L18315	HIGH	3.726	-6.229	-3.784	-2.86	98.417
atac_L18327	HIGH	-0.858	-0.27	0.49	-2.005	97.5
atac_L18328	HIGH	0.468	-4.341	-0.899	-2.73	100
atac_L18363	HIGH	1.182	0.392	2.403	-2.67	98
atac_L18370	HIGH	1.122	-2.208	-0.875	-2.917	92.5
atac_L18383	HIGH	1.22	-3.804	-2.586	-2.664	100
atac_L18414	HIGH	-0.937	-3.788	-1.158	-2.648	97.5
atac_L18428	HIGH	0.981	-5.825	-2.143	-2.72	96.667
atac_L18432	HIGH	-0.646	-2.378	-0.876	-2.03	98
atac_L18458	HIGH	0.045	-4.17	-0.738	-2.673	96.6
atac_L18460	HIGH	0.828	-4.198	-0.359	-1.79	86.5
atac_L18476	HIGH	-1.549	-4.042	-2.381	-2.537	93
atac_L18482	HIGH	-0.776	-0.69	0.205	-2.664	100
atac_L18496	HIGH	0.082	1.519	1.617	-2.64	97
atac_L18501	HIGH	-0.763	-3.868	-0.336	-2.714	95.167
atac_L18518	HIGH	1.464	1.082	1.023	-2.552	100
atac_L18519	HIGH	1.074	1.221	0.868	-1.994	98.667
atac_L18520	HIGH	1.593	1.054	0.606	-2.277	95.792
atac_L18528	HIGH	-1.5	-4.466	-0.607	-2.855	100
atac_L18529	HIGH	0.056	-3.412	-1.439	-2.7	93.333
atac_L18538	HIGH	0.658	-3.098	-1.312	-2.55	94.875
atac_L18561	HIGH	-0.364	-1.798	-0.076	-2.754	92.5
atac_L18591	HIGH	1.635	1.184	0.975	-2.523	96
atac_L18645	HIGH	-0.78	-0.919	-1.812	-2.873	94.775
atac_L18646	HIGH	0.055	0.938	0.129	-2.837	100
atac_L18674	HIGH	0.196	-1.747	-0.143	-2.844	90.5
atac_L18680	HIGH	0.179	-3.591	-1.225	-3.057	96
atac_L18691	HIGH	1.194	-7.864	-3.153	-2.772	88.25
atac_L18692	HIGH	-1.185	-3.417	-1.984	-2.646	94.875
atac_L18750	HIGH	0.76	-6.562	-2.196	-2.421	97.5
atac_L18751	HIGH	0.913	-3.949	-3.073	-2.622	93.667
atac_L18752	HIGH	0.528	-1.501	-4.246	-2.832	91.833
atac_L18754	HIGH	-0.443	-4.444	-3.11	-2.676	94.917
atac_L18755	HIGH	0.081	-3.683	-2.461	-2.741	92.75
atac_L18780	HIGH	-0.399	-2.95	-2.516	-2.417	96
atac_L18783	HIGH	1.16	-5.465	-1.822	-2.68	100
atac_L18784	HIGH	0.239	-5.916	-2.367	-2.479	100
atac_L18800	HIGH	-1.368	0.192	-0.441	-2.48	97.167
atac_L18805	HIGH	-0.643	-5.754	-3.16	-2.532	82
atac_L18823	HIGH	0.534	1.623	1.518	-2.125	86.667
atac_L18825	HIGH	-0.009	-1.479	0.117	-2.34	100
atac_L18828	HIGH	-1.817	-4.269	-1.318	-2.546	95
atac_L18831	HIGH	0.346	0.185	0.299	-2.653	99
atac_L18856	HIGH	-0.773	-2.002	-1.517	-2.639	89.583
atac_L18862	HIGH	-0.603	-3.77	-2.352	-2.925	95.458
atac_L18873	HIGH	0.357	-6.464	-2.44	-2.487	95.5
atac_L18897	HIGH	1.528	-6.408	-5.188	-2.828	90.5
atac_L18941	HIGH	1.265	-3.57	-0.939	-2.83	97.5
atac_L18946	HIGH	-0.01	-5.172	-1.278	-2.654	100
atac_L18965	HIGH	1.391	0.65	-0.44	-2.207	95.833
atac_L19056	HIGH	0.633	-0.524	0.529	-2.862	82
atac_L19066	HIGH	-1.32	0.536	-0.011	-2.309	93.571
atac_L19067	HIGH	-0.357	-4.237	-2.177	-2.627	92.833
atac_L19084	HIGH	-0.957	0.69	-1.082	-2.436	97.286
atac_L19107	HIGH	0.182	-0.833	-1.531	-3.069	93.6
atac_L19113	HIGH	-1.41	-5.127	-0.856	-2.788	85
atac_L19114	HIGH	-1.096	-4.589	-2.966	-2.923	98
atac_L19118	HIGH	1.298	-4.443	-1.376	-2.936	95.75
atac_L19119	HIGH	-0.621	-5.53	-4.489	-3.059	92.7
atac_L19146	HIGH	1.279	-4.931	-3.565	-2.624	99.167
atac_L19147	HIGH	0.26	-5.241	-2.784	-2.694	92.475
atac_L19161	HIGH	-0.166	-4.622	-1.193	-2.695	99
atac_L19177	HIGH	1.133	-2.502	-0.681	-2.611	94.292
atac_L19211	HIGH	1.026	-0.972	-1.296	-2.7	98.875
atac_L19212	HIGH	1.148	-4.456	-1.085	-2.834	93.525
atac_L19241	HIGH	-0.248	-5.227	-3.463	-2.531	93.5
atac_L19330	HIGH	0.281	-0.216	1.163	-2.262	92
atac_L19350	HIGH	2.062	-0.061	0.335	-2.619	96.893
atac_L19395	HIGH	1.125	0.324	0.537	-2.964	93.833
atac_L19472	HIGH	-0.347	-5.918	-2.776	-3.11	92
atac_L19547	HIGH	2.382	-0.634	0.421	-1.529	100
atac_L19609	HIGH	0.397	0.186	-1.487	-2.828	91
atac_L19614	HIGH	0.542	-3.455	-3.665	-2.34	92.5
atac_L19728	HIGH	-0.168	-3.914	-1.345	-2.956	91.5
atac_L19752	HIGH	1.15	-2.828	-0.017	-2.506	94.931
atac_L19761	HIGH	1.144	0.403	-0.016	-2.153	99.3
atac_L19898	HIGH	0.531	-6.714	-3.426	-2.612	82
atac_L19907	HIGH	1.155	-2.723	-1.939	-2.596	96
atac_L19946	HIGH	2.056	0.804	0.608	-1.915	81.333
atac_L19950	HIGH	1.183	0.337	1.257	-2.99	100
atac_L19970	HIGH	0.341	-5.558	-1.712	-2.629	87.5
atac_L19976	HIGH	1.191	1.546	1.498	-2.961	96.2
atac_L20035	HIGH	-0.711	-2.656	-1.391	-2.536	95
atac_L20036	HIGH	-0.009	-3.19	-0.716	-2.684	82.667
atac_L20037	HIGH	1.935	-2.613	-0.071	-2.87	94.833
atac_L20041	HIGH	0.078	-4.29	-2.032	-2.649	94.5
atac_L20059	HIGH	-0.181	-3.256	-4.747	-2.672	96.472
atac_L20081	HIGH	0.182	-4.584	-4.387	-2.604	95
atac_L20082	HIGH	-1.385	-4.159	-2.81	-2.622	98.5
atac_L20110	HIGH	0.081	-3.463	-1.856	-2.731	100
atac_L20111	HIGH	0.189	-4.047	-3.078	-2.724	100
atac_L20113	HIGH	0.595	-2.341	-0.193	-2.65	100
atac_L20144	HIGH	-0.742	-1.33	-2.051	-2.457	100
atac_L20150	HIGH	-1.102	-6.371	-1.844	-2.607	93.875
atac_L20157	HIGH	0.792	-2.053	-0.934	-2.796	92
atac_L20158	HIGH	1.167	0.319	-0.308	-2.68	100
atac_L20191	HIGH	0.913	-4.892	-0.708	-2.969	100
atac_L20197	HIGH	-0.627	-7.124	-4.793	-2.722	87
atac_L20199	HIGH	1.869	0.391	0.749	-2.916	100
atac_L20200	HIGH	0.679	-5.565	-3.252	-2.633	98
atac_L20207	HIGH	-0.319	-3.571	-0.87	-2.869	100
atac_L20216	HIGH	-1.431	-2.227	-1.138	-2.734	94.667
atac_L20224	HIGH	1.181	-1.565	-0.975	-2.855	100
atac_L20239	HIGH	1.087	-3.838	-1.41	-2.933	97
atac_L20243	HIGH	0.389	-5.111	-1.94	-2.924	100
atac_L20276	HIGH	0.277	-4.58	-1.77	-2.791	95.417
atac_L20292	HIGH	-0.729	-1.161	-2.088	-2.906	90.25
atac_L20297	HIGH	-0.729	-2.158	-0.245	-2.867	100
atac_L20298	HIGH	0	-2.639	-1.049	-2.869	91.667
atac_L20310	HIGH	-0.883	-0.337	-2.034	-2.325	97.167
atac_L20311	HIGH	-0.995	-1.804	-1.666	-2.584	99.6
atac_L20319	HIGH	-0.464	-2.063	-3.681	-2.528	100
atac_L20320	HIGH	-0.045	-2.203	-4.906	-2.726	94.25
atac_L20323	HIGH	-0.62	-2.454	-2.805	-2.536	92.75
atac_L20339	HIGH	0.889	-3.067	-1.54	-2.555	100
atac_L20349	HIGH	-0.351	-5.137	-2.176	-2.613	98.5
atac_L20375	HIGH	1.548	-5.097	-1.935	-2.821	100
atac_L20380	HIGH	0.525	-0.799	-3.571	-2.892	95.25
atac_L20388	HIGH	1.8	-6.274	-3.219	-2.833	100
atac_L20420	HIGH	0	-2.09	-2.443	-2.763	100
atac_L20422	HIGH	0.689	-5.716	-3.193	-3.021	98.05
atac_L20428	HIGH	0.323	-5.428	-5.634	-2.883	95.5
atac_L20429	HIGH	-1.763	-4.125	-2.077	-2.716	100
atac_L20464	HIGH	0.094	-4.703	-1.686	-2.879	95.5
atac_L20485	HIGH	0.436	-2.897	-3.186	-2.726	100
atac_L20496	HIGH	0.926	-3.53	-1.334	-2.535	92.725
atac_L20497	HIGH	-1.243	-3.95	-4.966	-2.552	89.875
atac_L20498	HIGH	0.172	-4.955	-2.493	-2.773	97.5
atac_L20499	HIGH	0.479	-4.381	-2.607	-2.775	98.5
atac_L20515	HIGH	-1.002	-5.197	-0.719	-2.697	93.5
atac_L20520	HIGH	-1.519	-0.021	-0.865	-2.88	100
atac_L20523	HIGH	0.853	-5.128	-2.542	-2.559	85.5
atac_L20543	HIGH	-0.095	-4.301	-1.672	-2.654	93.2
atac_L20548	HIGH	0.876	-6.222	-1.979	-2.602	96.5
atac_L20551	HIGH	0.91	-5.288	-1.524	-2.893	93.75
atac_L20589	HIGH	-0.097	-4.641	-3.314	-2.842	97.5
atac_L20590	HIGH	-1.201	-4.681	-4.093	-2.67	97.25
atac_L20593	HIGH	-1.45	-2.693	-2.761	-2.483	95.667
atac_L20607	HIGH	0.819	-5.912	-2.765	-2.489	82.5
atac_L20614	HIGH	-1.047	0.018	-0.215	-2.843	93.267
atac_L20624	HIGH	-1.444	-4.303	-2.62	-2.145	80
atac_L20648	HIGH	-0.614	-0.423	-0.187	-1.809	80.5
atac_L20665	HIGH	0.828	-3.676	-1.765	-2.611	92
atac_L20710	HIGH	1.989	-2.608	-0.301	-2.826	96.5
atac_L20735	HIGH	-0.798	-5.149	-1.274	-2.624	97
atac_L20747	HIGH	-1.155	-2.38	-0.657	-2.587	84.25
atac_L20748	HIGH	0.964	-0.587	0.89	-2.763	95.5
atac_L20749	HIGH	0.637	-1.879	-0.523	-2.779	97.167
atac_L20769	HIGH	-0.351	-4.435	-4.079	-2.76	100
atac_L20790	HIGH	-0.954	-4.309	-2.834	-2.802	86.833
atac_L20792	HIGH	0.08	-4.585	-2.571	-2.785	100
atac_L20802	HIGH	0.338	-5.435	-2.149	-2.29	96
atac_L20805	HIGH	1.043	-5.277	-1.469	-2.725	97.5
atac_L20809	HIGH	-0.349	-1.048	0.678	-2.92	96.5
atac_L20818	HIGH	-0.772	-2.102	-1.519	-2.58	95.5
atac_L20826	HIGH	1.05	-0.969	0.545	-2.794	95.75
atac_L20830	HIGH	-1.388	-3.326	-3.593	-2.699	89.167
atac_L20831	HIGH	-0.88	-5.811	-2.463	-2.639	83
atac_L20833	HIGH	2.22	-4.482	-1.113	-2.735	88.25
atac_L20839	HIGH	1.634	0.977	-0.8	-2.355	87.85
atac_L20863	HIGH	-0.778	-2.808	-0.519	-2.943	96.55
atac_L20865	HIGH	0.176	-2.003	-1.318	-2.286	95.333
atac_L20877	HIGH	-0.349	1.056	2.306	-2.877	94.75
atac_L20884	HIGH	1.491	-4.013	0.288	-2.751	100
atac_L20887	HIGH	1.124	-5.296	-3.034	-2.675	100
atac_L20895	HIGH	0.532	-3.066	-1.382	-2.71	100
atac_L20912	HIGH	0.057	-3.949	-2.006	-2.75	97.5
atac_L20913	HIGH	0.886	-1.289	-0.893	-2.626	93.75
atac_L20915	HIGH	1.529	-3.046	-2.336	-2.727	89
atac_L20923	HIGH	0.545	-4.629	-3.294	-2.428	96.917
atac_L20929	HIGH	-0.385	-5.513	-2.183	-2.818	92.25
atac_L20930	HIGH	-0.62	-6.24	-2.28	-2.777	94.375
atac_L20931	HIGH	-0.009	-4.909	-2.174	-2.503	94.25
atac_L20940	HIGH	0.404	-2.213	-2.702	-2.706	96.625
atac_L20941	HIGH	0	1.798	0.393	-2.529	98.735
atac_L20957	HIGH	-0.647	-0.499	0.003	-2.429	100
atac_L20959	HIGH	1.145	-0.72	-1.004	-2.446	97
atac_L20963	HIGH	-0.481	-0.669	0.024	-2.607	97.778
atac_L21015	HIGH	-0.606	-4.144	-3.067	-2.725	99.5
atac_L21074	HIGH	-0.361	-2.593	-0.747	-2.35	100
atac_L21081	HIGH	0.938	-2.387	-0.952	-2.674	97.333
atac_L21084	HIGH	1.188	0.513	-0.365	-2.829	96
atac_L21104	HIGH	1.165	-1.611	-0.022	-2.856	92.893
atac_L21119	HIGH	-0.362	-0.159	0.248	-2.656	95.643
atac_L21128	HIGH	1.154	-3.118	0.743	-2.659	100
atac_L21129	HIGH	0.868	-3.232	-0.92	-2.578	96.5
atac_L21134	HIGH	-0.065	-3.546	-1.226	-2.764	90
atac_L21297	HIGH	-0.325	0.501	0.05	-1.085	96.125
atac_L21298	HIGH	-0.009	-0.884	0.301	-2.406	100
atac_L21299	HIGH	0.817	0.065	0.564	-2.559	96.75
atac_L21349	HIGH	2.041	-3.831	-0.661	-2.826	98.667
atac_L21350	HIGH	1.449	-1.402	-1.136	-2.757	95.568
atac_L21354	HIGH	0.924	-4.985	-1.238	-2.617	90.389
atac_L21371	HIGH	1.609	0.593	0.003	-2.91	90.167
atac_L21416	HIGH	1.079	-1.569	-2.488	-1.564	83
atac_L21444	HIGH	-0.979	-4.294	-1.829	-2.42	91.25
atac_L21462	HIGH	0	-1.606	-2.339	-2.927	97.217
atac_L21484	HIGH	1.188	-2.478	-3.289	-2.654	100
atac_L21505	HIGH	0.439	-5.197	-2.416	-2.906	96
atac_L21542	HIGH	3.251	-3.636	-3.786	-2.788	96
atac_L21554	HIGH	1.228	-0.377	0.339	-2.314	98.875
atac_L21610	HIGH	1.156	-0.435	0.14	-2.295	90.2
atac_L21691	HIGH	0	-0.158	-0.697	-2.583	93.5
atac_L21713	HIGH	-0.706	-5.825	-3.498	-3.059	95
atac_L21763	HIGH	0.167	0.858	0.746	-2.312	95.7
atac_L21764	HIGH	0.604	0.69	0.092	-2.169	95.667
atac_L21765	HIGH	1.598	-0.065	0.136	-1.835	83.833
atac_L21775	HIGH	0.529	-3.738	-1.92	-2.675	96.45
atac_L21816	HIGH	0.17	-2.595	0.349	-2.797	96
atac_L21828	HIGH	-1.363	-0.268	-0.134	-2.836	95.125
atac_L21829	HIGH	-1.364	-0.194	-0.386	-2.465	94.25
atac_L21830	HIGH	-0.388	-1.015	-0.57	-2.511	95.833
atac_L21831	HIGH	0.879	1.037	-0.935	-2.573	86
atac_L21832	HIGH	0.899	-3.178	-1.168	-2.48	100
atac_L21849	HIGH	-1.043	-2.924	0.172	-2.737	99
atac_L21898	HIGH	0.822	-0.314	0.946	-2.412	96.667
atac_L21900	HIGH	-0.838	-0.054	0.175	-2.557	94.875
atac_L21909	HIGH	2.004	1.384	0.454	-1.575	82
atac_L21910	HIGH	1.294	0.628	0.708	-1.397	80.5
atac_L21926	HIGH	-0.782	-0.763	1.698	-2.476	92.875
atac_L21936	HIGH	0.732	-1.485	-0.324	-2.745	98
atac_L21937	HIGH	-0.17	-1.287	-0.015	-2.742	94
atac_L21938	HIGH	0.634	-1.096	-0.935	-2.839	95
atac_L21973	HIGH	-0.893	-3.525	-1.971	-2.817	93.333
atac_L21985	HIGH	-0.38	-4.016	-1.316	-2.853	100
atac_L22011	HIGH	0.291	-5.403	-3.029	-2.656	94.25
atac_L22034	HIGH	-1.259	-3.297	-1.767	-2.765	91.75
atac_L22111	HIGH	0.081	-1.236	1.067	-2.165	91
atac_L22124	HIGH	-1.259	-4.1	-1.775	-2.713	88.667
atac_L22139	HIGH	0.645	-5.418	-2.115	-2.661	100
atac_L22159	HIGH	0.936	-2.817	-4.621	-2.092	88.067
atac_L22168	HIGH	0.799	-3.962	-2.115	-2.571	98
atac_L22174	HIGH	0.808	-5.355	-5.838	-2.613	94.667
atac_L22175	HIGH	1.171	-1.948	-3.813	-2.599	97.542
atac_L22176	HIGH	-0.647	-2.154	-2.055	-2.728	100
atac_L22178	HIGH	1.118	-0.628	-3.217	-2.645	90.25
atac_L22187	HIGH	-0.343	-2.822	-0.282	-2.425	94
atac_L22203	HIGH	0	-6.547	-2.931	-2.816	98.6
atac_L22214	HIGH	-0.374	-6.336	-1.999	-2.698	98.667
atac_L22219	HIGH	0.824	-1.675	-2.342	-2.61	97.5
atac_L22220	HIGH	1.026	-0.398	-1.586	-2.463	96
atac_L22222	HIGH	0.914	-1.82	-0.691	-2.885	90
atac_L22224	HIGH	-0.656	-5.204	-1.341	-2.362	94.067
atac_L22225	HIGH	-1.1	-2.025	-1.648	-2.344	96
atac_L22240	HIGH	0.082	-0.983	-0.714	-2.69	96
atac_L22245	HIGH	0.344	-2.942	-0.236	-3.112	93.25
atac_L22258	HIGH	0.179	0.101	-0.494	-2.161	100
atac_L22295	HIGH	-0.009	-4.414	-1.389	-2.494	92
atac_L22377	HIGH	0.71	-2.7	-2.082	-2.677	100
atac_L22383	HIGH	0.38	0.476	0.948	-2.522	96.833
atac_L22397	HIGH	1.04	0.708	1.107	-2.64	80.667
atac_L22399	HIGH	1.156	-1.07	-1.661	-2.814	90.536
atac_L22402	HIGH	-0.188	-2.931	-0.456	-2.757	91.75
atac_L22403	HIGH	-0.89	-0.969	0.074	-2.691	87.375
atac_L22409	HIGH	0.795	0.203	0.501	-2.723	97
atac_L22417	HIGH	1.45	-2.393	-1.901	-2.786	96.233
atac_L22418	HIGH	1.332	-3.94	-2.211	-2.324	86
atac_L22421	HIGH	-0.887	-2.683	-2.597	-2.242	100
atac_L22440	HIGH	-0.54	-0.774	0.071	-2.493	96.5
atac_L22441	HIGH	0.871	-0.177	0.318	-2.719	94.75
atac_L22451	HIGH	0	-4.873	-2.218	-2.991	97.333
atac_L22542	HIGH	-0.963	-2.004	-1.625	-2.9	99.2
atac_L22553	HIGH	0.082	-3.527	-2.814	-2.129	84.5
atac_L22585	HIGH	0.761	-4.361	-1.711	-2.897	98.333
atac_L22592	HIGH	-0.188	0.441	0.325	-2.563	92.5
atac_L22608	HIGH	0.826	-2.661	0.167	-2.734	95
atac_L22611	HIGH	0.648	0.581	0.663	-2.505	100
atac_L22618	HIGH	1.07	-2.925	-2.568	-2.45	92.5
atac_L22663	HIGH	1.543	0.24	0.533	-2.776	84.5
atac_L22666	HIGH	-0.062	-1.662	-0.209	-2.075	93
atac_L22675	HIGH	0.727	-2.117	-2.152	-2.817	95
atac_L22706	HIGH	0.417	-1.357	-0.144	-2.239	100
atac_L22722	HIGH	1.299	-3.103	-2.582	-2.896	93.792
atac_L22723	HIGH	1.468	-1.798	-2.133	-2.91	97.5
atac_L22733	HIGH	0.92	-3.849	-0.721	-2.606	90
atac_L22734	HIGH	-0.192	0.541	-0.764	-2.85	95.5
atac_L22737	HIGH	0.92	-4.289	-1.536	-2.8	97.75
atac_L22740	HIGH	-0.672	-0.271	0.823	-2.397	93
atac_L22755	HIGH	-1.447	-1.059	0.583	-2.616	96.5
atac_L22778	HIGH	-0.855	-5.054	-1.753	-2.454	81
atac_L22782	HIGH	0	-2.526	-1.11	-2.671	100
atac_L22809	HIGH	-0.648	-4.229	-1.873	-2.403	93.25
atac_L22811	HIGH	1.135	-6.152	-1.706	-2.252	100
atac_L22819	HIGH	1.403	-1.569	-0.162	-2.488	91.583
atac_L22832	HIGH	0.438	-6.15	-1.798	-2.851	96.5
atac_L22853	HIGH	1.743	-6.47	-2.698	-2.733	100
atac_L22867	HIGH	0.338	-0.363	-0.542	-2.457	91.375
atac_L22891	HIGH	-0.878	-4.956	-2.378	-2.8	80.333
atac_L22977	HIGH	0.406	-5.761	-2.377	-2.848	84.2
atac_L22983	HIGH	-0.179	-0.287	-0.019	-2.919	90
atac_L22997	HIGH	-0.18	-4.732	-0.656	-2.875	99
atac_L23003	HIGH	-1.007	-2.956	0.33	-2.63	91.5
atac_L23011	HIGH	-0.887	-4.14	-0.255	-2.676	95
atac_L23020	HIGH	-0.009	-2.486	-2.019	-2.52	100
atac_L23021	HIGH	0.182	-0.846	-1.398	-2.471	100
atac_L23032	HIGH	-0.625	0.783	0.715	-1.996	100
atac_L23048	HIGH	-0.094	-5.491	-5.398	-2.679	82
atac_L23054	HIGH	0.825	-0.343	-0.512	-2.832	93.5
atac_L23070	HIGH	-0.608	-6.263	-2.608	-2.451	97
atac_L23089	HIGH	-0.865	-0.7	-0.233	-2.757	96
atac_L23109	HIGH	-1.512	-2.569	-0.851	-2.471	91.5
atac_L23145	HIGH	-1.722	-4.678	-3.135	-2.813	90
atac_L23146	HIGH	1.119	-5.003	-4.491	-2.605	89.5
atac_L23151	HIGH	-0.84	-6.081	-2.372	-2.605	97.75
atac_L23152	HIGH	1.822	-4.496	-2.879	-2.387	100
atac_L23157	HIGH	-0.269	-3.556	-2.072	-2.263	94.467
atac_L23159	HIGH	-0.746	-0.567	-0.445	-2.518	87.75
atac_L23170	HIGH	-1.214	-5.88	-1.723	-2.672	100
atac_L23176	HIGH	0.768	-3.695	-0.901	-2.596	91.667
atac_L23194	HIGH	-0.802	-1.824	0.386	-2.813	95.167
atac_L23206	HIGH	-0.639	-2.47	-0.687	-2.806	91.333
atac_L23212	HIGH	-1.472	-4.212	-2.517	-2.769	81
atac_L23239	HIGH	1.061	-4.046	-0.561	-2.838	92.1
atac_L23242	HIGH	-0.257	-2.491	-0.665	-2.578	100
atac_L23264	HIGH	0.531	-1.241	-1.072	-2.752	96
atac_L23265	HIGH	-0.22	-7.156	-1.368	-2.425	87.5
atac_L23277	HIGH	-0.655	0.813	0.676	-2.859	98
atac_L23290	HIGH	1.402	-3.386	-0.473	-2.818	100
atac_L23295	HIGH	1.29	-2.04	-0.043	-2.129	88
atac_L23298	HIGH	0.488	-0.207	-0.634	-2.741	91.667
atac_L23336	HIGH	-1.48	-1.632	0.163	-2.366	95.5
atac_L23353	HIGH	0.751	-1.42	-1.935	-2.295	96.982
atac_L23354	HIGH	1.238	-0.529	-1.083	-2.796	100
atac_L23392	HIGH	-0.869	-5.339	-1.082	-2.829	100
atac_L23413	HIGH	0.492	-2.401	-2.021	-2.715	93.5
atac_L23414	HIGH	-1.222	-2.616	-2.281	-2.751	100
atac_L23429	HIGH	-0.899	-0.611	-0.182	-2.025	94.75
atac_L23431	HIGH	-1.28	-2.724	-2.356	-2.836	97.25
atac_L23444	HIGH	-0.658	-4.278	-1.957	-2.827	86
atac_L23452	HIGH	-0.122	-5.559	-3.123	-2.573	96.8
atac_L23457	HIGH	1.782	-2.735	-2.975	-2.206	97.429
atac_L23463	HIGH	-1.569	-2.511	-4.729	-2.696	84.667
atac_L23465	HIGH	1.332	-2.785	-1.811	-2.608	98
atac_L23466	HIGH	0.282	-5.43	-1.986	-2.764	95
atac_L23508	HIGH	-0.642	-5.23	-3.417	-2.768	98.5
atac_L23511	HIGH	0.866	0.087	-2.946	-2.758	100
atac_L23512	HIGH	1.134	-2.401	-3.038	-2.73	97.429
atac_L23521	HIGH	1.416	-2.38	-1.726	-2.795	100
atac_L23523	HIGH	-0.439	-4.842	-2.24	-2.878	96
atac_L23525	HIGH	0.957	-3.296	-1.816	-2.877	100
atac_L23544	HIGH	1.147	0.706	1.32	-2.956	85.75
atac_L23570	HIGH	0.646	-5.21	-1.212	-2.814	89.25
atac_L23587	HIGH	-0.65	-1.335	0.219	-3.054	98.833
atac_L23593	HIGH	0.671	-0.168	0.772	-2.796	93
atac_L23661	HIGH	1.338	-0.188	1.851	-1.864	84.167
atac_L23664	HIGH	1.794	-2.123	-1.686	-2.839	90
atac_L23677	HIGH	2.032	-0.06	0.034	-2.802	100
atac_L23876	HIGH	-0.946	-4.801	-2.388	-2.451	96.5
atac_L23891	HIGH	0.268	0.5	0.594	-2.442	90
atac_L23893	HIGH	0.335	0.553	-0.118	-2.063	92
atac_L23895	HIGH	2.239	-1.835	-1.98	-2.669	96
atac_L23896	HIGH	-1.516	-4.259	-2.095	-2.796	93.667
atac_L23909	HIGH	-0.009	-3.67	-5.649	-2.586	93
atac_L23941	HIGH	1.151	-4.869	-2.569	-2.783	95
atac_L23952	HIGH	-0.289	0.298	1.011	-2.452	95.75
atac_L23953	HIGH	-0.632	-2.824	-1.388	-2.837	95.5
atac_L23961	HIGH	-0.091	-0.325	0.713	-2.507	91.829
atac_L23963	HIGH	-1.102	-0.654	-1.306	-2.657	96
atac_L23968	HIGH	1.188	-4.297	-0.006	-2.587	88.5
atac_L23970	HIGH	-1.094	-0.109	0.946	-2.753	94.208
atac_L23983	HIGH	-0.065	-3.282	-1.096	-2.812	100
atac_L23985	HIGH	0	-2.713	-1.244	-2.759	95
atac_L23986	HIGH	-1.283	-2.869	-1.447	-2.682	98.333
atac_L23987	HIGH	-0.365	-0.419	-1.97	-2.844	91.875
atac_L23989	HIGH	-0.359	-0.39	-1.307	-2.909	87.8
atac_L23990	HIGH	-0.362	-3.047	-0.986	-2.998	99.222
atac_L23999	HIGH	-1.477	-6.911	-3.393	-2.807	96.5
atac_L24002	HIGH	-0.999	-2.72	-2.868	-2.713	96.667
atac_L24006	HIGH	1.104	-3.8	-1.336	-2.621	94
atac_L24012	HIGH	-1.525	-5.762	-3.108	-2.556	100
atac_L24013	HIGH	0	-1.302	-2.454	-3.234	98.167
atac_L24015	HIGH	-0.165	-4.877	-3.03	-2.828	100
atac_L24020	HIGH	0.672	0.419	1.284	-2.696	83.25
atac_L24036	HIGH	0.106	-6.314	-4.409	-2.454	93.5
atac_L24042	HIGH	1.191	-1.951	-2.132	-2.504	97.458
atac_L24064	HIGH	-1.195	-2.086	-0.577	-2.418	84.75
atac_L24066	HIGH	0.311	-1.691	-3.006	-2.815	100
atac_L24067	HIGH	0.083	-3.68	-3.047	-2.597	98.125
atac_L24090	HIGH	0.668	-1.698	0.733	-2.77	90
atac_L24100	HIGH	-0.925	-4.803	-3.009	-2.276	100
atac_L24108	HIGH	0.082	-4.885	-2.9	-2.636	100
atac_L24110	HIGH	-0.356	-2.726	-3.543	-2.836	88.542
atac_L24118	HIGH	-0.852	-1.456	-0.671	-2.886	95.5
atac_L24150	HIGH	0.421	-3.339	-3.719	-2.547	100
atac_L24166	HIGH	-0.385	-4.394	-1.989	-2.825	97
atac_L24172	HIGH	-0.009	-3.367	-2.055	-2.742	100
atac_L24173	HIGH	-0.009	-5.271	-3.297	-2.473	97.75
atac_L24180	HIGH	1.513	-3.313	-1.42	-2.822	100
atac_L24183	HIGH	1.191	1.889	2.162	-2.718	96.667
atac_L24193	HIGH	1.235	0.138	-0.354	-2.736	88
atac_L24204	HIGH	1.171	-1.892	-2.467	-2.678	95
atac_L24206	HIGH	1.735	-4.154	-1.406	-2.734	98
atac_L24207	HIGH	0.605	-4.142	-2.204	-2.51	100
atac_L24231	HIGH	0.284	-0.938	1.205	-2.698	97.667
atac_L24238	HIGH	-1.33	-5.397	-3.845	-2.738	97.333
atac_L24261	HIGH	-1.137	-3.808	-0.227	-2.855	100
atac_L24282	HIGH	0.175	-5.241	-5.751	-2.645	86.917
atac_L24283	HIGH	1.147	-5.526	-4.149	-2.625	85
atac_L24293	HIGH	0.251	-4.562	-2.066	-2.606	96.5
atac_L24299	HIGH	-0.333	-2.489	-1.591	-2.586	92
atac_L24300	HIGH	1.045	-2.419	-0.484	-2.639	90.333
atac_L24301	HIGH	0.826	-4.948	-0.969	-2.746	97.25
atac_L24306	HIGH	0.176	-5.891	-3.153	-2.723	100
atac_L24308	HIGH	-0.009	-2.748	-1.019	-2.847	95
atac_L24314	HIGH	0.42	-2.947	-1.976	-2.662	89.5
atac_L24319	HIGH	-1.245	-3.926	-0.464	-2.725	100
atac_L24321	HIGH	0.665	-4.593	-0.774	-2.893	88.75
atac_L24356	HIGH	-1.363	-2.787	-0.374	-2.705	99
atac_L24358	HIGH	1.546	-0.387	0.809	-2.751	84
atac_L24363	HIGH	0.818	-0.4	0.786	-2.829	100
atac_L24395	HIGH	-0.362	-1.934	-1.294	-2.365	100
atac_L24404	HIGH	-0.828	-2.502	-1.215	-2.938	92
atac_L24406	HIGH	0.288	-3.471	1.053	-2.791	100
atac_L24435	HIGH	0.393	1.32	0.527	-2.481	94.667
atac_L24449	HIGH	-0.469	-3.666	-1.035	-2.959	84.5
atac_L24475	HIGH	-0.354	-0.126	0.407	-2.615	94.167
atac_L24503	HIGH	-0.778	-0.803	1.278	-2.832	100
atac_L24523	HIGH	-1.113	-4.115	-2.706	-2.538	96.667
atac_L24526	HIGH	0.256	-6.013	-4.849	-2.701	98
atac_L24547	HIGH	0.915	-4.112	-2.777	-2.645	95
atac_L24589	HIGH	0.383	-1.835	-0.066	-2.771	100
atac_L24649	HIGH	-0.651	-4.65	-3.149	-2.586	94
atac_L24656	HIGH	0.173	-2.375	0.302	-2.743	95.417
atac_L24658	HIGH	-0.886	-2.296	-0.798	-2.788	100
atac_L24667	HIGH	0.054	-4.974	-0.79	-2.709	97.75
atac_L24668	HIGH	0.504	-2.774	-1.365	-2.763	90.361
atac_L24682	HIGH	2.308	-1.454	-1.932	-2.841	91.933
atac_L24694	HIGH	-0.334	-0.31	0.477	-2.975	85.667
atac_L24724	HIGH	-0.509	-2.722	0.487	-2.987	96.464
atac_L24877	HIGH	-0.009	-5.969	-3.567	-3.145	100
atac_L24923	HIGH	-0.64	-5.504	-3.273	-2.792	95.5
atac_L24927	HIGH	0.53	-0.044	-1.508	-2.428	95
atac_L24928	HIGH	-0.973	-4.451	-2.22	-3.03	97.5
atac_L24930	HIGH	1.028	-2.034	-2.899	-2.456	95.333
atac_L24940	HIGH	-0.886	-4.235	-1.638	-2.803	96
atac_L24951	HIGH	-1.033	-5.52	-2.524	-2.693	99
atac_L25004	HIGH	0.621	-1.426	-1.887	-2.75	100
atac_L25006	HIGH	0.555	-4.711	-2.347	-2.491	99.3
atac_L25008	HIGH	-0.646	0.752	-1.839	-2.93	82
atac_L25012	HIGH	0.373	-7.054	-1.642	-2.679	97.75
atac_L25030	HIGH	-1.179	-4.737	-2.204	-2.379	85.688
atac_L25051	HIGH	-0.639	-6.61	-3.774	-3.02	96.5
atac_L25053	HIGH	-0.354	-2.155	-0.66	-2.877	97.812
atac_L25083	HIGH	-0.328	-1.214	0.359	-2.866	81
atac_L25111	HIGH	1.819	-0.057	0.948	-2.693	94.083
atac_L25194	HIGH	-0.174	-5.289	-3.638	-2.572	93.3
atac_L25247	HIGH	1.615	0.026	-0.411	-2.188	87.5
atac_L25276	HIGH	1.265	-2.982	-2.67	-2.893	100
atac_L25277	HIGH	-0.477	-5.523	-3.521	-2.994	100
atac_L25327	HIGH	1.121	-2.294	0.137	-2.71	93.7
atac_L25354	HIGH	0.821	0.681	1.173	-2.753	96.833
atac_L25364	HIGH	-1.346	-6.542	-3.384	-2.755	97
atac_L25370	HIGH	-0.809	-3.93	-0.098	-2.494	96.85
atac_L25381	HIGH	-0.779	-4.332	-2.995	-2.364	100
atac_L25386	HIGH	0.284	-4.297	-1.47	-2.807	93.7
atac_L25394	HIGH	1.229	-5.378	-2.44	-2.527	100
atac_L25417	HIGH	-0.758	-3.379	-1.976	-2.71	100
atac_L25419	HIGH	-0.484	-3.639	-2.699	-2.642	100
atac_L25441	HIGH	1.963	-2.14	-0.884	-2.61	91.667
atac_L25444	HIGH	-0.487	-4.082	-2.988	-2.637	94
atac_L25455	HIGH	0.599	-4.284	-2.782	-2.44	97.25
atac_L25483	HIGH	2.21	1.41	1.122	-2.302	89.556
atac_L25489	HIGH	1.014	0.018	0.122	-2.668	98.083
atac_L25520	HIGH	1.994	-4.283	-0.986	-2.744	100
atac_L25525	HIGH	-0.467	-4.32	-3.95	-2.525	100
atac_L25534	HIGH	1.163	0.56	0.531	-1.771	93.5
atac_L25537	HIGH	0.407	-0.162	-2.204	-2.088	94.75
atac_L25548	HIGH	-0.505	-0.465	-0.047	-1.716	84.467
atac_L25567	HIGH	-0.364	-0.152	-1.191	-2.715	97.5
atac_L25568	HIGH	-0.009	-4.577	-1.056	-2.528	96.5
atac_L25572	HIGH	-0.645	-3.759	-3.171	-2.844	95.5
atac_L25577	HIGH	0.818	0.07	0.52	-2.729	98.25
atac_L25579	HIGH	-0.332	0.489	0.944	-2.158	100
atac_L25582	HIGH	0.824	-4.178	-2.217	-2.806	89.5
atac_L25633	HIGH	1.442	-0.854	-1.708	-2.313	99
atac_L25651	HIGH	1.151	1.274	0.629	-3.154	97.556
atac_L25652	HIGH	-1.169	-3.57	-1.936	-2.694	96
atac_L25654	HIGH	-1.449	-0.222	-0.266	-2.562	96.75
atac_L25666	HIGH	1.17	-0.767	0.189	-2.984	99
atac_L25667	HIGH	0.403	-2.087	-0.204	-2.667	93
atac_L25719	HIGH	0.499	-2.191	-1.654	-2.43	100
atac_L25736	HIGH	-0.567	-4.815	-1.467	-3.036	100
atac_L25755	HIGH	0.607	-4.744	-2.469	-2.708	100
atac_L25756	HIGH	-1.002	-1.674	-2.222	-2.704	90
atac_L25767	HIGH	-1.301	-4.442	-4.565	-2.64	91.5
atac_L25768	HIGH	-0.356	-2.55	-1.692	-2.72	98.5
atac_L25794	HIGH	1.388	-3.135	-2.639	-2.718	93.433
atac_L25820	HIGH	-0.365	0.507	0.278	-2.086	100
atac_L25847	HIGH	-0.351	-2.495	0.359	-1.934	96
atac_L25879	HIGH	-0.194	-4.941	-1.215	-2.808	98
atac_L26041	HIGH	-0.622	-5.988	-2.075	-2.615	99.25
atac_L26043	HIGH	-0.177	-1.488	-4.025	-2.43	97.107
atac_L26082	HIGH	0.266	-5.653	-1.827	-2.506	86.25
atac_L26174	HIGH	1.077	-1.115	-0.898	-2.629	85
atac_L26244	HIGH	1.055	-4.757	-4.336	-2.512	86.5
atac_L26283	HIGH	-1.325	-2.061	-1.083	-2.624	100
atac_L26406	HIGH	0.29	-0.045	-0.833	-2.189	82.375
atac_L26431	HIGH	1.336	1.024	1.189	-2.888	98.308
atac_L26437	HIGH	0.607	0.723	-0.269	-3.154	94.983
atac_L26438	HIGH	-0.245	-1.744	-1.171	-2.805	94.689
atac_L26445	HIGH	1.155	-0.585	-0.963	-3.092	94
atac_L26456	HIGH	0.265	-3.067	-1.434	-2.763	85.6
atac_L26521	HIGH	0.286	1.799	-0.914	-1.954	94.667
atac_L26525	HIGH	2.75	-2.806	-0.303	-1.901	95.75
atac_L26557	HIGH	0.077	-5.538	-1.157	-2.882	97.667
atac_L26578	HIGH	-0.879	-6.062	-0.174	-2.701	96.5
atac_L26594	HIGH	1.182	-0.207	-0.594	-3.135	95
atac_L26633	HIGH	1.455	0.487	0.195	-3.119	90.8
atac_L26651	HIGH	-0.648	-2.218	-2.174	-2.475	94.333
atac_L26682	HIGH	0.935	-0.873	-0.173	-2.037	94.667
atac_L26700	HIGH	0.539	-1.124	-2.159	-2.832	100
atac_L26701	HIGH	-1.138	-4.984	-3.022	-2.76	95
atac_L26725	HIGH	1.952	0.492	1.083	-1.943	94.667
atac_L26728	HIGH	0.288	-1.701	-0.195	-2.795	100
atac_L26739	HIGH	-0.175	-4.107	-1.976	-2.691	97
atac_L26741	HIGH	0.309	-1.073	-1.145	-2.547	93
atac_L26760	HIGH	-0.817	-1.892	-0.583	-2.744	100
atac_L26775	HIGH	0.661	-4.269	-1.114	-2.635	97
atac_L26786	HIGH	3.37	1.964	1.129	-2.231	91.125
atac_L26794	HIGH	0.534	-3.536	-1.222	-2.517	95.233
atac_L26838	HIGH	0.175	-1.958	-0.785	-2.676	95.5
atac_L26840	HIGH	0.794	-3.745	-1.998	-2.568	95
atac_L26842	HIGH	1.323	-3.418	-1.847	-2.982	97.167
atac_L26850	HIGH	-0.967	-3.898	-1.909	-2.836	100
atac_L26884	HIGH	0.664	-2.991	-0.223	-2.773	94.25
atac_L26885	HIGH	-1.06	-5.942	-2.797	-2.873	95.375
atac_L26912	HIGH	0.4	0.287	-0.877	-2.785	94.75
atac_L26942	HIGH	-0.009	-0.986	-1.61	-2.93	93
atac_L26943	HIGH	-0.632	-1.07	-0.236	-2.534	93.25
atac_L26955	HIGH	0.461	-0.315	-2.703	-2.605	96.5
atac_L26984	HIGH	-0.621	-4.124	-1.425	-2.61	97
atac_L26996	HIGH	-1.769	-0.43	-0.987	-2.274	100
atac_L26997	HIGH	-0.808	0.282	-0.114	-2.554	94.25
atac_L26998	HIGH	0.344	0.326	-0.248	-2.505	100
atac_L27006	HIGH	0.4	-0.372	-1.148	-2.688	88.5
atac_L27007	HIGH	1.223	-2.979	-1.42	-2.672	93.75
atac_L27056	HIGH	0.531	-2.055	-0.304	-2.81	99.167
atac_L27064	HIGH	1.45	-4.037	-0.018	-2.684	94
atac_L27074	HIGH	-0.971	-1.615	-2.091	-2.814	95.5
atac_L27102	HIGH	0.34	-3.167	-1.565	-2.619	95.607
atac_L27112	HIGH	1.807	-1.257	-0.801	-2.713	95.2
atac_L27117	HIGH	0.024	-5.596	-1.911	-2.574	91
atac_L27119	HIGH	0.173	-3.019	-2.36	-2.653	92.75
atac_L27171	HIGH	-0.77	0.444	0.183	-2.529	99.6
atac_L27177	HIGH	-0.332	0.146	-1.593	-2.773	100
atac_L27206	HIGH	-0.469	-3.988	-3.188	-2.539	97
atac_L27238	HIGH	1.452	0.091	0.459	-2.528	98.75
atac_L27240	HIGH	0.515	-2.068	-0.812	-2.783	100
atac_L27251	HIGH	-0.35	-4.127	-2.594	-2.727	91
atac_L27253	HIGH	1.616	-2.56	-1.251	-2.966	92.667
atac_L27254	HIGH	0.283	-2.974	-1.049	-2.467	94.583
atac_L27260	HIGH	-0.981	-2.714	-1.443	-2.109	98.5
atac_L27261	HIGH	-0.863	-1.042	-0.537	-2.852	100
atac_L27296	HIGH	-1.1	-1.896	-2.383	-2.441	94.5
atac_L27312	HIGH	0.083	-1.826	-0.419	-2.796	100
atac_L27318	HIGH	-0.464	-3.686	-2.076	-2.651	98.5
atac_L27337	HIGH	1.191	-1.045	-0.83	-2.84	96.167
atac_L27349	HIGH	-0.345	0.592	0.966	-2.183	99
atac_L27388	HIGH	-1.326	-4.004	-2.391	-2.71	100
atac_L27416	HIGH	-0.5	-0.965	0.803	-2.795	100
atac_L27424	HIGH	0.429	-1.24	-0.58	-2.833	81.667
atac_L27428	HIGH	0.098	-3.304	-1.792	-2.617	100
atac_L27430	HIGH	-1.557	-2.875	-3.656	-2.575	90
atac_L27431	HIGH	-1.092	-4.91	-2.432	-2.534	89
atac_L27434	HIGH	0.331	-6.379	-3.696	-2.708	98.333
atac_L27437	HIGH	-0.707	-3.88	-2.271	-2.809	100
atac_L27461	HIGH	0.339	0.017	-0.002	-2.835	96.625
atac_L27479	HIGH	1.171	-4.877	-2.309	-2.654	92.4
atac_L27504	HIGH	0.407	-3.051	-1.027	-2.778	90
atac_L27508	HIGH	0.177	-3.119	-2.234	-2.679	100
atac_L27512	HIGH	-0.831	-0.192	-1.322	-2.688	93
atac_L27516	HIGH	0.184	0.411	-0.05	-2.55	96.5
atac_L27527	HIGH	-1	-3.609	0.037	-2.804	87
atac_L27535	HIGH	-0.009	-7.292	-6.645	-2.418	94
atac_L27554	HIGH	-1.039	-5.006	-1.414	-2.94	95.667
atac_L27559	HIGH	0.662	-1.6	-2.085	-2.558	89.875
atac_L27598	HIGH	1.441	1.031	-0.014	-1.575	96.242
atac_L27603	HIGH	0.192	1.302	1.005	-3.009	92.083
atac_L27627	HIGH	-0.364	-2.331	-1.884	-2.818	94.214
atac_L27632	HIGH	0.818	-3.205	-0.857	-2.806	94.167
atac_L27645	HIGH	0.46	-1.014	-1.268	-2.852	90
atac_L27680	HIGH	2.071	-0.21	0.187	-2.883	92.25
atac_L27695	HIGH	-1.098	-3.838	-1.088	-2.699	98.6
atac_L27700	HIGH	-0.631	-0.524	0.31	-2.865	100
atac_L27702	HIGH	0.371	-4.723	-1.742	-2.306	90.5
atac_L27722	HIGH	-0.009	-4.986	-1.729	-2.627	93
atac_L27736	HIGH	1.53	-0.652	-0.57	-2.841	100
atac_L27749	HIGH	0.905	-2.94	-2.372	-2.681	98.25
atac_L27753	HIGH	-0.173	-5	-2.689	-2.379	89.375
atac_L27754	HIGH	0.807	-1.186	-0.527	-2.427	94.625
atac_L27758	HIGH	-0.12	-4.143	-2.526	-2.067	97.5
atac_L27766	HIGH	2.803	-2.921	-2.294	-2.679	98
atac_L27768	HIGH	-1.127	-3.649	-1.573	-2.479	92
atac_L27775	HIGH	0.182	-2.703	-4.855	-2.669	80
atac_L27776	HIGH	1.289	-6.385	-4.879	-2.628	100
atac_L27783	HIGH	2.046	-3.538	-0.434	-2.619	100
atac_L27790	HIGH	0.624	-3.338	-2.749	-2.737	98.833
atac_L27792	HIGH	0.434	-5.873	-1.448	-2.798	84.571
atac_L27800	HIGH	0.691	-3.322	-2.509	-2.583	100
atac_L27801	HIGH	0.922	-1.523	-3.692	-2.965	94.067
atac_L27808	HIGH	0.817	0.216	-0.213	-2.845	94.411
atac_L27818	HIGH	-0.897	-5.051	-4.015	-2.695	89.333
atac_L27827	HIGH	-1.107	-4.072	-2.67	-2.527	100
atac_L27831	HIGH	0.279	-2.443	-2.371	-2.771	96.333
atac_L27832	HIGH	-0.899	-3.481	-2.508	-2.373	100
atac_L27833	HIGH	-0.194	-4.315	-4.704	-2.75	93
atac_L27844	HIGH	0.184	-3.319	-0.828	-3.018	96.75
atac_L27847	HIGH	0	-2.323	0.779	-2.851	93.5
atac_L27850	HIGH	-0.108	-4.003	-2.109	-2.825	100
atac_L27852	HIGH	-0.628	-0.965	0.561	-2.905	98
atac_L27858	HIGH	-0.586	-5.408	-3.801	-2.598	84.5
atac_L27861	HIGH	0.399	-3.312	-1.404	-2.704	94.333
atac_L27862	HIGH	2.325	0.977	-0.47	-2.793	95.075
atac_L27874	HIGH	-0.009	-1.833	-4.152	-2.769	92.25
atac_L27875	HIGH	-0.515	-0.736	-3.9	-2.856	95.929
atac_L27876	HIGH	-1.217	-5.11	-3.139	-2.257	95
atac_L27877	HIGH	0.434	-2.839	-3.581	-2.872	89.25
atac_L27901	HIGH	0.928	-0.344	-0.759	-2.676	94.25
atac_L27902	HIGH	-0.328	0.312	-0.489	-2.606	100
atac_L27912	HIGH	0.925	-3.315	-1.733	-2.698	84.5
atac_L27913	HIGH	0.514	-1.762	-1.581	-2.389	95
atac_L27957	HIGH	1.147	-3.514	-1.29	-2.709	96.25
atac_L27960	HIGH	-0.35	-0.835	0.538	-2.828	100
atac_L27988	HIGH	-0.093	-5.64	-3.137	-2.888	96.75
atac_L28007	HIGH	-1.086	-0.891	-1.352	-2.039	91.625
atac_L28010	HIGH	1.133	-1.034	-0.006	-2.445	95.667
atac_L28022	HIGH	-0.614	-4.559	-2.987	-2.741	86
atac_L28026	HIGH	-0.35	-2.093	-1.232	-2.688	94
atac_L28027	HIGH	0.881	-2.474	0.251	-2.635	94
atac_L28028	HIGH	0.64	-2.391	-0.625	-2.606	96
atac_L28029	HIGH	1.505	0.035	-0.016	-2.322	100
atac_L28030	HIGH	1.36	-0.098	-0.179	-2.673	91.5
atac_L28042	HIGH	-0.483	-4.026	-1.824	-2.867	100
atac_L28046	HIGH	-0.097	-1.036	-1.887	-2.632	100
atac_L28047	HIGH	1.184	-6.272	-2.361	-2.503	95.25
atac_L28048	HIGH	0.5	-5.648	-4.622	-2.484	98.625
atac_L28067	HIGH	0.932	0.16	0.572	-2.342	96
atac_L28068	HIGH	1.531	0.046	0.392	-2.611	100
atac_L28069	HIGH	0.29	0.733	0.189	-2.558	95.5
atac_L28102	HIGH	1.919	-2.951	-1.883	-2.814	81.5
atac_L28112	HIGH	-0.873	-0.043	0.805	-2.422	96.667
atac_L28243	HIGH	0.213	-5.553	-3.017	-2.37	100
atac_L28311	HIGH	-0.336	1.468	0.347	-2.451	97.25
atac_L28334	HIGH	-0.325	-3.237	-2.148	-2.649	95.875
atac_L28419	HIGH	1.169	-3.584	-1.439	-2.783	100
atac_L28455	HIGH	-0.96	-2.846	-0.32	-2.774	93
atac_L28460	HIGH	-0.177	-4.219	-2.344	-2.842	92.8
atac_L28469	HIGH	-1.242	-4.795	-2.483	-2.708	95.583
atac_L28470	HIGH	-0.339	0.104	-1.921	-2.815	99.5
atac_L28473	HIGH	-0.864	0.983	-0.939	-2.763	95.625
atac_L28483	HIGH	1.042	-0.914	-0.674	-2.839	86.85
atac_L28484	HIGH	-0.363	-0.412	-1.106	-2.853	100
atac_L28530	HIGH	0.954	-1.822	-1.133	-2.835	93.857
atac_L28533	HIGH	2.07	-4.638	-1.72	-2.978	98.875
atac_L28534	HIGH	1.143	-4.528	-0.777	-2.762	84.667
atac_L28543	HIGH	0.785	-2.828	-1.714	-2.74	95.583
atac_L28571	HIGH	0.293	-4.614	-2.521	-2.701	97
atac_L28592	HIGH	0.406	-4.178	-2.604	-2.646	96.333
atac_L28659	HIGH	0.701	-2.678	-0.771	-2.808	93
atac_L28677	HIGH	0.051	-5.045	-6.249	-2.509	98
atac_L28693	HIGH	-0.895	-2.667	-1.534	-2.718	98.667
atac_L28723	HIGH	0.659	-6.306	-3.854	-2.501	91.833
atac_L28739	HIGH	-0.65	-0.231	-1.208	-2.794	97.5
atac_L28757	HIGH	0.084	1.22	-0.195	-2.617	97.275
atac_L28780	HIGH	-1.005	-1.061	-1.095	-2.816	100
atac_L28785	HIGH	-0.516	-2.866	-0.948	-2.938	91.5
atac_L28788	HIGH	1.561	-2.609	-1.762	-2.881	94.333
atac_L28846	HIGH	-0.872	0.477	0.881	-2.275	97
atac_L28876	HIGH	0	-0.696	-1.74	-2.662	89.167
atac_L28881	HIGH	0.784	-5.969	-2.045	-2.662	94.75
atac_L28889	HIGH	0.178	-1.475	-0.883	-2.713	97
atac_L28895	HIGH	-1.28	-4.129	-0.034	-2.783	80
atac_L28928	HIGH	-0.502	-4.077	-2	-2.983	98.298
atac_L28960	HIGH	1.415	-0.399	-1.764	-2.929	100
atac_L28964	HIGH	1.144	-3.79	-2.639	-2.827	90.5
atac_L28982	HIGH	1.944	-5.684	-1.288	-2.628	100
atac_L28984	HIGH	-0.009	-4.877	-2.355	-2.741	99.25
atac_L28986	HIGH	0.288	-4.453	-1.493	-2.383	95
atac_L29000	HIGH	-0.861	-1.564	-0.31	-2.317	97.667
atac_L29005	HIGH	0	-0.182	0.111	-3.071	98.875
atac_L29031	HIGH	1.069	-4.822	-2.056	-2.438	94.875
atac_L29036	HIGH	0.29	-5.73	-3.138	-2.57	100
atac_L29045	HIGH	-0.504	-3.364	-2.402	-2.637	93.8
atac_L29048	HIGH	1.821	0.163	0.047	-2.887	100
atac_L29073	HIGH	0.396	-4.309	-2.73	-2.588	95.562
atac_L29080	HIGH	-1.182	-2.609	-1.081	-2.23	94.111
atac_L29082	HIGH	-1.075	-0.482	-0.311	-2.508	94.333
atac_L29100	HIGH	-1.276	-5.602	-2.538	-2.688	100
atac_L29102	HIGH	0.079	-5.441	-4.523	-2.876	88
atac_L29103	HIGH	-1.191	-5.473	-3.221	-2.907	98.6
atac_L29104	HIGH	0.388	-3.373	-2.462	-2.458	92.75
atac_L29107	HIGH	0.757	-2.51	-0.622	-2.801	100
atac_L29148	HIGH	-0.637	-4.027	-1.928	-2.253	100
atac_L29149	HIGH	-1.161	-3.616	-1.271	-2.706	100
atac_L29156	HIGH	0.929	-2.953	-1.783	-2.76	92.75
atac_L29159	HIGH	-1.201	-5.533	-3.97	-2.808	97.5
atac_L29176	HIGH	0.53	-3.096	-3.976	-2.636	98
atac_L29183	HIGH	0.407	-2.206	-0.815	-2.813	92.5
atac_L29186	HIGH	0.289	1.159	-1.406	-2.622	96.667
atac_L29189	HIGH	0.533	-1.519	-2.768	-2.649	100
atac_L29206	HIGH	-1.162	-3.217	-0.26	-2.738	98.25
atac_L29216	HIGH	0.518	-5.57	-2.487	-2.623	91
atac_L29217	HIGH	0.456	-2.585	-2.696	-2.648	100
atac_L29218	HIGH	0.952	-5.018	-3.299	-2.849	99.2
atac_L29220	HIGH	1.372	-4.4	-0.658	-2.843	90.25
atac_L29241	HIGH	0.452	-5.337	-2.523	-2.812	96.75
atac_L29259	HIGH	-1.488	-5.247	-2.294	-2.789	90
atac_L29260	HIGH	1.304	-2.093	-1.362	-2.649	100
atac_L29264	HIGH	1.146	-0.857	-0.416	-2.961	95.5
atac_L29271	HIGH	0.521	-2.586	-2.123	-3.042	100
atac_L29276	HIGH	0.402	-2.082	-2.945	-2.902	97
atac_L29282	HIGH	-1.031	-4.896	-3.509	-2.84	92.286
atac_L29298	HIGH	-0.631	-3.434	-1.504	-2.314	88.2
atac_L29307	HIGH	1.16	-5.291	-2.851	-3	96.183
atac_L29312	HIGH	-1.174	-2.956	-0.474	-2.852	92
atac_L29324	HIGH	0.405	-2.109	-1.607	-2.656	96
atac_L29337	HIGH	0.179	-3.402	-1.363	-2.626	100
atac_L29349	HIGH	0.229	-4.753	-1.838	-2.972	90
atac_L29361	HIGH	-0.096	-3.661	-4.135	-2.652	95.75
atac_L29363	HIGH	0.741	-0.944	-1.218	-2.64	87.25
atac_L29365	HIGH	-0.175	-3.615	-2.266	-2.736	97.5
atac_L29376	HIGH	-0.059	-6.309	-1.844	-2.546	97
atac_L29377	HIGH	0.94	-3.696	-1.464	-2.725	92.125
atac_L29379	HIGH	0.6	-5.55	-1.839	-2.758	95.25
atac_L29384	HIGH	1.474	-0.317	0.003	-2.722	91.444
atac_L29388	HIGH	1.802	-1.641	-1.349	-2.908	91.333
atac_L29435	HIGH	-1.362	-1.969	-2.268	-2.578	90
atac_L29437	HIGH	-1.097	-2.181	-2.237	-2.84	91.417
atac_L29442	HIGH	1.145	-0.971	-3.973	-2.098	87.5
atac_L29443	HIGH	1.034	-5.547	-2.468	-2.643	95
atac_L29445	HIGH	-0.893	-2.875	-2.988	-2.662	98.25
atac_L29451	HIGH	0.607	-4.128	-2.618	-2.651	100
atac_L29508	HIGH	1.189	-0.465	1.931	-2.879	98
atac_L29527	HIGH	1.166	-2.282	-2.395	-2.962	98.143
atac_L29537	HIGH	0.046	-1.518	-2.744	-2.537	100
atac_L29538	HIGH	0.592	-6.598	-3.895	-2.25	97.75
atac_L29543	HIGH	-0.891	-1.413	-1.298	-2.779	90.5
atac_L29546	HIGH	0	-3.137	-1.803	-3.272	97.125
atac_L29588	HIGH	1.154	-2.302	-0.769	-3.088	95
atac_L29598	HIGH	1.897	-2.064	1.199	-3.006	85
atac_L29638	HIGH	1.051	0.63	-0.042	-3.027	95.9
atac_L29643	HIGH	1.703	0.438	-0.009	-2.627	96.875
atac_L29645	HIGH	1.177	0.45	-1.649	-3.025	91.9
atac_L29647	HIGH	2.032	-0.134	1.132	-2.907	100
atac_L29650	HIGH	0.768	-2.3	0.85	-2.61	100
atac_L29652	HIGH	0.055	-2.004	0.529	-2.916	97.1
atac_L29656	HIGH	1.028	-2.821	-1.225	-2.802	100
atac_L29703	HIGH	-0.363	0.565	0.443	-3.022	93.667
atac_L29747	HIGH	1.173	-0.169	2.468	-3.049	94.2
atac_L29761	HIGH	1.181	0.7	2.576	-3.18	88.857
atac_L29803	HIGH	1.183	0.232	1.878	-3.004	95.381
atac_L29844	HIGH	1.128	-0.054	-1.171	-2.616	89.875
atac_L29845	HIGH	1.386	-0.474	-2.19	-2.547	97.778
atac_L29846	HIGH	0.646	0.17	-2.699	-2.209	95
atac_L29848	HIGH	2.029	-1.11	-0.14	-2.413	100
atac_L29849	HIGH	0.965	-6.006	-0.976	-2.987	100
atac_L29867	HIGH	1.16	0.017	-0.053	-2.955	90
atac_L29874	HIGH	0	-3.62	-2.282	-1.784	96
atac_L29876	HIGH	-0.514	-0.236	-0.814	-2.395	97.104
atac_L29947	HIGH	1.306	-1.176	1.426	-3.177	94.5
atac_L29962	HIGH	1.354	0.264	-0.628	-2.702	84
atac_L29976	HIGH	0	0.657	-0.106	-3.127	97.833
atac_L29990	HIGH	1.134	0.007	0.637	-2.742	94.202
atac_L30031	HIGH	-0.358	-6.069	-0.802	-3.078	86.667
atac_L30035	HIGH	1.167	0.33	0.508	-2.991	97.5
atac_L30135	HIGH	0	-0.319	1.147	-3.182	100
atac_L30159	HIGH	2.046	0.339	0.1	-3.052	96.679
atac_L30206	HIGH	1.159	-4.539	-3.82	-3.069	96
atac_L30226	HIGH	-0.352	-1.795	-4.215	-3.177	100
atac_L30231	HIGH	0	-2.481	-1.74	-2.76	92.5
atac_L30232	HIGH	2.053	-1.348	0.846	-2.225	86.75
atac_L30233	HIGH	1.774	-0.583	-0.274	-2.893	89.472
atac_L30279	HIGH	0.058	-3.042	-1.217	-3.058	96.564
atac_L30341	HIGH	1.316	1.2	0.592	-2.873	96.356
atac_L30348	HIGH	0.369	-2.534	-1.381	-2.817	100
atac_L30375	HIGH	-0.527	-2.967	-1.453	-2.879	100
atac_L30389	HIGH	1.188	1.017	1.547	-3.011	92.861
atac_L30410	HIGH	0.813	0.389	0.288	-2.831	87.938
atac_L30411	HIGH	0.886	-0.039	0.478	-2.789	100
atac_L30637	HIGH	-0.364	0.027	-0.795	-3.125	96.35
atac_L30638	HIGH	0.054	-3.589	-2.223	-2.827	95.75
atac_L30675	HIGH	2.07	-1.18	-0.465	-2.904	95.5
atac_L30690	HIGH	1.179	-2.697	-0.482	-3.074	93
atac_L30725	HIGH	1.158	-1.316	1.212	-2.88	97.25
atac_L30735	HIGH	1.43	-4.468	-1.361	-2.697	100
atac_L30745	HIGH	1.262	-2.434	-1.858	-2.476	96.75
atac_L30772	HIGH	1.093	-2.879	-0.891	-2.798	92.5
atac_L30785	HIGH	-0.151	-0.572	-0.936	-2.037	97.375
atac_L30790	HIGH	-0.878	-2.315	-2.104	-2.792	96.6
atac_L30799	HIGH	-0.65	-2.32	-1.826	-2.739	100
atac_L30804	HIGH	-0.614	-6.077	-4.18	-2.983	96.6
atac_L30858	HIGH	-0.885	-3.378	-1.295	-2.655	100
atac_L30880	HIGH	-0.507	0.058	1.235	-2.863	96.5
atac_L30882	HIGH	1.323	0.183	-0.469	-3.022	96.25
atac_L30924	HIGH	-0.512	-0.96	-0.995	-2.835	100
atac_L30947	HIGH	-0.597	0.522	0.208	-2.683	97.5
atac_L30966	HIGH	-0.383	-4.545	-2.445	-3.11	90.25
atac_L30996	HIGH	-1.091	-2.615	-1.768	-2.825	96.125
atac_L30999	HIGH	-0.175	0.519	0.896	-2.537	100
atac_L31085	HIGH	0.239	-6.045	-1.751	-2.887	96
atac_L31125	HIGH	-0.587	-3.375	-1.453	-2.913	93.5
atac_L31131	HIGH	1.279	-6.422	-3.699	-2.844	95
atac_L31132	HIGH	-1.282	-4.077	-3.718	-2.55	100
atac_L31153	HIGH	0.662	-3.127	-1.182	-2.781	100
atac_L31191	HIGH	-0.977	-7.111	-3.705	-2.497	84
atac_L31192	HIGH	1.684	-4.543	-3.816	-2.404	100
atac_L31195	HIGH	-1.444	-2.037	-2.665	-2.701	92.667
atac_L31233	HIGH	-0.94	-3.528	-0.824	-2.721	97.4
atac_L31270	HIGH	1.275	-2.312	-1.945	-2.828	95.533
atac_L31273	HIGH	0.396	-6.066	-2.221	-2.638	100
atac_L31274	HIGH	-0.688	-5.441	-2.508	-2.708	98
atac_L31278	HIGH	0.245	-2.114	-0.88	-2.219	99
atac_L31368	HIGH	0.703	-6.488	-2.119	-2.423	85.25
atac_L31382	HIGH	0.276	-2.481	-1.121	-2.497	100
atac_L31388	HIGH	0.531	-2.72	-0.222	-2.233	97.333
atac_L31422	HIGH	0.93	0.681	0.683	-3.022	84.667
atac_L31470	HIGH	-1.005	-3.24	-1.562	-2.717	80
atac_L31471	HIGH	-1	-4.524	-2.645	-2.818	84
atac_L31480	HIGH	0.082	-3.723	-1.96	-2.761	98
atac_L31481	HIGH	-1.369	-4.907	-1.987	-2.775	94.5
atac_L31485	HIGH	2.621	-2.871	-2.052	-2.887	100
atac_L31487	HIGH	1.153	-4.381	-2.138	-2.727	97
atac_L31492	HIGH	1.183	-2.142	-1.355	-2.76	100
atac_L31493	HIGH	-0.594	-3.991	-1.731	-2.804	85
atac_L31518	HIGH	-0.788	-2.533	-0.971	-2.835	100
atac_L31525	HIGH	-1.824	-2.051	-2.168	-2.559	99.25
atac_L31534	HIGH	0.054	-5.995	-2.258	-2.741	95.5
atac_L31552	HIGH	0.388	-4.255	-1.831	-2.67	94.5
atac_L31572	HIGH	1.154	-3.344	0.034	-2.697	99.25
atac_L31575	HIGH	-1.192	-2.327	0.429	-2.581	92.5
atac_L31585	HIGH	-0.234	-3.158	-3.136	-2.72	96.5
atac_L31588	HIGH	-0.178	-3.523	-4.403	-2.712	93.333
atac_L31605	HIGH	-0.777	-2.596	-1.212	-2.605	100
atac_L31606	HIGH	-1.018	-3.378	-3.874	-2.963	95
atac_L31625	HIGH	-0.986	-4.372	-4.107	-2.62	97.881
atac_L31630	HIGH	0.29	-1.718	-3.345	-2.774	100
atac_L31660	HIGH	-0.707	-5.401	-1.778	-2.691	95.75
atac_L31664	HIGH	-0.059	0.877	0.146	-2.311	98.5
atac_L31667	HIGH	-0.314	-0.745	0.428	-2.766	91.333
atac_L31669	HIGH	-0.317	-3.946	-2.409	-2.238	95
atac_L31671	HIGH	0.814	-4.503	-1.805	-2.592	97
atac_L31674	HIGH	-0.363	-3.93	-0.975	-2.837	92.25
atac_L31684	HIGH	1.019	0.945	0.119	-2.547	94.333
atac_L31710	HIGH	-0.497	-1.888	-0.136	-1.629	94
atac_L31714	HIGH	1.169	-1.326	-0.423	-2.744	96
atac_L31718	HIGH	-0.883	-2.28	-2.315	-2.911	100
atac_L31719	HIGH	-1.152	-1.289	-0.273	-2.735	98
atac_L31725	HIGH	0.622	-2.694	-3.161	-2.369	96.333
atac_L31728	HIGH	-0.244	-2.572	-1.314	-2.622	95
atac_L31790	HIGH	0.16	-4.682	-1.792	-1.966	97.875
atac_L31799	HIGH	0.795	-3.564	-2.303	-1.943	97.75
atac_L31805	HIGH	-0.009	-2.219	-0.817	-2.394	87.6
atac_L31858	HIGH	-0.607	-5.3	-0.636	-2.734	94.5
atac_L31876	HIGH	0.254	-2.48	-1.073	-2.657	96
atac_L31902	HIGH	-0.179	-5.41	-2.622	-1.996	89
atac_L31910	HIGH	0.406	-3.056	-1.761	-2.989	87.5
atac_L31914	HIGH	0.874	-2.295	-0.221	-2.631	94.5
atac_L31945	HIGH	-1.022	-1.364	-0.485	-2.844	100
atac_L31949	HIGH	1.033	-2.455	-4.149	-2.75	98.5
atac_L31981	HIGH	0.519	-5.362	-3.237	-2.874	93.25
atac_L32009	HIGH	-0.598	-0.263	0.319	-2.1	92.75
atac_L32062	HIGH	-1.283	0.722	1.013	-2.389	91
atac_L32077	HIGH	0.541	-1.863	-1.149	-2.566	97.5
atac_L32085	HIGH	0.652	-5.642	-1.328	-2.832	100
atac_L32091	HIGH	1.391	-2.816	-0.41	-2.846	85
atac_L32093	HIGH	0.818	0.585	-0.175	-2.671	94
atac_L32127	HIGH	-1.64	-3.348	-3.563	-2.816	94.167
atac_L32128	HIGH	-1.796	-6.565	-2.685	-2.716	91.333
atac_L32132	HIGH	-0.58	-3.282	-1.949	-2.513	100
atac_L32143	HIGH	-0.87	-2.072	0.569	-2.816	100
atac_L32155	HIGH	-0.95	0.351	1.969	-2.548	98.167
atac_L32159	HIGH	0.082	-4.522	-1.058	-2.704	93.5
atac_L32169	HIGH	-0.258	-3.103	-2.073	-2.139	86
atac_L32180	HIGH	0.53	-4.521	-3.749	-2.848	91.667
atac_L32222	HIGH	-1.397	-5.437	-2.156	-2.852	92.25
atac_L32227	HIGH	-1.315	-0.179	0.006	-2.504	99
atac_L32232	HIGH	-0.881	-4.732	-0.706	-2.761	93.75
atac_L32233	HIGH	-0.637	-1.991	-0.257	-2.701	97.8
atac_L32268	HIGH	0.33	-4.832	-3.655	-2.615	100
atac_L32331	HIGH	-0.089	-3.559	-1.259	-2.597	80.5
atac_L32343	HIGH	-0.471	-5.075	-4.155	-2.732	81
atac_L32379	HIGH	0.083	-4.573	-2.568	-2.96	92.271
atac_L32381	HIGH	1.254	-3.656	-4.129	-2.731	99.333
atac_L32387	HIGH	-0.009	-2.94	-0.603	-2.522	95
atac_L32388	HIGH	-0.17	-1.614	-0.257	-2.575	96.417
atac_L32389	HIGH	1.068	-5.197	-2.542	-2.677	100
atac_L32398	HIGH	-0.363	-4.067	-2.587	-2.545	85
atac_L32403	HIGH	-0.291	-4.376	-1.103	-2.855	95
atac_L32414	HIGH	-0.858	-6.358	-2.842	-2.679	94.25
atac_L32415	HIGH	-0.046	-1.589	-1.79	-2.703	100
atac_L32430	HIGH	-1.541	-4.841	-2.758	-2.554	96
atac_L32450	HIGH	1.952	-3.504	-2.3	-2.533	100
atac_L32452	HIGH	-1.148	-0.463	-2.081	-2.633	100
atac_L32476	HIGH	-0.465	-4.323	-1.812	-2.613	100
atac_L32486	HIGH	0.988	-7.213	-3.554	-2.674	96
atac_L32489	HIGH	0.081	-3.662	-1.078	-2.678	100
atac_L32490	HIGH	2.486	-0.97	-0.275	-2.66	97
atac_L32511	HIGH	-0.386	-3.746	-1.683	-2.611	97.25
atac_L32521	HIGH	-1.395	-3.905	-2.676	-2.889	82.833
atac_L32552	HIGH	1.24	-3.697	-3.206	-2.774	96.25
atac_L32556	HIGH	-0.775	-4.343	-2.07	-2.944	100
atac_L32569	HIGH	1.585	-6.013	-2.657	-2.772	93.286
atac_L32592	HIGH	1.276	0.476	0.886	-2.707	93
atac_L32614	HIGH	0.668	-3.365	0.565	-2.964	94.604
atac_L32617	HIGH	0.876	-2.59	-1.731	-1.905	96.5
atac_L32619	HIGH	1.8	-1.824	-1.716	-2.952	93.75
atac_L32623	HIGH	0.396	-0.589	-0.923	-2.525	96.933
atac_L32675	HIGH	-0.871	-2.363	-2.668	-2.893	100
atac_L32824	HIGH	-0.345	1.154	0.511	-2.847	87.625
atac_L32851	HIGH	1.597	-2.286	-4.571	-2.742	98.071
atac_L32860	HIGH	-0.47	-5.574	-4.256	-2.539	94.5
atac_L32861	HIGH	0.512	-5.489	-3.036	-2.715	94.083
atac_L32862	HIGH	-0.101	-5.043	-3.493	-2.533	100
atac_L32864	HIGH	0.51	-1.606	-2.855	-2.591	94.5
atac_L33000	HIGH	0.525	-2.822	-2.534	-2.889	96.4
atac_L33041	HIGH	1.394	-1.696	1.597	-2.619	98.5
atac_L33050	HIGH	-0.747	-5.717	-3.369	-2.532	100
atac_L33055	HIGH	0.669	-5.339	-2.171	-2.753	93.625
atac_L33090	HIGH	1.042	-0.004	1.281	-2.594	100
atac_L33098	HIGH	-0.535	-4.781	-1.719	-2.34	91.062
atac_L33114	HIGH	0.414	-3.251	-1.43	-2.837	100
atac_L33137	HIGH	0.694	-3.41	-1.304	-2.235	100
atac_L33191	HIGH	-0.009	-1.915	-2.208	-2.482	95.667
atac_L33206	HIGH	1.467	-2.214	-0.232	-2.807	94.219
atac_L33230	HIGH	0.917	-5.262	-2.557	-2.63	94.167
atac_L33242	HIGH	-0.636	-0.989	0.263	-2.021	96.75
atac_L33262	HIGH	-0.735	-4.575	-1.901	-2.536	92.5
atac_L33263	HIGH	0.542	-3.073	-1.889	-2.428	98.75
atac_L33264	HIGH	0.948	-1.465	-1.63	-2.743	97
atac_L33265	HIGH	0.165	-5.283	-1.314	-2.709	87
atac_L33269	HIGH	1.009	-3.563	-3.208	-2.469	92
atac_L33280	HIGH	-0.092	-5.355	-1.713	-2.594	100
atac_L33302	HIGH	-1.019	-3.785	-1.32	-2.054	97
atac_L33323	HIGH	-0.092	-1.881	-1.227	-2.597	93
atac_L33328	HIGH	1.121	-3.865	-0.506	-2.523	81.5
atac_L33336	HIGH	1.042	-2.692	0.935	-2.88	89.833
atac_L33345	HIGH	-1.253	-3	-2.641	-2.622	91.667
atac_L33356	HIGH	0.291	-4.713	0.544	-2.849	81
atac_L33360	HIGH	-0.773	-4.017	-1.435	-2.918	82.2
atac_L33363	HIGH	-0.744	-4.784	-1.888	-2.691	96
atac_L33378	HIGH	0.284	-7.258	-2.643	-2.614	92
atac_L33404	HIGH	0	1.607	2.127	-2.869	95.5
atac_L33414	HIGH	1.627	-1.214	-1.584	-2.753	97.167
atac_L33435	HIGH	1.686	-4.785	-1.884	-2.612	93.75
atac_L33451	HIGH	-1.322	-5.24	-4.827	-2.815	95
atac_L33452	HIGH	-1.447	-2.535	-5.79	-2.703	100
atac_L33461	HIGH	-0.893	0.79	0.594	-2.728	98.6
atac_L33469	HIGH	1.371	-2.278	-0.268	-1.882	90.5
atac_L33474	HIGH	-0.355	-1.594	1.594	-2.889	98
atac_L33482	HIGH	1.364	0.573	-1.221	-2.053	94.4
atac_L33485	HIGH	-1.486	-2.308	-2.284	-2.514	98.333
atac_L33487	HIGH	-0.873	-2.129	-2.751	-2.799	96
atac_L33511	HIGH	-1.082	-1.374	-4.035	-2.495	89.125
atac_L33513	HIGH	0.181	-2.97	-2.609	-2.553	84.75
atac_L33516	HIGH	0.081	-5.031	-1.928	-2.254	93.5
atac_L33532	HIGH	0.281	-5.586	-1.619	-2.69	88
atac_L33544	HIGH	0.532	-3.609	-2.944	-2.808	90.333
atac_L33567	HIGH	0.527	-2.795	-0.481	-2.925	95.5
atac_L33575	HIGH	1.371	-3.536	-3.122	-2.735	100
atac_L33581	HIGH	0.51	-2.06	-5.617	-2.894	92.25
atac_L33582	HIGH	-0.168	-5.026	-2.832	-2.557	95.083
atac_L33587	HIGH	1.02	-2.633	-0.163	-2.807	100
atac_L33622	HIGH	0.289	-4.08	-1.639	-2.786	91
atac_L33623	HIGH	-0.507	-0.162	-1.522	-2.659	100
atac_L33624	HIGH	0.083	-1.943	-2.761	-2.524	94.689
atac_L33626	HIGH	0.399	-3.28	-1.185	-2.31	95
atac_L33637	HIGH	0.822	0.362	-1.194	-2.38	88.5
atac_L33649	HIGH	-0.009	-6.029	-1.904	-2.692	84.25
atac_L33687	HIGH	1.164	-2.064	-0.279	-2.745	95.4
atac_L33689	HIGH	0.403	0.24	0.297	-2.933	100
atac_L33704	HIGH	0.234	-6.646	-3.477	-2.688	83
atac_L33705	HIGH	-0.508	-3.611	-1.85	-2.84	81.333
atac_L33711	HIGH	0.417	-3.34	-1.302	-2.625	98.5
atac_L33718	HIGH	-0.716	-1.064	-0.203	-2.819	96.5
atac_L33726	HIGH	0.515	-5.2	-2.452	-2.8	88.467
atac_L33735	HIGH	-1.355	-4.091	-2.25	-2.94	84.25
atac_L33750	HIGH	-0.856	-5.123	-2.312	-2.678	95
atac_L33759	HIGH	1.171	0.905	-0.62	-2.718	88.7
atac_L33774	HIGH	0.533	-2.193	-2.382	-2.374	94
atac_L33783	HIGH	0.824	-3.545	-2.665	-2.609	93
atac_L33791	HIGH	-0.097	-0.435	0.373	-2.108	94.2
atac_L33822	HIGH	1.556	0.884	0.346	-1.864	94.917
atac_L33841	HIGH	0.741	-0.696	-1.056	-2.527	100
atac_L33865	HIGH	-0.496	0.467	0.171	-2.88	95.2
atac_L33871	HIGH	1.166	-1.95	-1.538	-2.208	99.333
atac_L33879	HIGH	0.347	-4.653	-1.901	-2.786	100
atac_L33896	HIGH	-0.84	-5.305	-1.569	-2.697	98.333
atac_L33913	HIGH	-0.876	-3.084	-1.185	-2.801	92.833
atac_L33925	HIGH	-0.82	-3.005	-0.791	-2.819	94.5
atac_L33930	HIGH	-0.358	-4.802	-1.611	-2.847	100
atac_L33949	HIGH	-0.871	-4.897	-2.304	-2.5	96.75
atac_L33950	HIGH	-0.645	0.46	-0.745	-2.886	100
atac_L33953	HIGH	-0.997	-1.962	-2.566	-2.796	93.55
atac_L33976	HIGH	-0.737	-5.175	-1.859	-2.924	90
atac_L33986	HIGH	-0.951	-4.601	-2.287	-2.804	94.667
atac_L34017	HIGH	2.246	1.283	1.098	-2.376	98.375
atac_L34027	HIGH	1.056	-2.887	-2.025	-2.8	98.667
atac_L34080	HIGH	0.804	1.341	2.546	-2.538	100
atac_L34089	HIGH	1.44	-4.233	-3.221	-2.67	98
atac_L34090	HIGH	0.426	-5.694	-2.05	-2.371	95.5
atac_L34092	HIGH	-0.097	-1.588	-2.337	-2.561	100
atac_L34100	HIGH	0.525	-5.86	-1.834	-2.52	100
atac_L34103	HIGH	0	-2.343	-3.793	-2.992	100
atac_L34110	HIGH	1.006	-0.033	-0.053	-2.969	98
atac_L34111	HIGH	0.628	-0.855	-2.033	-2.731	96
atac_L34112	HIGH	1.207	-6.318	-3.14	-2.271	90.667
atac_L34122	HIGH	0.77	-5.194	-3.31	-2.464	80
atac_L34174	HIGH	-1.077	-3.668	-2.114	-2.568	98.25
atac_L34175	HIGH	0.644	-3.034	-2.741	-2.587	92.486
atac_L34176	HIGH	1.451	-3.066	-1.879	-2.412	98.667
atac_L34185	HIGH	-0.167	-4.939	-1.916	-2.496	97.333
atac_L34187	HIGH	-0.808	-5.012	-2.142	-2.853	96
atac_L34191	HIGH	0.083	-4.874	-3.145	-2.863	87.2
atac_L34194	HIGH	0.767	-6.689	-3.415	-2.935	100
atac_L34197	HIGH	-0.886	-1.13	-2.163	-2.99	95.917
atac_L34211	HIGH	0.99	-1.049	-2.393	-2.751	100
atac_L34213	HIGH	-1.133	-4.538	-1.67	-2.117	90
atac_L34259	HIGH	0.75	-5.281	-3.405	-3.118	100
atac_L34262	HIGH	-0.682	-4.145	-0.759	-2.887	94.8
atac_L34278	HIGH	1.868	-6.861	-3.859	-2.689	100
atac_L34300	HIGH	-0.104	-5.056	-5.113	-2.776	97.286
atac_L34301	HIGH	0.438	-4.458	-4.986	-2.551	100
atac_L34305	HIGH	1.102	-1.512	0.386	-3.091	98.7
atac_L34314	HIGH	1.158	-3.432	-1.213	-3.034	99.071
atac_L34329	HIGH	-0.649	-3.786	-2.799	-2.925	94
atac_L34330	HIGH	-0.662	-5.428	-1.826	-2.728	100
atac_L34351	HIGH	1.028	-0.953	-1.628	-2.905	100
atac_L34391	HIGH	0.26	-5.031	-3.407	-2.673	97.5
atac_L34396	HIGH	-1.362	-2.056	-2.175	-2.425	91
atac_L34404	HIGH	0.913	-5.251	-2.475	-2.296	100
atac_L34421	HIGH	1.785	0.835	1.322	-2.796	100
atac_L34462	HIGH	1.437	-1.934	-3.119	-2.598	98.375
atac_L34485	HIGH	-0.708	-3.848	-1.515	-2.733	98
atac_L34488	HIGH	-0.773	0.263	0.484	-2.474	99
atac_L34555	HIGH	-0.362	-4.612	-1.431	-2.738	98
atac_L34556	HIGH	-0.059	-5.046	-2.451	-2.756	100
atac_L34572	HIGH	0.331	-3.265	-0.513	-2.61	93.625
atac_L34599	HIGH	1.54	-0.731	-0.613	-2.815	95
atac_L34610	HIGH	2.214	-3.203	-1.914	-3.132	94.929
atac_L34650	HIGH	-0.353	-0.12	0.387	-2.781	98.2
atac_L34693	HIGH	1.189	0.689	0.119	-3.046	89.75
atac_L34829	HIGH	-1.286	-5.039	-0.596	-2.645	100
atac_L34836	HIGH	1.828	0.125	0.904	-1.985	93.329
atac_L34923	HIGH	0.816	-0.951	-0.727	-2.715	100
atac_L34938	HIGH	0.538	-3.557	-1.857	-2.745	90
atac_L34946	HIGH	1.089	-3.126	-0.166	-2.831	86.583
atac_L34969	HIGH	0.179	-4.764	-2.811	-2.995	88.5
atac_L34993	HIGH	-0.622	-2.58	-0.733	-2.884	90
atac_L35022	HIGH	0.782	-4.378	-1.446	-2.284	97.25
atac_L35045	HIGH	0.053	-6.426	-0.881	-2.958	92.5
atac_L35049	HIGH	-0.781	-0.405	0.761	-2.674	96.933
atac_L35084	HIGH	0.278	-5.58	-4.049	-3.186	96
atac_L35100	HIGH	-1.291	-4.419	-3.139	-2.688	97
atac_L35101	HIGH	-0.327	-5.136	-3.674	-2.723	88.333
atac_L35127	HIGH	0.499	-4.062	-1.528	-2.768	95
atac_L35134	HIGH	-0.648	-1.798	-1.778	-2.567	87
atac_L35159	HIGH	-0.335	-1.387	-0.083	-2.652	93.625
atac_L35183	HIGH	-0.709	-3.554	-1.395	-2.796	100
atac_L35189	HIGH	1.448	-1.833	0.057	-2.774	100
atac_L35194	HIGH	0.82	-0.368	0.719	-2.879	95.25
atac_L35216	HIGH	0.976	-3.511	-0.663	-2.969	100
atac_L35225	HIGH	1.188	-0.235	-0.703	-2.922	93.5
atac_L35241	HIGH	1.36	-5.388	-2.177	-2.816	93.833
atac_L35285	HIGH	-1.554	-5.315	-3.004	-2.679	100
atac_L35300	HIGH	-0.888	-1.944	0.096	-2.658	96.175
atac_L35306	HIGH	1.177	-0.296	-0.322	-2.862	100
atac_L35314	HIGH	-1.481	-3.877	-1.17	-2.561	92.625
atac_L35338	HIGH	1.544	0.61	0.937	-2.458	98.033
atac_L35366	HIGH	-0.885	-1.085	-3.284	-2.829	100
atac_L35432	HIGH	0.267	0.502	-0.347	-2.431	91
atac_L35451	HIGH	-0.191	0.503	1.583	-2.57	98
atac_L35503	HIGH	0.098	-3.35	-3.407	-2.359	96.833
atac_L35551	HIGH	2.046	-0.009	0.129	-2.879	96
atac_L35618	HIGH	-0.715	-4.912	-1.386	-2.704	94
atac_L35627	HIGH	0.285	-4.466	-2.192	-2.907	97.083
atac_L35643	HIGH	-0.654	0.598	1.737	-2.784	100
atac_L35672	HIGH	0.485	-3.947	-2.12	-2.696	92.167
atac_L35683	HIGH	-0.18	-1.237	-0.266	-2.264	86.6
atac_L35694	HIGH	-0.646	-1.418	-0.282	-2.537	90
atac_L35702	HIGH	-0.78	-0.631	-0.58	-2.936	100
atac_L35707	HIGH	0.736	-4.953	-3.136	-2.823	91.25
atac_L35727	HIGH	-0.097	-3.513	-1.964	-2.759	100
atac_L35736	HIGH	-1.271	-3.139	-3.023	-2.819	80
atac_L35744	HIGH	0.23	-3.492	-1.094	-2.694	86
atac_L35752	HIGH	-0.353	-4.017	0.011	-2.81	94
atac_L35786	HIGH	0.083	-4.309	-2.329	-2.769	82
atac_L35821	HIGH	0.656	-4.604	-2.034	-2.667	97
atac_L35832	HIGH	-0.01	-6.168	-2.122	-2.673	91
atac_L35842	HIGH	1.7	-5.773	-3.144	-2.31	97.5
atac_L35846	HIGH	0.333	-0.342	0.415	-1.983	100
atac_L35875	HIGH	-0.643	-1.098	-1.651	-2.927	87
atac_L35883	HIGH	0.336	-5.772	-1.582	-2.63	94.5
atac_L35896	HIGH	-0.967	-3.619	-3.279	-2.684	100
atac_L35899	HIGH	0.627	-2.955	-2.195	-2.932	97.3
atac_L35902	HIGH	-1.166	-3.821	-1.962	-3.015	100
atac_L35903	HIGH	-0.179	-3.423	-1.332	-2.861	97.375
atac_L35936	HIGH	0.259	-1.437	-0.79	-2.385	96.167
atac_L35962	HIGH	0.084	-1.916	-2.034	-2.754	95.875
atac_L35965	HIGH	0	-0.611	-1.356	-2.651	96.25
atac_L35990	HIGH	0.18	-4.337	-1.01	-2.663	100
atac_L36050	HIGH	0.529	0.366	0.417	-2.737	99.333
atac_L36056	HIGH	-0.065	-2.883	-4.721	-2.418	100
atac_L36057	HIGH	-0.444	-5.674	-3.093	-2.552	98
atac_L36059	HIGH	0.776	-4.549	-1.475	-2.659	89.75
atac_L36063	HIGH	-1.264	-5.062	-0.585	-2.723	92.5
atac_L36072	HIGH	-0.066	-0.795	0.337	-2.738	87
atac_L36074	HIGH	0.81	-1.39	0.324	-2.708	95.5
atac_L36094	HIGH	0.448	-0.615	1.214	-2.353	98
atac_L36124	HIGH	-1.248	-4.875	-2.883	-2.435	100
atac_L36134	HIGH	1.018	0.033	0.743	-2.014	97
atac_L36141	HIGH	0.057	0.508	0.764	-2.865	95
atac_L36217	HIGH	-1.336	-0.506	-0.249	-2.691	93.667
atac_L36219	HIGH	-0.237	-1.06	-2.539	-2.641	98
atac_L36227	HIGH	-1.188	-2.414	-1.816	-2.75	100
atac_L36228	HIGH	0.7	-5.227	-1.497	-2.93	100
atac_L36230	HIGH	2.038	-4.621	-1.887	-2.788	100
atac_L36248	HIGH	-0.094	0.829	0.562	-2.71	98.833
atac_L36283	HIGH	-0.252	-1.701	-4.169	-2.601	92
atac_L36287	HIGH	-0.538	-6.434	-4.011	-2.728	88.271
atac_L36292	HIGH	-1.877	-6.164	-3.028	-2.874	95.75
atac_L36298	HIGH	1.893	-0.64	0.955	-2.001	96.667
atac_L36301	HIGH	0.324	-3.363	-1.424	-2.514	97.75
atac_L36302	HIGH	-0.095	-4.538	-4.847	-2.611	83.2
atac_L36305	HIGH	-0.694	-4.29	-2.06	-2.191	95.5
atac_L36320	HIGH	0	-1.762	-1.795	-2.646	88.75
atac_L36322	HIGH	0	-2.546	-1.616	-2.85	97.333
atac_L36324	HIGH	1.304	-0.399	1.828	-3.009	93.489
atac_L36325	HIGH	1.464	1.437	1.49	-2.294	94.417
atac_L36326	HIGH	1.289	1.363	1.278	-2.17	86.9
atac_L36335	HIGH	0.054	-0.735	-1.089	-2.558	94.667
atac_L36337	HIGH	-0.955	-4.353	-3.169	-2.586	96
atac_L36338	HIGH	-0.784	-5.374	-2.437	-2.96	95.333
atac_L36356	HIGH	-0.04	-0.503	-0.459	-2.197	93
atac_L36364	HIGH	0.513	-4.097	-0.383	-2.797	91.75
atac_L36368	HIGH	0.745	-2.842	-2.524	-2.512	93.833
atac_L36370	HIGH	-0.289	-2.489	-0.892	-2.766	93.875
atac_L36371	HIGH	2.229	-4.296	0.159	-2.97	88.667
atac_L36388	HIGH	0.325	-2.128	-1.877	-2.812	95.5
atac_L36394	HIGH	0.527	-2.876	-1.938	-2.743	100
atac_L36397	HIGH	0.171	-3.877	-2.463	-2.605	94.708
atac_L36416	HIGH	-1.322	-4.364	-2.494	-2.454	95.042
atac_L36432	HIGH	-0.749	-2.254	-1.429	-2.618	94.75
atac_L36436	HIGH	-1.188	-4.557	-2.517	-2.477	94
atac_L36438	HIGH	-0.78	-2.455	-0.012	-2.645	100
atac_L36462	HIGH	-0.87	-5.813	-3.551	-2.446	100
atac_L36465	HIGH	-0.519	1.133	-1.326	-2.728	90.167
atac_L36467	HIGH	0.836	-5.147	-2.778	-2.783	100
atac_L36504	HIGH	0.604	-6.329	-2.437	-2.604	94
atac_L36509	HIGH	-0.996	-1.596	-2.086	-2.665	96.958
atac_L36527	HIGH	1.95	-5.933	-3.602	-2.677	96.067
atac_L36533	HIGH	-0.645	-2.863	-0.859	-2.765	85
atac_L36534	HIGH	-0.968	-2.084	-0.649	-2.722	96
atac_L36544	HIGH	-0.656	-2.52	-1.608	-2.312	87.667
atac_L36547	HIGH	0.08	-3.635	-1.88	-2.369	92.625
atac_L36548	HIGH	-0.648	-0.035	0.201	-2.724	89
atac_L36549	HIGH	0.423	0.04	0.634	-2.416	83.25
atac_L36551	HIGH	-1.55	-2.403	-1.282	-2.588	90.167
atac_L36552	HIGH	-1.282	-2.762	-0.924	-2.784	97.5
atac_L36554	HIGH	1.259	-4.162	-2.088	-2.861	91
atac_L36557	HIGH	-1.176	-4.782	-1.248	-2.913	100
atac_L36559	HIGH	-0.793	-0.337	-0.449	-2.693	93.4
atac_L36586	HIGH	-0.691	-6.122	-1.752	-2.753	100
atac_L36587	HIGH	-0.463	-4.686	-3.094	-2.493	100
atac_L36589	HIGH	-0.394	-5.797	-3.88	-2.508	85.5
atac_L36590	HIGH	-1.221	-4.673	-3.436	-2.576	85
atac_L36592	HIGH	-1.45	-5.128	-4.902	-2.483	96.667
atac_L36593	HIGH	-0.638	-1.434	-2.286	-2.376	96.333
atac_L36596	HIGH	-0.009	-3.209	-0.602	-2.854	98.4
atac_L36604	HIGH	-0.946	-3.162	-0.836	-2.538	100
atac_L36607	HIGH	-0.779	-1.5	-2.305	-2.986	90.667
atac_L36611	HIGH	-0.721	-2.142	-0.914	-2.617	97.054
atac_L36627	HIGH	0.39	1.028	1.411	-2.565	90.25
atac_L36632	HIGH	0.287	-4.182	-2.206	-2.535	86
atac_L36641	HIGH	0.219	-4.325	-1.745	-2.569	100
atac_L36656	HIGH	-0.648	-3.426	-1.82	-2.983	100
atac_L36669	HIGH	-0.649	-0.585	-0.597	-2.853	100
atac_L36731	HIGH	-0.092	-6.053	-1.428	-2.789	100
atac_L36773	HIGH	-1.393	-4.918	-4.48	-2.894	100
atac_L36810	HIGH	-0.009	-5.702	-2.974	-2.778	95.333
atac_L36838	HIGH	0.52	-0.849	-0.903	-2.883	97
atac_L36849	HIGH	0.708	-3.215	-1.308	-2.655	95
atac_L36850	HIGH	0.82	-1.51	-0.543	-2.933	96
atac_L36852	HIGH	-0.361	-3.963	-3.818	-2.873	98.333
atac_L36853	HIGH	-0.988	-2.11	-4.324	-2.752	93.2
atac_L36858	HIGH	0.253	-5.136	-3.492	-2.504	86
atac_L36859	HIGH	-0.537	-3.333	-4.006	-2.301	98.286
atac_L36896	HIGH	1.938	-5.059	-1.123	-2.612	93.5
atac_L36906	HIGH	0.344	-1.478	-2.499	-2.586	91.25
atac_L36975	HIGH	-0.566	-4.611	-1.282	-2.888	95.05
atac_L37004	HIGH	2.128	-1.416	-0.45	-2.752	100
atac_L37163	HIGH	1.159	-2.265	0.829	-3.075	94.048
atac_L37172	HIGH	-0.593	-4.85	-1.721	-2.809	95.875
atac_L37215	HIGH	1.335	-3.703	-0.698	-2.562	96.667
atac_L37219	HIGH	-0.612	-4.022	-2.477	-2.943	99
atac_L37221	HIGH	1.184	-1.115	2.703	-2.99	100
atac_L37228	HIGH	1.41	-1.255	0.49	-2.863	90.25
atac_L37232	HIGH	-0.044	-2.65	-2.511	-2.643	100
atac_L37241	HIGH	-1.523	-0.634	-1.978	-2.539	93.429
atac_L37253	HIGH	-0.867	-3.451	-2.887	-2.747	97
atac_L37255	HIGH	1.153	-4.383	-2.688	-2.905	90.25
atac_L37284	HIGH	-0.36	-0.219	-1.245	-2.94	97.5
atac_L37338	HIGH	1.556	0.175	0.254	-2.752	80
atac_L37350	HIGH	1.161	-0.897	0.569	-2.938	92.333
atac_L37351	HIGH	-1.204	-5.512	-3.894	-2.674	97.5
atac_L37372	HIGH	-0.881	-2.484	-0.095	-2.718	94.5
atac_L37387	HIGH	0.17	-5.977	-3.059	-2.667	92.333
atac_L37424	HIGH	-1.055	-3.969	-2.898	-2.603	89.667
atac_L37439	HIGH	-1.024	-5.051	-0.71	-2.627	95.333
atac_L37451	HIGH	-0.253	-2.494	-1.489	-2.569	94.818
atac_L37452	HIGH	1.024	-7.428	-1.866	-2.51	84.833
atac_L37453	HIGH	0.96	-4.304	-2.818	-2.837	95.2
atac_L37468	HIGH	-0.87	-0.908	-3.747	-2.267	96.064
atac_L37469	HIGH	-0.041	-6.896	-4.105	-2.69	93.667
atac_L37470	HIGH	1.356	-5.07	-4.581	-2.512	100
atac_L37471	HIGH	0.529	-1.918	-3.075	-2.893	92
atac_L37473	HIGH	-1.089	-1.005	-2.91	-2.69	97.167
atac_L37495	HIGH	1.431	-2.111	-2.581	-2.824	100
atac_L37498	HIGH	0.461	-0.149	-0.818	-2.846	98
atac_L37499	HIGH	0.276	-3.653	-1.332	-2.52	100
atac_L37504	HIGH	-0.173	-1.765	-1.531	-2.793	100
atac_L37525	HIGH	1.115	0.922	-0.125	-2.627	100
atac_L37545	HIGH	0.636	-2.372	0.029	-2.726	100
atac_L37630	HIGH	0.699	-3.356	-1.524	-2.919	96
atac_L37648	HIGH	0.474	-5.028	-2.872	-2.848	96.667
atac_L37652	HIGH	0.705	-4.373	-1.18	-2.81	93.833
atac_L37692	HIGH	-0.494	-2.192	-1.229	-2.546	98.167
atac_L37694	HIGH	-1.039	-2.964	-1.518	-2.817	94.25
atac_L37722	HIGH	-1.076	-4.935	-2.706	-2.849	98.75
atac_L37729	HIGH	0.44	-5.463	0.881	-2.902	96.75
atac_L37736	HIGH	-1.761	-6.287	-2.631	-2.675	94
atac_L37739	HIGH	-1.483	-0.745	0.694	-2.56	98.667
atac_L37743	HIGH	1.76	-5.066	-0.855	-2.399	96.3
atac_L37784	HIGH	-0.649	-3.115	0.045	-2.541	83.75
atac_L37823	HIGH	-1.263	-3.277	-2.197	-2.62	95
atac_L37834	HIGH	0.526	-3.159	0.145	-2.91	97.317
atac_L37843	HIGH	1.072	0.221	-0.272	-2.718	99
atac_L37844	HIGH	0.384	-0.539	-0.399	-2.56	96.917
atac_L37875	HIGH	0.252	-2.307	-2.253	-2.597	83
atac_L37876	HIGH	-0.068	0.796	-1.936	-3.012	95.5
atac_L37880	HIGH	-1.34	-4.619	-1.297	-2.928	100
atac_L37892	HIGH	0	-1.42	0.373	-2.962	93
atac_L37905	HIGH	-0.748	1.096	1.562	-2.359	87.167
atac_L37934	HIGH	0.959	-2.599	-0.943	-2.546	97.25
atac_L37952	HIGH	1.18	-2.973	-2.133	-2.747	96.667
atac_L37953	HIGH	-0.754	-5.009	-0.519	-2.835	90.75
atac_L37981	HIGH	0.712	-5.312	-3.964	-2.349	97
atac_L37982	HIGH	-0.257	-4.521	-2.187	-2.795	98.467
atac_L38000	HIGH	1.046	0.111	0.477	-2.817	94
atac_L38023	HIGH	-1.033	-2.964	-0.878	-2.86	100
atac_L38039	HIGH	-0.36	-1.2	-0.379	-2.949	93.333
atac_L38045	HIGH	2.112	-6.085	-2.464	-2.376	84
atac_L38047	HIGH	-0.28	-0.564	-0.104	-2.746	100
atac_L38056	HIGH	1.394	0.547	-0.626	-2.271	93.8
atac_L38076	HIGH	1.464	0.09	0.433	-2.48	92.333
atac_L38118	HIGH	-1.026	-4.491	-1.294	-2.989	100
atac_L38119	HIGH	-0.994	-4.472	-1.676	-2.903	100
atac_L38125	HIGH	1.161	0.095	-0.428	-2.973	100
atac_L38126	HIGH	-0.865	-4.588	-2.009	-2.868	96.875
atac_L38129	HIGH	0.91	-3.955	-2.845	-2.763	97
atac_L38132	HIGH	0.379	-3.688	-1.95	-2.837	97.5
atac_L38146	HIGH	-0.93	1.439	0.614	-2.417	98.4
atac_L38148	HIGH	-0.604	-2.899	-1.055	-2.56	100
atac_L38156	HIGH	1.325	-0.752	-1.228	-2.601	91.5
atac_L38157	HIGH	1.467	-1.98	-2.842	-2.639	91.4
atac_L38169	HIGH	-0.285	-4.435	-1.632	-2.516	94.167
atac_L38189	HIGH	-0.707	-5.186	-3.535	-2.521	100
atac_L38190	HIGH	-0.994	-1.82	-6.198	-3.077	96.7
atac_L38229	HIGH	-0.63	-4.119	-0.01	-2.803	100
atac_L38244	HIGH	-0.765	0.123	0.069	-2.87	100
atac_L38263	HIGH	-0.566	-2.465	0.248	-2.823	97.625
atac_L38264	HIGH	-0.867	-2.248	0.147	-2.704	96
atac_L38287	HIGH	0.346	-6.243	-3.224	-3.005	93.5
atac_L38291	HIGH	-0.251	-4.262	-5.137	-2.147	97
atac_L38292	HIGH	-0.402	0.233	-4.538	-2.566	93.75
atac_L38295	HIGH	0.282	-0.027	0.304	-2.003	100
atac_L38296	HIGH	1.457	-0.039	-0.378	-2.696	99.5
atac_L38297	HIGH	2.886	-0.262	-0.184	-3.322	95.167
atac_L38301	HIGH	1.175	-1.716	-1.952	-2.359	91.347
atac_L38306	HIGH	1.62	-0.472	-6.645	-2.779	99.375
atac_L38322	HIGH	2.107	1.002	0.427	-2.477	100
atac_L38346	HIGH	1.116	-6.363	-1.749	-2.673	100
atac_L38371	HIGH	-0.175	-5.4	-2.287	-2.883	84.5
atac_L38386	HIGH	0.668	-3.305	-2.506	-2.835	100
atac_L38408	HIGH	-0.329	-2.117	-0.538	-3.067	91.5
atac_L38413	HIGH	0.781	-2.477	0.352	-2.82	98.25
atac_L38433	HIGH	1.461	-2.806	-2.752	-2.777	97
atac_L38436	HIGH	-0.176	-2.427	-1.88	-2.122	97.5
atac_L38446	HIGH	1.252	-1.803	-0.137	-2.608	98.889
atac_L38448	HIGH	0.61	-3.893	-3.375	-2.727	95.25
atac_L38477	HIGH	1.827	-1.355	0.536	-2.654	91.833
atac_L38485	HIGH	1.556	-1.109	-0.461	-2.685	100
atac_L38497	HIGH	-0.063	-6.308	-1.057	-2.921	90.5
atac_L38500	HIGH	-0.819	-5.432	-1.763	-3.107	98.119
atac_L38550	HIGH	1.117	-0.412	-1.141	-2.705	96.361
atac_L38575	HIGH	0.522	-3.418	-0.55	-2.6	95.5
atac_L38640	HIGH	0.414	-3.824	-1.404	-3.03	97.75
atac_L38654	HIGH	0.63	-1.07	-1.98	-0.375	91.429
atac_L38655	HIGH	-0.44	-4.367	-3.459	-2.462	95.5
atac_L38664	HIGH	0.084	-3.656	-2.886	-2.786	95
atac_L38665	HIGH	0.045	-4.146	-2.157	-2.503	92.5
atac_L38670	HIGH	0.225	-4.77	-2.16	-1.93	95.643
atac_L38674	HIGH	0.722	-3.44	-0.712	-2.418	93
atac_L38675	HIGH	1.738	-1.675	-1.497	-2.489	96.917
atac_L38681	HIGH	-1.118	-3.67	-2.494	-2.541	100
atac_L38690	HIGH	-0.227	-5.428	-4.296	-2.589	97.5
atac_L38691	HIGH	-1.368	-1.48	-4.007	-2.841	99
atac_L38692	HIGH	0.782	-5.888	-2.428	-2.747	97.667
atac_L38714	HIGH	2.065	0.033	-0.527	-2.751	97.633
atac_L38715	HIGH	1.8	-0.645	-0.026	-2.745	89.083
atac_L38720	HIGH	1.066	-2.545	-3.347	-2.597	100
atac_L38728	HIGH	1.718	-5.832	-3.147	-2.985	98.636
atac_L38733	HIGH	-0.331	0.896	1.3	-2.646	93.65
atac_L38867	HIGH	0.696	0.55	0.995	-1.045	89.5
atac_L38962	HIGH	-1.513	-4.781	-0.887	-2.638	100
atac_L39001	HIGH	0	-0.739	-0.27	-2.927	97.333
atac_L39012	HIGH	-1.179	-2.947	-1.85	-2.573	100
atac_L39013	HIGH	-0.258	-2.353	-1.21	-2.581	82
atac_L39015	HIGH	0.399	-3.627	-1.025	-2.843	93
atac_L39028	HIGH	0.825	0.347	1.016	-2.687	92.833
atac_L39044	HIGH	0.521	-4.976	-1.413	-2.669	96.438
atac_L39066	HIGH	-0.518	-0.434	-1.385	-2.892	91.5
atac_L39069	HIGH	-0.009	-3.829	-0.962	-2.546	90.2
atac_L39073	HIGH	-0.894	-3.081	-1.35	-2.808	95.333
atac_L39076	HIGH	1.456	-0.662	-0.305	-2.75	90.5
atac_L39101	HIGH	1.114	-6.313	-3.799	-2.735	88.982
atac_L39106	HIGH	0.399	-0.632	-0.064	-2.698	100
atac_L39107	HIGH	0.404	-2.149	-1.329	-2.856	99.5
atac_L39119	HIGH	-0.653	-6.985	-3.657	-2.67	94.333
atac_L39121	HIGH	0	-1.092	-2.82	-2.759	98.667
atac_L39124	HIGH	-1.167	-3.257	-1.115	-2.785	97.3
atac_L39137	HIGH	0.082	-4.374	-2.126	-2.399	96
atac_L39144	HIGH	1.674	-1.822	-1.094	-2.951	95.4
atac_L39153	HIGH	-1.501	-5.636	-3.489	-2.469	96.167
atac_L39154	HIGH	1.042	-0.751	0.038	-2.954	94.5
atac_L39156	HIGH	-0.996	-6.81	-2.556	-2.844	84.8
atac_L39166	HIGH	-0.624	-4.172	-0.755	-2.86	95.333
atac_L39183	HIGH	-0.743	-1.934	-0.314	-2.824	97
atac_L39185	HIGH	0.181	-1.737	-1.808	-2.576	94.75
atac_L39203	HIGH	0.653	0.384	0.461	-2.745	100
atac_L39208	HIGH	-1.198	-3.345	-2.923	-2.52	100
atac_L39222	HIGH	-0.519	-1.718	-1.827	-2.917	97.333
atac_L39240	HIGH	1.173	0.652	0.969	-2.956	92.55
atac_L39247	HIGH	0.718	-4.756	-2.049	-2.773	100
atac_L39261	HIGH	1.468	-0.273	-2.455	-2.785	91.3
atac_L39264	HIGH	-0.181	-3.462	-2.457	-2.826	83.333
atac_L39267	HIGH	0.801	-1.071	-0.31	-2.913	95.8
atac_L39274	HIGH	0.63	-1.079	-0.758	-2.418	89.5
atac_L39292	HIGH	-1.162	-1.514	-1.741	-2.73	100
atac_L39300	HIGH	0.403	-1.956	-1.251	-2.787	95
atac_L39312	HIGH	0.82	-3.834	-1.107	-2.677	89.905
atac_L39335	HIGH	-1.015	-3.82	-1.169	-2.878	84.667
atac_L39337	HIGH	2.7	-3.086	-3.049	-2.737	95.375
atac_L39340	HIGH	-0.567	-1.433	-3.585	-2.558	90
atac_L39341	HIGH	-0.641	-3.222	-2.925	-2.529	94.5
atac_L39343	HIGH	0.858	-4.771	-2.875	-2.521	96.667
atac_L39351	HIGH	-0.784	0.246	-1.338	-2.764	85
atac_L39354	HIGH	-0.332	-4.911	-2.528	-2.904	93.4
atac_L39355	HIGH	0	-2.613	-0.143	-2.931	99.286
atac_L39380	HIGH	1.134	-4.069	-1.576	-2.777	95.032
atac_L39396	HIGH	1.154	0.043	1.054	-1.669	87
atac_L39410	HIGH	-0.895	0.409	0.443	-2.169	94.25
atac_L39417	HIGH	-0.347	-3.227	-0.447	-2.774	99
atac_L39418	HIGH	0.601	-5.427	-1.699	-2.579	93
atac_L39459	HIGH	0.173	-2.856	-2.482	-2.761	97.583
atac_L39463	HIGH	0.53	-1.412	0.008	-2.651	93.5
atac_L39464	HIGH	0.709	-3.597	-1.363	-2.518	86
atac_L39465	HIGH	0.441	0.272	0.905	-1.933	98.833
atac_L39468	HIGH	-0.547	-2.814	-0.493	-2.41	97
atac_L39473	HIGH	0.538	-3.084	-3.47	-2.644	98.333
atac_L39478	HIGH	-0.183	-3.261	-0.94	-2.194	100
atac_L39485	HIGH	-0.364	-0.483	1.425	-2.662	93.5
atac_L39490	HIGH	0.263	-5.41	-1.073	-2.702	90.333
atac_L39517	HIGH	-0.47	-3.35	-1.646	-2.779	100
atac_L39518	HIGH	0.754	-5.092	-2.734	-2.799	100
atac_L39520	HIGH	-1.003	-5.775	-2.083	-2.672	94.667
atac_L39521	HIGH	0.084	-5.163	-0.998	-2.836	92
atac_L39545	HIGH	-1.504	-2.742	-3.216	-2.663	100
atac_L39546	HIGH	-1.404	-4.397	-2.214	-2.177	99
atac_L39572	HIGH	0.645	-7.232	-2.667	-2.549	98
atac_L39574	HIGH	-0.986	-3.988	-3.255	-2.778	100
atac_L39586	HIGH	-0.893	-3.593	-0.441	-2.825	100
atac_L39587	HIGH	0.774	-3.086	-1.695	-2.571	92
atac_L39604	HIGH	0.441	-4.886	-1.745	-2.861	82
atac_L39605	HIGH	0.472	-2.75	-3.589	-2.514	100
atac_L39606	HIGH	-1.52	-2.246	-3.108	-2.42	91.333
atac_L39607	HIGH	1.05	-4.06	-2.604	-2.612	100
atac_L39610	HIGH	-0.33	-3.778	-2.992	-2.675	100
atac_L39612	HIGH	-0.364	-5.061	-1.396	-2.718	98
atac_L39627	HIGH	0.183	0.558	0.231	-1.959	98
atac_L39637	HIGH	0.079	-4.109	0.491	-2.809	100
atac_L39678	HIGH	-0.362	-3.8	-1.193	-2.847	94.875
atac_L39690	HIGH	0.991	0.542	0.373	-2.211	98.333
atac_L39711	HIGH	-1.055	-5.362	-1.7	-2.759	91.917
atac_L39715	HIGH	0.51	-4.864	-2.547	-2.712	94.25
atac_L39729	HIGH	-0.329	-3.242	-1.398	-2.666	92
atac_L39730	HIGH	0.702	0.313	0.389	-2.785	93
atac_L39733	HIGH	-0.997	-3.684	-0.577	-2.734	100
atac_L39773	HIGH	-0.753	-4.463	-2.339	-2.797	98.062
atac_L39793	HIGH	-1.18	-4.661	-3.842	-2.343	89.25
atac_L39805	HIGH	-0.763	-0.267	-0.717	-2.238	96.125
atac_L39819	HIGH	0.531	-2.926	-1.902	-2.963	100
atac_L39830	HIGH	-0.174	-3.301	-2.472	-2.624	100
atac_L39833	HIGH	-0.179	-3.332	-2.849	-2.006	100
atac_L39847	HIGH	0.813	-2.499	-2.856	-2.295	100
atac_L39861	HIGH	0.642	-4.2	-1.053	-2.949	99.4
atac_L39864	HIGH	0.282	-2.07	0.056	-2.793	95.405
atac_L39866	HIGH	0.396	-5.068	-2.175	-2.566	97
atac_L39885	HIGH	0.533	-2.3	0.137	-2.732	93
atac_L39891	HIGH	0.966	-0.915	-0.455	-2.86	87.5
atac_L39894	HIGH	-1.486	-3.15	-0.967	-2.714	100
atac_L39904	HIGH	-0.86	-1.736	-1.115	-2.776	86.667
atac_L39907	HIGH	-0.183	-4.249	-3.358	-2.762	87.667
atac_L39912	HIGH	0.652	-0.767	-2.195	-2.798	100
atac_L39916	HIGH	0.057	-2.864	-3.462	-2.715	100
atac_L39919	HIGH	-0.872	-2.258	-1.442	-2.849	94.714
atac_L39933	HIGH	1.068	-1.795	-1.326	-2.582	100
atac_L39934	HIGH	0.645	-1.885	-1.447	-2.818	94.333
atac_L39935	HIGH	-0.861	-4.604	-3.502	-2.689	96.088
atac_L39944	HIGH	0	-0.486	-1.901	-2.819	97.75
atac_L39950	HIGH	0.484	-0.126	0.526	-2.388	89.25
atac_L39951	HIGH	-1.593	-4.883	-0.632	-2.498	90
atac_L39952	HIGH	-1	-3.006	-2.214	-2.758	92
atac_L39974	HIGH	1.178	1.649	-0.23	-2.763	99.5
atac_L40009	HIGH	1.257	-1.412	0.585	-2.871	91
atac_L40011	HIGH	-0.448	-4.831	-2.246	-2.793	97.75
atac_L40030	HIGH	0.962	-3.769	-2.032	-2.885	97.083
atac_L40031	HIGH	1.441	0.178	-1.599	-2.797	84.167
atac_L40116	HIGH	1.028	0.614	1.789	-2.989	85.667
atac_L40121	HIGH	1.53	-0.806	0.492	-2.994	96.75
atac_L40133	HIGH	-0.612	-5.994	-1.302	-2.892	86.5
atac_L40136	HIGH	-1.177	-3.639	-4.49	-2.314	88.8
atac_L40138	HIGH	0.173	-6.151	-2.527	-2.984	91.875
atac_L40168	HIGH	0.056	-4.713	-0.258	-2.842	95.083
atac_L40187	HIGH	-0.009	-6.47	-3.174	-2.671	96.5
atac_L40276	HIGH	0.177	-5.918	-2.64	-2.771	88.625
atac_L40372	HIGH	0.81	-0.732	-0.466	0.259	95.625
atac_L40445	HIGH	1.169	-0.582	-2.363	-2.492	100
atac_L40461	HIGH	2.619	-1.934	-2.58	-2.558	92.167
atac_L40583	HIGH	0.407	-4.376	-3.041	-2.774	89.25
atac_L40614	HIGH	1.464	0.468	0.606	-2.686	95.444
atac_L40671	HIGH	-0.719	-3.011	-2.837	-3.049	100
atac_L40746	HIGH	0.531	-0.366	0.764	-2.396	95.667
atac_L40966	HIGH	1.107	0.444	1.323	-2.94	100
atac_L40981	HIGH	1.134	0.462	1.456	-2.329	94
atac_L40996	HIGH	1.525	-2.206	-1.417	-2.656	98.5
atac_L40997	HIGH	1.579	0.409	0.523	-2.694	94.5
atac_L41245	HIGH	1.174	0.954	1.863	-2.75	94
atac_L41247	HIGH	1.099	0.031	0.616	-2.593	94.125
atac_P00006	HIGH	0	-0.209	1.01	-2.916	92.488
atac_P00010	HIGH	1.067	-0.259	0.639	-2.717	89.7
atac_P00028	HIGH	-0.163	-2.464	-1.928	-2.932	94.375
atac_P00029	HIGH	2.148	0.358	-1.283	-2.573	99
atac_P00046	HIGH	-0.063	-3.146	-0.95	-2.684	97.839
atac_P00048	HIGH	1.656	-6.215	-1.788	-2.897	89.333
atac_P00072	HIGH	0.246	-0.846	-0.81	-2.06	100
atac_P00085	HIGH	0.965	-3.506	-1.601	-2.906	100
atac_P00089	HIGH	1.258	0.532	0.336	-2.802	100
atac_P00105	HIGH	-0.171	-0.433	-1.924	-2.556	96.607
atac_P00133	HIGH	-1.081	-4.449	-2.738	-2.677	97.571
atac_P00135	HIGH	0	-1.626	0.345	-3.072	96.5
atac_P00153	HIGH	0.583	-4.657	-3.606	-2.569	98.4
atac_P00176	HIGH	1.308	0.642	-1.516	-2.769	96
atac_P00188	HIGH	0.889	-1.557	-2.504	-2.787	84.5
atac_P00226	HIGH	-0.533	-1.98	-0.81	-2.821	97.556
atac_P00231	HIGH	-0.962	1.236	-1.248	-2.568	93.333
atac_P00240	HIGH	-0.366	0.944	0.357	-2.234	92.333
atac_P00253	HIGH	-0.822	-1.766	-0.15	-2.579	100
atac_P00257	HIGH	0.977	-1.717	0.717	-2.646	100
atac_P00286	HIGH	-0.792	-5.117	-1.68	-2.77	91.417
atac_P00295	HIGH	-1.223	-0.067	-1.094	-2.594	96.75
atac_P00351	HIGH	0.366	-0.994	0.397	-2.258	96.833
atac_P00390	HIGH	-0.941	-2.18	-1.247	-2.638	100
atac_P00404	HIGH	-0.153	-0.462	-1.306	-2.684	98
atac_P00426	HIGH	-0.091	-1.022	-1.11	-2.527	97.75
atac_P00457	HIGH	0.166	-4.751	-1.847	-2.373	86
atac_P00472	HIGH	0.33	-1.749	0.109	-2.731	87.25
atac_P00496	HIGH	0.59	-1.458	-0.572	-2.813	100
atac_P00525	HIGH	-0.693	-1.193	-1.66	-2.722	100
atac_P00526	HIGH	-0.689	-3.68	-3.339	-2.723	98.75
atac_P00527	HIGH	-0.163	-0.71	-3.007	-2.823	85.5
atac_P00556	HIGH	0.726	-0.135	-0.087	-2.608	100
atac_P00585	HIGH	1.335	0.238	0.599	-2.968	98
atac_P00595	HIGH	0.079	0.246	-0.162	-2.484	100
atac_P00633	HIGH	1.325	-1.646	0.55	-2.672	88.667
atac_P00643	HIGH	0.843	-1.204	-1.742	-2.899	98.4
atac_P00647	HIGH	-0.319	-3.273	-1.024	-2.972	98.333
atac_P00648	HIGH	1.7	1.008	2.252	-2.951	98.714
atac_P00654	HIGH	-0.155	-1.174	0.068	-2.55	95.85
atac_P00714	HIGH	-0.828	-1.386	-0.332	-2.835	100
atac_P00718	HIGH	-0.168	-5.121	-2.218	-2.74	90.667
atac_P00741	HIGH	0.167	-2.299	-0.705	-2.865	97.667
atac_P00750	HIGH	0.421	-1.693	-2.806	-2.441	98
atac_P00756	HIGH	0.472	-0.684	-1.148	-2.7	99.2
atac_P00765	HIGH	0.354	-0.66	-2.161	-2.521	89.125
atac_P00823	HIGH	1.169	-0.321	0.043	-2.714	95.75
atac_P00829	HIGH	1.82	0.391	-0.464	-2.782	92.75
atac_P00852	HIGH	0.973	-0.227	0.31	-2.636	100
atac_P00861	HIGH	1.089	-1.656	0.987	-2.691	100
atac_P00877	HIGH	0.346	-1.195	0.87	-3.082	97.208
atac_P00878	HIGH	1.175	-0.555	-0.753	-2.984	92.767
atac_P00893	HIGH	1.191	0.123	-0.011	-2.588	96.25
atac_P00902	HIGH	0	-2.109	-1.535	-2.831	84.857
atac_P00931	HIGH	-0.159	-2.096	-2.636	-2.8	95.75
atac_P00946	HIGH	0.077	-4.431	-2.839	-2.794	97.333
atac_P00996	HIGH	0.792	-1.214	-0.292	-2.809	98.625
atac_P01010	HIGH	0.599	-2.14	-0.919	-2.562	95.333
atac_P01053	HIGH	1.667	-0.061	-1.008	-2.947	92.5
atac_P01085	HIGH	0.489	-0.177	-1.115	-2.419	99.2
atac_P01124	HIGH	1.313	0.09	0.54	-3.001	88
atac_P01191	HIGH	1.102	-1.086	0.549	-2.303	85.5
atac_P01194	HIGH	0.607	0.794	1.612	-2.676	95.5
atac_P01198	HIGH	0.765	-1.538	-1.144	-2.801	97.667
atac_P01209	HIGH	-0.84	-4.171	-2.199	-2.71	98.167
atac_P01228	HIGH	0.599	-5.137	-3.174	-2.549	95.5
atac_P01234	HIGH	-0.634	-3.937	-2.573	-2.948	97.2
atac_P01265	HIGH	-1.22	-1.386	-0.868	-2.566	96.125
atac_P01269	HIGH	-0.441	-0.136	0.515	-2.579	99.2
atac_P01271	HIGH	-0.269	-3.193	-1.512	-2.761	100
atac_P01320	HIGH	0.264	-1.963	-1.661	-2.732	97
atac_P01321	HIGH	1.192	1.409	0.485	-2.887	96.417
atac_P01324	HIGH	-0.866	-0.135	0.399	-2.773	89.083
atac_P01326	HIGH	-1.182	-2.805	-1.479	-2.716	96
atac_P01349	HIGH	1.376	-0.367	-0.597	-2.883	92.075
atac_P01368	HIGH	-1.007	-0.603	-1.916	-2.871	97.5
atac_P01381	HIGH	1.013	1.043	0.274	-2.373	94
atac_P01385	HIGH	-0.23	-2.719	-1.62	-2.691	96.333
atac_P01493	HIGH	-0.424	-3.342	-3.477	-2.84	100
atac_P01512	HIGH	-0.864	1.145	-2.173	-2.342	92
atac_P01528	HIGH	1.216	-0.554	1.177	-2.651	95
atac_P01530	HIGH	0.35	-5.03	-1.959	-2.838	97
atac_P01531	HIGH	1.024	-1.891	-1.965	-2.718	95.2
atac_P01543	HIGH	1.3	-0.845	-0.795	-2.585	100
atac_P01547	HIGH	1.613	-1.079	-0.312	-2.662	98.25
atac_P01549	HIGH	0	-0.318	-0.705	-2.841	95.5
atac_P01556	HIGH	-1.168	-2.712	-2.434	-2.674	100
atac_P01557	HIGH	0.638	-1.131	-1.735	-2.629	98.857
atac_P01566	HIGH	0.074	-1.514	-2.558	-3.056	94.75
atac_P01567	HIGH	1.93	-1.84	-2.537	-2.743	97.125
atac_P01571	HIGH	0.339	-0.188	-2.386	-2.514	94.333
atac_P01572	HIGH	-0.236	-3.151	-2.525	-2.743	81
atac_P01600	HIGH	0.488	-1.803	-1.731	-2.782	100
atac_P01606	HIGH	1.281	-0.409	-1.197	-2.711	95
atac_P01607	HIGH	-0.274	-2.744	-2.779	-2.804	93.875
atac_P01608	HIGH	2.29	-1.734	-2.834	-2.173	91.167
atac_P01624	HIGH	0.276	-1.825	-0.83	-2.784	96
atac_P01625	HIGH	-0.332	-0.693	-2.364	-2.906	97.667
atac_P01626	HIGH	0.371	-4.021	-2.285	-2.737	97
atac_P01631	HIGH	-0.009	-4.373	-0.813	-2.566	93.625
atac_P01643	HIGH	-0.568	-1.496	-0.794	-2.524	97
atac_P01659	HIGH	0.159	-2.524	-0.029	-2.648	96.375
atac_P01673	HIGH	1.382	-1.32	0.011	-2.774	100
atac_P01703	HIGH	1.057	0.736	1.081	-2.828	99
atac_P01712	HIGH	-1.083	1.188	-1.023	-2.156	91.5
atac_P01724	HIGH	-0.258	-3.03	-2.063	-2.547	100
atac_P01741	HIGH	1.356	-1.324	-0.546	-2.528	100
atac_P01743	HIGH	0.61	-0.533	-2.292	-2.724	85
atac_P01789	HIGH	0.342	-0.682	-0.446	-2.456	93
atac_P01792	HIGH	0.266	-2.004	-0.477	-2.929	98.5
atac_P01831	HIGH	-0.975	-1.48	-1.929	-2.712	92
atac_P01837	HIGH	1.552	0.153	-0.478	-2.529	100
atac_P01862	HIGH	1.018	0.815	0.641	-2.63	100
atac_P01881	HIGH	1.003	-1.063	0.664	-1.576	80
atac_P01888	HIGH	-0.258	-0.979	-1.612	-2.602	92.25
atac_P01890	HIGH	1.737	0.221	-0.56	-2.713	94.25
atac_P02027	HIGH	0.784	-2.697	-3.648	-2.533	98.5
atac_P02037	HIGH	1.995	-0.743	0.545	-3.068	86.4
atac_P02053	HIGH	-0.241	-0.771	-1.31	-2.528	86
atac_P02063	HIGH	1.953	-1.082	-1.448	-2.647	95
atac_P02076	HIGH	1.458	-0.769	0.415	-2.757	95
atac_P02109	HIGH	1.224	-1.549	-2.186	-2.776	92
atac_P02115	HIGH	-0.009	-3.622	-0.912	-2.91	86
atac_P02142	HIGH	-0.008	-2.072	-1.439	-2.409	100
atac_P02143	HIGH	0.86	-0.958	-2.089	-2.737	100
atac_P02145	HIGH	0.587	0.826	0.577	-2.445	96
atac_P02163	HIGH	-0.326	-0.673	-1.051	-2.829	96.5
atac_P02192	HIGH	0.43	0.264	0.409	-2.872	100
atac_P02193	HIGH	1.213	0.88	0.413	-2.723	91.3
atac_P02262	HIGH	-0.896	-1.137	-0.878	-2.377	92.5
atac_P02300	HIGH	-0.465	-4.693	-2.85	-2.929	98.833
atac_P02306	HIGH	1.681	-0.364	-0.112	-2.888	89.75
atac_P02322	HIGH	-1.335	-1.896	-0.893	-2.666	87.9
atac_P02325	HIGH	-0.061	1.642	1.779	-2.864	94.5
atac_P02328	HIGH	1.781	-2.194	-0.725	-2.554	98
atac_P02392	HIGH	-0.494	-4.301	-2.024	-2.551	98
atac_P02398	HIGH	1.326	-0.604	-2.194	-2.705	99.25
atac_P02400	HIGH	-1.181	-2.101	-1.223	-2.539	94.125
atac_P02401	HIGH	0.376	-0.575	-0.615	-2.543	100
atac_P02415	HIGH	0.072	-2.442	-3.744	-2.566	98
atac_P02437	HIGH	0.91	-2.008	0.725	-2.914	95
atac_P02446	HIGH	0.794	-1.819	-1.84	-2.608	99
atac_P02447	HIGH	1.248	-1.399	-0.456	-2.549	93.333
atac_P02449	HIGH	0.174	-1.19	-0.669	-2.734	93.5
atac_P02528	HIGH	0.99	-0.284	-1.508	-2.294	94.625
atac_P02567	HIGH	-1.193	-0.97	-2.214	-3.013	100
atac_P02597	HIGH	0.988	-3.619	-1.59	-2.692	91.107
atac_P02609	HIGH	1.208	1.276	-0.153	-2.464	88.5
atac_P02619	HIGH	1.303	-0.04	0.556	-2.606	95.767
atac_P02621	HIGH	-0.009	-1.722	1.059	-2.167	97.5
atac_P02632	HIGH	1.203	0.392	2.537	-2.865	92.5
atac_P02638	HIGH	1.409	-0.443	-0.156	-2.58	97.5
atac_P02644	HIGH	1.417	-1.403	-2.177	-2.605	89
atac_P02647	HIGH	1.32	-0.034	0.835	-2.771	90
atac_P02675	HIGH	-0.058	0.073	-1.322	-2.818	95.2
atac_P02685	HIGH	1.001	0.381	0.55	-2.587	98
atac_P02701	HIGH	0.25	-1.58	-1.191	-2.895	93.25
atac_P02715	HIGH	0.345	-0.281	-0.199	-2.739	92.167
atac_P02716	HIGH	-1.451	-1.389	0.165	-2.578	93.5
atac_P02717	HIGH	-0.214	-0.247	-0.565	-2.786	98.5
atac_P02722	HIGH	1.732	1.153	1.492	-2.801	98
atac_P02728	HIGH	-0.315	-3.39	-2.777	-2.788	95.25
atac_P02737	HIGH	0.868	-3.813	-2.144	-2.855	95.833
atac_P02741	HIGH	0.593	-1.383	-2.958	-2.844	100
atac_P02747	HIGH	-0.694	-0.987	-1.307	-2.871	94.458
atac_P02775	HIGH	-0.155	-2.35	-0.325	-2.572	99.3
atac_P02778	HIGH	-0.929	-5.078	-1.617	-2.659	92
atac_P02785	HIGH	1.27	0.057	-0.565	-3.063	94.7
atac_P02789	HIGH	1.365	0.112	-0.278	-2.654	99.1
atac_P02812	HIGH	-0.326	1.39	0.261	-2.709	97.056
atac_P02825	HIGH	-0.173	-1.338	-1.528	-2.735	98.9
atac_P02851	HIGH	0.485	-1.135	-3.059	-2.622	96.714
atac_P02852	HIGH	-0.666	-5.144	-2.421	-2.772	98.25
atac_P02854	HIGH	-1.263	0.259	-0.161	-1.206	96
atac_P02879	HIGH	0.051	0.476	0.951	-2.781	86
atac_P02883	HIGH	-0.778	-0.453	-2.034	-2.295	100
atac_P02886	HIGH	-0.993	-2.013	-1.467	-2.457	100
atac_P02894	HIGH	1.457	-4.152	-2.443	-2.834	88.667
atac_P02924	HIGH	-0.009	-5.037	-0.913	-2.643	95.583
atac_P02928	HIGH	1.516	-0.283	1.379	-2.841	96.5
atac_P02929	HIGH	-0.009	-0.113	-0.604	-2.636	100
atac_P02930	HIGH	0.983	-4.46	-2.61	-2.781	100
atac_P02932	HIGH	-0.67	-0.482	-1.846	-2.688	87.667
atac_P02934	HIGH	0.709	-0.217	-0.94	-2.791	97
atac_P02935	HIGH	0.5	-1.344	-0.278	-2.585	95.833
atac_P02947	HIGH	0.463	-1.851	-3.347	-2.292	98
atac_P02973	HIGH	-0.58	-1.55	-0.167	-2.691	94.25
atac_P02975	HIGH	1.548	-0.302	0.075	-2.397	100
atac_P02977	HIGH	0.246	-2.364	-3.13	-2.777	100
atac_P02996	HIGH	0.175	-2.638	-0.95	-2.43	100
atac_P03020	HIGH	1.035	-3.494	-2.686	-2.178	93
atac_P03022	HIGH	-0.351	-0.551	-1.842	-2.702	97.417
atac_P03034	HIGH	0.719	-0.417	-0.674	-2.737	96.054
atac_P03044	HIGH	1.089	0.269	1.096	-3.015	97.25
atac_P03126	HIGH	0.711	-1.573	-0.136	-2.84	95.6
atac_P03140	HIGH	1.273	-2.172	-1.246	-3.03	95.375
atac_P03169	HIGH	0	-1.941	0.545	-2.782	95.5
atac_P03173	HIGH	0.613	-3.233	-0.04	-2.586	96.5
atac_P03174	HIGH	1.086	-4.097	-2.696	-2.841	98.2
atac_P03185	HIGH	-0.715	1.204	0.419	-2.855	99.333
atac_P03229	HIGH	0.674	-1.213	1.265	-2.374	100
atac_P03230	HIGH	0.417	0.173	0.803	-2.615	100
atac_P03246	HIGH	0.885	-4.293	-1.075	-2.501	99
atac_P03266	HIGH	0.328	-3.014	-1.034	-2.754	98.8
atac_P03267	HIGH	0.686	-1.253	-1.509	-2.934	100
atac_P03270	HIGH	-0.586	-0.679	-1.739	-2.69	95
atac_P03274	HIGH	1.142	0.237	-1.123	-2.71	100
atac_P03281	HIGH	-0.749	-1.052	-2.345	-2.65	92.25
atac_P03285	HIGH	0.05	0.397	0.021	-2.678	97.667
atac_P03286	HIGH	-0.427	-1.638	-0.774	-2.857	86.125
atac_P03302	HIGH	0.245	-4.808	-2.848	-2.677	100
atac_P03303	HIGH	0.177	-4.093	-1.934	-2.669	94.35
atac_P03312	HIGH	1.327	-0.758	-1.272	-3.008	97.083
atac_P03334	HIGH	1.097	-0.511	-2.916	-2.544	92
atac_P03342	HIGH	0.051	-0.173	-1.418	-2.891	92.6
atac_P03394	HIGH	0	0.97	-0.857	-3.144	93.708
atac_P03418	HIGH	1.051	-2.334	0.564	-2.897	99.5
atac_P03433	HIGH	-0.147	-0.974	0.188	-2.698	80.667
atac_P03453	HIGH	1.514	-3.869	-1.653	-2.538	94.5
atac_P03454	HIGH	0.078	-4.754	-2.433	-2.684	96.667
atac_P03459	HIGH	0.32	-1.747	-1.729	-2.773	89
atac_P03474	HIGH	-0.009	-3.418	-1.172	-1.951	100
atac_P03480	HIGH	0.174	0.474	0.568	-3.007	91.167
atac_P03504	HIGH	1.199	0.041	-0.572	-2.575	98.5
atac_P03512	HIGH	-0.685	-1.426	-1.753	-2.358	94
atac_P03520	HIGH	0.075	-4.239	-2.279	-2.481	97.75
atac_P03564	HIGH	-0.254	-2.886	-2.163	-2.683	97.75
atac_P03612	HIGH	1.342	-0.465	1.06	-2.655	93.111
atac_P03623	HIGH	2.192	-4.421	1.425	-1.738	95.364
atac_P03651	HIGH	-1.325	-5.83	-2.484	-2.86	89
atac_P03714	HIGH	0.766	-3.336	-1.402	-2.721	96.104
atac_P03715	HIGH	0.567	-4.231	-2.581	-1.739	88.333
atac_P03716	HIGH	-0.827	-1.733	-2.821	-2.65	97.429
atac_P03730	HIGH	-0.408	-0.76	-0.437	-2.773	100
atac_P03738	HIGH	-0.009	-1.422	0.215	-2.851	97
atac_P03739	HIGH	0.609	-0.042	-2.255	-2.879	97.25
atac_P03745	HIGH	0.925	-2.207	-2.096	-2.677	98
atac_P03747	HIGH	0.177	-0.914	1.658	-2.663	100
atac_P03767	HIGH	-0.373	-3.903	-3.049	-2.947	91
atac_P03768	HIGH	0.598	-2.138	-6.859	-2.618	90.917
atac_P03821	HIGH	1.265	-0.989	0.027	-2.945	92.667
atac_P03827	HIGH	0.053	0.113	1.011	-2.794	95.5
atac_P03836	HIGH	-0.085	-4.989	-1.877	-2.723	94
atac_P03842	HIGH	1.242	-2.23	-0.982	-2.824	100
atac_P03856	HIGH	-0.929	-0.753	-0.187	-2.384	98.167
atac_P03857	HIGH	0.816	-0.224	0.288	-2.072	89.667
atac_P03867	HIGH	0.265	-0.636	-2.82	-2.591	85.214
atac_P03868	HIGH	-0.243	-2.186	-1.616	-2.608	100
atac_P03869	HIGH	0.361	-2.526	-3.425	-2.668	93.75
atac_P03878	HIGH	0.761	-2.18	-0.927	-2.844	92.333
atac_P03886	HIGH	-0.716	-1.958	-2.658	-2.507	97
atac_P03892	HIGH	0.313	-2.503	-0.313	-2.56	94.333
atac_P03959	HIGH	0.226	-2.86	-2.488	-2.853	91.7
atac_P03961	HIGH	1.619	1.643	-0.462	-2.985	99.5
atac_P03979	HIGH	1.378	1.814	1.918	-2.772	95.121
atac_P04005	HIGH	0.499	-0.808	-0.183	-2.508	98.667
atac_P04006	HIGH	-1.269	-1.82	-0.004	-2.334	94.25
atac_P04007	HIGH	1.313	-1.145	1.118	-2.611	100
atac_P04008	HIGH	0.842	-0.44	0.194	-2.853	97.333
atac_P04012	HIGH	0.25	-0.959	-1.54	-2.643	94.333
atac_P04023	HIGH	0.952	0.777	-0.799	-2.647	98
atac_P04036	HIGH	1.239	-0.743	-1.976	-2.665	97.5
atac_P04044	HIGH	1.51	-4.887	-3.028	-2.888	97
atac_P04056	HIGH	0.73	-1.967	-2.924	-2.757	94.025
atac_P04060	HIGH	0.38	-1.216	-0.438	-2.529	96.606
atac_P04061	HIGH	-0.445	-0.319	-0.73	-2.474	81
atac_P04083	HIGH	1.269	-0.356	0.313	-2.835	100
atac_P04130	HIGH	-0.948	-1.102	-0.55	-2.092	89.55
atac_P04136	HIGH	0.485	-1.881	-3.573	-2.521	100
atac_P04174	HIGH	0.85	-2.925	-0.403	-2.516	94.667
atac_P04192	HIGH	0.591	-3.896	-0.825	-2.304	100
atac_P04200	HIGH	0.321	0.985	1.199	-1.746	81.625
atac_P04214	HIGH	-0.885	-2.726	-2.29	-2.555	100
atac_P04216	HIGH	-0.821	-0.474	-1.777	-2.876	83
atac_P04233	HIGH	1.222	-1.639	-2.45	-2.741	99
atac_P04244	HIGH	-0.292	-1.782	-1.458	-2.797	100
atac_P04258	HIGH	-0.009	-1.917	-1.665	-2.331	94.667
atac_P04259	HIGH	0.502	-1.393	-2.562	-2.666	100
atac_P04265	HIGH	-0.715	-3.737	-3.326	-2.624	100
atac_P04270	HIGH	0.078	-2.436	-1.597	-2.886	95.25
atac_P04288	HIGH	-0.17	-0.177	0.144	-2.185	100
atac_P04327	HIGH	1.254	0.691	1.082	-2.554	97.333
atac_P04344	HIGH	1.476	-3.183	-2.187	-2.492	100
atac_P04358	HIGH	-0.305	-2.516	0.585	-2.902	93.75
atac_P04363	HIGH	-0.899	-4.917	-4.557	-2.793	92
atac_P04385	HIGH	1.442	0.459	-0.739	-3.049	88.333
atac_P04425	HIGH	-0.44	-1.004	-1.572	-2.966	94.4
atac_P04427	HIGH	0.494	0.226	-1.089	-2.836	97
atac_P04441	HIGH	-1.497	-0.929	-2.849	-2.672	92.5
atac_P04470	HIGH	0.919	-1.115	-0.635	-2.333	87
atac_P04498	HIGH	-0.008	-0.307	-1.408	-2.632	96
atac_P04510	HIGH	-0.167	-2.854	-0.857	-2.863	100
atac_P04525	HIGH	0.162	-1.576	-1.335	-2.815	91
atac_P04545	HIGH	-0.774	-3.699	-1.036	-2.254	88.2
atac_P04548	HIGH	-0.924	-1.985	-3.038	-2.871	95.5
atac_P04554	HIGH	-0.17	-0.031	0.326	-2.678	99.25
atac_P04590	HIGH	1.513	-0.156	-0.838	-2.571	80.5
atac_P04654	HIGH	2.65	0.316	1.217	-1.247	96.545
atac_P04701	HIGH	-0.06	-4.618	-3.044	-2.603	96.333
atac_P04732	HIGH	-0.042	-2.431	-0.68	-2.926	99.5
atac_P04765	HIGH	0.575	-0.532	0.558	-2.482	94.312
atac_P04769	HIGH	-0.044	-2.606	-3.479	-2.765	98.125
atac_P04839	HIGH	0.768	-0.914	2.156	-2.921	96.833
atac_P04866	HIGH	0.51	2.001	2.084	-2.639	95
atac_P04870	HIGH	0.845	-2.458	-0.866	-2.695	94.107
atac_P04945	HIGH	-0.218	0.405	-1.635	-2.605	95
atac_P04998	HIGH	-0.366	-1.193	-1.079	-2.694	93.5
atac_P05011	HIGH	0.629	0.434	1.419	-2.61	100
atac_P05018	HIGH	0.59	-2.072	-2.238	-2.626	96
atac_P05021	HIGH	0.266	-0.818	-1.688	-2.636	94.714
atac_P05037	HIGH	0.883	0.102	1.196	-2.665	97.714
atac_P05054	HIGH	0.385	-0.825	0.876	-2.763	96.9
atac_P05055	HIGH	1.506	-1.816	0.737	-2.631	100
atac_P05079	HIGH	0.596	-1.686	-0.647	-2.445	98.5
atac_P05092	HIGH	0.324	-2.203	-1.431	-2.79	94
atac_P05096	HIGH	1.095	-0.664	0.713	-2.221	97.062
atac_P05214	HIGH	0.346	-1.359	-0.865	-2.785	100
atac_P05237	HIGH	1.051	-0.016	1.088	-2.803	97.75
atac_P05289	HIGH	1.06	0.575	-2.044	-2.662	95.5
atac_P05298	HIGH	-0.429	1.513	0.617	-2.73	87.5
atac_P05306	HIGH	1.36	1.857	-1.466	-2.935	94.938
atac_P05339	HIGH	0.939	0.828	-3.438	-2.652	84.7
atac_P05347	HIGH	0.754	0.959	1.021	-2.7	100
atac_P05365	HIGH	1.446	1.025	0.835	-2.734	100
atac_P05398	HIGH	-0.297	-1.08	-2.222	-2.425	100
atac_P05413	HIGH	1.056	-0.594	0.556	-3.015	95.65
atac_P05432	HIGH	1.964	0.364	0.568	-2.86	93.667
atac_P05447	HIGH	-0.141	-1.75	-5.85	-2.886	98.333
atac_P05448	HIGH	-0.009	-2.663	-1.691	-2.826	98.083
atac_P05479	HIGH	1.348	1.389	0.304	-2.451	96
atac_P05489	HIGH	0.444	0.018	-1.473	-2.878	95.25
atac_P05490	HIGH	0.825	-3.293	-5.039	-2.759	100
atac_P05504	HIGH	-0.314	-3.423	-2.908	-2.532	98
atac_P05513	HIGH	-0.081	-0.274	1.352	-2.596	96.636
atac_P05526	HIGH	0.738	-2.425	-1.521	-2.388	95
atac_P05535	HIGH	0.23	-3.86	-4.45	-2.387	100
atac_P05539	HIGH	1.442	-1.387	-1.118	-2.544	93.5
atac_P05561	HIGH	0.886	-1.144	-0.034	-2.416	91
atac_P05577	HIGH	1.57	0.042	0.082	-2.896	98.75
atac_P05625	HIGH	1.041	0.705	-0.428	-2.804	97.2
atac_P05643	HIGH	-0.324	-0.194	0.115	-2.867	98.5
atac_P05651	HIGH	1.679	-0.939	0.636	-2.618	90.607
atac_P05655	HIGH	1.099	0.124	0.618	-2.81	81
atac_P05693	HIGH	0.711	-0.238	-0.367	-2.59	98.5
atac_P05697	HIGH	0.705	-1.996	-0.971	-2.628	96
atac_P05711	HIGH	-0.313	-2.755	-0.732	-2.994	100
atac_P05739	HIGH	1.03	-3.759	-1.075	-2.743	98.625
atac_P05776	HIGH	0.789	-2.518	-0.613	-2.875	99.125
atac_P05793	HIGH	2.09	-0.652	-2.683	-0.998	97.812
atac_P05809	HIGH	-1.167	0.397	0.64	-2.454	95.5
atac_P05814	HIGH	-0.601	-3.111	-0.108	-2.652	100
atac_P05816	HIGH	0.596	-1.698	-3.332	-2.394	93.429
atac_P05820	HIGH	1.331	0.643	1.473	-2.343	80.9
atac_P05828	HIGH	1.037	-2.009	1.369	-2.781	96.25
atac_P05835	HIGH	0.601	-0.92	-1.756	-2.791	100
atac_P05847	HIGH	0.902	-0.4	0.141	-2.536	95.5
atac_P05873	HIGH	0.173	-3.02	-3.585	-2.535	96.667
atac_P05874	HIGH	-0.09	-2.392	-2.243	-2.665	97.571
atac_P05882	HIGH	0.887	-3.174	-2.204	-2.822	93
atac_P05885	HIGH	-0.54	1.209	2.368	-2.248	81.5
atac_P05894	HIGH	-0.735	-2.555	0.243	-2.837	94
atac_P05901	HIGH	1.107	-0.345	-0.02	-2.839	94.5
atac_P05907	HIGH	0.174	-2.364	-2.829	-2.829	98.167
atac_P05927	HIGH	0.172	-0.424	0.861	-2.58	100
atac_P05941	HIGH	-0.308	-1.679	-0.862	-2.892	85
atac_P05960	HIGH	-0.298	1.303	0.371	-3.076	97
atac_P05962	HIGH	-1.217	-1.883	-1.108	-2.716	99
atac_P05974	HIGH	-0.257	-0.29	-0.725	-2.664	96.125
atac_P05982	HIGH	0.503	-2.124	-0.968	-2.415	100
atac_P05996	HIGH	-0.153	-1.168	-2.428	-2.712	97.5
atac_P06001	HIGH	0.51	1.244	-0.172	-2.329	90.333
atac_P06019	HIGH	0.406	-2.975	-2.967	-2.65	92.5
atac_P06026	HIGH	-0.81	-2.612	-3.471	-2.531	99
atac_P06062	HIGH	-0.799	-0.345	-2.229	-2.702	95.3
atac_P06066	HIGH	-0.842	-4.123	-1.432	-2.276	100
atac_P06071	HIGH	-1.063	-1.162	-2.389	-2.533	95
atac_P06089	HIGH	-0.081	-0.715	-2.355	-2.618	98.333
atac_P06119	HIGH	1.221	-3.058	-3.665	-2.77	87.75
atac_P06148	HIGH	1.59	-1.098	1.483	-2.924	100
atac_P06201	HIGH	0.482	-0.667	0.601	-2.554	91.6
atac_P06219	HIGH	0.706	-1.243	-0.269	-2.616	94.5
atac_P06224	HIGH	0.663	-1.856	-4.205	-2.746	100
atac_P06236	HIGH	-1.085	-3.11	-1.182	-2.882	83
atac_P06248	HIGH	0.611	-5.77	-2.029	-2.404	100
atac_P06272	HIGH	0.048	-1.284	-1.526	-2.661	95.25
atac_P06292	HIGH	-0.757	0.085	-0.571	-2.721	100
atac_P06328	HIGH	-0.568	-3.697	-0.886	-2.51	94.25
atac_P06337	HIGH	-0.33	-0.708	-1.15	-2.628	87.75
atac_P06343	HIGH	0.695	1.143	0.021	-2.469	100
atac_P06360	HIGH	-1.103	-3.531	-0.998	-2.821	85
atac_P06363	HIGH	0.077	-3.895	-1.206	-2.53	96.5
atac_P06364	HIGH	-1.345	-6.402	-2.879	-2.648	93.833
atac_P06365	HIGH	1.049	-0.233	0.886	-2.813	96
atac_P06372	HIGH	0.275	-2.218	-1.816	-2.598	92.5
atac_P06382	HIGH	-1.355	-1.337	-0.597	-2.506	100
atac_P06387	HIGH	-0.53	-1.401	-2.717	-2.842	90.333
atac_P06398	HIGH	0.89	-4.452	-3.054	-2.361	94.938
atac_P06447	HIGH	1.246	-3.195	-1.827	-2.91	98.667
atac_P06471	HIGH	-0.774	-0.197	-0.474	-2.278	100
atac_P06475	HIGH	0	-1.333	-0.365	-2.614	98.786
atac_P06480	HIGH	0.726	-0.05	-1.283	-2.596	96.25
atac_P06486	HIGH	-0.788	-2.261	-0.123	-2.638	94.667
atac_P06487	HIGH	0.166	-0.499	-0.432	-2.895	94.5
atac_P06490	HIGH	1.386	-1.716	-0.478	-2.759	97.5
atac_P06492	HIGH	0.238	-0.619	-0.425	-2.495	92.75
atac_P06497	HIGH	1.969	-2.158	0.535	-2.663	99.375
atac_P06530	HIGH	1.097	1.596	0.497	-2.744	90.5
atac_P06567	HIGH	0	-4.677	-3.666	-3.101	95.333
atac_P06598	HIGH	1.064	1.26	-1.121	-2.998	92.267
atac_P06615	HIGH	0	-0.353	-0.164	-2.816	99.5
atac_P06649	HIGH	-0.957	-1.733	-2.133	-2.747	100
atac_P06654	HIGH	-0.601	-1.428	0.669	-2.739	99.2
atac_P06655	HIGH	-0.879	-4.17	-2.725	-2.739	87.4
atac_P06656	HIGH	0.367	-1.084	-2.208	-2.845	95.5
atac_P06700	HIGH	-0.482	-1.038	-2.521	-2.645	96.833
atac_P06709	HIGH	0.638	-0.604	-1.194	-2.737	96.667
atac_P06719	HIGH	-0.554	-2.574	-1.633	-2.735	98.667
atac_P06738	HIGH	0.363	-0.306	-0.191	-2.657	87
atac_P06744	HIGH	0.629	0.667	0.438	-2.827	83
atac_P06755	HIGH	-1.555	-1.778	-1.747	-2.78	98.75
atac_P06771	HIGH	-1.006	-3.692	-1.471	-2.745	96
atac_P06777	HIGH	-0.716	-2.281	-0.425	-2.857	97.25
atac_P06790	HIGH	-0.937	-0.8	-0.282	-2.571	100
atac_P06802	HIGH	0.282	-2.83	-0.874	-2.861	84.367
atac_P06809	HIGH	-0.762	-1.266	-0.855	-2.734	95
atac_P06895	HIGH	0.724	-0.892	-2.207	-2.837	100
atac_P06902	HIGH	-0.174	-1.011	0.278	-2.671	98.167
atac_P06915	HIGH	-0.598	-3.442	-0.193	-2.83	100
atac_P06921	HIGH	-0.778	-0.881	0.229	-2.773	97.333
atac_P06927	HIGH	-0.769	1.954	0.784	-2.771	96.667
atac_P06941	HIGH	1.047	-1.304	-0.499	-2.692	98
atac_P06953	HIGH	0.479	-2.258	-0.674	-2.745	96.833
atac_P06989	HIGH	-1.078	0.027	0.417	-1.933	83
atac_P06999	HIGH	-0.693	1.217	1.169	-2.786	97.633
atac_P07000	HIGH	0.751	0.037	0.475	-2.506	99.25
atac_P07008	HIGH	1.224	-0.434	-4.573	-3.148	94.5
atac_P07035	HIGH	-0.273	-3.92	-2.555	-2.708	98.5
atac_P07042	HIGH	-0.163	-2.113	-1.898	-2.686	100
atac_P07048	HIGH	0.211	0.62	-1.809	-2.595	97
atac_P07055	HIGH	0.997	-1.737	-2.551	-2.816	98
atac_P07074	HIGH	0.584	-1.239	-0.226	-2.71	97
atac_P07076	HIGH	1.065	-0.241	0.439	-2.755	92.292
atac_P07097	HIGH	-1.125	-2.011	-1.124	-2.819	100
atac_P07098	HIGH	0.726	-4.103	-1.501	-2.749	94
atac_P07113	HIGH	-0.452	-3.873	-2.164	-2.811	94
atac_P07120	HIGH	1.841	-1.378	-0.768	-2.843	96.233
atac_P07172	HIGH	-0.557	-1.999	-1.042	-2.852	100
atac_P07182	HIGH	1.67	-0.196	1.517	-2.982	95.5
atac_P07242	HIGH	-0.327	-1.049	-0.004	-2.621	96.667
