name	group	foxh1	eomesa	nfya	smad2	pbx4	prep1
atac_L27603	k4me1_enh	-2.562	0.631	4.085	-2.843	-0.766	-2.414
atac_L39546	k4me1_enh	-2.355	1.066	-1.646	-3.225	2.923	3.442
atac_L23265	k4me1_enh	2.85	2.739	-0.149	-0.492	-1.842	-1.916
atac_L07266	k4me1_enh	2.663	2.63	0.818	0.087	-2.038	-1.835
atac_L06553	k4me1_enh	0.793	3.59	-0.22	-3.008	-1.685	-2.347
atac_L17015	k4me1_enh	-1.415	3.684	0.158	-2.446	-1.834	-2.631
atac_L37469	k4me1_enh	1.232	3.309	0.461	-1.034	-2.331	-1.745
atac_L38690	k4me1_enh	1.987	2.853	0.824	-1.104	-0.142	-3.322
atac_L32454	k4me1_enh	1.896	3.205	-0.124	-1.205	-1.856	-3.322
atac_L06131	k4me1_enh	3.177	1.774	-0.573	-0.71	-2.032	-2.139
atac_L34934	k4me1_enh	0.086	2.148	-1.05	-2.727	1.255	1.99
atac_L02841	k4me1_enh	0.979	3.012	-0.043	-1.983	-2.118	-3.322
atac_L04926	k4me1_enh	-2.524	-1.939	2.822	-2.673	-1.666	-0.827
atac_L24649	k4me1_enh	-2.433	3.344	-0.109	-3.322	-2.338	-3.322
atac_L04331	k4me1_enh	-0.839	1.587	1.875	-1.037	-0.336	0.538
atac_L36985	k4me1_enh	-0.877	-1.144	2.181	-1.133	-1.593	-3.322
atac_L38665	k4me1_enh	-0.365	2.89	0.934	-1.856	-2.417	-3.322
atac_L36305	k4me1_enh	1.436	2.538	-0.195	-0.954	-1.662	-1.716
atac_L31125	k4me1_enh	-2.242	-0.965	0.089	-2.009	-2.766	-2.373
atac_L09520	k4me1_enh	-1.637	3.091	-0.822	-2.512	-0.85	-3.322
atac_L23170	k4me1_enh	1.684	2.567	-1.348	-1.398	-2.101	-3.034
atac_L35118	k4me1_enh	-0.05	2.929	-1.093	-2.465	-0.748	-1.851
atac_L24077	k4me1_enh	-0.461	1.377	-0.414	-1.612	2.102	0.243
atac_L04365	k4me1_enh	-2.433	-1.489	-1.22	-1.439	-3.009	-3.113
atac_L03363	k4me1_enh	-0.143	2.891	-0.896	-2.916	-2.31	-3.15
atac_L30790	k4me1_enh	-1.524	-1.506	-1.086	-2.819	2.258	1.638
atac_L04625	k4me1_enh	-0.795	2.985	-1.632	-2.465	-2.555	-3.322
atac_L36320	k4me1_enh	-0.842	1.811	1.684	-1.329	-1.653	-3.154
atac_L23157	k4me1_enh	2.086	1.83	-0.719	-2.181	-2.702	-2.209
atac_L00307	k4me1_enh	-0.295	2.357	-0.467	-2.384	-0.191	-0.314
atac_L21648	k4me1_enh	-2.936	2.817	0.01	-3.322	-2.341	-2.787
atac_L32405	k4me1_enh	-2.145	2.912	-1.181	-2.772	-2.838	-2.93
atac_L16601	k4me1_enh	-0.258	0.316	0.514	-1.723	-0.276	-3.322
atac_L38295	k4me1_enh	-2.642	1.776	1.215	-1.862	-0.828	-0.165
atac_L14378	k4me1_enh	-0.126	2.484	-0.184	-2.981	-1.524	-3.253
atac_L39904	k4me1_enh	-1.262	2.598	-1.65	-3.257	-0.541	-0.696
atac_L14972	k4me1_enh	-1.606	2.747	-0.372	-2.446	-2.743	-3.269
atac_L29376	k4me1_enh	0.685	2.1	0.66	-2.819	-1.929	-1.375
atac_L39951	k4me1_enh	0.169	2.433	-0.698	-1.669	-1.366	-1.893
atac_L03479	k4me1_enh	2.051	1.487	-0.564	-1.976	-2.297	-3.322
atac_L04406	k4me1_enh	1.054	2.222	-0.497	-2.784	-2.177	-3.175
atac_L27760	k4me1_enh	2.195	0.754	0.098	-2.307	-2.402	-3.322
atac_L02840	k4me1_enh	0.219	2.161	0.268	-1.058	-1.459	-3.322
atac_L39935	k4me1_enh	-2.338	2.665	-1.135	-2.227	-2.507	-1.377
atac_L39410	k4me1_enh	-0.41	1.186	-0.124	-1.905	0.611	-0.825
atac_L32903	k4me1_enh	-1.234	2.541	-0.844	-3.322	-1.892	-1.257
atac_L02678	k4me1_enh	1.803	1.409	-0.586	-1.513	-1.663	-2.618
atac_L01976	k4me1_enh	1.219	2.019	-2.42	-0.812	-2.328	-3.322
atac_L38294	k4me1_enh	-3.322	1.773	0.813	-3.322	-0.943	-0.115
atac_L04901	k4me1_enh	0.282	2.459	-1.184	-2.531	-3.179	-1.984
atac_L05775	k4me1_enh	-0.24	2.115	0.181	-1.355	-1.378	-3.322
atac_L01053	k4me1_enh	1.208	1.707	0.018	-1.82	-2.674	-3.166
atac_L27818	k4me1_enh	0.886	2.137	-0.753	-2.6	-2.362	-3.322
atac_L25526	k4me1_enh	1.802	0.615	-0.023	-1.368	-1.244	-1.799
atac_L12535	k4me1_enh	1.548	1.2	-0.715	-1.457	-2.142	-0.725
atac_L16226	k4me1_enh	-1.372	-1.761	-0.685	-1.944	2.111	0.219
atac_L06556	k4me1_enh	-2.159	2.638	-3.015	-3.062	-2.485	-2.33
atac_L38670	k4me1_enh	-0.368	2.071	-0.5	-1.027	-1.082	-2.363
atac_L16497	k4me1_enh	-0.987	2.206	-0.055	-1.68	-2.648	-2.941
atac_L27460	k4me1_enh	-0.297	1.652	0.123	-1.707	-0.243	-1.168
atac_L16766	k4me1_enh	1.675	0.862	-0.145	-0.836	-1.255	-3.322
atac_L14667	k4me1_enh	1.245	1.571	-0.205	-2.784	-2.009	-3.322
atac_L33486	k4me1_enh	0.129	2.042	0.036	-1.596	-2.523	-3.322
atac_L12693	k4me1_enh	-2.095	-0.774	-0.772	-3.322	1.412	1.497
atac_L36287	k4me1_enh	-1.657	1.037	0.93	-1.111	-0.939	-0.461
atac_L18291	k4me1_enh	-0.361	-1.089	0.617	-2.831	-1.986	-3.287
atac_L29876	k4me1_enh	-1.006	0.065	1.588	-2.151	-1.447	-1.491
atac_L01607	k4me1_enh	0.468	1.983	-0.324	-2.474	-2.336	-2.463
atac_L08017	k4me1_enh	0.256	1.251	0.873	-3.322	-2.182	-2.18
atac_L22295	k4me1_enh	1.15	1.514	-0.017	-2.243	-2.169	-3.322
atac_L21074	k4me1_enh	1.455	1.276	-0.518	-0.83	-2.424	-3.322
atac_L32212	k4me1_enh	-1.033	-1.433	1.726	-2.727	-1.794	-1.848
atac_L08755	k4me1_enh	-0.704	2.101	-0.381	-3.322	-0.644	-2.596
atac_L02322	k4me1_enh	2.128	0.328	-1.291	-2.446	-1.526	-3.322
atac_L36292	k4me1_enh	0.725	1.694	-0.46	-1.359	-2.523	-1.569
atac_L33582	k4me1_enh	0.25	1.941	-0.103	-2.879	-1.888	-2.567
atac_L01815	k4me1_enh	-1.88	2.347	-0.719	-1.734	-2.273	-3.322
atac_L27117	k4me1_enh	-1.631	2.258	-1.587	-1.696	-2.387	-1.087
atac_L26438	k4me1_enh	0.177	1.913	-0.309	-1.264	-2.491	-2.405
atac_L07986	k4me1_enh	0.381	1.845	-2.602	-1.389	-0.933	-3.322
atac_L10782	k4me1_enh	-1.704	2.237	-0.858	-1.643	-1.695	-3.322
atac_L32331	k4me1_enh	-0.134	2.144	-1.89	-1.513	-1.772	-2.758
atac_L31728	k4me1_enh	1.132	1.263	-0.612	-0.824	-1.489	-2.145
atac_L31858	k4me1_enh	2.082	0.173	-2.355	-1.669	-1.978	-2.236
atac_L27717	k4me1_enh	-0.421	2.155	-1.428	-1.658	-2.352	-3.322
atac_L39394	k4me1_enh	1.214	1.383	-1.001	-1.26	-2.08	-2.771
atac_L37450	k4me1_enh	0.826	1.54	-0.236	-2.662	-2.391	-2.742
atac_L40459	k4me1_enh	-0.382	2.05	-0.624	-2.283	-2.102	-2.413
atac_L06605	k4me1_enh	-2.355	2.368	-0.879	-3.322	-2.766	-2.777
atac_L13976	k4me1_enh	-2.441	2.311	-1.925	-1.571	-1.85	-3.322
atac_L00991	k4me1_enh	-1.482	2.366	-1.92	-2.324	-2.136	-3.007
atac_L28517	k4me1_enh	0.856	0.994	0.339	-1.905	-2.463	-1.035
atac_L25370	k4me1_enh	1.724	0.882	-1.781	-1.701	-1.46	-2.717
atac_L28980	k4me1_enh	-0.51	2.032	-1.043	-2.819	-2.676	-1.115
atac_L33949	k4me1_enh	1.439	0.793	-0.506	-0.842	-1.265	-3.322
atac_L27535	k4me1_enh	-0.581	2.167	-2.778	-1.68	-1.14	-3.322
atac_L12546	k4me1_enh	-0.926	2.112	-1.374	-2.855	-2.938	-1.392
atac_L36356	k4me1_enh	0.052	1.058	0.741	-2.037	-1.65	-1.472
atac_L15461	k4me1_enh	-0.252	2.112	-1.832	-3.049	-2.507	-3.322
atac_L10260	k4me1_enh	-0.737	2.27	-2.184	-2.428	-2.706	-3.322
atac_L29546	k4me1_enh	-3.322	1.568	-0.536	-3.322	-1.842	0.212
atac_L37449	k4me1_enh	0.464	1.937	-2.762	-2.151	-2.722	-1.94
atac_L27428	k4me1_enh	0.983	1.297	-1.178	-2.446	-2.195	-1.489
atac_L33621	k4me1_enh	-0.387	2.149	-1.305	-2.819	-2.841	-3.322
atac_L13021	k4me1_enh	-0.025	1.916	-0.443	-3.322	-3.188	-2.137
atac_L28985	k4me1_enh	0.545	1.457	-0.434	-1.236	-1.592	-2.693
atac_L23414	k4me1_enh	-1.505	-0.3	-0.547	-2.531	1.105	0.839
atac_L39149	k4me1_enh	-0.958	1.904	0.345	-3.322	-2.53	-3.322
atac_L38075	k4me1_enh	-3.322	-3.322	-1.407	-3.322	2.14	-2.099
atac_L10930	k4me1_enh	-1.804	1.112	0.658	-1.963	-1.66	-0.111
atac_L23151	k4me1_enh	0.579	-1.236	1.292	-2.023	-2.422	-3.24
atac_L08934	k4me1_enh	1.025	1.541	-1.708	-2.59	-2.387	-1.633
atac_L06589	k4me1_enh	-1.936	2.055	-0.607	-3.305	-2.019	-3.322
atac_L29365	k4me1_enh	-1.02	2.194	-1.186	-3.035	-3.196	-3.322
atac_L39490	k4me1_enh	-0.277	1.931	-1.494	-2.891	-0.818	-2.393
atac_L26041	k4me1_enh	0.349	0.295	0.97	-2.158	-1.459	-1.731
atac_L36460	k4me1_enh	-1.057	2.108	-1.425	-2.151	-1.962	-3.322
atac_L08791	k4me1_enh	-0.227	1.797	-0.583	-2.341	-2.914	-3.322
atac_L10764	k4me1_enh	1.544	0.068	-0.437	-2.1	-1.853	-0.949
atac_L03670	k4me1_enh	-1.013	1.851	-0.157	-3.225	-1.243	-2.062
atac_L10736	k4me1_enh	1.433	-0.565	0.457	-1.561	-1.342	-3.205
atac_L26456	k4me1_enh	-2.524	1.282	0.973	-1.707	-1.472	-3.053
atac_L12218	k4me1_enh	-0.742	1.697	0.064	-2.173	-3.174	-1.768
atac_L07472	k4me1_enh	-0.402	1.399	-0.761	-2.446	-1.283	-0.146
atac_L28991	k4me1_enh	-0.297	1.544	-0.088	-1.513	-1.199	-3.322
atac_L17706	k4me1_enh	0.47	1.331	-0.649	-2.093	-1.688	-2.188
atac_L20041	k4me1_enh	-1.464	1.363	0.582	-1.236	-1.382	-3.322
atac_L18692	k4me1_enh	0	1.574	-0.917	-2.819	-1.669	-0.899
atac_L09381	k4me1_enh	1.123	1.341	-1.832	-1.912	-2.184	-3.322
atac_L08196	k4me1_enh	-0.647	1.37	0.369	-3.164	-2.149	-0.628
atac_L02292	k4me1_enh	-1.322	1.746	-1.215	-2.446	-0.919	-1.005
atac_L38677	k4me1_enh	0.462	0.888	0.506	-1.004	-2.064	-3.162
atac_L07813	k4me1_enh	-1.285	1.931	-0.824	-2.275	-2.206	-2.463
atac_L38043	k4me1_enh	0.271	1.27	-0.144	-2.942	-2.484	-0.917
atac_L28126	k4me1_enh	1.05	0.45	0.082	-1.355	-2.01	-2.062
atac_L02973	k4me1_enh	1.537	-0.544	-0.093	-1.264	-2.097	-3.322
atac_L33722	k4me1_enh	0.809	1.543	-1.907	-3.322	-2.72	-3.322
atac_L18327	k4me1_enh	1.206	0.759	-0.646	-2.324	-2.074	-3.24
atac_L32862	k4me1_enh	1.772	-0.72	-0.213	-1.97	-3.042	-3.322
atac_L39833	k4me1_enh	-2.524	1.839	-0.822	-1.696	-1.385	-3.322
atac_L15664	k4me1_enh	0.487	1.017	0.181	-1.359	-1.279	-3.322
atac_L00892	k4me1_enh	1.372	-0.596	0.323	-1.809	-1.685	-2.095
atac_L20400	k4me1_enh	1.995	-1.749	-2.084	-1.372	-3.019	-1.517
atac_L31274	k4me1_enh	-0.707	1.431	-0.23	-2.341	-0.34	-3.057
atac_L26082	k4me1_enh	-0.109	0.557	0.728	-1.696	-2.94	-0.552
atac_L13399	k4me1_enh	-1.567	-0.853	0.731	-2.819	-0.043	-0.765
atac_L18784	k4me1_enh	-0.654	1.708	-0.804	-1.797	-1.389	-3.322
atac_L22011	k4me1_enh	-1.923	1.985	-0.685	-3.322	-2.996	-3.322
atac_L22420	k4me1_enh	-1.432	1.845	-0.33	-3.322	-2.151	-2.394
atac_L27308	k4me1_enh	-3.322	1.813	-0.306	-2.121	-1.873	-1.805
atac_L13635	k4me1_enh	1.399	0.542	-1.081	-2.259	-2.615	-2.161
atac_L06311	k4me1_enh	-0.269	1.872	-1.288	-2.56	-2.812	-3.322
atac_L38292	k4me1_enh	-1.227	0.765	0.989	-0.721	-2.606	-1.659
atac_L36593	k4me1_enh	1.903	-1.538	-1.173	-2.064	-2.877	-2.373
atac_L27876	k4me1_enh	0.924	1.196	-1.566	-2.071	-2.974	-1.748
atac_L33098	k4me1_enh	-0.81	1.013	0.261	-2.819	-1.274	-1.549
atac_L06507	k4me1_enh	1.677	0.455	-2.77	-1.989	-2.302	-3.322
atac_L18663	k4me1_enh	1.013	0.666	-0.23	-1.292	-2.563	-3.322
atac_L16562	k4me1_enh	-1.505	-1.679	1.403	-3.322	-1.443	-2.682
atac_L00897	k4me1_enh	-0.353	1.557	-1.118	-2.151	-1.031	-2.161
atac_L16553	k4me1_enh	-2.862	2.154	-1.65	-2.879	-3.14	-3.322
atac_L29240	k4me1_enh	-0.314	1.719	-1.236	-3.322	-2.415	-2.107
atac_L35624	k4me1_enh	1.245	0.891	-0.741	-3.164	-2.274	-3.322
atac_L28939	k4me1_enh	-1.519	1.392	0.474	-1.918	-2.188	-2.42
atac_L35618	k4me1_enh	-1.798	1.713	-0.539	-1.097	-2.6	-3.036
atac_L36214	k4me1_enh	1.092	0.96	-0.462	-2.819	-3.034	-3.053
atac_L00637	k4me1_enh	0.489	1.04	-0.482	-1.924	-1.665	-3.322
atac_L07989	k4me1_enh	-1.326	1.294	-0.446	-1.256	-0.921	-1.432
atac_L27884	k4me1_enh	-0.267	1.664	-1.513	-2.259	-1.839	-3.322
atac_L01978	k4me1_enh	-2.297	-1.594	-1.413	-2.151	1.61	-0.501
atac_L12064	k4me1_enh	-1.06	1.602	-1.808	-2.904	-1.526	-0.45
atac_L21444	k4me1_enh	0.873	1.068	-1.995	-1.115	-1.891	-3.322
atac_L33750	k4me1_enh	-1.694	1.783	-0.423	-2.299	-2.112	-3.322
atac_L21985	k4me1_enh	1.019	0.242	-0.248	-2.136	-2.11	-1.25
atac_L04690	k4me1_enh	1.426	-0.253	-0.617	-2.819	-1.735	-1.821
atac_L07341	k4me1_enh	0.026	0.973	-1.986	-2.283	-0.29	-0.634
atac_L00901	k4me1_enh	-0.426	1.624	-0.776	-2.41	-2.262	-3.322
atac_L27179	k4me1_enh	-1.533	1.941	-1.354	-2.819	-3.171	-3.322
atac_L24166	k4me1_enh	-0.046	1.594	-0.561	-3.322	-2.94	-3.22
atac_L10402	k4me1_enh	-2.911	1.643	-0.266	-3.062	-3.039	-0.594
atac_L32430	k4me1_enh	-0.357	0.823	0.454	-2.621	-1.158	-2.741
atac_L19066	k4me1_enh	-0.636	0.073	-1.501	-1.826	0.63	-0.684
atac_L15407	k4me1_enh	0.52	1.156	-0.798	-1.814	-2.042	-3.322
atac_L07151	k4me1_enh	0.775	0.867	-0.79	-1.868	-2.431	-3.322
atac_L08827	k4me1_enh	-2.398	1.278	0.335	-2.143	-2.194	-3.231
atac_L05776	k4me1_enh	0.27	1.197	-1.828	-1.394	-1.559	-2.423
atac_L16191	k4me1_enh	-0.32	0.205	0.799	-1.712	-2.419	-3.322
atac_L33986	k4me1_enh	-2.827	1.503	-0.713	-2.151	-1.641	-1.809
atac_L23159	k4me1_enh	-0.116	0.521	0.641	-1.856	-2.158	-1.693
atac_L32261	k4me1_enh	-2.459	1.884	-0.892	-3.322	-2.928	-3.271
atac_L01821	k4me1_enh	1.167	0.829	-1.336	-1.918	-3.194	-3.322
atac_L06073	k4me1_enh	0.451	0.838	-0.736	-2.107	-1.699	-1.276
atac_L00729	k4me1_enh	-0.72	1.138	0.06	-1.838	-2.178	-1.858
atac_L13875	k4me1_enh	0.276	1.017	-0.181	-2.235	-1.944	-3.322
atac_L03456	k4me1_enh	-2.748	1.78	-0.536	-2.891	-2.347	-2.156
atac_L20501	k4me1_enh	-1.862	1.705	-0.782	-2.384	-2.432	-1.646
atac_L09644	k4me1_enh	1.005	0.562	-1.546	-0.974	-2.191	-3.322
atac_L13009	k4me1_enh	0.74	0.664	-0.393	-2.446	-2.615	-1.999
atac_L12534	k4me1_enh	-1.297	-0.221	1.246	-1.617	-1.832	-3.148
atac_L19241	k4me1_enh	0.369	1.451	-2.286	-2.891	-2.501	-3.322
atac_L37933	k4me1_enh	-0.359	1.235	0.011	-1.82	-1.988	-3.322
atac_L05852	k4me1_enh	0.757	0.413	-0.414	-2.151	-1.657	-3.041
atac_L32379	k4me1_enh	-3.109	0.701	0.491	-1.28	-1.951	-2.966
atac_P00946	k4me1_enh	-0.07	0.978	-0.759	-1.97	-2.764	-0.236
atac_L12759	k4me1_enh	0.723	0.73	-0.156	-2.196	-2.559	-3.249
atac_L20148	k4me1_enh	0.196	0.56	-1.088	-1.434	-1.477	-1.618
atac_L07793	k4me1_enh	0.755	-0.384	-0.676	-0.49	-1.826	-0.888
atac_L20515	k4me1_enh	0.636	0.755	-0.188	-2.057	-2.725	-3.322
atac_L15375	k4me1_enh	-1.109	-1.635	-3.322	-2.251	1.395	-0.124
atac_L13739	k4me1_enh	0.828	-0.636	-0.099	-1.591	-1.526	-3.322
atac_L10818	k4me1_enh	-0.974	1.515	-1.168	-3.322	-1.879	-3.322
atac_L00546	k4me1_enh	-0.45	-0.664	0.847	-1.712	-1.48	-2.812
atac_L30870	k4me1_enh	-0.567	1.563	-1.274	-2.158	-2.905	-3.322
atac_L01977	k4me1_enh	1.428	-0.927	-0.926	-1.674	-2.371	-1.839
atac_L24002	k4me1_enh	-1.591	1.419	-0.172	-2.085	-2.052	-2.359
atac_L07854	k4me1_enh	0.472	1.041	-1.093	-1.48	-2.623	-3.322
atac_L10293	k4me1_enh	0.339	1.014	-1.942	-1.351	-2.135	-3.168
atac_L25491	k4me1_enh	-2.601	1.647	-1.359	-3.322	-1.08	-1.806
atac_L25525	k4me1_enh	1.259	-0.29	-0.834	-1.518	-2.084	-3.322
atac_L28890	k4me1_enh	-0.207	0.301	0.051	-1.272	-1.225	-3.322
atac_L35101	k4me1_enh	-0.336	1.221	-0.78	-2.831	-1.427	-3.143
atac_L14638	k4me1_enh	-2.006	-0.776	0.882	-1.881	-0.996	-1.312
atac_L07126	k4me1_enh	0.017	1.222	-0.766	-2.235	-2.181	-3.322
atac_L07159	k4me1_enh	-1.189	1.315	-0.911	-1.596	-1.034	-2.483
atac_L14850	k4me1_enh	-1.601	1.58	-1.101	-2.341	-2.64	-3.322
atac_L03367	k4me1_enh	-0.33	0.489	0.082	-3.322	-1.436	-1.764
atac_L35288	k4me1_enh	-2.123	1.383	-0.188	-1.944	-2.138	-2.67
atac_L01684	k4me1_enh	-0.55	0.883	-0.259	-2.502	-1.562	-1.348
atac_L10270	k4me1_enh	-0.25	1.25	-0.816	-2.437	-1.891	-2.49
atac_L01975	k4me1_enh	0.572	0	-0.261	-1.429	-1.753	-1.165
atac_L37736	k4me1_enh	-0.404	1.304	-0.894	-2.446	-2.093	-2.271
atac_L13018	k4me1_enh	-2.242	1.465	-0.449	-2.143	-2.282	-3.322
atac_L00584	k4me1_enh	-2.468	-1.108	-0.824	-2.057	-3.135	-2.074
atac_L05784	k4me1_enh	0.704	0.357	-0.741	-1.119	-2.073	-3.322
atac_L07957	k4me1_enh	-0.555	1.087	-1.845	-1.566	-1.021	-2.224
atac_L20487	k4me1_enh	-3.322	1.711	-1.621	-3.322	-2.034	-3.322
atac_L12519	k4me1_enh	-2.234	1.866	-1.777	-2.705	-3.14	-3.322
atac_L24067	k4me1_enh	1.349	-1.549	-1.907	-0.628	-1.684	-1.95
atac_L39124	k4me1_enh	-1.234	1.318	-0.948	-1.989	-1.531	-3.322
atac_L12610	k4me1_enh	-0.591	0.785	-0.992	-1.42	-0.651	-1.15
atac_P02025	k4me1_enh	0.148	1.051	-1.69	-1.394	-2.138	-3.322
atac_L08754	k4me1_enh	-0.652	0.493	0.014	-2.204	-1.696	-3.322
atac_L02000	k4me1_enh	0.678	0.42	-0.126	-2.446	-2.208	-3.322
atac_L30966	k4me1_enh	-2.827	0.996	0.01	-3.322	-2.456	-0.653
atac_L15033	k4me1_enh	-2.815	1.115	-0.68	-1.774	-1.108	-1.202
atac_L13745	k4me1_enh	0.448	-0.155	-0.005	-2.879	-0.827	-3.235
atac_L14261	k4me1_enh	1.382	0.07	-3.053	-2.129	-2.631	-2.125
atac_L32824	k4me1_enh	-1.688	-2.47	0.604	-1.42	-2.392	-2.428
atac_L02491	k4me1_enh	0.501	0.839	-0.932	-1.757	-2.535	-2.657
atac_L11294	k4me1_enh	-2.433	1.449	-0.159	-2.867	-2.291	-3.055
atac_L32676	k4me1_enh	-1.524	0.833	-0.419	-2.929	-0.045	-1.505
atac_L02495	k4me1_enh	-1.759	-2.081	1.123	-3.209	-2.387	-3.322
atac_L34196	k4me1_enh	-0.273	0.963	-0.8	-2.512	-1.637	-2.376
atac_L15119	k4me1_enh	-1.759	1.28	-0.467	-3.322	-2.253	-3.039
atac_L14596	k4me1_enh	1.041	-0.518	-0.913	-2.143	-2.485	-1.858
atac_L10952	k4me1_enh	-2.827	0.448	-0.336	-1.205	-1.454	-0.472
atac_L36589	k4me1_enh	0.017	0.618	-0.247	-2.955	-1.249	-3.322
atac_L21843	k4me1_enh	-2.759	1.367	-0.719	-1.368	-2.078	-2.066
atac_L03115	k4me1_enh	-0.332	0.071	0.278	-2.446	-0.318	-3.001
atac_L27858	k4me1_enh	0.147	0.517	0.33	-3.289	-2.23	-3.322
atac_L38291	k4me1_enh	-3.322	0.867	0.973	-3.322	-2.363	-3.289
atac_L28986	k4me1_enh	-1.208	1.196	-0.842	-1.351	-1.613	-3.322
atac_L00638	k4me1_enh	0.628	0.833	-1.808	-2.855	-1.75	-3.322
atac_L24526	k4me1_enh	0.956	0.183	-2.794	-3.008	-0.821	-2.223
atac_L39156	k4me1_enh	0.96	0.303	-1.727	-1.696	-2.596	-3.322
atac_L30122	k4me1_enh	-3.123	0.167	0.423	-2.358	-1.045	-0.906
atac_L18458	k4me1_enh	-0.686	1.44	-2.089	-2.641	-1.6	-3.287
atac_L12277	k4me1_enh	1.217	-0.581	-1.128	-1.429	-2.394	-3.322
atac_L17408	k4me1_enh	1.238	-0.514	-1.322	-2.621	-1.631	-2.243
atac_L31050	k4me1_enh	-0.305	1.13	-1.274	-2.716	-1.724	-2.351
atac_L23896	k4me1_enh	0.63	0.094	-0.732	-1.976	-1.008	-3.322
atac_L12607	k4me1_enh	-2.006	0.113	-1.011	-2.043	0.69	-1.124
atac_L34103	k4me1_enh	-2.406	-0.43	0.477	-1.205	-1.996	-2.576
atac_L20147	k4me1_enh	0.312	0.592	-0.704	-2.121	-1.745	-3.322
atac_L04271	k4me1_enh	0.344	0.616	-0.306	-2.493	-2.568	-3.322
atac_L04651	k4me1_enh	1.008	-1.429	-0.24	-1.542	-1.561	-3.322
atac_L38962	k4me1_enh	-0.526	1.035	-0.776	-2.541	-2.068	-1.809
atac_L25581	k4me1_enh	0.931	-0.16	-1.723	-2.341	-3.322	-0.28
atac_L28677	k4me1_enh	-0.993	1.431	-1.024	-2.05	-2.781	-3.322
atac_L12251	k4me1_enh	0.021	-0.121	0.505	-1.762	-2.291	-3.322
atac_L02549	k4me1_enh	-1.322	1.07	-0.241	-1.296	-1.922	-2.996
atac_L38655	k4me1_enh	1.155	-0.211	-1.204	-2.727	-1.907	-3.322
atac_L13744	k4me1_enh	0.1	0.423	-1.013	-1.072	-1.781	-1.408
atac_L33213	k4me1_enh	-1.41	0.359	-0.926	-1.389	-1.203	-1.998
atac_L22976	k4me1_enh	0.586	-0.95	0.13	-1.389	-1.014	-3.322
atac_L36635	k4me1_enh	-1.88	1.441	-1.731	-3.322	-1.091	-1.478
atac_L11058	k4me1_enh	-0.815	0.347	0.073	-1.244	-1.848	-1.24
atac_L00181	k4me1_enh	0.576	0.034	-0.368	-1.757	-2.856	-1.19
atac_L18608	k4me1_enh	-1	1.488	-1.153	-3.322	-2.537	-3.322
atac_L02348	k4me1_enh	-3.181	1.203	-0.609	-3.062	-1.627	-1.006
atac_L18287	k4me1_enh	-3.013	1.513	-0.904	-3.049	-1.682	-3.322
atac_L39773	k4me1_enh	-2.601	0.291	0.685	-3.322	-1.729	-2.613
atac_L38189	k4me1_enh	0.075	1.134	-1.587	-2.867	-2.505	-3.322
atac_L33704	k4me1_enh	-1.77	1.434	-0.573	-3.322	-2.305	-3.322
atac_L09518	k4me1_enh	-0.468	0.876	-1.05	-1.334	-1.708	-2.136
atac_L12494	k4me1_enh	-0.696	0.763	-0.366	-2.064	-1.533	-2.909
atac_L20930	k4me1_enh	-0.211	0.653	-0.314	-2.402	-2.101	-1.823
atac_L36433	k4me1_enh	-0.987	0.495	0.638	-2.093	-2.047	-3.322
atac_L23961	k4me1_enh	-0.55	-0.301	0.335	-1.95	-1.679	-3.322
atac_L04795	k4me1_enh	-0.704	0.788	-0.049	-1.696	-1.98	-2.888
atac_L12434	k4me1_enh	0.963	0.12	-0.732	-2.819	-2.656	-3.322
atac_L12181	k4me1_enh	-0.408	0.378	-0.09	-3.322	-0.614	-2.813
atac_L09031	k4me1_enh	-1.189	0.726	-0.451	-2.705	-1.813	-0.948
atac_P05649	k4me1_enh	-0.084	0.118	0.365	-3.062	-1.058	-3.322
atac_L06717	k4me1_enh	0.318	0.111	0.098	-2.307	-2.069	-3.045
atac_L32078	k4me1_enh	-0.807	0.506	-0.515	-2.003	-0.558	-2.083
atac_L18493	k4me1_enh	-0.616	1.347	-1.991	-3.105	-2.442	-2.588
atac_L30646	k4me1_enh	-2.095	1.423	-2.309	-2.1	-2.672	-1.078
atac_L32211	k4me1_enh	-0.347	1.39	-2.609	-3.322	-2.427	-3.156
atac_L18805	k4me1_enh	-2.804	1.279	-0.199	-3.164	-1.811	-3.322
atac_L35021	k4me1_enh	-0.596	0.529	0.206	-2.502	-2.204	-2.415
atac_L27758	k4me1_enh	-1.077	-0.069	0.254	-2.158	-1.687	-0.821
atac_L04866	k4me1_enh	1.154	-0.183	-1.336	-2.446	-2.439	-3.322
atac_L27716	k4me1_enh	-1.856	-0.707	1.005	-2.085	-2.41	-3.322
atac_L33720	k4me1_enh	-0.853	1.067	-0.081	-3.322	-2.587	-3.032
atac_L10459	k4me1_enh	-1.657	1.351	-0.842	-2.151	-2.29	-3.322
atac_L24694	k4me1_enh	-2.053	-3.006	1.084	-1.931	-1.757	-2.864
atac_L24284	k4me1_enh	-0.521	1.331	-2.515	-2.843	-2.016	-3.322
atac_P06360	k4me1_enh	0.385	0.388	-0.549	-2.064	-2.66	-3.322
atac_L32437	k4me1_enh	-1.611	1.251	-0.39	-2.446	-3.249	-2.49
atac_L15670	k4me1_enh	0.222	-0.087	0.151	-2.037	-2.69	-1.366
atac_L38491	k4me1_enh	-2.611	1.356	-0.581	-2.738	-2.097	-3.166
atac_L33607	k4me1_enh	-0.446	-0.243	-0.024	-2.437	-0.143	-1.721
atac_L35503	k4me1_enh	-0.917	0.014	0.073	-1.762	-2.256	-3.322
atac_L38158	k4me1_enh	-1.314	1.019	-0.494	-2.684	-2.923	-3.322
atac_L34488	k4me1_enh	0.317	0.556	-0.93	-1.653	-2.368	-3.322
atac_L39153	k4me1_enh	0.748	-0.426	-0.396	-1.083	-3.129	-3.322
atac_L10811	k4me1_enh	-1.326	1.017	-1.118	-1.351	-1.788	-2.522
atac_L06291	k4me1_enh	-1.993	1.563	-2.205	-3.322	-1.925	-3.322
atac_L34191	k4me1_enh	-2.25	0.724	0.146	-2.129	-2.557	-2.797
atac_L20349	k4me1_enh	-1.936	0.96	-0.816	-1.868	-0.847	-3.143
atac_L33344	k4me1_enh	-1.098	0.588	0.134	-2.166	-2.113	-1.773
atac_L18228	k4me1_enh	-3.322	1.477	-1.701	-2.151	-2.942	-2.765
atac_L08024	k4me1_enh	0.421	-0.742	0.139	-2.243	-1.712	-2.605
atac_L07788	k4me1_enh	0.053	-0.669	-0.812	-1.065	-0.513	-1.873
atac_L08756	k4me1_enh	-1.196	0.453	0.172	-2.819	-2.461	-3.322
atac_L15697	k4me1_enh	0.416	0.669	-1.849	-2.009	-2.68	-2.305
atac_P03959	k4me1_enh	-1.961	-0.239	0.748	-2.662	-2.526	-3.322
atac_L38047	k4me1_enh	-2.459	-1.198	1.121	-2.819	-2.047	-1.476
atac_P06371	k4me1_enh	-0.742	-1.663	-3.322	-1.95	0.84	-0.448
atac_L08868	k4me1_enh	0.151	0.564	-0.656	-1.918	-3.032	-2.161
atac_L33512	k4me1_enh	0.041	0.161	-0.486	-3.134	-1.989	-2.161
atac_L31278	k4me1_enh	-1.181	0.061	0.269	-1.461	-2.249	-1.346
atac_L33809	k4me1_enh	-0.569	0.782	-0.959	-3.322	-2.832	-0.806
atac_L31526	k4me1_enh	-1.776	1.566	-2.109	-2.819	-2.32	-3.322
atac_L28243	k4me1_enh	-0.324	0.958	-1.12	-2.393	-2.874	-3.322
atac_L19242	k4me1_enh	0.205	0.71	-2.402	-1.137	-2.349	-2.942
atac_L00296	k4me1_enh	-1.067	1.511	-3.322	-3.008	-2.803	-3.115
atac_L12497	k4me1_enh	-1.046	1.294	-1.16	-2.402	-2.972	-2.867
atac_L23109	k4me1_enh	-0.285	-0.624	0.3	-2.227	-2.456	-1.836
atac_L32132	k4me1_enh	0.442	-0.183	0.029	-3.322	-2.55	-2.024
atac_L24293	k4me1_enh	-0.798	1.049	-0.29	-2.819	-2.61	-3.322
atac_L07789	k4me1_enh	-0.83	-0.458	-1.69	-0.55	0.1	-2.083
atac_L15869	k4me1_enh	-0.505	0.02	-0.511	-1.905	-1.186	-1.278
atac_L38244	k4me1_enh	-1.159	-0.178	0.467	-2.795	-2.01	-1.49
atac_L39069	k4me1_enh	-3.322	0.786	0.282	-2.819	-3.009	-2.541
atac_L26739	k4me1_enh	-0.599	0.261	0.023	-1.076	-2.139	-3.322
atac_L04907	k4me1_enh	-2.242	0.311	0.399	-3.241	-1.906	-1.885
atac_L12863	k4me1_enh	-0.139	0.606	-0.858	-3.322	-2.519	-1.431
atac_L31488	k4me1_enh	-1.145	1.127	-1.228	-2.367	-2.112	-1.915
atac_L17209	k4me1_enh	-2.737	0.674	-2.009	-2.955	-0.422	-0.091
atac_L35045	k4me1_enh	-2.227	1.193	-1.697	-2.843	-2.122	-0.813
atac_L01732	k4me1_enh	-2.827	0.884	0.088	-3.322	-1.127	-3.289
atac_L15188	k4me1_enh	-2.347	0.405	0.308	-2.493	-2.773	-3.322
atac_L03125	k4me1_enh	-1.355	-0.312	-0.425	-1.503	-1.76	-3.322
atac_L00896	k4me1_enh	1.082	-0.227	-2.68	-1.653	-2.092	-3.322
atac_L23878	k4me1_enh	-2.715	-2.085	0.972	-3.209	-2.67	-3.322
atac_L02576	k4me1_enh	-0.923	0.646	-0.144	-2.181	-2.33	-3.322
atac_L35244	k4me1_enh	0.933	-0.462	-0.873	-2.114	-3.237	-1.918
atac_L15492	k4me1_enh	-1.166	0.398	0.016	-2.521	-2.044	-2.34
atac_L33896	k4me1_enh	-0.818	1.007	-1.604	-2.456	-1.369	-2.986
atac_L30647	k4me1_enh	-2.611	1.061	-0.382	-3.322	-2.658	-1.492
atac_L04415	k4me1_enh	-1.254	1.121	-0.854	-2.819	-1.773	-3.322
atac_L20498	k4me1_enh	-0.929	0.21	-1.413	-1.416	-0.028	-3.105
atac_L36548	k4me1_enh	1.265	-1.697	-1.184	-2.58	-2.796	-3.322
atac_L02135	k4me1_enh	-1.839	1.344	-1.773	-3.322	-2.55	-2.081
atac_L37387	k4me1_enh	-0.616	0.29	0.222	-1.905	-2.674	-3.322
atac_L04399	k4me1_enh	-2.159	1.116	-1.671	-2.324	-2.342	-1.337
atac_L09279	k4me1_enh	-0.475	1.006	-1.56	-2.456	-2.224	-3.322
atac_L38421	k4me1_enh	-2.459	-2.314	0.973	-2.61	-2.967	-2.281
atac_L12033	k4me1_enh	-1.77	0.755	-1.333	-1.912	-2.051	-0.377
atac_L20921	k4me1_enh	-1.51	1.445	-1.933	-3.225	-2.947	-3.322
atac_L04842	k4me1_enh	-1.385	0.878	-0.508	-1.905	-2.698	-2.952
atac_L31790	k4me1_enh	-1.572	-1.314	0.596	-1.718	-1.47	-2.702
atac_L36592	k4me1_enh	-0.683	1.141	-1.475	-2.819	-2.745	-2.304
atac_L30789	k4me1_enh	-2.189	-1.16	-0.63	-3.322	0.667	-0.5
atac_L15403	k4me1_enh	-0.217	-1.298	0.213	-2.151	-1.993	-3.322
atac_L03702	k4me1_enh	0.588	-0.427	-0.935	-2.831	-1.835	-3.322
atac_L04397	k4me1_enh	-0.273	0.611	-2.739	-0.659	-2.112	-3.322
atac_L23985	k4me1_enh	-2.477	-2.575	-1.481	-3.322	0.679	-0.335
atac_L25009	k4me1_enh	-2.737	-1.124	-1.769	-2.196	0.736	-0.25
atac_L06554	k4me1_enh	-0.172	0.226	0.197	-3.322	-2.587	-3.15
atac_L07160	k4me1_enh	-3.109	1.076	-1.441	-1.376	-2.688	-1.072
atac_L13788	k4me1_enh	0.196	-1.572	0.183	-1.68	-1.955	-1.597
atac_L01240	k4me1_enh	-3.322	-0.009	0.59	-3.322	-1.199	-2.036
atac_L27431	k4me1_enh	-0.545	0.495	-0.095	-1.97	-2.401	-3.322
atac_L10683	k4me1_enh	-2.459	0.651	-1.041	-3.062	-1.222	-0.295
atac_L36063	k4me1_enh	0.455	0.477	-1.322	-3.049	-2.621	-2.669
atac_L04404	k4me1_enh	-0.072	0.316	-1.036	-1.768	-1.835	-3.322
atac_L14259	k4me1_enh	-1.023	0.652	-0.911	-3.273	-0.591	-3.322
atac_L22575	k4me1_enh	-2.067	0.745	0.054	-2.393	-2.221	-3.322
atac_L29322	k4me1_enh	-0.202	0.388	-0.838	-1.696	-2.79	-1.644
atac_L02006	k4me1_enh	-1.899	1.103	-3.322	-1.944	-0.551	-2.286
atac_L36641	k4me1_enh	-2.219	1.542	-2.164	-3.322	-3.113	-3.322
atac_L36418	k4me1_enh	-0.778	0.995	-1.517	-2.819	-2.577	-1.768
atac_L20304	k4me1_enh	-1.948	-1.516	0.288	-2.904	-1.803	-1.905
atac_L27183	k4me1_enh	0.876	-0.317	-1.274	-1.937	-3.157	-3.322
atac_L39478	k4me1_enh	0.138	-0.349	-0.544	-2.6	-3.089	-0.699
atac_L00217	k4me1_enh	-2.02	-1.173	-0.2	-1.256	-2.32	-3.322
atac_L05674	k4me1_enh	-1.533	1.378	-1.938	-2.955	-2.836	-3.322
atac_L08936	k4me1_enh	-1.538	1.26	-1.453	-1.996	-2.979	-3.322
atac_L21763	k4me1_enh	-0.058	-0.509	-0.495	-3.091	-1.771	-3.322
atac_L36462	k4me1_enh	-1.533	0.906	-1.374	-1.707	-1.328	-2.807
atac_L39294	k4me1_enh	-2.851	-0.429	0.411	-2.009	-1.731	-0.58
atac_L27850	k4me1_enh	-0.997	-1.771	0.833	-1.874	-2.308	-3.322
atac_L06167	k4me1_enh	-0.355	-0.666	0.099	-1.669	-2.029	-1.717
atac_L13840	k4me1_enh	-1.923	0.437	0.247	-2.502	-2.627	-3.322
atac_L17058	k4me1_enh	-1.98	-0.363	0.055	-1.014	-1.564	-1.247
atac_L29273	k4me1_enh	0.703	-0.712	-0.719	-1.014	-3.182	-3.322
atac_L16158	k4me1_enh	-2.06	0.598	0.247	-2.819	-2.611	-3.322
atac_L23964	k4me1_enh	0.273	-0.016	-1.027	-1.745	-2.51	-1.689
atac_L14178	k4me1_enh	-2.45	-0.137	0.641	-2.929	-2.069	-1.875
atac_L04913	k4me1_enh	-1.856	-1.702	0.672	-2.819	-1.874	-2.781
atac_L15868	k4me1_enh	-1.036	0.916	-0.915	-2.819	-2.139	-3.322
atac_L03116	k4me1_enh	0.652	-1.421	-0.214	-1.643	-2.754	-3.322
atac_L34185	k4me1_enh	-0.902	1.093	-2.892	-2.819	-2.496	-3.322
atac_L31233	k4me1_enh	-2.459	0.726	-0.317	-2.727	-2.092	-1.335
atac_L14239	k4me1_enh	0.153	0.381	-1.465	-2.267	-1.772	-3.322
atac_L23983	k4me1_enh	-0.767	1.075	-2.297	-2.419	-2.164	-3.322
atac_L12289	k4me1_enh	-0.5	0.58	-1.207	-1.785	-1.754	-2.53
atac_L15277	k4me1_enh	-1.886	0.066	0.328	-1.696	-1.527	-2.458
atac_L04444	k4me1_enh	0.329	-0.51	-0.881	-1.368	-1.284	-3.322
atac_L09196	k4me1_enh	-2.827	-0.193	-2.935	-2.819	-0.101	0.345
atac_L04840	k4me1_enh	-2.123	-1.771	-1.57	-2.085	0.784	-0.678
atac_L24449	k4me1_enh	-2.196	-0.201	-0.263	-2.211	-1.236	-0.923
atac_L33991	k4me1_enh	0.041	0.573	-1.618	-2.227	-2.466	-2.025
atac_L36436	k4me1_enh	-2.159	-1.332	-1.14	-1.212	0.657	-1.98
atac_L25451	k4me1_enh	-3.322	1.184	-1.92	-3.322	-2.432	-1.056
atac_L03354	k4me1_enh	-1.552	0.255	0.003	-2.227	-2.048	-3.322
atac_L08098	k4me1_enh	-1.683	0.898	-1.091	-2.136	-1.848	-2.151
atac_L07814	k4me1_enh	-0.123	0.13	-0.406	-1.376	-2.501	-3.085
atac_L29197	k4me1_enh	-0.086	-0.177	-0.302	-2.419	-2.311	-2.214
atac_L27624	k4me1_enh	-2.074	0.804	-0.285	-2.819	-2.472	-1.489
atac_L14221	k4me1_enh	-1.929	1.059	-1.38	-2.299	-2.331	-3.041
atac_L27176	k4me1_enh	-1.227	0.887	-0.533	-2.904	-2.629	-3.322
atac_L13830	k4me1_enh	-2.25	0.934	-0.617	-1.944	-2.766	-1.748
atac_L05894	k4me1_enh	0.762	-0.543	-1.686	-2.05	-2.215	-2.881
atac_L38388	k4me1_enh	-1.726	0.134	0.547	-3.322	-1.637	-2.888
atac_L01841	k4me1_enh	-0.773	-1.215	-0.199	-2.631	-0.401	-0.828
atac_L00523	k4me1_enh	0.344	0.083	-1.308	-3.008	-2.088	-2.595
atac_L27510	k4me1_enh	-0.574	-0.325	-0.017	-2.684	-1.078	-2.716
atac_L36603	k4me1_enh	-1.606	0.916	-1.034	-2.716	-1.932	-1.951
atac_L25194	k4me1_enh	-1.673	0.751	-1.481	-2.795	-0.76	-2.693
atac_L00323	k4me1_enh	-2.363	0.82	-0.199	-3.322	-2.334	-3.322
atac_L01610	k4me1_enh	-2.266	1.27	-3.322	-2.446	-2.668	-1.601
atac_L36840	k4me1_enh	-1.273	0.514	-1.15	-1.439	-2.32	-3.322
atac_L00210	k4me1_enh	-1.003	0.463	-0.377	-2.942	-1.902	-1.551
atac_L24238	k4me1_enh	-1.543	0.448	-0.547	-1.74	-1.907	-1.701
atac_L16903	k4me1_enh	-0.24	0.2	-0.564	-2.942	-2.544	-2.039
atac_L07998	k4me1_enh	-1.338	1.049	-1.043	-2.819	-2.563	-3.322
atac_L18780	k4me1_enh	-0.889	-0.183	-0.391	-1.338	-1.841	-2.172
atac_P00132	k4me1_enh	0.277	0.146	-1.027	-2.694	-1.922	-3.322
atac_L36487	k4me1_enh	-3.322	-0.362	0.396	-3.322	-2.832	-1.69
atac_L15558	k4me1_enh	0.102	-0.205	-0.368	-2.136	-2.093	-3.322
atac_L16353	k4me1_enh	0.078	-1.211	-0.515	-1.457	-2.059	-3.322
atac_L08665	k4me1_enh	-0.626	-0.764	-1.11	-2.009	-0.922	-1.087
atac_L14702	k4me1_enh	-3.013	0.612	0.295	-3.322	-2.692	-3.322
atac_L31664	k4me1_enh	-1.437	-0.747	-0.505	-2.684	-1.249	-2.847
atac_L29543	k4me1_enh	-0.439	-0.197	0.256	-2.446	-2.51	-2.874
atac_L05924	k4me1_enh	-1.123	0.557	-0.559	-1.729	-1.827	-3.322
atac_L02459	k4me1_enh	-1.892	-1.123	0.359	-2.705	-3.108	-1.24
atac_L22891	k4me1_enh	-1.45	1.141	-1.686	-2.738	-2.912	-3.322
atac_L08085	k4me1_enh	-1.667	-0.792	0.354	-2.446	-1.309	-2.083
atac_L06303	k4me1_enh	-1.642	1.084	-1.16	-2.384	-2.823	-3.322
atac_L35744	k4me1_enh	0.403	-0.957	-0.883	-1.416	-1.048	-3.322
atac_L29976	k4me1_enh	-2.305	-0.185	0.02	-1.503	-2.202	-0.901
atac_L31481	k4me1_enh	-1.196	0.882	-2.77	-1.905	-1.082	-3.28
atac_L30135	k4me1_enh	-2.621	0.54	0.428	-2.942	-2.794	-3.322
atac_L12975	k4me1_enh	-0.512	0.479	-0.898	-3.322	-1.869	-2.094
atac_L33649	k4me1_enh	-2.338	1.083	-1.769	-1.69	-2.762	-3.322
atac_L00361	k4me1_enh	0.795	-0.356	-3.299	-1.757	-2.174	-3.322
atac_L06301	k4me1_enh	-0.41	0.278	-1.079	-2.291	-1.623	-1.738
atac_L33974	k4me1_enh	-2.552	0.501	0.088	-3.322	-2.919	-2.973
atac_L08972	k4me1_enh	-0.948	-0.083	0.351	-2.891	-2.76	-1.869
atac_L02405	k4me1_enh	-1.688	0.463	-0.678	-2.437	-1.895	-1.809
atac_L32232	k4me1_enh	-1.715	0.87	-1.392	-2.235	-2.541	-3.322
atac_L00719	k4me1_enh	-1.993	0.67	-0.019	-2.58	-2.524	-3.322
atac_L20616	k4me1_enh	-0.699	0.618	-1.389	-1.729	-2.386	-3.322
atac_L20811	k4me1_enh	-1.961	1.008	-0.655	-2.446	-2.909	-3.198
atac_L00221	k4me1_enh	-0.555	-0.03	-0.217	-3.322	-2.565	-1.435
atac_L06298	k4me1_enh	0.169	-0.45	-1.21	-1.976	-1.988	-1.367
atac_L32227	k4me1_enh	-0.804	-0.463	0.268	-2.446	-2.162	-3.322
atac_L29605	k4me1_enh	-1.715	0.076	0.282	-2.275	-2.346	-2.588
atac_L40138	k4me1_enh	-3.322	1.285	-1.145	-2.916	-3.322	-3.19
atac_L13073	k4me1_enh	0.599	-0.314	-1.133	-2.307	-2.613	-3.154
atac_L08980	k4me1_enh	-1.683	0.542	-0.508	-2.772	-2.057	-2.33
atac_L21690	k4me1_enh	0.558	-1.098	-0.177	-3.322	-2.779	-3.322
atac_L32398	k4me1_enh	-2.227	0.183	-0.678	-1.832	-2.341	-0.6
atac_L29299	k4me1_enh	-1.577	0.166	-0.247	-1.385	-1.542	-3.322
atac_L03500	k4me1_enh	-1.013	0.577	-0.762	-1.513	-2.521	-2.243
atac_L04274	k4me1_enh	-1.987	1.01	-1.371	-2.955	-2.794	-2.628
atac_L37892	k4me1_enh	-2.524	-0.951	0.093	-1.359	-2.431	-0.516
atac_L02466	k4me1_enh	-1.961	-0.374	-0.822	-1.674	0.012	-1.615
atac_L16565	k4me1_enh	-2.923	0.275	0.364	-2.694	-2.282	-3.065
atac_L20963	k4me1_enh	0.166	-0.356	-0.696	-2.367	-2.347	-2.478
atac_L40702	k4me1_enh	-1.477	-0.837	0.644	-2.981	-2.818	-1.45
atac_L03134	k4me1_enh	-1.562	0.08	-1.804	-0.944	-3.044	-1.085
atac_L22542	k4me1_enh	-2.006	0.96	-1.38	-2.341	-2.082	-2.009
atac_L10328	k4me1_enh	-3.322	1.288	-1.75	-3.322	-2.979	-3.322
atac_L36616	k4me1_enh	-1.667	0.271	0.165	-1.905	-2.654	-3.322
atac_L08917	k4me1_enh	-1.437	0.12	-0.473	-2.057	-2.884	-1.263
atac_L31575	k4me1_enh	-2.514	-0.095	0.419	-1.856	-2.325	-2.605
atac_L07447	k4me1_enh	-1.533	0.852	-0.669	-3.322	-2.794	-3.322
atac_L08666	k4me1_enh	-0.675	0.306	-0.259	-2.541	-2.688	-2.463
atac_L13022	k4me1_enh	0.188	-0.013	-1.419	-2.291	-1.803	-3.145
atac_L20845	k4me1_enh	-3.196	0.165	0.301	-3.322	-2.594	-1.22
atac_L02540	k4me1_enh	-1.134	0.345	-1.401	-1.518	-1.908	-1.329
atac_L27874	k4me1_enh	0.142	-0.978	-0.204	-1.905	-2.938	-3.322
atac_L06091	k4me1_enh	-2.389	1.126	-1.946	-2.819	-2.234	-3.168
atac_L12935	k4me1_enh	-0.92	-0.095	0.153	-2.994	-2.291	-2.243
atac_L39468	k4me1_enh	-0.473	-1.347	0.439	-2.58	-1.707	-3.322
atac_L00366	k4me1_enh	-2.827	0.239	-0.36	-2.446	-2.165	-3.179
atac_L00563	k4me1_enh	-1.2	0.98	-1.288	-2.705	-2.758	-3.322
atac_L06453	k4me1_enh	-3.322	1.152	-1.218	-2.57	-2.852	-3.322
atac_L27955	k4me1_enh	-2.552	1.314	-2.602	-3.322	-3.084	-2.666
atac_L07270	k4me1_enh	-1.793	1.059	-1.294	-2.867	-2.745	-3.322
atac_L20082	k4me1_enh	-0.936	0.701	-1.491	-2.521	-2.346	-1.689
atac_L00668	k4me1_enh	-2.459	-0.986	0.731	-2.58	-2.485	-1.704
atac_L08801	k4me1_enh	-0.204	-0.305	-0.306	-1.82	-1.839	-3.003
atac_L36397	k4me1_enh	-1.189	-1.647	0.009	-2.349	-2.039	-0.286
atac_L05530	k4me1_enh	-2.459	-0.286	0.372	-2.738	-2.378	-1.924
atac_L31920	k4me1_enh	-1.567	0.848	-3.191	-1.944	-2.539	-1.508
atac_L39609	k4me1_enh	-0.461	0.407	-1.55	-2.078	-2.42	-2.097
atac_L12644	k4me1_enh	-0.135	0.33	-1.269	-2.621	-2.429	-3.322
atac_L38286	k4me1_enh	-3.322	1.188	-3.277	-2.916	-3.016	-1.556
atac_L01005	k4me1_enh	-1.081	0.448	-0.871	-2.1	-2.642	-1.798
atac_L35438	k4me1_enh	-0.466	-1.549	0.285	-1.68	-2.259	-2.857
atac_P05504	k4me1_enh	-0.361	-0.661	0.145	-1.622	-2.666	-2.979
atac_L33343	k4me1_enh	-0.154	0.423	-1.816	-2.819	-2.009	-2.456
atac_L26850	k4me1_enh	-1.116	-0.75	0.048	-1.996	-2.682	-1.519
atac_L11113	k4me1_enh	-0.441	-1.426	-0.554	-2.819	-1.76	-0.667
atac_L20578	k4me1_enh	-0.533	-0.698	0.414	-2.275	-2.902	-2.903
atac_L16953	k4me1_enh	-2.683	0.403	-0.626	-3.194	-2.664	-0.539
atac_L20247	k4me1_enh	0.366	-0.026	-2.717	-1.696	-3.024	-2.933
atac_L30638	k4me1_enh	-2.477	1.26	-1.857	-3.322	-3.168	-3.322
atac_L04796	k4me1_enh	-1.821	-0.863	-0.355	-3.076	-0.38	-1.656
atac_L14015	k4me1_enh	-1.77	-0.917	-0.568	-1.905	-2.658	-3.322
atac_L03362	k4me1_enh	-1.318	-0.047	0.168	-1.757	-2.446	-3.253
atac_L31625	k4me1_enh	0.227	-1.44	-1.716	-2.59	-3.011	-0.123
atac_L24309	k4me1_enh	-1.145	0.786	-1.488	-1.944	-2.621	-3.322
atac_L25869	k4me1_enh	-1.402	0.422	-0.26	-2.446	-2.357	-3.322
atac_P03454	k4me1_enh	-0.868	0.587	-0.664	-3.322	-2.805	-2.27
atac_L09434	k4me1_enh	-2.347	0.801	-1.018	-1.912	-2.328	-3.2
atac_P02262	k4me1_enh	-2.601	-1.552	0.615	-2.437	-2.559	-3.322
atac_P04041	k4me1_enh	-0.052	-1.044	-0.593	-1.591	-1.649	-2.507
atac_L23070	k4me1_enh	0.215	-1.113	-0.511	-2.393	-1.643	-3.322
atac_P01512	k4me1_enh	-1.833	-1.215	0.462	-2.716	-1.961	-1.782
atac_L00182	k4me1_enh	-0.536	-0.89	-0.462	-1.653	-1.561	-1.873
atac_L25444	k4me1_enh	-1.178	0.604	-1.072	-3.322	-1.397	-3.28
atac_L07437	k4me1_enh	-0.948	0.499	-1.105	-1.881	-2.967	-1.872
atac_L14317	k4me1_enh	-1.334	-0.137	-0.519	-1.389	-2.67	-1.028
atac_L15021	k4me1_enh	-1.289	0.148	-0.144	-2.819	-2.71	-3.322
atac_P06026	k4me1_enh	-0.739	0.193	-2.275	-2.75	-1.092	-1.075
atac_L30947	k4me1_enh	-0.753	-0.824	-0.995	-2.114	-1.367	-1.76
atac_L07311	k4me1_enh	-2.737	1.135	-2.326	-2.58	-2.905	-3.207
atac_L05607	k4me1_enh	-0.43	0.346	-1.53	-1.696	-2.563	-3.322
atac_L04407	k4me1_enh	-0.457	-0.181	-1.145	-3.322	-0.652	-2.923
atac_L23447	k4me1_enh	-2.219	0.612	-0.856	-3.322	-2.71	-2.099
atac_L12995	k4me1_enh	-0.764	-0.787	-0.002	-2.151	-1.75	-3.322
atac_L03357	k4me1_enh	-2.145	0.032	-0.161	-1.325	-2.465	-2.605
atac_L13748	k4me1_enh	-1.562	-1.359	-0.459	-1.346	-2	-1.096
atac_L38118	k4me1_enh	-1.514	0.916	-2.065	-2.219	-2.581	-2.571
atac_L23194	k4me1_enh	-1.41	0.244	-0.399	-2.243	-2.164	-3.322
atac_L36124	k4me1_enh	-0.773	0.658	-1.478	-3.194	-2.557	-3.322
atac_P03839	k4me1_enh	-0.68	0.65	-2.154	-2.843	-2.764	-1.889
atac_L02839	k4me1_enh	-2.552	0.108	0.003	-2.819	-1.811	-2.4
atac_L23554	k4me1_enh	-2.04	0.159	-0.068	-2.819	-2.466	-1.419
atac_L32263	k4me1_enh	-2.167	1.028	-1.283	-2.891	-2.974	-3.322
atac_L12760	k4me1_enh	-1.562	-0.137	-0.68	-1.712	-1.905	-1.081
atac_L36302	k4me1_enh	-0.391	0.525	-1.145	-3.322	-2.442	-3.322
atac_L13728	k4me1_enh	-2.074	-0.562	-1.365	-1.856	-0.499	-0.49
atac_L39073	k4me1_enh	0.5	-0.861	-1.533	-1.78	-2.313	-3.322
atac_P02458	k4me1_enh	0.205	-0.415	-1.034	-2.291	-2.371	-2.91
atac_L18755	k4me1_enh	0.58	-0.383	-1.504	-2.819	-2.737	-3.269
atac_L00795	k4me1_enh	-2.582	0.802	-0.844	-3.119	-2.236	-2.65
atac_L16377	k4me1_enh	-2.759	0.517	-0.6	-2.057	-2.581	-1.607
atac_L03654	k4me1_enh	-0.942	0.453	-0.85	-2.784	-1.902	-3.322
atac_L26885	k4me1_enh	-0.543	0.402	-1.504	-1.803	-2.196	-3.322
atac_L15963	k4me1_enh	-1.309	0.597	-1.536	-3.322	-2.325	-2.321
atac_L06349	k4me1_enh	-2.398	-0.175	0.192	-2.151	-2.533	-1.598
atac_L05022	k4me1_enh	-1.529	0.213	-0.671	-2.107	-2.446	-1.591
atac_L37938	k4me1_enh	-2.459	-1.166	0.365	-3.149	-2.581	-1.062
atac_L10819	k4me1_enh	-0.526	-0.679	-1.004	-2.772	-1.41	-1.43
atac_P06066	k4me1_enh	-0.174	0.191	-2.541	-1.004	-2.55	-3.322
atac_L06459	k4me1_enh	-0.762	0.163	-0.31	-3.322	-2.888	-3.322
atac_L40276	k4me1_enh	-0.295	-0.834	-0.646	-1.557	-1.932	-3.322
atac_L28025	k4me1_enh	-0.519	-1.346	-0.057	-2.446	-2.065	-1.427
atac_L35676	k4me1_enh	-0.318	-0.317	-1.14	-1.076	-1.798	-3.322
atac_L18088	k4me1_enh	-2.289	0.824	-1.636	-1.696	-2.29	-3.322
atac_L24282	k4me1_enh	-2.673	-0.222	0.28	-1.918	-1.45	-3.322
atac_L21297	k4me1_enh	-1.71	-0.74	0.316	-2.493	-1.81	-1.894
atac_L31683	k4me1_enh	-0.729	-0.649	-0.259	-2.064	-1.852	-1.456
atac_L00297	k4me1_enh	-2.074	-1.473	0.85	-2.151	-2.129	-3.053
atac_L00872	k4me1_enh	-1.355	0.179	-0.408	-2.673	-2.773	-3.322
atac_L27255	k4me1_enh	-2.715	0.881	-1.069	-2.151	-2.996	-2.645
atac_L25159	k4me1_enh	-2.726	0.222	0.246	-2.358	-2.684	-3.322
atac_L31480	k4me1_enh	-1.694	-0.629	-1.011	-2.55	-1.673	-0.011
atac_L16563	k4me1_enh	-2.487	0.873	-1.38	-3.322	-1.898	-3.322
atac_L27695	k4me1_enh	-2.167	-0.919	-0.346	-1.02	-0.958	-2.053
atac_L39066	k4me1_enh	-2.662	0.177	-0.166	-3.119	-2.082	-1.777
atac_L25868	k4me1_enh	-1.491	0.469	-1.407	-1.376	-2.523	-3.322
atac_L02577	k4me1_enh	-0.204	0.1	-1.339	-2.58	-2.122	-2.071
atac_L32414	k4me1_enh	-0.977	0.007	-1.982	-1.734	-0.725	-2.598
atac_L13598	k4me1_enh	-2.781	-0.238	-0.155	-2.819	-2.151	-1.733
atac_L03061	k4me1_enh	0.355	-1.941	-0.279	-1.874	-2.928	-3.322
atac_L10377	k4me1_enh	-0.103	-0.334	-0.626	-2.502	-2.299	-3.322
atac_L29102	k4me1_enh	-0.166	-0.418	-0.396	-3.322	-1.555	-3.322
atac_L21118	k4me1_enh	-0.99	-0.171	-0.988	-1.612	-2.463	-3.322
atac_L15076	k4me1_enh	-0.213	-0.049	-0.983	-2.621	-3.217	-1.916
atac_L35117	k4me1_enh	-2.04	-1.476	0.75	-1.874	-2.725	-3.322
atac_L08866	k4me1_enh	-1.372	0.792	-1.263	-2.151	-2.952	-3.322
atac_L20110	k4me1_enh	-2.159	-0.082	-0.937	-2.173	-2.764	-0.224
atac_L25804	k4me1_enh	-1.145	0.146	-0.796	-2.446	-1.218	-2.505
atac_L08606	k4me1_enh	-1.856	0.418	-0.339	-2.55	-2.157	-2.985
atac_L03379	k4me1_enh	-2.468	-1.391	0.792	-3.322	-1.874	-3.322
atac_L39610	k4me1_enh	-0.372	0.476	-1.497	-2.819	-3.06	-3.322
atac_L01424	k4me1_enh	-1.586	0.485	-0.435	-2.107	-3.07	-3.322
atac_L17161	k4me1_enh	-0.699	-0.037	-0.195	-3.322	-2.827	-3.322
atac_P03302	k4me1_enh	0.24	-1.549	-0.237	-2.994	-2.621	-3.322
atac_L01816	k4me1_enh	-2.827	-1.939	0.251	-2.173	-2.704	-3.322
atac_P05910	k4me1_enh	-2.053	-1.871	-0.674	-2.631	0.008	-0.793
atac_L39204	k4me1_enh	-2.204	0.76	-1.088	-3.164	-2.777	-3.179
atac_L28531	k4me1_enh	-1.533	0.44	-1.497	-2.151	-2.66	-1.172
atac_L07785	k4me1_enh	-0.654	-0.599	-0.125	-2.493	-1.77	-3.322
atac_L32009	k4me1_enh	-1.667	0.232	-0.639	-2.819	-2.078	-2.693
atac_L09465	k4me1_enh	-2.827	-1.697	0.916	-3.322	-3.094	-1.825
atac_L20312	k4me1_enh	-1.095	0.304	-0.974	-2.761	-1.922	-2.988
atac_L06118	k4me1_enh	-2.02	0.521	-0.873	-3.179	-1.705	-2.316
atac_L04830	k4me1_enh	-1.827	0.435	-0.232	-2.807	-2.805	-3.322
atac_L03179	k4me1_enh	-0.762	0.859	-2.892	-2.819	-2.981	-2.821
atac_L12851	k4me1_enh	-2.683	-1.717	0.468	-1.576	-2.429	-2.518
atac_L03381	k4me1_enh	-0.81	-0.263	-0.6	-1.983	-2.129	-1.633
atac_L12024	k4me1_enh	0.276	-0.638	-0.858	-2.446	-2.95	-3.322
atac_L20035	k4me1_enh	-1.057	0.24	-0.717	-2.474	-2.328	-3.322
atac_P00690	k4me1_enh	-0.92	0.148	-0.854	-2.446	-2.224	-2.591
atac_L34391	k4me1_enh	-0.141	-0.076	-1.395	-2.56	-1.772	-3.322
atac_L03370	k4me1_enh	-3.196	-0.082	-1.215	-0.545	-1.76	-1.56
atac_L31011	k4me1_enh	-2.067	0.927	-1.796	-2.819	-2.494	-2.698
atac_L38500	k4me1_enh	-2.827	0.45	-1.299	-2.819	-2.127	-1.999
atac_L37740	k4me1_enh	-2.923	-2.066	0.533	-3.035	-2.102	-3.322
atac_L29211	k4me1_enh	-0.742	0.201	-1.277	-2.56	-2.037	-3.322
atac_P01888	k4me1_enh	-0.359	-1.483	-0.272	-1.355	-2.151	-2.61
atac_L00756	k4me1_enh	-1.993	0.797	-1.325	-2.819	-2.401	-3.322
atac_L32233	k4me1_enh	-2.441	-1.224	0.099	-2.662	-2.442	-1.119
atac_L24951	k4me1_enh	-1.33	0.249	-0.412	-3.322	-1.697	-3.322
atac_L00316	k4me1_enh	-2.621	-1.266	0.453	-2.243	-2.524	-2.458
atac_L27349	k4me1_enh	-2.25	-1.374	0.049	-1.774	-2.727	-3.322
atac_L08038	k4me1_enh	-0.517	-0.824	-0.285	-2.994	-2.01	-3.322
atac_L07517	k4me1_enh	-2.372	0.909	-1.28	-3.322	-3.118	-3.322
atac_L22476	k4me1_enh	-2.159	0.124	-0.445	-2.283	-2.256	-3.322
atac_L11739	k4me1_enh	-1.192	-1.333	0.271	-1.832	-2.12	-1.78
atac_L05826	k4me1_enh	-0.815	0.514	-1.263	-3.289	-3.039	-3.322
atac_L33516	k4me1_enh	-1.148	0.263	-1.389	-1.996	-2.568	-3.322
atac_P03185	k4me1_enh	-1.923	-0.831	-0.64	-1.027	-2.666	-1.15
atac_L27429	k4me1_enh	0.061	-0.407	-1.155	-2.819	-1.88	-3.081
atac_L28469	k4me1_enh	-2.363	0.866	-1.543	-2.621	-3.044	-3.123
atac_L07673	k4me1_enh	-1.923	0.815	-2.089	-2.151	-2.466	-3.018
atac_L28368	k4me1_enh	-3.306	0.865	-1.055	-2.446	-3.322	-3.322
atac_L08015	k4me1_enh	-0.567	0.347	-1.491	-1.983	-2.162	-3.322
atac_P05277	k4me1_enh	-0.342	-0.373	-0.578	-3.322	-2.535	-2.588
atac_L07368	k4me1_enh	-1.293	0.167	-0.26	-3.322	-2.658	-3.322
atac_L19016	k4me1_enh	-2.827	1.104	-2.326	-3.035	-2.646	-3.322
atac_L15048	k4me1_enh	0.644	-1.454	-1.437	-2.136	-2.491	-3.322
atac_L36432	k4me1_enh	-1.726	0.776	-1.682	-2.761	-2.129	-2.61
atac_L29036	k4me1_enh	-1.05	0.128	-1.212	-2.151	-1.703	-1.753
atac_L28026	k4me1_enh	-0.351	-0.599	-0.852	-1.385	-2.611	-3.322
atac_L00405	k4me1_enh	-1.71	-0.325	0.292	-2.819	-2.976	-1.94
atac_L09411	k4me1_enh	-2.827	1.069	-2.755	-2.341	-2.909	-3.322
atac_L08155	k4me1_enh	-2.582	0.426	-0.146	-2.6	-3.267	-3.02
atac_L33265	k4me1_enh	-1.626	-0.526	0.346	-3.322	-2.55	-3.188
atac_L20292	k4me1_enh	-1.987	-0.132	-0.314	-1.523	-2.702	-1.728
atac_L31562	k4me1_enh	-1.289	0.529	-0.89	-2.819	-3.316	-3.018
atac_L05771	k4me1_enh	-1.41	0.257	-1.777	-2.652	-2.042	-1.392
atac_L31585	k4me1_enh	-0.611	-0.936	0.022	-3.322	-2.422	-1.999
atac_L17220	k4me1_enh	-0.665	-0.134	-0.521	-3.134	-2.14	-2.666
atac_P06771	k4me1_enh	-1.098	-0.213	-1.392	-1.581	-2.407	-0.917
atac_L02001	k4me1_enh	-2.827	0.09	-1.583	-2.819	-2.373	-0.387
atac_L31669	k4me1_enh	-0.159	-0.217	-1.277	-3.322	-2.425	-1.94
atac_L12862	k4me1_enh	-1.793	-0.372	0.291	-2.819	-2.143	-2.631
atac_L08412	k4me1_enh	-0.88	-0.869	-0.544	-1.809	-2.33	-0.881
atac_L27761	k4me1_enh	-0.098	-1	-1.566	-1.617	-2.182	-1.979
atac_L16926	k4me1_enh	-2.562	-0.188	-1.973	-1.334	-0.619	-1.522
atac_L31044	k4me1_enh	-1.238	0.646	-1.294	-2.819	-2.678	-3.322
atac_L25367	k4me1_enh	0.269	-0.511	-3.322	-2.151	-1.225	-3.322
atac_L15321	k4me1_enh	-2.874	-0.368	-0.846	-1.899	-2.743	-0.132
atac_L20311	k4me1_enh	-2.372	-0.61	-0.337	-1.862	-1.061	-1.941
atac_P01631	k4me1_enh	-1.942	0.751	-1.982	-1.407	-2.631	-3.322
atac_L23301	k4me1_enh	-3.322	0.895	-1.272	-3.322	-3.024	-2.26
atac_L24724	k4me1_enh	-2.477	-0.228	0.134	-1.674	-2.033	-3.322
atac_L39627	k4me1_enh	-1.699	-1.884	-0.609	-1.956	-0.687	-1.147
atac_L35364	k4me1_enh	-0.815	-0.225	-1.076	-2.181	-2.334	-1.235
atac_L18700	k4me1_enh	-0.98	0.474	-1.101	-2.819	-2.496	-3.231
atac_L31716	k4me1_enh	-1.41	-0.219	-0.528	-1.284	-1.807	-2.342
atac_L18102	k4me1_enh	-2.827	0.7	-1.143	-2.446	-2.432	-3.322
atac_L26997	k4me1_enh	-1.376	-1.668	-0.542	-1.856	-1.43	-1.507
atac_L38733	k4me1_enh	-0.688	-0.264	-0.248	-3.105	-2.991	-3.322
atac_L20150	k4me1_enh	-0.686	-0.421	-0.405	-1.403	-2.243	-3.322
atac_L40187	k4me1_enh	-2.363	0.583	-1.242	-2.151	-2.214	-2.769
atac_L15371	k4me1_enh	-0.933	-0.254	-0.64	-1.69	-2.191	-3.322
atac_L07087	k4me1_enh	-1.929	-1.06	-2.747	-1.523	-1.595	0.086
atac_L38657	k4me1_enh	-0.408	-0.273	-2.588	-1.381	-2.136	-1.873
atac_L03098	k4me1_enh	-0.25	-0.931	-0.755	-2.235	-1.498	-3.322
atac_L24503	k4me1_enh	-2.827	-0.237	-0.642	-2.151	-2.874	-0.543
atac_L33050	k4me1_enh	-0.018	-0.458	-1.56	-2.942	-1.986	-2.679
atac_L06590	k4me1_enh	-2.095	-0.09	-0.547	-1.321	-2.698	-2.961
atac_L19330	k4me1_enh	-1.548	-1.377	0.042	-2.456	-1.71	-2.321
atac_L32128	k4me1_enh	-1.731	-0.09	-0.134	-2.904	-2.146	-2.862
atac_L13834	k4me1_enh	-2.673	-0.129	-0.745	-2.393	-2.629	-0.507
atac_L13638	k4me1_enh	-2.45	0.478	-1.113	-2.151	-2.336	-2.504
atac_L38497	k4me1_enh	-1.652	-0.3	-0.867	-2.772	-2.432	-0.415
atac_P03582	k4me1_enh	0.389	-1.079	-2.402	-1.868	-2.594	-1.781
atac_L26079	k4me1_enh	-2.987	0.565	-0.347	-3.322	-2.72	-3.158
atac_L01174	k4me1_enh	-1.043	-1.02	-0.728	-2.1	-1.587	-0.776
atac_L32551	k4me1_enh	-1.936	-0.789	-0.894	-2.955	-0.607	-1.834
atac_L07855	k4me1_enh	-0.263	-1.116	-0.457	-1.518	-2.048	-3.322
atac_L08918	k4me1_enh	-2.067	-1.043	0.205	-1.774	-1.953	-2.768
atac_L00511	k4me1_enh	-0.359	0.046	-1.425	-2.375	-3.004	-1.873
atac_L23432	k4me1_enh	-1.441	0.85	-2.665	-2.819	-2.446	-3.322
atac_L23392	k4me1_enh	-1.45	0.296	-0.776	-2.831	-3.026	-1.96
atac_L22554	k4me1_enh	-1.715	-0.16	-0.293	-2.819	-1.808	-3.322
atac_L34262	k4me1_enh	-1.562	-2.21	-0.736	-2.772	-1.573	0.083
atac_L27311	k4me1_enh	-1.961	-0.256	-0.919	-2.299	-2.125	-1.287
atac_L18799	k4me1_enh	-2.25	0.756	-1.51	-3.322	-3.217	-1.999
atac_L06208	k4me1_enh	-0.877	-1.484	0.146	-2.727	-1.751	-2.307
atac_P06364	k4me1_enh	-1.543	0.34	-1.266	-1.547	-2.06	-3.322
atac_L24874	k4me1_enh	-3.123	0.251	-0.047	-2.211	-2.55	-3.322
atac_L26984	k4me1_enh	-2.013	0.355	-1.015	-2.1	-2.384	-2.755
atac_L29210	k4me1_enh	-1.942	-0.752	-0.003	-1.905	-2.48	-3.322
atac_L39830	k4me1_enh	-2.372	-1.146	-0.272	-2.541	-2.211	-0.301
atac_L32452	k4me1_enh	-1.923	-0.157	-0.274	-2.819	-2.678	-1.592
atac_L03355	k4me1_enh	-0.967	0.09	-1.912	-1.457	-2.415	-3.322
atac_L23999	k4me1_enh	-2.167	0.083	-0.149	-3.322	-2.496	-3.322
atac_L14119	k4me1_enh	-1.652	-0.881	-0.374	-2.465	-2.386	-0.972
atac_L32675	k4me1_enh	-2.067	-0.441	-0.022	-1.513	-2.611	-3.322
atac_L22440	k4me1_enh	-1.577	0.574	-1.56	-1.905	-3.044	-3.322
atac_L14372	k4me1_enh	-0.71	-0.156	-1.062	-1.372	-2.29	-3.322
atac_L20831	k4me1_enh	-1.077	0.228	-1.668	-2.227	-1.738	-2.574
atac_L40460	k4me1_enh	-1.415	-0.688	-0.503	-3.105	-2.208	-0.584
atac_L05164	k4me1_enh	-1.538	0.292	-0.281	-3.322	-3.214	-2.354
atac_L33532	k4me1_enh	0.412	-0.782	-1.425	-3.322	-2.523	-3.322
atac_L33625	k4me1_enh	-0.528	-1.184	-0.456	-2.196	-2.747	-2.23
atac_L11379	k4me1_enh	-2.652	-0.3	-0.574	-2.819	-3.014	-0.701
atac_L28984	k4me1_enh	-0.143	-0.792	-1.22	-2.016	-2.341	-2.847
atac_L29679	k4me1_enh	-1.033	-0.168	-0.665	-2.493	-2.739	-3.322
atac_L16291	k4me1_enh	-2.338	0.737	-1.386	-3.322	-2.836	-3.322
atac_L03220	k4me1_enh	-2.363	-0.089	-0.365	-2.631	-1.864	-1.797
atac_L33913	k4me1_enh	0.089	-1.205	-0.693	-2.358	-2.025	-3.322
atac_L22224	k4me1_enh	-0.847	-2.25	-0.024	-1.924	-1.595	-2.199
atac_L13894	k4me1_enh	-1.309	-0.009	-0.814	-2.158	-2.374	-3.322
atac_L18699	k4me1_enh	-1.109	0.511	-1.639	-1.983	-2.758	-3.322
atac_L03615	k4me1_enh	-1.123	0.477	-1.697	-1.596	-2.909	-3.322
atac_L26283	k4me1_enh	-1.105	-0.077	-0.452	-1.95	-2.682	-3.322
atac_L36334	k4me1_enh	-1.776	-1.031	0.089	-2.419	-1.955	-3.322
atac_P06071	k4me1_enh	-3.322	-1.921	0.294	-3.322	-1.866	-1.005
atac_L03128	k4me1_enh	-0.654	-1.804	-1.272	-2.03	-2.371	-0.228
atac_L33451	k4me1_enh	-2.047	0.907	-2.402	-3.322	-2.6	-3.322
atac_L17707	k4me1_enh	-1.652	-0.325	0.015	-3.322	-2.594	-3.322
atac_L16994	k4me1_enh	-2.074	-0.596	-0.224	-2.819	-2.224	-0.949
atac_L29434	k4me1_enh	-1.616	0.02	-0.264	-3.322	-2.827	-3.322
atac_L24167	k4me1_enh	0.1	-0.343	-1.204	-2.981	-2.608	-3.299
atac_P05276	k4me1_enh	-0.56	0.036	-1.459	-1.905	-2.334	-2.621
atac_L09370	k4me1_enh	-0.691	-0.287	-1.103	-2.819	-2.151	-2.11
atac_L36547	k4me1_enh	-1.787	-0.274	-0.911	-2.367	-1.486	-1.472
atac_L39612	k4me1_enh	-2.347	0.461	-0.894	-1.69	-3.065	-3.322
atac_P00286	k4me1_enh	-0.536	-2.365	0.277	-2.114	-2.543	-2.886
atac_L32415	k4me1_enh	0.271	-1.658	-3.322	-1.712	-0.895	-2.613
atac_L08990	k4me1_enh	-2.234	0.022	-1.21	-2.446	-3.06	-0.384
atac_L32346	k4me1_enh	-2.06	-1.061	0.497	-2.299	-2.05	-3.322
atac_P00579	k4me1_enh	0.141	-0.831	-1.618	-2.772	-2.444	-1.578
atac_L09896	k4me1_enh	-1.446	-0.461	-1.133	-2.446	-1.552	-0.838
atac_L15068	k4me1_enh	-2.081	-0.963	-0.498	-0.894	-2.555	-1.38
atac_L15040	k4me1_enh	-1.862	-0.994	-0.685	-2.078	-1.743	-0.946
atac_L01757	k4me1_enh	-0.475	-0.527	-0.736	-2.367	-2.047	-3.154
atac_L03982	k4me1_enh	-1.06	-0.39	-0.741	-2.684	-1.42	-2.484
atac_L18252	k4me1_enh	-1.631	-0.295	-1.628	-1.69	-2.678	-0.601
atac_P00240	k4me1_enh	-1.137	-0.661	0.288	-3.322	-2.654	-3.322
atac_L06201	k4me1_enh	-1.821	0.631	-1.11	-3.322	-2.463	-3.322
atac_L38948	k4me1_enh	-2.652	-0.747	0.205	-1.513	-2.633	-3.322
atac_L39208	k4me1_enh	0.313	-1.575	-1.031	-2.151	-2.25	-3.322
atac_L36731	k4me1_enh	-2.363	-0.408	-0.221	-2.541	-1.693	-3.322
atac_L35965	k4me1_enh	-1.715	-1.377	0.259	-2.819	-2.048	-1.598
atac_L13312	k4me1_enh	-2.04	-1.956	0.396	-1.224	-2.035	-3.322
atac_L24923	k4me1_enh	-0.378	-0.112	-1.365	-1.751	-2.754	-3.322
atac_L28486	k4me1_enh	-0.636	0.004	-0.609	-3.322	-2.526	-3.322
atac_L15450	k4me1_enh	-0.4	-1.229	-0.816	-2.151	-2.14	-1.782
atac_L39860	k4me1_enh	-2.174	-0.324	-0.369	-1.252	-1.953	-2.591
atac_L21900	k4me1_enh	-1.464	-0.875	-0.848	-2.243	-2.129	-3.322
atac_L21830	k4me1_enh	-0.929	-0.72	-0.926	-1.041	-2.439	-3.322
atac_L36553	k4me1_enh	-0.911	0.163	-1.202	-2.819	-2.253	-3.322
atac_L25768	k4me1_enh	-1.961	-1.529	0.412	-1.729	-1.636	-3.322
atac_L10524	k4me1_enh	-1.911	-0.305	-1.269	-3.257	-1.909	-1.131
atac_L07791	k4me1_enh	-0.683	-1.055	-0.564	-2.867	-1.509	-1.77
atac_P05298	k4me1_enh	-2.013	-0.194	0.28	-3.322	-3.014	-3.322
atac_L31718	k4me1_enh	-1.948	-1.049	0.392	-2.446	-2.349	-3.154
atac_L19122	k4me1_enh	-2.505	0.354	-1.832	-2.375	-1.288	-1.605
atac_L00838	k4me1_enh	-2.759	0.54	-1.472	-3.322	-2.938	-1.14
atac_L08758	k4me1_enh	0.061	-0.891	-1.865	-1.797	-2.698	-2.197
atac_L24064	k4me1_enh	-1.415	-0.047	-0.747	-2.107	-1.738	-3.322
atac_L08597	k4me1_enh	-0.951	-0.601	-0.484	-2.855	-1.994	-1.762
atac_L05534	k4me1_enh	-1.562	-0.938	-0.22	-1.264	-3.019	-1.809
atac_L16560	k4me1_enh	-2.591	-1.755	0.261	-1.809	-1.985	-3.322
atac_L39020	k4me1_enh	-0.609	-1.501	-0.056	-2.071	-2.627	-3.322
atac_L37118	k4me1_enh	-1.781	-0.193	-0.691	-2.107	-2.028	-1.698
atac_L22214	k4me1_enh	-0.181	-1.062	-1.173	-1.069	-2.456	-2.379
atac_L31828	k4me1_enh	-2.642	0.217	-0.702	-3.322	-2.041	-2.086
atac_L25753	k4me1_enh	-1.05	-0.187	-0.586	-2.283	-2.066	-3.322
atac_L37117	k4me1_enh	-0.678	-1.655	-0.405	-1.931	-1.739	-3.322
atac_P01157	k4me1_enh	-0.564	-0.282	-3.322	-1.97	-2.217	-1.282
atac_L21015	k4me1_enh	-0.673	-1.198	-0.362	-2.03	-2.456	-3.249
atac_L36773	k4me1_enh	-2.601	0.437	-0.946	-2.772	-2.055	-3.322
atac_L34330	k4me1_enh	-0.248	-1.176	-2.445	-2.235	-2.437	-1.029
atac_L04637	k4me1_enh	-2.642	-0.602	0.073	-1.905	-2.553	-3.322
atac_L39517	k4me1_enh	-1.385	-0.439	-0.495	-1.862	-2.344	-3.322
atac_L00681	k4me1_enh	-0.784	-1.482	-0.355	-1.632	-2.557	-2.243
atac_L27455	k4me1_enh	-3.242	-0.285	-0.591	-1.471	-2.33	-1.476
atac_L10506	k4me1_enh	-2.06	-0.477	-1.252	-2.819	-1.921	-1.646
atac_L22054	k4me1_enh	-1.929	0.51	-0.957	-3.322	-2.422	-3.322
atac_L14374	k4me1_enh	-1.309	-0.339	-0.513	-1.996	-2.07	-3.322
atac_L17003	k4me1_enh	-1.013	0.055	-1.653	-1.701	-2.311	-2.341
atac_L13747	k4me1_enh	-2.088	-0.898	-1.076	-1.48	-1.799	-0.538
atac_P05397	k4me1_enh	0.039	-0.594	-1.671	-1.924	-2.528	-3.322
atac_L18754	k4me1_enh	-1.192	-0.343	-0.637	-2.204	-2.563	-3.322
atac_L18153	k4me1_enh	-0.555	-0.395	-0.875	-2.227	-1.85	-3.231
atac_L34556	k4me1_enh	-1.285	-0.939	-0.097	-1.996	-1.832	-3.322
atac_L36586	k4me1_enh	-1.538	-0.114	-1.105	-3.322	-1.848	-2.093
atac_L02991	k4me1_enh	-1.109	-1.291	-0.337	-1.329	-1.794	-3.322
atac_L03678	k4me1_enh	-3.322	0.055	0.043	-3.322	-3.094	-3.322
atac_L11147	k4me1_enh	-3.322	0.704	-1.742	-2.299	-2.976	-2.272
atac_L05120	k4me1_enh	-0.88	-0.539	-0.999	-1.69	-2.199	-1.608
atac_L39810	k4me1_enh	-2.433	0.794	-2.104	-2.819	-2.698	-3.322
atac_L07065	k4me1_enh	-2.167	-1.827	-0.434	-2.219	-1.805	-1.478
atac_L12561	k4me1_enh	-1.936	-1.466	0.061	-2.166	-1.279	-2.42
atac_L35990	k4me1_enh	-1.764	-0.626	0.161	-1.868	-2.735	-3.322
atac_L38246	k4me1_enh	-1.862	0.62	-2.169	-2.6	-2.577	-3.322
atac_L27931	k4me1_enh	-3.081	0.266	-0.569	-3.257	-2.186	-3.322
atac_L34213	k4me1_enh	-1.196	0.339	-1.285	-1.976	-2.879	-3.322
atac_L15172	k4me1_enh	-2.145	0.299	-0.482	-3.322	-2.81	-3.322
atac_L15288	k4me1_enh	-1.874	0.052	-0.099	-3.322	-2.333	-3.322
atac_L33701	k4me1_enh	-1.71	-0.541	0.149	-2.446	-2.615	-3.278
atac_L29358	k4me1_enh	-0.767	-0.053	-0.961	-2.772	-2.449	-3.322
atac_L01974	k4me1_enh	-1.557	-0.663	-1.14	-2.143	-2.039	-0.836
atac_L05778	k4me1_enh	-0.517	-0.391	-0.896	-1.937	-2.737	-3.322
atac_L23431	k4me1_enh	-1.815	-0.208	-0.127	-2.465	-2.271	-3.322
atac_L04514	k4me1_enh	-3.095	0.959	-2.08	-2.819	-3.322	-3.322
atac_L37823	k4me1_enh	-1.459	-1.182	-0.033	-2.641	-2.267	-1.46
atac_L16936	k4me1_enh	-1.923	-2.435	-1.587	-1.832	-1.271	-0.225
atac_L20615	k4me1_enh	-2.759	-0.745	-0.898	-1.78	-1.23	-1.22
atac_P03856	k4me1_enh	-0.359	-1.122	-1.632	-1.137	-3.06	-2.714
atac_L40137	k4me1_enh	-2.562	0.5	-1.138	-3.322	-2.688	-3.322
atac_L03247	k4me1_enh	-1.293	-0.502	-0.768	-1.576	-2.219	-3.15
atac_L29912	k4me1_enh	-2.167	-0.451	0.153	-3.322	-2.347	-3.322
atac_L31471	k4me1_enh	-1.577	0.335	-0.965	-3.322	-2.061	-3.322
atac_L15093	k4me1_enh	-3.211	-0.323	-0.229	-2.446	-2.524	-2.33
atac_L12045	k4me1_enh	-0.174	-0.677	-0.721	-2.772	-2.686	-3.322
atac_L13552	k4me1_enh	-2.477	0.646	-1.608	-2.204	-2.814	-3.322
atac_L09198	k4me1_enh	-1.804	0.58	-2.237	-2.819	-2.139	-2.719
atac_L39354	k4me1_enh	-1.798	0.353	-1.336	-3.322	-2.852	-1.34
atac_L17284	k4me1_enh	-3.322	0.767	-1.507	-3.322	-2.688	-2.613
atac_L27416	k4me1_enh	-2.459	-0.391	-1.266	-2.057	-1.639	-1.606
atac_L21298	k4me1_enh	-1.432	-0.058	-1.261	-2.446	-2.458	-1.268
atac_L36590	k4me1_enh	-0.997	-0.198	-1.153	-1.707	-2.243	-3.322
atac_P01234	k4me1_enh	-2.196	0.44	-1.938	-1.874	-2.132	-3.024
atac_L32601	k4me1_enh	-2.496	-0.404	-0.471	-2.819	-2.323	-1.809
atac_L32857	k4me1_enh	-2.441	-1.573	-0.135	-3.134	-2.938	-3.322
atac_L08051	k4me1_enh	-2.77	0.507	-1.946	-3.322	-2.276	-3.213
atac_L30999	k4me1_enh	0.186	-1.786	-1.21	-2.151	-2.644	-2.73
atac_L32343	k4me1_enh	-1.057	-0.369	-1.103	-1.552	-2.237	-2.742
atac_L27388	k4me1_enh	-0.778	-0.116	-1.029	-2.259	-2.218	-3.322
atac_L09336	k4me1_enh	-1.123	-1.266	0.215	-2.151	-2.627	-3.322
atac_L17792	k4me1_enh	-0.839	-0.946	-0.478	-2.819	-2.231	-3.322
atac_P02637	k4me1_enh	-0.842	-0.677	-1.96	-1.85	-1.985	-0.833
atac_L06199	k4me1_enh	-1.189	-1.35	-0.178	-3.105	-1.487	-2.233
atac_L34300	k4me1_enh	-0.839	-0.543	-1.488	-1.072	-1.995	-3.301
atac_L06626	k4me1_enh	-2.167	-0.357	-0.347	-3.322	-2.505	-1.344
atac_L14383	k4me1_enh	-1.204	-0.038	-0.79	-2.151	-2.877	-3.322
atac_L24066	k4me1_enh	-1.753	-0.141	-0.828	-1.537	-2.666	-2.186
atac_L02261	k4me1_enh	-1.586	-2.302	-1.434	-1.832	-3.039	0.215
atac_L02463	k4me1_enh	-2.552	-0.046	-1.181	-1.905	-3.034	-0.977
atac_L18427	k4me1_enh	-2.781	0.175	-1.311	-2.235	-2.057	-1.742
atac_L06506	k4me1_enh	-1.437	-1.887	0.556	-2.819	-2.172	-3.322
atac_L28244	k4me1_enh	-1.923	-0.471	-0.307	-2.143	-2.164	-3.322
atac_L23002	k4me1_enh	-1.967	-1.021	-0.083	-1.814	-2.109	-2.681
atac_P03520	k4me1_enh	-1.192	-0.796	-0.822	-1.905	-1.124	-2.183
atac_L39920	k4me1_enh	-3.322	-0.624	-2.046	-1.905	-0.583	-1.341
atac_L24318	k4me1_enh	-2.266	-2.767	0.217	-2.085	-2.219	-2.952
atac_L04769	k4me1_enh	-0.148	-0.804	-2.609	-1.537	-2.089	-3.322
atac_L19728	k4me1_enh	-1.827	-0.4	-0.339	-2.107	-2.267	-2.657
atac_L28990	k4me1_enh	-2.305	-0.081	-1.274	-2.831	-1.863	-1.47
atac_L19668	k4me1_enh	-3.095	-0.136	-0.702	-3.105	-2.508	-0.786
atac_P04339	k4me1_enh	-0.675	-0.294	-0.768	-2.151	-2.799	-3.322
atac_L03127	k4me1_enh	-0.917	-0.766	-0.854	-1.797	-2.458	-2.152
atac_L32489	k4me1_enh	-2.053	-0.662	-0.331	-2.652	-2.096	-2.113
atac_L26838	k4me1_enh	-1.936	-0.792	-0.832	-1.317	-2.47	-1.334
atac_L18528	k4me1_enh	-1.529	0.36	-3.322	-1.072	-2.436	-3.322
atac_L40011	k4me1_enh	-2.406	-0.067	-0.924	-2.227	-2.311	-2.192
atac_P06399	k4me1_enh	-1.196	-1.182	-0.749	-2.819	-1.675	-1.087
atac_L37886	k4me1_enh	-0.408	-0.052	-1.465	-2.819	-2.872	-3.322
atac_L00291	k4me1_enh	-1.596	-0.984	-0.542	-1.494	-2.608	-1.845
atac_L33624	k4me1_enh	-0.818	-0.282	-2.028	-2.043	-1.397	-3.322
atac_L17065	k4me1_enh	-1.174	-0.573	-2	-1.513	-1.52	-2.311
atac_L39747	k4me1_enh	-0.421	-0.323	-1.081	-2.819	-2.085	-3.242
atac_L04468	k4me1_enh	-2.459	0.493	-0.554	-3.322	-3.322	-3.322
atac_L03685	k4me1_enh	-1.372	-0.261	-0.79	-2.761	-2.305	-3.28
atac_L36337	k4me1_enh	-1.385	0.186	-1.56	-2.085	-2.812	-2.816
atac_L25726	k4me1_enh	-0.611	-0.884	-1.155	-1.963	-2.625	-2.428
atac_L38577	k4me1_enh	-2.047	-0.505	-0.059	-3.322	-2.485	-2.513
atac_L02021	k4me1_enh	-1.688	0.645	-2.36	-2.446	-2.874	-3.322
atac_L14240	k4me1_enh	-1.652	-0.06	-1.11	-2.502	-2.323	-2.363
atac_L09168	k4me1_enh	-1.856	-1.682	-0.201	-2.367	-2.016	-1.148
atac_L38146	k4me1_enh	-1.289	-1.616	-0.1	-1.905	-1.941	-3.322
atac_L03434	k4me1_enh	-2.468	0.434	-1.247	-1.905	-3.171	-2.564
atac_L23970	k4me1_enh	-2.459	-1.27	-0.278	-1.363	-1.701	-2.693
atac_L04598	k4me1_enh	-2.196	0.668	-2.883	-3.322	-2.317	-1.697
atac_L24081	k4me1_enh	-2.533	-0.429	0.185	-2.867	-2.465	-3.322
atac_L32222	k4me1_enh	-1.246	0.202	-1.422	-2.641	-2.555	-2.881
atac_L27751	k4me1_enh	-1.936	-0.299	-0.922	-3.322	-2.517	-1.031
atac_P03409	k4me1_enh	-3.322	-1.101	0.412	-2.819	-2.496	-3.322
atac_L40102	k4me1_enh	-2.167	0.241	-1.274	-1.844	-2.999	-2.797
atac_L31947	k4me1_enh	-0.702	-0.873	-0.633	-2.446	-1.829	-3.322
atac_P04769	k4me1_enh	-2.582	-0.984	0.074	-1.617	-2.856	-3.322
atac_L02401	k4me1_enh	-1.05	0.115	-1.632	-1.685	-2.694	-3.322
atac_L33950	k4me1_enh	-2.715	-1.622	-1.091	-3.322	-2.042	-0.309
atac_L15667	k4me1_enh	-1.482	-0.985	-0.394	-2.151	-2.412	-1.117
atac_L06071	k4me1_enh	-0.536	-1.247	-0.698	-2.819	-3.057	-3.322
atac_L01818	k4me1_enh	-1.053	-1.235	-0.734	-1.174	-2.589	-2.27
atac_L15120	k4me1_enh	-1.5	-0.393	-0.974	-2.968	-2.437	-3.2
atac_L03143	k4me1_enh	-2.322	-0.818	-0.59	-1.774	-0.858	-3.32
atac_L07708	k4me1_enh	-1.699	-0.316	-0.678	-1.351	-2.505	-3.322
atac_L15431	k4me1_enh	-1.845	-1.329	-0.193	-2.016	-2.33	-2.293
atac_L39993	k4me1_enh	-1.134	-1.236	-0.46	-1.696	-1.354	-3.322
atac_L23909	k4me1_enh	-2.242	-0.72	-0.089	-2.227	-1.659	-3.322
atac_L33865	k4me1_enh	-2.487	-1.486	-0.442	-2.211	-2.276	-2.143
atac_L12331	k4me1_enh	-1.923	0.441	-1.54	-3.322	-2.6	-2.151
atac_L15311	k4me1_enh	-2.611	-0.756	-0.243	-1.648	-2.931	-3.322
atac_L04249	k4me1_enh	-1.591	0.08	-1.181	-2.981	-2.68	-2.097
atac_L12864	k4me1_enh	-1.023	-0.013	-1.693	-1.69	-2.526	-2.523
atac_L13873	k4me1_enh	-1.455	-1.221	0.123	-2.367	-2.528	-2.695
atac_L03684	k4me1_enh	-1.856	-0.073	-1.118	-2.819	-2.374	-2.14
atac_L20912	k4me1_enh	-2.02	-0.762	-0.007	-2.831	-3.076	-3.322
atac_L09443	k4me1_enh	-1.948	0.006	-1.643	-1.083	-2.397	-3.196
atac_L13363	k4me1_enh	-1.204	0.269	-1.084	-2.738	-2.79	-3.322
atac_L38691	k4me1_enh	-0.767	-0.753	-1.781	-1.111	-1.378	-2.747
atac_L18824	k4me1_enh	-2.227	-1.541	-0.274	-2.819	-2.981	-0.682
atac_L36545	k4me1_enh	-0.839	-1.406	-0.105	-2.341	-1.855	-3.322
atac_L01965	k4me1_enh	-3.152	-0.87	-0.605	-3.322	-2.277	-1.957
atac_L12530	k4me1_enh	-0.37	-1.368	-0.552	-3.322	-2.664	-1.568
atac_L05564	k4me1_enh	-0.92	-0.995	-1.951	-1.956	-1.069	-1.829
atac_L03600	k4me1_enh	-0.784	-1.774	-0.111	-1.899	-2.674	-2.451
atac_L27814	k4me1_enh	-2.167	-1.103	0.051	-1.696	-2.741	-3.213
atac_L20624	k4me1_enh	-1.238	-0.199	-0.992	-2.942	-2.149	-1.636
atac_L35820	k4me1_enh	-0.636	0.004	-1.611	-1.983	-2.737	-3.322
atac_P01209	k4me1_enh	-2.06	0.51	-2.402	-1.762	-2.722	-3.322
atac_L20620	k4me1_enh	-1.923	-1.338	-0.519	-2.196	-2.14	-0.595
atac_L14982	k4me1_enh	-1.637	-0.976	0.131	-3.322	-2.664	-3.322
atac_L05643	k4me1_enh	-2.459	-0.122	-0.233	-2.166	-2.68	-3.322
atac_L31085	k4me1_enh	-1.289	0.083	-1.263	-2.151	-2.211	-3.322
atac_L36057	k4me1_enh	-0.521	-0.781	-2.226	-1.918	-1.558	-3.322
atac_P04758	k4me1_enh	-0.281	-0.867	-1.453	-2.393	-2.548	-1.885
atac_L15447	k4me1_enh	-1.726	-1.99	-1.28	-2.173	-2.619	0.014
atac_L21692	k4me1_enh	-0.807	-2.229	-0.804	-2.673	-1.101	-1.066
atac_L10039	k4me1_enh	-2.611	0.452	-1.494	-3.322	-3.073	-3.322
atac_L06647	k4me1_enh	-2.167	-1.229	0.394	-3.035	-2.358	-2.47
atac_L35829	k4me1_enh	-1.023	-0.026	-1.734	-3.105	-2.676	-1.748
atac_L00600	k4me1_enh	-1.192	-1.231	-0.448	-1.232	-2.255	-3.322
atac_L24189	k4me1_enh	-1.529	-0.944	-0.498	-2.819	-2.131	-1.137
atac_L03643	k4me1_enh	-0.631	-0.766	-1.215	-2.151	-2.895	-3.322
atac_L26701	k4me1_enh	-2.204	0.525	-1.447	-2.879	-2.537	-3.299
atac_L26999	k4me1_enh	-1.616	-0.665	-0.169	-1.576	-2.261	-3.322
atac_P02854	k4me1_enh	-1.647	-0.616	-0.997	-1.42	-2.42	-1.644
atac_L27932	k4me1_enh	-2.477	-0.535	-0.326	-2.456	-3.219	-1.129
atac_L35685	k4me1_enh	-2.167	-2.694	-0.184	-2.375	-1.893	-1.034
atac_P04200	k4me1_enh	-2.372	-1.74	-0.152	-2.446	-1.752	-1.72
atac_L38681	k4me1_enh	-1.432	-0.497	-1.566	-1.518	-2.35	-1.476
atac_L03908	k4me1_enh	-0.207	-0.609	-1.16	-2.819	-2.856	-2.592
atac_L09555	k4me1_enh	-2.219	-1.718	-0.086	-1.212	-2.664	-2.423
atac_L26996	k4me1_enh	-1.265	-1.778	-0.531	-1.126	-2.061	-3.322
atac_L02267	k4me1_enh	-0.477	-2.199	-1.41	-2.151	-0.55	-2.588
atac_L30998	k4me1_enh	-0.415	-1.215	-0.588	-1.838	-2.505	-3.322
atac_L37991	k4me1_enh	-1.793	-1.314	0.429	-2.819	-2.425	-3.322
atac_L06668	k4me1_enh	-3.322	-0.27	-0.523	-1.912	-1.97	-3.15
atac_L05867	k4me1_enh	-1.326	-0.31	-0.479	-3.322	-2.162	-3.322
atac_L27430	k4me1_enh	-0.895	-0.919	-0.183	-2.929	-2.53	-3.322
atac_L27722	k4me1_enh	-0.387	-0.714	-1.65	-2.855	-1.535	-2.522
atac_L19145	k4me1_enh	-1.123	-0.75	-0.284	-2.446	-2.617	-2.522
atac_L05951	k4me1_enh	-2.477	-0.916	0.3	-3.322	-2.168	-2.423
atac_L39520	k4me1_enh	-2.839	-0.792	-0.323	-2.942	-2.535	-1.187
atac_L18607	k4me1_enh	-2.167	-0.09	-0.665	-1.905	-2.972	-3.175
atac_L03118	k4me1_enh	-1.355	-0.075	-2.457	-2.641	-2.912	-0.776
atac_L31629	k4me1_enh	-0.929	-1.557	-1.738	-3.322	-1.13	-1.636
atac_L38165	k4me1_enh	-2.459	-0.594	-0.658	-2.291	-1.906	-2.035
atac_L00786	k4me1_enh	-1.948	-0.138	-0.44	-2.673	-3.07	-2.156
atac_L14963	k4me1_enh	-1.688	0.315	-1.055	-3.322	-2.409	-3.322
atac_L02976	k4me1_enh	-1.667	-1.646	0.105	-2.855	-2.553	-2.53
atac_P04214	k4me1_enh	-1.821	-0.595	-0.191	-2.173	-1.95	-3.322
atac_L20276	k4me1_enh	-3.322	-0.312	-0.542	-2.75	-1.045	-3.322
atac_L36335	k4me1_enh	-2.505	-1.414	-0.321	-1.394	-1.492	-3.289
atac_L37439	k4me1_enh	-2.673	0.629	-2.384	-3.322	-2.065	-3.322
atac_L00728	k4me1_enh	-1.601	-0.51	-1.313	-3.322	-2.285	-0.674
atac_L09463	k4me1_enh	-3.322	-1.631	0.238	-1.729	-3.108	-3.198
atac_L31586	k4me1_enh	-1.688	-0.347	-0.217	-3.209	-3.052	-2.765
atac_L00869	k4me1_enh	-0.856	-0.686	-0.544	-2.003	-2.561	-3.322
atac_L23212	k4me1_enh	-1.923	-1.187	-0.711	-1.696	-2.76	-0.78
atac_P04350	k4me1_enh	-2.827	-1.192	-0.074	-1.862	-2.347	-2.161
atac_L23463	k4me1_enh	-3.123	-0.516	-0.665	-1.272	-2.468	-2.641
atac_L27260	k4me1_enh	-2.704	-1.138	-0.094	-2.158	-2.282	-1.579
atac_L08852	k4me1_enh	-1.441	-0.424	-3.322	-2.819	-0.743	-2.297
atac_L20830	k4me1_enh	-2.145	-0.749	-0.635	-1.874	-1.956	-1.799
atac_P06285	k4me1_enh	-2.827	-1.254	-0.13	-2.367	-1.735	-1.432
atac_L39345	k4me1_enh	-0.942	-0.784	-0.965	-2.235	-2.214	-3.143
atac_L08708	k4me1_enh	-0.155	-0.956	-1.348	-2.151	-2.376	-3.322
atac_L20865	k4me1_enh	-0.496	-0.57	-1.004	-2.446	-2.074	-3.143
atac_L15291	k4me1_enh	-1.911	-0.611	-0.633	-1.532	-1.905	-2.428
atac_P02069	k4me1_enh	-1.281	-0.396	-1.675	-1.989	-1.574	-1.842
atac_L10461	k4me1_enh	-2.305	-0.098	-0.467	-2.75	-2.118	-3.322
atac_L20843	k4me1_enh	-0.594	-0.693	-1.029	-2.502	-2.021	-3.322
atac_L07294	k4me1_enh	-1.567	0.551	-2.528	-2.446	-3.149	-2.538
atac_L36270	k4me1_enh	-0.489	-0.751	-1.055	-1.905	-2.964	-3.322
atac_L08045	k4me1_enh	-0.729	-0.547	-0.935	-2.349	-2.35	-3.322
atac_L10266	k4me1_enh	-0.923	-1.639	-0.544	-1.627	-2.557	-3.322
atac_L10395	k4me1_enh	-0.942	0.127	-2.144	-2.1	-3.322	-3.322
atac_L23003	k4me1_enh	-0.355	-1.04	-1.491	-1.696	-1.899	-2.988
atac_L37499	k4me1_enh	-0.181	-0.554	-2.47	-2.009	-2.468	-3.322
atac_L01128	k4me1_enh	-1.967	-0.068	-0.898	-2.738	-2.708	-1.898
atac_L33558	k4me1_enh	-0.283	-1.365	-0.772	-2.341	-2.581	-2.388
atac_L02005	k4me1_enh	-1.351	0.237	-1.513	-2.819	-2.694	-3.322
atac_P04477	k4me1_enh	-1.88	0.169	-1.389	-2.151	-3.138	-3.121
atac_L20197	k4me1_enh	-3.095	0.608	-2.243	-3.322	-3.143	-1.698
atac_L08042	k4me1_enh	-1.787	-0.036	-1.761	-2.136	-2.347	-1.87
atac_L21119	k4me1_enh	-2.006	-1.499	-0.177	-1.924	-1.76	-3.322
atac_L23254	k4me1_enh	-1.911	0.237	-1.21	-2.867	-3.322	-3.322
atac_L09086	k4me1_enh	-0.281	-0.618	-1.765	-2.151	-2.325	-3.322
atac_L09337	k4me1_enh	-0.468	-1.252	-0.852	-2.694	-1.861	-3.322
atac_L09285	k4me1_enh	-3.322	-0.138	-0.089	-2.819	-2.694	-2.944
atac_L33345	k4me1_enh	-2.827	-0.65	-1.255	-2.235	-1.972	-0.722
atac_L35999	k4me1_enh	-2.839	-2.51	0.65	-3.322	-2.591	-2.273
atac_L00423	k4me1_enh	0.123	-1.089	-2.259	-2.784	-1.665	-3.322
atac_P03377	k4me1_enh	-3.29	-0.574	-0.546	-1.78	-2.056	-2.161
atac_P01270	k4me1_enh	-0.601	-1.527	-0.865	-3.179	-2.482	-1.427
atac_L35159	k4me1_enh	-2.694	-0.62	-0.732	-2.6	-1.626	-2.717
atac_L35049	k4me1_enh	-0.683	-0.643	-1.697	-2.705	-2.446	-2.693
atac_P04701	k4me1_enh	0.127	-1.314	-1.392	-2.259	-2.391	-3.233
atac_L34197	k4me1_enh	0.106	-1.363	-1.311	-2.61	-2.147	-3.322
atac_L33191	k4me1_enh	-0.06	-0.708	-3.101	-1.734	-2.327	-3.322
atac_L27254	k4me1_enh	-3.123	-1.127	-0.487	-3.322	-2.743	-2.907
atac_L37419	k4me1_enh	-2.694	-0.133	-1.086	-2.456	-2.656	-3.322
atac_L39355	k4me1_enh	-2.582	-1.37	-0.196	-2.819	-2.205	-3.322
atac_L15479	k4me1_enh	-2.053	-1.248	-0.015	-2.521	-2.004	-3.218
atac_L24261	k4me1_enh	-2.026	-1.265	-0.247	-1.48	-2.57	-2.178
atac_L28157	k4me1_enh	-1.505	-1.923	-1.091	-2.071	-1.526	-1.165
atac_L07960	k4me1_enh	-2.289	-1.757	0.361	-2.819	-2.524	-1.809
atac_L33605	k4me1_enh	-0.977	-1.884	-0.141	-2.738	-1.517	-3.322
atac_L03361	k4me1_enh	-1.227	-1.543	-0.749	-1.664	-2.311	-1.811
atac_L36784	k4me1_enh	-2.611	-0.186	-0.275	-2.819	-2.829	-2.256
atac_L08736	k4me1_enh	-2.289	-1.115	-0.151	-3.322	-2.316	-1.129
atac_L18089	k4me1_enh	-2.322	0.299	-0.812	-3.322	-2.491	-3.322
atac_P03765	k4me1_enh	-1.85	-0.642	-0.173	-2.446	-2.491	-3.322
atac_L28435	k4me1_enh	-3.181	-0.976	-1.682	-2.043	-0.244	-3.137
atac_L01819	k4me1_enh	-1.647	-0.816	-0.394	-1.351	-2.36	-3.322
atac_P03303	k4me1_enh	-3	-0.84	-0.042	-1.664	-2.485	-3.322
atac_L13994	k4me1_enh	-3.322	0.721	-2.702	-3.322	-3.129	-3.322
atac_L37739	k4me1_enh	-1.936	-0.631	-0.136	-3.322	-2.175	-3.322
atac_L00367	k4me1_enh	-2.781	-1.788	-2.482	-2.05	-0.169	-1.182
atac_L03491	k4me1_enh	-3.322	-0.442	-0.333	-2.283	-2.656	-1.556
atac_L11590	k4me1_enh	-1.293	-0.119	-1.407	-2.684	-2.279	-3.322
atac_P01607	k4me1_enh	-1.71	-1.099	-1.573	-1.174	-1.18	-1.605
atac_L22553	k4me1_enh	-1.606	-0.916	-0.245	-2.151	-2.568	-3.322
atac_L22010	k4me1_enh	-2.123	-0.164	-1.58	-1.826	-3.202	-1.047
atac_L02415	k4me1_enh	-0.781	-0.895	-1.226	-1.439	-2.291	-3.322
atac_L18946	k4me1_enh	-0.81	-0.699	-0.896	-1.918	-2.36	-3.322
atac_L07096	k4me1_enh	-1.72	-0.026	-0.822	-2.795	-2.507	-2.4
atac_L39119	k4me1_enh	-1.71	-0.05	-1.076	-2.151	-2.55	-3.322
atac_L39793	k4me1_enh	-1.013	-1.071	-0.922	-2.446	-2.589	-1.629
atac_L03259	k4me1_enh	-1.948	-0.773	-1.453	-1.912	-2.36	-0.931
atac_L19101	k4me1_enh	-2.827	0.222	-1.543	-1.762	-2.241	-3.322
atac_P00389	k4me1_enh	-1.688	-1.367	-0.212	-1.607	-2.752	-3.322
atac_L00599	k4me1_enh	-1.41	-1.398	-0.059	-1.918	-2.11	-3.322
atac_L21849	k4me1_enh	-1.88	-0.863	-0.196	-2.916	-1.767	-2.742
atac_L03613	k4me1_enh	-3	-0.131	-1.481	-2.831	-1.782	-1.044
atac_L15458	k4me1_enh	-1.137	-0.368	-1.608	-3.008	-2.302	-2.01
atac_L08607	k4me1_enh	-2.827	0.043	-0.437	-3.322	-3.174	-3.322
atac_L38119	k4me1_enh	-2.415	0.216	-0.749	-2.784	-2.974	-3.322
atac_L20464	k4me1_enh	-0.093	-1.44	-2.297	-2.057	-2.1	-2.541
atac_L24497	k4me1_enh	-2.424	0.466	-2.794	-2.375	-2.098	-3.322
atac_L32059	k4me1_enh	-0.601	-1.273	-0.865	-1.797	-2.473	-3.183
atac_L25030	k4me1_enh	-1.289	-1.37	-0.745	-2.093	-2.01	-3.322
atac_L12156	k4me1_enh	-0.591	-1.277	-0.664	-2.6	-2.204	-3.018
atac_L32316	k4me1_enh	-1.043	-0.309	-0.86	-1.956	-2.574	-3.322
atac_L03260	k4me1_enh	-0.853	-1.277	-0.678	-1.193	-3.151	-3.322
atac_P06921	k4me1_enh	-2.552	-1.143	-0.083	-2.251	-2.264	-1.569
atac_L18476	k4me1_enh	-1.731	-0.598	-1.365	-1.104	-2.861	-1.896
atac_L34187	k4me1_enh	-0.176	-0.259	-3.322	-2.819	-2.621	-3.322
atac_P00390	k4me1_enh	-2.899	-1.197	-0.382	-1.152	-2.073	-2.423
atac_L26578	k4me1_enh	0.259	-1.766	-1.285	-2.483	-3.205	-3.322
atac_L03686	k4me1_enh	-1.753	-0.279	-0.992	-2.129	-1.965	-2.438
atac_L39459	k4me1_enh	-1.715	-1.079	0.03	-2.151	-2.029	-3.283
atac_L28333	k4me1_enh	-2.424	-1.211	-1.155	-2.204	-2.204	-0.494
atac_L12785	k4me1_enh	-1.505	-1.006	-1.472	-1.288	-2.539	-2.093
atac_L10096	k4me1_enh	-0.448	-2.459	-0.702	-2.968	-1.067	-2.93
atac_L17029	k4me1_enh	-0.213	-0.903	-2.81	-2.819	-2.039	-2.007
atac_L00485	k4me1_enh	-2.102	-0.231	-0.365	-2.419	-2.658	-2.944
atac_L29206	k4me1_enh	-1.833	-1.186	-0.026	-3.049	-2.619	-2.239
atac_L23466	k4me1_enh	-1.477	-1.65	-0.157	-2.673	-1.162	-3.322
atac_L31942	k4me1_enh	-1.109	-0.877	-1.481	-1.887	-1.514	-2.04
atac_L18313	k4me1_enh	-1.548	-0.878	-0.317	-2.341	-2.328	-3.322
atac_L14752	k4me1_enh	-0.762	-0.684	-2.521	-1.774	-1.913	-3.322
atac_L22422	k4me1_enh	-1.091	-0.101	-1.481	-1.983	-2.652	-3.322
atac_L31618	k4me1_enh	-1.606	0.116	-1.437	-2.275	-2.874	-3.322
atac_L34174	k4me1_enh	-1.211	-0.519	-0.591	-2.446	-2.563	-3.322
atac_L03178	k4me1_enh	-1.759	-0.075	-0.952	-2.819	-2.429	-2.569
atac_L11896	k4me1_enh	-2.088	-1.24	-1.008	-3.322	-0.9	-1.204
atac_L18764	k4me1_enh	-2.477	-1.229	0.377	-2.716	-2.928	-3.322
atac_L09146	k4me1_enh	-1.273	-1.405	-0.069	-2.158	-2.444	-3.322
atac_P04732	k4me1_enh	-2.582	-0.095	-0.869	-2.243	-2.463	-3.322
atac_L20727	k4me1_enh	-3.29	-0.957	-0.155	-2.58	-1.733	-1.663
atac_P05919	k4me1_enh	-0.5	-1.893	-0.614	-2.446	-2.061	-2.739
atac_L30979	k4me1_enh	-2.415	0.674	-2.739	-3.194	-3.07	-3.269
atac_L22778	k4me1_enh	-1.477	-0.043	-2.169	-2.502	-2.48	-1.885
atac_L12575	k4me1_enh	-0.726	-0.37	-1.465	-2.446	-2.868	-3.322
atac_L22225	k4me1_enh	-2.441	-1.37	-0.064	-1.48	-2.129	-3.322
atac_L00929	k4me1_enh	-1.074	-0.742	-0.812	-2.916	-1.452	-3.301
atac_L38664	k4me1_enh	-1.667	0.157	-2.08	-3.322	-2.175	-3.322
atac_L32697	k4me1_enh	-2.552	-2.213	0.625	-3.322	-2.974	-3.181
atac_L23036	k4me1_enh	-1.781	-0.934	-0.043	-3.225	-3.026	-3.322
atac_L27665	k4me1_enh	-2.289	0.524	-3.322	-2.307	-2.792	-3.322
atac_L08973	k4me1_enh	-1.742	0.053	-1.955	-3.062	-2.494	-1.614
atac_L25053	k4me1_enh	-1.464	-0.116	-2.134	-2.819	-2.033	-2.359
atac_L08018	k4me1_enh	-0.67	-0.996	-0.743	-2.136	-2.133	-3.322
atac_L10991	k4me1_enh	-1.942	0.305	-2.164	-2.819	-2.06	-3.322
atac_L00680	k4me1_enh	-1.533	-0.268	-0.753	-3.322	-2.001	-3.322
atac_L37424	k4me1_enh	0.042	-1.616	-1.938	-2.456	-1.69	-2.909
atac_P06740	k4me1_enh	-2.355	0.178	-1.365	-2.243	-2.786	-3.322
atac_L12430	k4me1_enh	-2.38	-1.31	0.003	-2.795	-2.64	-3.322
atac_L15204	k4me1_enh	-1.787	-1.13	-0.576	-2.151	-2.208	-1.362
atac_L24395	k4me1_enh	-2.468	-1.795	-0.764	-1.944	-2.893	-3.322
atac_L11875	k4me1_enh	-3.322	-0.839	-0.399	-2.446	-3.06	-3.322
atac_L23165	k4me1_enh	-1.25	0.016	-1.738	-2.375	-2.969	-2.628
atac_L03795	k4me1_enh	-0.795	0.171	-2.366	-2.968	-3.194	-3.322
atac_L38436	k4me1_enh	-1.874	-1.661	0.046	-2.684	-1.827	-3.322
atac_L14026	k4me1_enh	-2.211	0.217	-2.609	-3.322	-2.801	-2.405
atac_L22425	k4me1_enh	0.058	-1.065	-1.374	-3.322	-2.861	-3.322
atac_L31493	k4me1_enh	-0.606	-0.156	-2.084	-2.151	-2.561	-3.322
atac_L33449	k4me1_enh	-1.731	-0.397	-0.932	-1.832	-2.23	-2.423
atac_L01744	k4me1_enh	-2.219	-0.468	-0.644	-1.832	-2.631	-2.318
atac_L41117	k4me1_enh	-3.053	-0.157	-0.505	-2.807	-3.116	-1.997
atac_L25756	k4me1_enh	-0.181	-1.365	-1.546	-1.643	-2.827	-3.322
atac_P01831	k4me1_enh	0.256	-1.641	-2.408	-2.341	-2.508	-3.154
atac_L36338	k4me1_enh	-1.347	-0.944	-0.637	-1.874	-2.172	-1.934
atac_L08978	k4me1_enh	-1.464	-1.992	-0.717	-2.259	-2.118	-1.908
atac_L29159	k4me1_enh	-2.704	-0.617	-0.877	-1.723	-2.221	-1.966
atac_L24931	k4me1_enh	-1.538	-0.168	-1.697	-2.043	-2.505	-3.322
atac_L07729	k4me1_enh	-2.13	-1.766	-0.924	-2.037	-1.925	-2.82
atac_L33242	k4me1_enh	-1.742	-1.047	-1.135	-1.729	-1.574	-2.631
atac_L33936	k4me1_enh	-1.748	0.168	-1.546	-2.078	-2.524	-3.322
atac_L28065	k4me1_enh	-0.945	-1.198	-0.552	-2.107	-1.963	-3.081
atac_L12268	k4me1_enh	-2.406	0.056	-1.013	-2.819	-1.988	-3.322
atac_L25277	k4me1_enh	-2.167	0.583	-2.81	-2.531	-2.881	-3.322
atac_L12835	k4me1_enh	-1.265	-0.47	-0.516	-2.307	-2.472	-3.322
atac_P03536	k4me1_enh	-2.505	-1.587	0.296	-2.55	-2.309	-3.322
atac_L23049	k4me1_enh	-1.572	0.492	-2.732	-2.819	-3.014	-3.322
atac_L13171	k4me1_enh	-0.886	-1.86	-2.794	-1.85	-1.395	-0.737
atac_L27982	k4me1_enh	-2.862	-0.079	-0.937	-1.513	-2.877	-2.61
atac_L21937	k4me1_enh	-1.621	-1.003	-0.337	-2.251	-2.283	-3.322
atac_L38661	k4me1_enh	-1.281	-0.579	-1.088	-2.493	-2.959	-1.282
atac_L06695	k4me1_enh	-2.827	-2.178	0	-2.151	-3.234	-1.793
atac_L26925	k4me1_enh	-0.291	-0.516	-1.704	-2.641	-2.733	-3.322
atac_L07675	k4me1_enh	-1.06	-0.669	-0.665	-3.322	-2.168	-2.785
atac_L07794	k4me1_enh	-0.899	-1.025	-2.384	-1.653	-1.316	-3.03
atac_L25146	k4me1_enh	-1.731	-0.761	-0.709	-2.446	-1.597	-2.696
atac_L27309	k4me1_enh	-2.948	-1.185	-0.117	-2.738	-2.231	-1.68
atac_L39292	k4me1_enh	-2.389	-1.014	-1.178	-2.446	-2.722	-2.516
atac_L27851	k4me1_enh	-0.609	-0.86	-1.395	-2.819	-1.803	-2.327
atac_L35427	k4me1_enh	-2.533	-1.007	-1.057	-0.97	-2.11	-1.94
atac_L31605	k4me1_enh	-2.459	0.093	-1.731	-1.566	-2.781	-2.172
atac_L07191	k4me1_enh	-1.109	-0.652	-0.511	-2.456	-2.191	-3.322
atac_L25248	k4me1_enh	-1.929	-1.348	-0.24	-1.68	-2.926	-2.765
atac_L39137	k4me1_enh	-2.621	-1.238	0.042	-2.173	-1.964	-3.322
atac_L06552	k4me1_enh	-0.737	-1.337	-1.189	-1.394	-1.665	-3.322
atac_L29259	k4me1_enh	-1.759	0.242	-1.625	-2.446	-2.779	-3.322
atac_L09957	k4me1_enh	-2.347	-0.757	-0.877	-1.351	-2.324	-3.322
atac_L29154	k4me1_enh	-1.621	0.018	-1.105	-2.891	-2.202	-3.322
atac_L07317	k4me1_enh	-3.322	-0.246	-1.266	-2.819	-3.279	-0.522
atac_P07048	k4me1_enh	-1.036	-0.653	-1.048	-1.648	-2.604	-3.322
atac_L05163	k4me1_enh	-2.204	-1.35	-0.612	-1.359	-3.029	-1.395
atac_P02142	k4me1_enh	-0.654	-0.811	-1.853	-1.167	-2.425	-3.322
atac_L10525	k4me1_enh	-1.647	-0.545	-1.128	-1.674	-2.581	-2.443
atac_L20648	k4me1_enh	-1.77	-0.921	-1.362	-1.82	-2.419	-1.38
atac_P03282	k4me1_enh	-2.496	-1.186	-0.871	-2.819	-2.623	-0.45
atac_P07042	k4me1_enh	-1.376	-0.909	-0.405	-2.772	-2.967	-2.094
atac_L28311	k4me1_enh	-1.827	-1.03	-0.698	-2.393	-2.117	-2.458
atac_L01801	k4me1_enh	-1.577	-0.779	-3.255	-1.205	-1.655	-2.01
atac_L38428	k4me1_enh	-2.189	-0.727	-1.407	-3.194	-2.122	-1.103
atac_L00962	k4me1_enh	-2.611	-2.128	0.054	-3.322	-2.503	-1.874
atac_L39166	k4me1_enh	-1.119	-1.421	-0.482	-2.819	-2.072	-3.018
atac_P03564	k4me1_enh	-0.505	-0.766	-3.322	-1.862	-2.358	-2.589
atac_L20263	k4me1_enh	-3.322	0.263	-2	-2.358	-1.961	-2.161
atac_L29103	k4me1_enh	-1.297	0.015	-2.114	-1.368	-3.11	-3.322
atac_L09363	k4me1_enh	-2.533	-1.055	-0.619	-2.393	-1.812	-1.306
atac_P02657	k4me1_enh	-2.088	-1.735	-0.478	-2.114	-1.404	-2.316
atac_L23206	k4me1_enh	-1.715	-0.504	-1.788	-1.78	-1.3	-3.322
atac_L03767	k4me1_enh	-3.322	-1.649	-0.326	-2.56	-2.872	-3.322
atac_L36739	k4me1_enh	-1.33	-0.601	-0.397	-2.819	-3.055	-3.322
atac_L09496	k4me1_enh	-1.112	-0.53	-1.604	-2.307	-1.447	-2.431
atac_L10085	k4me1_enh	-1.673	-0.058	-1.895	-3.322	-1.725	-2.787
atac_L20497	k4me1_enh	-0.45	-0.871	-1.54	-2.819	-2.407	-3.322
atac_P02852	k4me1_enh	-2.632	-0.859	-0.83	-2.942	-0.874	-1.935
atac_L29081	k4me1_enh	-2	0.04	-0.651	-2.795	-2.942	-3.322
atac_L08055	k4me1_enh	-1.185	-2.206	-0.27	-2.521	-2.192	-2.513
atac_P01320	k4me1_enh	-0.662	-0.96	-1.204	-1.874	-2.135	-3.322
atac_L06713	k4me1_enh	-0.945	-0.046	-3.322	-2.41	-2.392	-3.322
atac_P01724	k4me1_enh	-0.477	-1.829	-0.523	-1.905	-2.979	-3.322
atac_L03984	k4me1_enh	-0.868	-0.79	-1.428	-2.446	-2.309	-1.972
atac_L33360	k4me1_enh	-3.322	-0.035	-0.919	-1.976	-3.052	-3.322
atac_L12031	k4me1_enh	-2.181	-1.248	-0.642	-1.653	-1.71	-3.322
atac_L24173	k4me1_enh	-2.281	0.12	-2.568	-2.819	-1.86	-2.895
atac_L33471	k4me1_enh	-2.167	-0.704	-1.828	-2.446	-2.139	-0.593
atac_L35365	k4me1_enh	-1.006	-1.891	-0.917	-1.561	-2.627	-1.809
atac_L33351	k4me1_enh	-0.647	-1.854	-1.643	-2.819	-1.975	-0.755
atac_L34499	k4me1_enh	-2.487	-0.069	-0.628	-3.322	-2.288	-3.322
atac_L29312	k4me1_enh	-1.626	-0.701	-0.826	-2.662	-2.073	-1.649
atac_L39299	k4me1_enh	-2.632	-1.572	-0.163	-2.291	-2.241	-1.742
atac_L00486	k4me1_enh	-2.289	-0.114	-1.204	-1.745	-2.68	-3.322
atac_L07815	k4me1_enh	-1.923	0.093	-2.935	-2.55	-2.503	-1.311
atac_L06322	k4me1_enh	-1.833	0.331	-2.2	-3.322	-2.796	-2.742
atac_P00133	k4me1_enh	-1.961	-1.695	-0.013	-2.437	-2.684	-2.154
atac_L18800	k4me1_enh	-1.464	-0.538	-1.212	-2.393	-2.129	-2.705
atac_P02115	k4me1_enh	-2.347	-0.186	-0.84	-2.819	-2.79	-3.258
atac_L11974	k4me1_enh	-1.753	-1.066	-0.842	-2.196	-2.727	-2.21
atac_L00357	k4me1_enh	-2.406	-0.903	-1.283	-1.174	-2.401	-1.313
atac_L15046	k4me1_enh	-2.827	-0.373	-0.252	-2.41	-2.979	-3.285
atac_L27177	k4me1_enh	-2.827	-0.222	-0.907	-1.571	-2.694	-3.322
atac_L36248	k4me1_enh	-1.596	-0.733	-0.352	-2.994	-2.271	-3.2
atac_L39183	k4me1_enh	-1.748	-0.949	-0.274	-2.819	-2.75	-2.891
atac_L10049	k4me1_enh	-1.297	-1.401	-0.656	-1.905	-2.458	-2.528
atac_L31409	k4me1_enh	-2.167	-0.881	-0.684	-1.826	-2.552	-2.347
atac_L04650	k4me1_enh	-0.512	-1.45	-1.008	-2.085	-2.606	-2.272
atac_L20647	k4me1_enh	-1.41	-2.01	-0.139	-3.119	-2.1	-2.357
atac_L27833	k4me1_enh	-2.159	-1.077	-0.952	-3.076	-2.517	-0.566
atac_L20790	k4me1_enh	-1.03	-1.516	-1.383	-1.313	-2.092	-1.769
atac_L33694	k4me1_enh	-2.33	0.049	-1.861	-2.446	-2.215	-1.873
atac_L14171	k4me1_enh	-1.519	-1.573	-0.467	-2.107	-2.419	-1.362
atac_L20514	k4me1_enh	-1.626	-0.748	-1.89	-1.97	-2.376	-1.615
atac_P05977	k4me1_enh	-1.468	-1.166	-0.717	-1.976	-2.877	-1.192
atac_L32488	k4me1_enh	-2.715	-0.132	-0.542	-2.227	-2.818	-3.322
atac_L08058	k4me1_enh	-2.25	-0.759	-0.431	-3.322	-3.024	-1.187
atac_L31194	k4me1_enh	-2.673	0.309	-3.322	-2.446	-2.066	-3.322
atac_L31382	k4me1_enh	-0.54	-1.665	-0.99	-1.351	-2.832	-3.322
atac_L11142	k4me1_enh	-2.174	0.314	-1.57	-2.58	-3.261	-3.322
atac_L15593	k4me1_enh	-0.616	-1.919	-0.774	-2.784	-1.965	-2.243
atac_L03701	k4me1_enh	-2.174	0.247	-3.244	-2.291	-2.57	-1.691
atac_L07195	k4me1_enh	-1.833	-1.072	-1.56	-2.151	-2.31	-0.738
atac_L06427	k4me1_enh	-3.167	0.504	-1.566	-2.867	-3.291	-3.322
atac_P00440	k4me1_enh	-1.845	-1.099	-0.192	-2.151	-2.672	-3.322
atac_L38147	k4me1_enh	-0.591	-2.324	-0.747	-2.057	-1.739	-3.322
atac_L28739	k4me1_enh	-1.967	-1.369	-0.928	-1.527	-2.76	-3.322
atac_L02509	k4me1_enh	-2.862	0.36	-1.242	-3.322	-2.991	-3.196
atac_L08757	k4me1_enh	-1.178	-1.621	-1.001	-0.951	-2.686	-3.322
atac_L31489	k4me1_enh	-1.929	0.257	-2.909	-1.844	-2.672	-3.322
atac_L35451	k4me1_enh	-1.98	-1.773	-0.782	-1.317	-2.112	-1.822
atac_L10557	k4me1_enh	-1.424	-0.434	-1.453	-2.929	-2.01	-3.322
atac_P05885	k4me1_enh	-2.936	-1.222	0.174	-2.58	-2.526	-3.322
atac_L26933	k4me1_enh	-2.552	0.537	-2.739	-3.322	-2.914	-3.322
atac_L03258	k4me1_enh	-3.322	-1.638	-1.274	-2.819	-2.311	-0.359
atac_L19147	k4me1_enh	-2.314	-0.569	-0.888	-2.143	-1.66	-3.322
atac_P04945	k4me1_enh	-1.487	-1.248	-1.59	-0.909	-1.032	-3.322
atac_L03084	k4me1_enh	-1.845	-1.561	-0.519	-1.313	-2.211	-3.322
atac_L36219	k4me1_enh	-0.252	-0.726	-1.796	-2.994	-2.442	-3.119
atac_L17013	k4me1_enh	-1.683	-0.781	-0.647	-2.211	-2.241	-3.322
atac_L21813	k4me1_enh	-2.543	-0.796	-0.04	-2.819	-2.935	-3.322
atac_L25355	k4me1_enh	-0.564	-1.094	-1.719	-2.093	-2.725	-3.322
atac_L33622	k4me1_enh	-2.33	-0.569	-0.327	-2.493	-3.196	-3.322
atac_L07725	k4me1_enh	-1.798	-1.867	-0.222	-2.064	-1.931	-3.322
atac_L25736	k4me1_enh	-2.033	-0.241	-1.553	-1.696	-2.336	-3.322
atac_L10040	k4me1_enh	-1.942	-0.545	-0.977	-2.456	-1.984	-2.378
atac_L02856	k4me1_enh	-2.459	-1.159	0.022	-1.905	-3.113	-2.988
atac_L06568	k4me1_enh	-2.347	0.031	-1.328	-3.322	-2.131	-3.036
atac_L02423	k4me1_enh	-2.862	-0.603	-1.604	-3.035	-2.788	-0.42
atac_P02778	k4me1_enh	-1.856	-1.616	-1.491	-1.905	-2.419	-0.384
atac_L23048	k4me1_enh	-0.723	-0.651	-0.93	-3.322	-2.387	-3.322
atac_L19114	k4me1_enh	-3.322	0.129	-0.915	-3.322	-2.189	-3.322
atac_L27949	k4me1_enh	-0.798	-1.447	-0.566	-2.855	-2.127	-3.322
atac_L03358	k4me1_enh	-1.432	-2.109	-0.195	-1.856	-2.814	-3.322
atac_L33513	k4me1_enh	-1.016	-0.723	-0.974	-1.918	-2.688	-3.322
atac_L36056	k4me1_enh	-2.582	-0.664	-0.484	-2.694	-1.972	-2.182
atac_L33280	k4me1_enh	-1.181	-0.445	-1.11	-2.043	-2.652	-2.648
atac_L15480	k4me1_enh	-1.759	-1.036	-0.881	-1.212	-2.555	-2.628
atac_L37351	k4me1_enh	-1.886	-0.334	-0.693	-3.322	-2.429	-3.322
atac_P03730	k4me1_enh	-1.41	-1.298	-1.072	-1.485	-2.118	-2.522
atac_L10543	k4me1_enh	-2.159	-0.894	-0.208	-2.57	-2.561	-3.322
atac_L02023	k4me1_enh	-2.737	0.104	-1.632	-2.384	-1.856	-2.872
atac_L08859	k4me1_enh	-1.505	-1.929	-1.242	-2.151	-3.143	-1.1
atac_L37649	k4me1_enh	-1.631	-1.132	-1.664	-2.761	-2.928	-0.451
atac_L14079	k4me1_enh	-2.088	-0.06	-1.536	-3.134	-2.512	-3.322
atac_L14220	k4me1_enh	-1.163	-0.484	-1.06	-2.521	-2.378	-2.672
atac_L35683	k4me1_enh	-2	-0.104	-0.9	-2.419	-2.803	-3.322
atac_L25364	k4me1_enh	-0.812	-1.282	-1.319	-2.727	-1.967	-2.172
atac_L20465	k4me1_enh	-3.081	-0.108	-2.084	-2.705	-3.171	-0.896
atac_L34291	k4me1_enh	-3.322	0.48	-1.955	-3.209	-2.249	-3.322
atac_L34993	k4me1_enh	-1.905	-0.918	-0.768	-2.968	-1.792	-2.91
atac_L20420	k4me1_enh	-1.776	-1.054	-0.547	-2.541	-1.41	-3.322
atac_L15318	k4me1_enh	-2.948	0.536	-2.47	-3.076	-2.313	-3.322
atac_L20929	k4me1_enh	-2.123	-1.142	-0.915	-1.774	-2.881	-3.322
atac_L00677	k4me1_enh	-2.827	-0.738	-1.845	-2.819	-2.144	-3.115
atac_L37172	k4me1_enh	-0.415	-1.01	-3.322	-2.143	-1.122	-3.322
atac_L25616	k4me1_enh	-1.397	-0.146	-1.069	-2.819	-2.823	-3.322
atac_L22868	k4me1_enh	-3.322	-1.532	-0.17	-2.367	-2.182	-2.813
atac_L33623	k4me1_enh	-1.942	-0.93	-1.166	-2.6	-2.227	-1.07
atac_P07035	k4me1_enh	-2.137	-0.269	-0.911	-2.188	-3.073	-1.985
atac_L25579	k4me1_enh	-2.13	-1.198	-0.569	-1.182	-2.756	-2.267
atac_L02304	k4me1_enh	-2.759	-1.143	-0.116	-1.905	-2.08	-3.322
atac_L13820	k4me1_enh	-0.601	-1.974	-1.517	-2.819	-2.412	-0.978
atac_L28455	k4me1_enh	-1.105	-0.378	-1.181	-2.819	-2.155	-3.322
atac_L32303	k4me1_enh	-2.804	-1.785	0.204	-1.696	-2.66	-3.322
atac_L22124	k4me1_enh	-0.01	-1.657	-2.574	-1.956	-2.048	-2.961
atac_L22111	k4me1_enh	-1.223	-0.481	-2.309	-2.61	-2.092	-1.941
atac_L06505	k4me1_enh	-2.748	0.282	-2.623	-2.521	-2.239	-2.757
atac_L17301	k4me1_enh	-1.704	-0.475	-1.02	-3.322	-2.308	-3.322
atac_L09071	k4me1_enh	-1.393	-0.484	-0.495	-2.879	-3.322	-3.322
atac_L22240	k4me1_enh	-2.459	-0.729	-0.112	-2.151	-2.964	-3.322
atac_L08252	k4me1_enh	-2.081	-2.201	0.081	-2.684	-3.076	-1.799
atac_L29798	k4me1_enh	-2.204	-0.123	-0.646	-3.322	-2.636	-3.322
atac_P00455	k4me1_enh	-0.172	-0.833	-2.521	-1.905	-2.521	-3.322
atac_L06202	k4me1_enh	-1.942	-0.909	-0.459	-2.843	-2.454	-3.322
atac_L18027	k4me1_enh	-1.334	-1.111	-0.988	-1.643	-2.945	-3.322
atac_L22978	k4me1_enh	-2.632	-1.682	-0.077	-2.267	-2.409	-2.275
atac_L02318	k4me1_enh	-0.971	-0.884	-1.404	-1.893	-1.942	-3.322
atac_L23020	k4me1_enh	-2.266	-0.393	-1.231	-2.968	-2.05	-3.322
atac_P04881	k4me1_enh	-1.529	-1.974	-0.591	-2.003	-2.472	-1.565
atac_L33511	k4me1_enh	-2.987	-0.581	-0.832	-2.819	-3.211	-1.911
atac_L14044	k4me1_enh	-2.961	0.235	-1.734	-2.662	-2.952	-2.538
atac_L20466	k4me1_enh	-1.694	-1.48	-0.16	-2.259	-2.933	-3.322
atac_L12985	k4me1_enh	-2.152	-1.332	-0.774	-1.874	-1.262	-1.873
atac_L08748	k4me1_enh	-0.489	-2.128	-0.726	-1.664	-2.955	-3.322
atac_L26064	k4me1_enh	-2.167	-1.052	-0.247	-2.727	-2.139	-3.322
atac_L28472	k4me1_enh	-2.167	-0.809	-0.715	-1.791	-2.745	-3.322
atac_L13161	k4me1_enh	-2.459	-0.934	-0.97	-1.355	-2.256	-2.423
atac_L24523	k4me1_enh	-1.293	-1.865	-0.284	-2.219	-2.935	-2.136
atac_L21779	k4me1_enh	-1.678	-1.005	-0.926	-1.144	-2.756	-3.322
atac_L05608	k4me1_enh	-1.538	-0.391	-2.089	-3.241	-1.363	-3.322
atac_L10099	k4me1_enh	-0.621	-0.757	-2.232	-1.844	-2.074	-3.322
atac_L39958	k4me1_enh	-2.827	-0.382	-0.438	-3.322	-2.636	-2.505
atac_L01774	k4me1_enh	-2.459	-1.253	-0.234	-2.316	-2.363	-2.147
atac_L27988	k4me1_enh	-1.845	-0.17	-0.977	-2.333	-3.279	-2.97
atac_L33302	k4me1_enh	-1.067	-1.256	-1.462	-2.016	-2.376	-2.451
atac_L38255	k4me1_enh	-1.17	-2.284	-0.284	-3.322	-3.037	-1.081
atac_L23222	k4me1_enh	-1.596	-2.115	-0.135	-2.784	-1.799	-2.172
atac_L29383	k4me1_enh	-2.047	-0.824	-0.314	-2.819	-2.27	-3.322
atac_L15037	k4me1_enh	-1.77	-1.282	-1.076	-1.355	-2.23	-1.546
atac_L13393	k4me1_enh	-1.936	-1.429	-0.542	-1.718	-2.838	-3.322
atac_L29438	k4me1_enh	-2.074	-2.062	-0.387	-3.322	-2.733	-0.816
atac_L31710	k4me1_enh	-1.662	-1.111	-1.462	-2.275	-2.086	-1.046
atac_L34555	k4me1_enh	-2.289	0.369	-2	-2.819	-3.076	-2.777
atac_L18482	k4me1_enh	-3.109	-1.98	-0.339	-2.474	-2.623	-1.012
atac_P06700	k4me1_enh	-1.621	-0.907	-0.538	-2.483	-2.67	-2.979
atac_L02239	k4me1_enh	-2.25	-1.376	-0.204	-1.74	-2.503	-3.322
atac_L31868	k4me1_enh	-2.167	-1.956	0.015	-1.552	-2.296	-3.113
atac_L27261	k4me1_enh	-2.459	-0.703	-0.237	-2.6	-2.368	-3.322
atac_L17123	k4me1_enh	-1.514	-0.543	-1.013	-2.151	-2.407	-3.322
atac_L08891	k4me1_enh	-1.905	-0.527	-1.336	-1.862	-1.798	-3.322
atac_L06443	k4me1_enh	-1.524	-2.319	-1.55	-0.587	-2.151	-2.888
atac_L01116	k4me1_enh	-3	-0.566	-1.8	-3.322	-2.15	-0.88
atac_L13611	k4me1_enh	-1.948	-0.624	-0.848	-1.576	-2.283	-3.322
atac_L13807	k4me1_enh	-0.977	-0.722	-1.995	-1.814	-1.806	-3.322
atac_L10788	k4me1_enh	-2.196	-2.024	-0.065	-2.795	-2.952	-1.376
atac_L07384	k4me1_enh	-2.611	-0.649	-0.862	-1.983	-2.206	-3.322
atac_L02314	k4me1_enh	-3.322	-0.914	0.099	-3.322	-2.69	-3.231
atac_L21781	k4me1_enh	-2.305	-0.781	-0.443	-1.768	-2.239	-3.322
atac_L15308	k4me1_enh	-1.13	-0.963	-0.621	-2.341	-2.131	-3.322
atac_L14319	k4me1_enh	-2.77	0.332	-2.36	-2.402	-2.541	-3.322
atac_P02932	k4me1_enh	-1.067	-2.297	-0.233	-2.705	-2.246	-3.322
atac_L36054	k4me1_enh	-1.764	-2.185	-1.398	-2.349	-1.843	-0.597
atac_P01624	k4me1_enh	-1.424	-1.356	-0.07	-3.322	-2.585	-3.322
atac_L22666	k4me1_enh	-1.596	-0.407	-1.395	-2.738	-2.389	-3.322
atac_L04322	k4me1_enh	-2.167	-1.956	0.009	-3.035	-2.635	-2.161
atac_L38408	k4me1_enh	-0.987	-0.492	-1.533	-2.291	-2.482	-3.322
atac_L06484	k4me1_enh	-1.269	-2.841	-0.309	-1.797	-2.165	-3.322
atac_L13838	k4me1_enh	-1.683	-0.578	-0.607	-2.879	-2.354	-3.294
atac_L18779	k4me1_enh	-2.827	-0.619	-0.285	-3.322	-2.623	-3.231
atac_L12576	k4me1_enh	-1.17	-0.564	-1.903	-2.071	-2.311	-2.223
atac_L32245	k4me1_enh	-2.45	-0.874	-1.45	-2.136	-2.419	-0.995
atac_L17320	k4me1_enh	-2.459	-1.065	-0.175	-2.009	-2.72	-3.322
atac_L06007	k4me1_enh	-2.827	-1.727	-0.624	-1.513	-2.302	-1.32
atac_L33478	k4me1_enh	-1.03	-0.876	-1.734	-2.716	-1.357	-3.322
atac_L36611	k4me1_enh	-0.328	-1.867	-2.129	-1.485	-2.392	-3.322
atac_L05697	k4me1_enh	-1.285	-0.77	-1.316	-2.188	-3.086	-1.897
atac_L31553	k4me1_enh	-2.936	-1.254	-0.257	-1.918	-2.414	-3.322
atac_L08897	k4me1_enh	-2.827	0.333	-1.632	-3.322	-2.664	-3.322
atac_L24325	k4me1_enh	-1.372	-1.443	-0.578	-1.557	-2.55	-3.276
atac_L22176	k4me1_enh	-1.815	-1.107	-0.217	-3.149	-3.029	-3.322
atac_L02225	k4me1_enh	-1.652	-1.21	-0.963	-3.322	-1.597	-1.809
atac_L03017	k4me1_enh	-2.242	-0.76	-1.247	-1.224	-1.8	-3.322
atac_L03877	k4me1_enh	-2.196	-0.548	-0.995	-2.56	-2.503	-1.866
atac_L03980	k4me1_enh	-1.419	-0.307	-1.316	-2.58	-2.243	-2.843
atac_L15090	k4me1_enh	-0.691	-1.638	-2.099	-1.627	-2.243	-1.579
atac_P06199	k4me1_enh	-1.839	-1.599	-0.252	-2.819	-2.594	-2.311
atac_P02415	k4me1_enh	-0.712	-0.943	-1.53	-2.211	-2.648	-2.742
atac_L29445	k4me1_enh	-1.715	-1.639	-0.591	-2.151	-2.142	-2.27
atac_L33363	k4me1_enh	-1.804	-1.262	-0.39	-1.643	-2.48	-3.322
atac_L30373	k4me1_enh	-1.974	-1.188	0.108	-2.968	-2.771	-3.322
atac_L07618	k4me1_enh	-2.167	0.229	-1.504	-3.322	-3.322	-3.322
atac_L32511	k4me1_enh	-0.77	-1.054	-0.842	-2.541	-2.909	-3.322
atac_L18101	k4me1_enh	-2.793	-0.496	-0.9	-2.393	-2.756	-3.322
atac_L04912	k4me1_enh	-3.322	-0.007	-1.632	-2.446	-1.611	-3.322
atac_L31195	k4me1_enh	-2.355	-0.662	-0.875	-1.905	-2.825	-3.322
atac_L03374	k4me1_enh	-1.166	-0.785	-2.119	-1.868	-1.071	-3.322
atac_P03505	k4me1_enh	-2.074	-1.294	-1.148	-1.466	-2.368	-1.757
atac_L21816	k4me1_enh	-1.596	-2.473	-0.486	-1.924	-1.566	-3.152
atac_L28460	k4me1_enh	-2.389	0.045	-1.351	-2.819	-2.466	-3.322
atac_L12257	k4me1_enh	-1.611	-1.001	-0.828	-1.334	-2.439	-3.322
atac_L38188	k4me1_enh	-3.322	-0.154	-1.001	-2.446	-1.785	-3.322
atac_L24971	k4me1_enh	-2.715	-2.284	-0.417	-1.797	-2.799	-1.941
atac_P02043	k4me1_enh	-1.967	-1.409	-1.285	-1.696	-2.424	-1.225
atac_L30996	k4me1_enh	-2.683	-1.117	-0.356	-1.963	-2.574	-3.175
atac_L05855	k4me1_enh	-2.314	-0.78	-1.202	-1.513	-1.663	-3.322
atac_L10310	k4me1_enh	-1.013	-1.132	-0.667	-3.322	-2.436	-3.322
atac_L02134	k4me1_enh	-2.441	-1.185	-1.348	-2.446	-2.052	-2.401
atac_L27902	k4me1_enh	-1.45	-1.575	-1.022	-1.079	-1.871	-3.322
atac_P05667	k4me1_enh	-0.72	-1.066	-2.337	-3.322	-2.81	-0.925
atac_L39848	k4me1_enh	-2.053	0.122	-2.396	-2.251	-2.349	-3.322
atac_L14890	k4me1_enh	-1.322	-1.479	-0.97	-1.734	-3.029	-2.349
atac_L07267	k4me1_enh	-1.667	-0.516	-1.069	-2.093	-2.143	-3.322
atac_L19472	k4me1_enh	-2.477	0.327	-2.739	-2.446	-2.294	-3.322
atac_L18828	k4me1_enh	-1.715	-0.625	-0.649	-2.446	-2.841	-3.03
atac_P00755	k4me1_enh	-0.654	-0.764	-1.41	-2.843	-2.957	-2.979
atac_L36416	k4me1_enh	-1.45	-1.684	-0.406	-2.419	-2.36	-1.993
atac_L33138	k4me1_enh	-1.748	-0.604	-2.089	-3.179	-2.415	-2.903
atac_L03498	k4me1_enh	-1.215	-1.933	-0.997	-2.358	-2.259	-1.205
atac_L28041	k4me1_enh	-2.459	-0.574	-0.968	-2.483	-2.347	-2.1
atac_L31342	k4me1_enh	-2.06	-0.937	-0.289	-3.322	-1.952	-3.322
atac_L14973	k4me1_enh	-0.688	-0.559	-2.651	-2.446	-1.905	-3.322
atac_L36858	k4me1_enh	-1.127	-1.752	-1.453	-1.232	-2.302	-3.177
atac_P06814	k4me1_enh	-2.591	-0.317	-0.913	-2.446	-1.914	-3.322
atac_L33930	k4me1_enh	-0.993	-0.504	-1.444	-3.289	-2.244	-3.322
atac_L31588	k4me1_enh	-1.376	-0.519	-1.202	-1.838	-2.302	-3.322
atac_L39325	k4me1_enh	-1.647	-1.717	-0.2	-3.322	-2.402	-3.258
atac_L20500	k4me1_enh	-1.314	-1.042	-0.375	-2.631	-2.986	-3.322
atac_L17434	k4me1_enh	-1.715	-1.153	-0.619	-2.58	-2.389	-2.639
atac_L36141	k4me1_enh	-2.827	0.219	-1.788	-2.819	-2.638	-3.322
atac_L13430	k4me1_enh	-2.827	-1.231	-0.476	-2.367	-2.262	-2.304
atac_L00753	k4me1_enh	-1.874	-0.879	-1.368	-2.446	-2.523	-1.193
atac_L17382	k4me1_enh	-1.71	-2.12	0.172	-2.446	-2.964	-3.322
atac_L25767	k4me1_enh	-2.174	-1.227	-0.749	-2.129	-1.869	-3.322
atac_L00408	k4me1_enh	-0.584	-1.941	-1.199	-1.342	-2.449	-2.838
atac_P06492	k4me1_enh	-1.577	-1.141	-1.263	-2.493	-2.066	-1.498
atac_L30785	k4me1_enh	-1.277	-0.585	-0.968	-2.483	-2.548	-3.322
atac_L16935	k4me1_enh	-2.827	-0.856	-0.871	-2.465	-1.308	-2.581
atac_L12797	k4me1_enh	-1.862	-1.312	-0.343	-3.322	-2.617	-3.322
atac_L23277	k4me1_enh	-3.322	-2.028	-0.084	-1.197	-2.775	-3.322
atac_L20809	k4me1_enh	-2.827	-1.156	-0.412	-1.874	-1.901	-2.75
atac_L33078	k4me1_enh	-1.053	-1.543	-1.583	-2.521	-1.095	-2.628
atac_L20931	k4me1_enh	-1.289	-1.535	-0.429	-3.091	-2.311	-2.825
atac_L17402	k4me1_enh	-2.211	-1.098	-0.639	-1.734	-2.026	-2.781
atac_L26402	k4me1_enh	-1.326	-1.455	-0.334	-2.819	-1.999	-3.322
atac_L16895	k4me1_enh	-2.04	-2.457	-0.346	-3.149	-2.974	-1.75
atac_L35627	k4me1_enh	-1.804	0.023	-3.212	-1.931	-2.773	-3.322
atac_P01556	k4me1_enh	-1.219	-0.975	-1.964	-1.581	-1.609	-3.322
atac_L37663	k4me1_enh	-1.265	-1.591	-1.716	-2.446	-1.575	-1.077
atac_L29703	k4me1_enh	-3.081	-0.881	0.018	-3.241	-2.834	-3.322
atac_L29435	k4me1_enh	-2.533	-1.405	-0.597	-2.166	-3.267	-1.01
atac_L10593	k4me1_enh	-2.459	-1.144	-0.31	-2.819	-2.355	-3.322
atac_L27831	k4me1_enh	-1.688	-1.45	-1.302	-1.658	-2.019	-2.914
atac_L27554	k4me1_enh	-3.322	-0.607	-1.701	-3.322	-1.541	-2.84
atac_L39711	k4me1_enh	-1.862	-1.398	-1.882	-2.009	-0.582	-3.192
atac_L05866	k4me1_enh	-1.631	-2.56	-0.724	-1.571	-1.956	-2.354
atac_L00534	k4me1_enh	-1.116	-0.702	-0.917	-2.75	-2.619	-3.322
atac_L39733	k4me1_enh	-2.167	-1.102	-1.704	-1.983	-2.184	-0.725
atac_L07406	k4me1_enh	-1.273	-2.018	-0.593	-2.428	-2.546	-1.615
atac_L13733	k4me1_enh	-1.277	-1.646	-1.244	-1.97	-2.088	-3.322
atac_L15369	k4me1_enh	-0.244	-1.599	-2.099	-1.674	-2.29	-2.909
atac_L18763	k4me1_enh	-1.234	-1.633	-0.489	-3.035	-1.874	-3.322
atac_L33361	k4me1_enh	-2.974	-3.043	-1.091	-3.322	-2.729	0.104
atac_L39637	k4me1_enh	-1.13	-1.792	-0.264	-3.209	-2.725	-2.613
atac_P04258	k4me1_enh	-1.2	-1.187	-1.416	-2.819	-1.822	-1.582
atac_L23145	k4me1_enh	-2.415	-0.997	-1.462	-2.057	-1.108	-1.721
atac_L29000	k4me1_enh	-2.289	-1.291	-0.417	-2.819	-1.644	-3.322
atac_L15411	k4me1_enh	-2.026	-1.852	0.015	-1.762	-2.942	-3.322
atac_L23989	k4me1_enh	-3.322	-0.959	-1.06	-1.74	-2.619	-1.245
atac_L03439	k4me1_enh	-2.088	-1.132	-0.396	-2.043	-2.758	-3.166
atac_L10294	k4me1_enh	-2.911	0.11	-1.504	-2.819	-2.66	-3.322
atac_L06483	k4me1_enh	-1.459	-1.744	-0.416	-2.855	-2.214	-2.838
atac_L01787	k4me1_enh	-0.439	-1.262	-1.356	-3.119	-2.76	-2.695
atac_L04900	k4me1_enh	-2.572	-0.851	-0.642	-1.68	-2.964	-3.322
atac_L38371	k4me1_enh	-1.911	0.07	-2.623	-2.75	-1.995	-3.322
atac_L05467	k4me1_enh	-1.254	-1.155	-1.166	-2.333	-2.591	-3.137
atac_L08380	k4me1_enh	-2.047	-1.356	-0.279	-1.791	-2.611	-3.322
atac_L17319	k4me1_enh	-2.389	-1.469	-0.075	-2.474	-2.113	-3.322
atac_L11319	k4me1_enh	-1.03	-1.539	-0.432	-3.241	-3.065	-3.251
atac_P01549	k4me1_enh	-1.753	-2.513	-0.011	-2.59	-3.052	-3.322
atac_P06062	k4me1_enh	-2.174	-0.352	-1.804	-1.963	-2.526	-2.431
atac_P00157	k4me1_enh	-2.459	-1.159	-0.209	-2.166	-2.834	-3.322
atac_P04425	k4me1_enh	-1.798	-1.377	-1.938	-1.329	-1.304	-3.034
atac_L29436	k4me1_enh	-0.821	-1.887	-0.89	-2.641	-2.204	-3.322
atac_P02924	k4me1_enh	-1.459	-1.258	-0.408	-2.446	-2.06	-3.322
atac_L33592	k4me1_enh	-2.38	-0.083	-1.501	-3.021	-2.158	-2.522
atac_L25419	k4me1_enh	-2.013	-0.512	-1.093	-2.465	-3.004	-2.471
atac_P06615	k4me1_enh	-0.402	-0.802	-2.056	-2.641	-2.237	-3.053
atac_L09655	k4me1_enh	-3.053	-0.851	-0.063	-3.194	-2.752	-3.322
atac_L31413	k4me1_enh	-2.611	-0.827	-0.646	-2.1	-2.81	-2.79
atac_L08746	k4me1_enh	-1.748	-0.99	-3.322	-2.56	-1.459	-1.119
atac_L23011	k4me1_enh	-1.753	-2.16	-0.132	-2.235	-2.579	-2.628
atac_L02219	k4me1_enh	-1.905	-1.111	-1.664	-3.241	-1.864	-1.343
atac_L20735	k4me1_enh	-1.562	-0.162	-1.53	-3.322	-2.482	-3.322
atac_L17584	k4me1_enh	-0.359	-0.847	-2.184	-2.621	-2.741	-3.322
atac_L39102	k4me1_enh	-2.13	-0.597	-0.591	-2.151	-2.895	-3.322
atac_L17381	k4me1_enh	-1.265	-0.262	-1.836	-2.275	-2.935	-2.23
atac_L23876	k4me1_enh	-2.459	-0.385	-0.842	-2.181	-2.752	-3.322
atac_L12596	k4me1_enh	-2.827	-3.129	-0.926	-2.211	-3.322	-2.166
atac_L10103	k4me1_enh	-1.242	-2.199	-0.726	-1.622	-2.623	-3.322
atac_L18078	k4me1_enh	-2.533	-0.86	-0.741	-1.791	-2.745	-2.121
atac_L26760	k4me1_enh	-1.441	-0.852	-0.798	-3.322	-3.105	-1.938
atac_L05574	k4me1_enh	-2.338	-0.325	-1.266	-3.322	-1.602	-3.322
atac_L12243	k4me1_enh	-2.543	-1.242	-0.459	-1.338	-2.986	-3.322
atac_L39225	k4me1_enh	-1.543	-1.303	-0.382	-3.257	-2.487	-2.423
atac_L27827	k4me1_enh	-2.181	-1.386	-0.337	-2.502	-2.401	-3.322
atac_L13293	k4me1_enh	-1.942	-0.884	-0.804	-3.322	-1.057	-3.322
atac_L27724	k4me1_enh	-1.886	0.256	-2.084	-3.322	-2.832	-3.322
atac_L36438	k4me1_enh	-1.798	-1.193	-0.651	-1.768	-2.256	-3.322
atac_L11292	k4me1_enh	-0.023	-0.955	-3.322	-2.621	-3.322	-3.322
atac_L14013	k4me1_enh	-1.798	-1.715	-1.218	-2.784	-0.411	-3.322
atac_L03117	k4me1_enh	-1.211	-0.391	-3.322	-1.664	-2.731	-3.322
atac_P00327	k4me1_enh	-2.047	-0.957	-1.239	-2.243	-2.674	-3.322
atac_L38190	k4me1_enh	-2.459	-1.546	-0.229	-2.446	-2.138	-3.218
atac_L36604	k4me1_enh	-1.911	-0.075	-2.109	-2.151	-3.237	-2.626
atac_L40557	k4me1_enh	-2.338	-1.807	-0.302	-1.664	-3.089	-2.952
atac_L39483	k4me1_enh	-2.297	-0.226	-2.372	-2.428	-2.942	-2.243
atac_L27516	k4me1_enh	-1.109	-1.494	-1.093	-1.809	-2.132	-3.322
atac_L00734	k4me1_enh	-2.827	0.159	-2.36	-2.41	-2.365	-3.125
atac_L37284	k4me1_enh	-2.961	-1.912	-1.263	-1.571	-2.386	-0.598
atac_L10095	k4me1_enh	-1.095	-1.259	-1.125	-2.037	-2.113	-3.322
atac_L12877	k4me1_enh	-1.567	-0.196	-3.034	-2.219	-1.883	-3.322
atac_L23182	k4me1_enh	-1.85	-0.095	-1.878	-3.225	-2.577	-3.322
atac_L07607	k4me1_enh	-3.322	-0.631	-0.965	-1.576	-2.47	-2.919
atac_L39081	k4me1_enh	-2.827	-0.954	-0.13	-2.904	-2.619	-3.322
atac_L31776	k4me1_enh	-2.974	-0.15	-1.38	-3.035	-2.959	-1.717
atac_L16290	k4me1_enh	-1.923	-1.88	-0.564	-1.403	-2.133	-2.554
atac_L02553	k4me1_enh	-1.572	-1.631	-0.798	-2.151	-2.621	-2.522
atac_P04498	k4me1_enh	-0.667	-1.737	-1.973	-1.381	-2.086	-3.322
atac_L36669	k4me1_enh	-2.911	-1.174	-0.709	-2.994	-2.128	-2.628
atac_L36587	k4me1_enh	-1.955	-1.136	-1.21	-2.251	-1.796	-3.322
atac_L01060	k4me1_enh	-2.338	-0.055	-2.616	-2.75	-2.574	-1.293
atac_L10339	k4me1_enh	-3.322	0.208	-1.632	-3.322	-2.615	-3.322
atac_L27318	k4me1_enh	-2.13	-0.617	-1.244	-1.844	-1.903	-3.322
atac_L03462	k4me1_enh	-0.929	-0.778	-2.349	-2.795	-2.933	-1.603
atac_L10309	k4me1_enh	-1.152	-0.973	-1.628	-2.58	-2.68	-1.577
atac_L20734	k4me1_enh	-1.759	-1.742	-0.687	-3.149	-2.979	-1.993
atac_L22229	k4me1_enh	-2.204	-0.637	-2.508	-1.912	-1.371	-2.522
atac_L03183	k4me1_enh	-2.851	-1.151	-0.505	-2.968	-2.373	-2.178
atac_L28473	k4me1_enh	-2.266	-0.388	-0.981	-2.166	-2.519	-3.162
atac_L03562	k4me1_enh	-2.25	-0.715	-0.616	-3.322	-2.236	-2.672
atac_L32127	k4me1_enh	-1.163	-1.447	-1.199	-2.474	-1.813	-2.373
atac_L27074	k4me1_enh	-2.266	-1.249	-0.86	-1.768	-2.64	-2.083
atac_L09288	k4me1_enh	-3.152	-0.322	-0.747	-3.179	-2.434	-2.717
atac_L06737	k4me1_enh	-1.71	-1.458	-0.907	-2.807	-2.253	-1.255
atac_P00654	k4me1_enh	-1.159	-0.912	-2.051	-1.368	-2.775	-3.322
atac_L08886	k4me1_enh	-0.514	-2.284	-0.873	-2.446	-2.543	-3.322
atac_L35285	k4me1_enh	-1.505	-0.838	-2.226	-1.466	-2.412	-3.322
atac_L18414	k4me1_enh	-2.827	-1.197	-1.027	-1.617	-2.358	-3.28
atac_L04551	k4me1_enh	-3.026	-0.196	-1.513	-3.241	-2.178	-2.213
atac_L08735	k4me1_enh	-1.601	-2.024	-0.63	-1.457	-2.865	-1.659
atac_L36495	k4me1_enh	-1.77	-1.906	-0.252	-1.963	-2.357	-3.322
atac_L29082	k4me1_enh	-1.715	-0.997	-1.636	-2.994	-2.412	-0.986
atac_L09195	k4me1_enh	-2.167	-0.178	-1.374	-2.843	-2.769	-3.322
atac_L21689	k4me1_enh	-0.524	-1.466	-1.239	-2.843	-2.352	-3.322
atac_L09909	k4me1_enh	-1.657	-1.585	-1.546	-2.121	-1.12	-1.586
atac_L14316	k4me1_enh	-1.98	-1.437	-0.363	-2.428	-2.769	-2.749
atac_L20572	k4me1_enh	-1.72	-2.1	-0.2	-2.968	-2.879	-3.322
atac_L18624	k4me1_enh	-2.45	-0.969	-0.73	-1.797	-1.776	-3.205
atac_L10460	k4me1_enh	-1.899	-1.921	-0.667	-1.338	-1.888	-3.322
atac_L22610	k4me1_enh	-1.793	-1.929	-0.324	-2.955	-1.953	-3.322
atac_L39774	k4me1_enh	-0.408	-1.145	-1.773	-3.322	-2.41	-2.062
atac_L36559	k4me1_enh	-1.748	-0.851	-1.377	-1.513	-2.327	-3.322
atac_L06919	k4me1_enh	-1.923	-1.112	-1.103	-2.173	-2.69	-1.729
atac_L05118	k4me1_enh	-2.145	-1.38	-1.091	-1.552	-3.016	-3.322
atac_L07622	k4me1_enh	-1.477	0.037	-2.432	-2.05	-3.174	-3.322
atac_L12034	k4me1_enh	-2.211	-1.573	-0.68	-1.643	-1.998	-3.125
atac_L09898	k4me1_enh	-1.606	-2.153	-0.722	-2.402	-2.444	-2.135
atac_L12206	k4me1_enh	-1.23	-0.717	-3.015	-2.349	-1.804	-1.563
atac_L31470	k4me1_enh	-2.347	-0.357	-0.854	-2.843	-2.293	-3.247
atac_P00119	k4me1_enh	-0.644	-0.939	-1.497	-2.446	-2.684	-3.322
atac_L12264	k4me1_enh	-2.459	-1.073	-0.814	-1.881	-2.034	-3.322
atac_L33378	k4me1_enh	-1.505	-1.386	-0.685	-2.243	-2.381	-3.322
atac_L33370	k4me1_enh	-2.827	0.013	-1.096	-2.819	-3.205	-2.781
atac_L16842	k4me1_enh	-1.804	-1.491	-0.753	-2.143	-2.909	-1.84
atac_L22782	k4me1_enh	-2.159	-0.979	-0.77	-2.831	-2.552	-2.631
atac_L24406	k4me1_enh	-1.781	-1.016	-0.974	-2.037	-2.989	-3.175
atac_P06902	k4me1_enh	-3.322	-1.252	-0.896	-0.997	-2.766	-3.322
atac_L39232	k4me1_enh	-1.514	-1.181	-1.583	-1.734	-1.711	-2.01
atac_L12356	k4me1_enh	-2.167	-1.364	-0.531	-3.322	-2.102	-1.604
atac_P02569	k4me1_enh	-1.393	-1.405	-0.368	-2.981	-2.796	-3.322
atac_L24299	k4me1_enh	-1.845	-1.697	-0.838	-2.446	-2.186	-2.068
atac_L15459	k4me1_enh	-1.678	-2.098	-1.404	-1.68	-1.052	-2.347
atac_L15256	k4me1_enh	-1.084	-0.463	-3.053	-2.151	-1.834	-3.322
atac_P06164	k4me1_enh	-2.297	-1.403	0.02	-3.105	-3.14	-3.322
atac_L11229	k4me1_enh	-1.281	-0.506	-1.425	-2.358	-2.447	-3.322
atac_P00006	k4me1_enh	-2.109	-0.918	-1.322	-1.862	-2.006	-2.39
atac_L05738	k4me1_enh	-1.227	-0.893	-0.836	-3.322	-2.088	-2.985
atac_P07172	k4me1_enh	-2.174	-0.036	-1.643	-2.879	-2.648	-3.322
atac_L22127	k4me1_enh	-3.274	-0.333	-1.845	-3.322	-2.205	-1.236
atac_L07712	k4me1_enh	-1.026	-0.875	-1.982	-2.831	-1.759	-2.711
atac_P06363	k4me1_enh	-1.368	-1.083	-1.22	-2.393	-2.068	-2.12
atac_L11004	k4me1_enh	-1.137	-2.522	-2.396	-2.324	-0.478	-2.062
atac_L36617	k4me1_enh	-1.496	0.035	-2.355	-2.994	-2.666	-3.322
atac_L21828	k4me1_enh	-1.673	-2.867	-1.053	-2.324	-1.62	-3.322
atac_L05782	k4me1_enh	-2.827	-1.112	-0.047	-3.322	-2.237	-3.322
atac_L39340	k4me1_enh	-0.521	-2.22	-1.757	-1.937	-2.191	-1.821
atac_L20407	k4me1_enh	-1.524	-1.524	-1.288	-2.446	-2.436	-3.322
atac_L25572	k4me1_enh	-2.77	-0.614	-1.163	-2.151	-2.039	-2.11
atac_P00426	k4me1_enh	-2.827	-0.598	-0.574	-2.904	-2.674	-2.444
atac_L20792	k4me1_enh	-1.301	-0.708	-1.239	-2.58	-2.434	-3.188
atac_P03088	k4me1_enh	-1.215	-1.004	-1.21	-2.795	-2.65	-1.735
atac_L14118	k4me1_enh	-2.152	-0.933	-0.506	-1.669	-3.205	-3.322
atac_L17600	k4me1_enh	-2.827	-1.225	-0.77	-1.439	-3.009	-2.988
atac_P06372	k4me1_enh	-0.242	-1.231	-2.36	-2.136	-2.812	-3.322
atac_L37839	k4me1_enh	-1.428	-2.12	-0.49	-2.75	-2.432	-3.322
atac_L12746	k4me1_enh	-1.704	-0.157	-2.018	-3.091	-2.409	-2.223
atac_L37937	k4me1_enh	-3.196	-1.773	-0.551	-3.322	-1.901	-2.297
atac_L01866	k4me1_enh	-2.167	-0.922	-0.838	-2.121	-2.6	-2.125
atac_L18860	k4me1_enh	-2.159	-0.346	-1.001	-3.322	-3.162	-2.151
atac_L07898	k4me1_enh	-2.632	-0.138	-2.005	-2.151	-2.35	-2.631
atac_P00704	k4me1_enh	-3.227	-0.59	-0.61	-3.322	-2.727	-2.204
atac_L22997	k4me1_enh	-1.726	-1.052	-1.836	-2.446	-1.838	-1.804
atac_L20111	k4me1_enh	-2.543	-0.545	-0.726	-2.016	-3.118	-3.322
atac_L27700	k4me1_enh	-1.678	-0.84	-1.084	-2.867	-1.791	-2.663
atac_L36217	k4me1_enh	-1.496	-1.822	-2.309	-2.235	-1.209	-2.867
atac_L21853	k4me1_enh	-2.167	-2.002	-0.156	-2.107	-2.182	-3.322
atac_L10691	k4me1_enh	-2.081	-1.065	-0.578	-2.819	-2.053	-2.857
atac_L36596	k4me1_enh	-2.152	-1.681	-0.894	-1.471	-1.811	-2.33
atac_L07988	k4me1_enh	-1.238	-1.212	-1.38	-2.259	-2.959	-2.988
atac_L17401	k4me1_enh	-2.459	-1.579	-1.001	-2.428	-2.33	-1.208
atac_P00253	k4me1_enh	-2.804	-0.646	-0.595	-2.955	-2.69	-1.849
atac_L13467	k4me1_enh	-3.29	-1.605	-1.263	-2.251	-1.267	-1.772
atac_L04797	k4me1_enh	-1.731	-0.447	-3.322	-1.751	-1.894	-3.322
atac_L29361	k4me1_enh	-1.13	-2.066	-1.013	-1.368	-2.847	-3.322
atac_L03406	k4me1_enh	-2.433	-0.4	-1.41	-2.143	-1.961	-3.322
atac_L16716	k4me1_enh	-2.338	-1.437	-1.302	-1.838	-1.906	-1.269
atac_L32521	k4me1_enh	-1.347	-0.829	-1.242	-2.59	-3.121	-3.181
atac_P04545	k4me1_enh	-1.886	-1.104	-0.396	-2.819	-2.444	-3.322
atac_L08999	k4me1_enh	-1.223	-1.373	-1.125	-2.446	-2.583	-3.322
atac_L31766	k4me1_enh	-2.123	-2.128	-0.546	-1.791	-2.117	-3.322
atac_L06293	k4me1_enh	-1.637	-1.155	-0.79	-1.893	-2.042	-3.213
atac_L16879	k4me1_enh	-1.936	-0.724	-2.402	-1.197	-2.611	-2.843
atac_L15024	k4me1_enh	-1.923	-0.786	-1.25	-3.179	-2.267	-3.322
atac_P02645	k4me1_enh	-1.41	-1.919	-0.456	-3.322	-2.31	-3.322
atac_L16375	k4me1_enh	-3.322	0.207	-1.808	-3.322	-2.666	-3.322
atac_L03018	k4me1_enh	-1.764	-0.37	-1.693	-2.58	-2.325	-3.322
atac_L27196	k4me1_enh	-2.116	-1.63	-1.036	-1.346	-2.859	-2.645
atac_L29537	k4me1_enh	-1.974	-0.681	-1.41	-1.924	-2.387	-3.322
atac_L04427	k4me1_enh	-1.856	-1.211	-0.684	-2.243	-1.876	-3.322
atac_L16945	k4me1_enh	-0.183	-2.652	-2.673	-1.452	-2.434	-3.322
atac_L10603	k4me1_enh	-1.376	-0.491	-1.484	-2.446	-3.322	-3.322
atac_L14264	k4me1_enh	-0.955	-1.85	-1.086	-2.181	-2.406	-2.657
atac_L27437	k4me1_enh	-1.204	-1.291	-0.84	-1.983	-2.528	-3.322
atac_L11006	k4me1_enh	-2.266	-0.544	-0.937	-2.324	-3.044	-2.47
atac_L01970	k4me1_enh	-2.167	-0.247	-3.322	-1.325	-2.327	-3.322
atac_L36544	k4me1_enh	-1.552	-1.123	-0.471	-3.049	-2.854	-3.299
atac_P01632	k4me1_enh	-0.604	-1.569	-2.114	-2.151	-2.568	-2.296
atac_L37504	k4me1_enh	-2.827	-0.43	-1.145	-3.035	-3.055	-1.782
atac_L24100	k4me1_enh	-2.911	-1.067	-0.156	-2.819	-2.942	-3.322
atac_L13633	k4me1_enh	-2.297	-0.909	-1.428	-3.225	-2.459	-1.495
atac_P04270	k4me1_enh	-2.781	-0.619	-0.573	-2.819	-1.946	-3.322
atac_L02441	k4me1_enh	-2.737	-1.754	-1.54	-2.819	-0.778	-2.33
atac_L02057	k4me1_enh	-2.827	-2.908	-0.495	-2.107	-2.331	-2.657
atac_L10379	k4me1_enh	-1.886	-0.912	-0.713	-2.349	-3.06	-3.322
atac_L26741	k4me1_enh	-1.023	-1.11	-1.444	-2.446	-2.952	-2.428
atac_L13023	k4me1_enh	-1.591	-0.352	-1.459	-2.446	-2.308	-3.322
atac_P03119	k4me1_enh	-0.818	-1.302	-1.75	-2.446	-2.386	-3.322
atac_L23890	k4me1_enh	-0.759	-0.637	-3.072	-2.641	-2.629	-2.368
atac_L34924	k4me1_enh	-0.892	-0.582	-2.747	-2.057	-2.656	-3.322
atac_L17626	k4me1_enh	-2.487	-2.012	-0.346	-1.643	-2.303	-3.253
atac_L33510	k4me1_enh	-1.51	-1.347	-1.413	-2.819	-2.747	-1.422
atac_L38264	k4me1_enh	-1.77	-1.402	-2.07	-2.474	-2.489	-0.789
atac_L05965	k4me1_enh	-2.33	-1.541	-0.774	-1.552	-2.543	-2.456
atac_L32403	k4me1_enh	-2.759	-0.271	-1.444	-1.648	-2.729	-3.205
atac_L09263	k4me1_enh	-2.827	-2.493	-0.814	-2.037	-2.072	-1.149
atac_P01231	k4me1_enh	-2.827	-1.063	-0.39	-2.211	-3.1	-2.742
atac_L02255	k4me1_enh	-1.081	-1.762	-1.006	-2.807	-2.167	-2.398
atac_L24356	k4me1_enh	-1.81	-1.054	-0.952	-2.219	-2.29	-3.322
atac_L03012	k4me1_enh	-3.242	-1.164	-0.136	-2.483	-2.737	-2.813
atac_L07438	k4me1_enh	-2.459	0.17	-1.929	-3.322	-2.79	-3.322
atac_P00931	k4me1_enh	-1.667	-0.789	-1.336	-2.016	-2.297	-3.322
atac_P05873	k4me1_enh	-1.673	-0.729	-0.739	-3.273	-3.019	-3.322
atac_L29441	k4me1_enh	-2.827	0.303	-3.322	-2.446	-2.886	-3.322
atac_L02464	k4me1_enh	-2.459	-1.249	-0.836	-2.819	-2.105	-1.894
atac_L04922	k4me1_enh	-1.557	-1.185	-1.92	-2.259	-2.505	-1.501
atac_L18807	k4me1_enh	-2.013	-1.712	-0.693	-1.643	-2.379	-2.725
atac_L37509	k4me1_enh	-2.827	-0.385	-1.115	-3.322	-1.942	-2.209
atac_L05027	k4me1_enh	-2.827	-1.996	-0.992	-1.803	-2.261	-0.962
atac_L05922	k4me1_enh	-3.258	-0.638	-1.339	-1.612	-1.764	-3.322
atac_L07504	k4me1_enh	-2.145	-1.156	-0.888	-2.235	-2.775	-2.01
atac_L34904	k4me1_enh	-2.145	-0.79	-0.946	-2.023	-2.543	-3.322
atac_L37880	k4me1_enh	-2.827	-0.161	-1.675	-2.393	-2.621	-3.322
atac_L18684	k4me1_enh	-1.694	-1.496	-0.869	-2.446	-3.143	-2.114
atac_L25820	k4me1_enh	-2.642	-1.287	-1.135	-1.178	-2.625	-2.033
atac_L07297	k4me1_enh	-2.804	-0.614	-1.886	-3.179	-1.811	-2.653
atac_L04461	k4me1_enh	-1.987	-1.504	-0.83	-1.905	-2.233	-2.782
atac_L03925	k4me1_enh	-2.827	-0.667	-0.378	-3.322	-2.769	-3.322
atac_L23963	k4me1_enh	-3.04	-0.327	-1.416	-2.641	-2.514	-3.322
atac_L36632	k4me1_enh	-2.582	-0.78	-1.168	-1.685	-2.514	-3.322
atac_L07490	k4me1_enh	-3.322	-2.424	-0.09	-2.819	-2.234	-2.479
atac_P03767	k4me1_enh	-0.098	-1.177	-2.63	-2.727	-2.947	-3.322
atac_L23032	k4me1_enh	-1.759	-1.627	-0.937	-1.881	-2.888	-1.768
atac_L39729	k4me1_enh	-2.591	-0.19	-2.438	-1.425	-2.942	-3.322
atac_L00150	k4me1_enh	-3.109	-0.156	-3.322	-2.41	-2.158	-1.504
atac_L22955	k4me1_enh	-1.234	-1.908	-1.354	-2.393	-1.378	-2.413
atac_L38148	k4me1_enh	-1.174	-1.082	-1.158	-2.641	-2.061	-3.322
atac_L35643	k4me1_enh	-2.694	-1.469	-1.89	-1.905	-2.859	-2.672
atac_L12614	k4me1_enh	-2.088	-1.52	-0.696	-1.729	-2.874	-2.782
atac_L02234	k4me1_enh	-1.787	-0.295	-1.371	-2.716	-2.485	-3.322
atac_L15610	k4me1_enh	-1.543	-1.669	-0.838	-1.707	-3.006	-2.631
atac_L14120	k4me1_enh	-1.764	-0.775	-1.383	-2.465	-1.816	-3.322
atac_L00211	k4me1_enh	-1.88	-1.143	-1.22	-2.831	-2.108	-2.717
atac_L06501	k4me1_enh	-3.274	-0.531	-1.472	-3.322	-2.664	-1.277
atac_L25791	k4me1_enh	-2.067	-0.597	-2.309	-2.085	-2.72	-1.661
atac_L09027	k4me1_enh	-1.309	-1.319	-1.191	-3.049	-2.072	-3.322
atac_L01817	k4me1_enh	-2.468	-2.182	-0.484	-1.448	-2.508	-2.988
atac_L32320	k4me1_enh	-2.683	-1.545	-1.899	-2.428	-2.473	-0.391
atac_L25527	k4me1_enh	-1.731	-1.133	-0.766	-2.446	-2.615	-3.322
atac_L11056	k4me1_enh	-2.415	-0.436	-1.478	-2.151	-2.613	-3.194
atac_L13330	k4me1_enh	-3.322	-1.265	-0.997	-2.151	-2.543	-1.861
atac_L18526	k4me1_enh	-2.827	-1.749	-0.409	-3.322	-2.65	-3.322
atac_P02973	k4me1_enh	-2.258	-1.004	-0.656	-2.204	-2.834	-3.322
atac_L08010	k4me1_enh	-3.322	0.183	-2.502	-2.904	-2.827	-2.258
atac_L22740	k4me1_enh	-0.804	-0.798	-2.926	-2.333	-2.228	-2.61
atac_L03124	k4me1_enh	-1.742	-1.79	-0.468	-2.446	-2.485	-2.438
atac_L16539	k4me1_enh	-2.219	-2.863	-0.753	-3.209	-2.737	-0.549
atac_L23508	k4me1_enh	-2.459	-0.685	-0.431	-2.819	-3.174	-3.322
atac_L11162	k4me1_enh	-2.839	0.166	-2.457	-2.085	-3.143	-3.322
atac_L15765	k4me1_enh	-2.77	-1.912	-0.617	-1.537	-1.781	-2.702
atac_L15278	k4me1_enh	-1.923	0.051	-2.794	-3.322	-2.604	-3.207
atac_L13763	k4me1_enh	-1.397	-1.992	-0.73	-3.322	-1.905	-2.714
atac_L06508	k4me1_enh	-1.955	-1.266	-1.226	-2.446	-2.967	-1.05
atac_L39275	k4me1_enh	-1.281	-0.583	-1.407	-3.273	-2.003	-3.322
atac_L23986	k4me1_enh	-3.258	-0.754	-0.356	-2.652	-2.94	-3.322
atac_L13736	k4me1_enh	-2.167	-1.237	-0.644	-2.333	-2.482	-3.322
atac_L36434	k4me1_enh	-2.13	-0.747	-1.374	-2.341	-2.047	-3.322
atac_L29282	k4me1_enh	-2.013	-0.766	-1.437	-1.707	-2.256	-3.322
atac_L20081	k4me1_enh	-0.923	-1.215	-1.011	-2.819	-2.338	-3.175
atac_L16630	k4me1_enh	-0.477	-2.028	-1.218	-2.819	-2.494	-3.053
atac_L10059	k4me1_enh	-1.23	-1.209	-1.308	-1.944	-2.422	-3.322
atac_L25879	k4me1_enh	-2.827	-0.708	-1.328	-2.291	-2.217	-2.6
atac_P05498	k4me1_enh	-2.181	-0.53	-3.322	-2.196	-2.526	-0.886
atac_P06507	k4me1_enh	-3.322	0.237	-2.81	-3.322	-2.745	-3.322
atac_L22932	k4me1_enh	-1.196	-1.26	-1.074	-2.136	-2.508	-3.322
atac_L20957	k4me1_enh	-1.562	-0.6	-1.41	-2.283	-2.87	-3.322
atac_L33456	k4me1_enh	-0.899	-1.725	-3.322	-2.493	-2.434	-0.747
atac_L17179	k4me1_enh	-1.548	-2.022	-0.554	-1.658	-2.533	-3.322
atac_L39922	k4me1_enh	-2.314	-1.275	-1.55	-1.552	-1.92	-1.691
atac_L14086	k4me1_enh	-2.433	-0.508	-1.311	-2.819	-2.682	-2.925
atac_L40168	k4me1_enh	-2.827	0.309	-2.778	-3.322	-2.66	-2.988
atac_P06927	k4me1_enh	-2.533	-0.94	-1.693	-2.085	-1.423	-2.952
atac_L12373	k4me1_enh	-2.167	-0.942	-0.988	-2.652	-2.417	-3.322
atac_L03732	k4me1_enh	-2.204	-0.243	-1.912	-3.021	-2.821	-1.756
atac_L27769	k4me1_enh	-2.827	-0.349	-1.247	-2.631	-2.648	-3.322
atac_P02322	k4me1_enh	-2.289	-0.468	-1.365	-1.956	-2.816	-3.322
atac_L03342	k4me1_enh	-1.678	-1.262	-0.566	-2.291	-2.463	-3.322
atac_L10747	k4me1_enh	-1.45	-1.978	-0.51	-3.322	-1.889	-3.322
atac_P06802	k4me1_enh	-0.496	-1.992	-1.682	-2.621	-2.501	-3.322
atac_L11285	k4me1_enh	-3.196	-2.381	0.077	-3.322	-2.086	-3.322
atac_L25417	k4me1_enh	-2.514	-0.799	-0.719	-1.983	-2.909	-3.322
atac_L03599	k4me1_enh	-0.301	-1.759	-2.574	-2.275	-2.912	-2.204
atac_L36720	k4me1_enh	-3.242	0.115	-1.166	-3.322	-3.246	-3.322
atac_L39416	k4me1_enh	-2.02	-0.766	-0.862	-3.322	-2.621	-1.918
atac_L32388	k4me1_enh	-2.289	-1.469	-0.816	-2.819	-2.706	-1.532
atac_L04445	k4me1_enh	-2.322	-1.708	-1.178	-1.696	-1.292	-2.919
atac_L33262	k4me1_enh	-1.626	-2.371	-0.844	-1.68	-2.285	-1.627
atac_L37468	k4me1_enh	-1.929	-1.445	-1.419	-2.151	-1.975	-2.5
atac_L18871	k4me1_enh	-2.363	-1.813	-1.311	-2.043	-1.802	-1.602
atac_L38658	k4me1_enh	-2.726	-1.778	-0.909	-3.322	-2.478	-0.92
atac_L22809	k4me1_enh	-2.196	-1.968	-1.093	-1.02	-2.627	-2.281
atac_L30279	k4me1_enh	-2.415	-1.341	-1.008	-3.322	-2.543	-3.125
atac_L09451	k4me1_enh	-1.567	-0.474	-1.869	-2.367	-2.444	-3.322
atac_L22187	k4me1_enh	-1.948	-1.38	-0.796	-1.696	-2.482	-2.939
atac_L37219	k4me1_enh	-2.459	-0.087	-1.608	-2.446	-2.654	-3.16
atac_L32860	k4me1_enh	-0.71	-0.979	-3.015	-1.97	-2.735	-3.322
atac_L03036	k4me1_enh	-2.923	-0.43	-1.053	-2.446	-2.756	-3.322
atac_L22273	k4me1_enh	-3.322	0.178	-2.47	-3.322	-2.613	-3.271
atac_L00161	k4me1_enh	-2.013	-1.96	-0.556	-1.768	-2.823	-2.077
atac_L04157	k4me1_enh	-1.961	-0.838	-2.439	-1.785	-2.068	-2.083
atac_L03246	k4me1_enh	-1.393	-0.161	-2.515	-3.322	-2.877	-2.847
atac_L13516	k4me1_enh	-2.459	-0.486	-0.81	-2.188	-3.225	-3.119
atac_L02771	k4me1_enh	-2.505	-1.252	-0.399	-2.942	-1.928	-2.988
atac_L29349	k4me1_enh	-1.942	-0.814	-0.99	-2.151	-2.407	-3.322
atac_L39263	k4me1_enh	-2.389	-0.604	-0.948	-2.75	-2.508	-3.094
atac_L31630	k4me1_enh	-2.459	-3.155	-0.972	-3.322	-1.461	-1.286
atac_P05907	k4me1_enh	-2.174	-1.348	-0.792	-1.163	-2.796	-3.322
atac_L02235	k4me1_enh	-2.355	-1.91	-0.513	-2.037	-2.561	-2.69
atac_L36322	k4me1_enh	-3.322	-1.072	-0.757	-3.322	-1.635	-3.322
atac_L30460	k4me1_enh	-2.45	-1.259	-0.44	-3.322	-2.658	-3.322
atac_L16925	k4me1_enh	-1.955	-1.242	-1.58	-2.151	-1.9	-1.836
atac_P06649	k4me1_enh	-2.389	-1.728	-0.221	-3.322	-2.499	-3.322
atac_L07947	k4me1_enh	-2.25	-0.949	-0.655	-2.6	-2.212	-3.322
atac_L00969	k4me1_enh	-1.174	-1.228	-2.747	-2.819	-2.065	-1.135
atac_L12641	k4me1_enh	-1.642	-1.53	-0.588	-2.166	-2.606	-3.322
atac_L11391	k4me1_enh	-1.355	-2.687	-0.822	-1.313	-2.821	-1.987
atac_L06496	k4me1_enh	-3.322	-1.081	-2.451	-2.502	-2.347	-1.86
atac_L04458	k4me1_enh	-0.355	-1.07	-2.051	-3.322	-2.856	-3.322
atac_P05448	k4me1_enh	-1.821	-1.469	-1.828	-1.983	-2.001	-1.091
atac_L10633	k4me1_enh	-1.519	-1.011	-1.244	-2.761	-1.567	-3.322
atac_L05845	k4me1_enh	-1.694	-1.045	-1.614	-2.173	-1.422	-3.322
atac_P04130	k4me1_enh	-2.211	-1.153	-1.365	-0.993	-2.874	-2.752
atac_L09987	k4me1_enh	-1.647	-1.401	-3.101	-2.819	-3.202	-0.719
atac_L25580	k4me1_enh	-2.459	-1.2	-0.369	-3.322	-2.129	-2.389
atac_L31660	k4me1_enh	-0.993	-1.132	-2.303	-2.243	-2.231	-3.322
atac_P02743	k4me1_enh	-1.974	-1.297	-1.029	-1.591	-2.429	-2.741
atac_L40249	k4me1_enh	-2.281	-0.59	-1.242	-1.85	-2.346	-3.322
atac_L02650	k4me1_enh	-2.827	-2.809	-1.52	-2.904	-3.011	-1.14
atac_L10650	k4me1_enh	-2.424	-0.803	-0.78	-3.322	-1.431	-3.322
atac_L09258	k4me1_enh	-2.987	-0.821	-0.844	-2.819	-2.678	-2.867
atac_L18862	k4me1_enh	-2.152	-0.638	-1.16	-2.819	-1.946	-3.322
atac_L11102	k4me1_enh	-1.116	-0.294	-3.322	-2.446	-2.391	-3.322
atac_L38345	k4me1_enh	-1.204	-0.81	-1.218	-2.819	-2.69	-3.322
atac_L31667	k4me1_enh	-1.424	-1.524	-1.723	-2.446	-2.611	-2.826
atac_L40136	k4me1_enh	-2.948	-2.079	-0.602	-2.291	-2.182	-1.872
atac_L20319	k4me1_enh	-1.833	-1.891	-0.9	-2.56	-2.71	-1.755
atac_L28571	k4me1_enh	-2.406	-1.982	-0.137	-2.819	-3.006	-3.322
atac_L13636	k4me1_enh	-1.862	-1.829	-0.614	-1.403	-2.498	-3.322
atac_P00131	k4me1_enh	-0.246	-1.732	-2.159	-2.446	-2.981	-3.322
atac_L34329	k4me1_enh	-1.923	-0.461	-1.488	-2.446	-2.521	-2.952
atac_L29080	k4me1_enh	-1.046	-2.091	-1.288	-2.275	-2.161	-3.322
atac_L12741	k4me1_enh	-1.204	-1.631	-1.494	-2.684	-2.293	-1.985
atac_L16741	k4me1_enh	-3.322	-1.334	-0.778	-1.905	-2.08	-3.301
atac_L03135	k4me1_enh	-2.827	-0.823	-1.447	-2.684	-2.118	-1.426
atac_L17824	k4me1_enh	-1.219	-0.621	-2.909	-2.819	-2.799	-2.167
atac_L28693	k4me1_enh	-3.322	-0.055	-1.675	-1.97	-2.771	-3.322
atac_L25386	k4me1_enh	-0.533	-1.519	-1.501	-2.307	-2.678	-3.322
atac_P06719	k4me1_enh	-1.04	-1.781	-3.13	-1.607	-2.456	-1.363
atac_L37241	k4me1_enh	-1.748	-1.029	-1.354	-2.446	-2.131	-3.247
atac_L15548	k4me1_enh	-1.372	-0.508	-2.014	-2.819	-1.967	-3.322
atac_P05997	k4me1_enh	-1.41	-1.135	-0.721	-2.446	-3.016	-3.322
atac_L00852	k4me1_enh	-1.699	-0.931	-3.322	-3.322	-1.786	-1.499
atac_L33323	k4me1_enh	-1.652	-1.072	-1.543	-1.696	-2.487	-3.322
atac_L21446	k4me1_enh	-0.609	-2.397	-1.291	-2.071	-2.623	-3.322
atac_L37982	k4me1_enh	-2.242	-0.461	-1.899	-2.502	-2.177	-3.322
atac_P02701	k4me1_enh	-1.591	-1.295	-1.359	-2.166	-1.893	-2.236
atac_L28007	k4me1_enh	-0.88	-1.863	-0.932	-1.862	-3.322	-3.322
atac_L01309	k4me1_enh	-1.309	-1.16	-1.92	-2.521	-2.459	-1.752
atac_L12095	k4me1_enh	-0.945	-1.558	-1.218	-3.322	-2.827	-3.322
atac_L21706	k4me1_enh	-3.322	-0.075	-1.82	-1.905	-3.322	-3.322
atac_L07599	k4me1_enh	-2.45	-0.797	-1.456	-1.527	-2.07	-3.094
atac_L05984	k4me1_enh	-2.196	-1.744	-0.999	-1.031	-2.821	-3.173
atac_L22743	k4me1_enh	-2.289	-0.767	-0.84	-2.05	-2.517	-3.322
atac_L08940	k4me1_enh	-2.572	-0.886	-1.191	-2.75	-2.042	-2.836
atac_L07569	k4me1_enh	-1.787	-1.062	-1.098	-3.322	-2.6	-3.322
atac_P03892	k4me1_enh	-2.704	-0.393	-1.899	-1.571	-2.577	-2.898
atac_L13913	k4me1_enh	-2.827	-0.864	-1.33	-1.69	-2.368	-3.322
atac_L16702	k4me1_enh	-2.477	-0.909	-1.218	-1.963	-2.499	-3.322
atac_P06475	k4me1_enh	-2.167	-1.271	-1.322	-1.701	-2.638	-2.012
atac_L27753	k4me1_enh	-3.053	-0.815	-2.515	-2.129	-2.011	-1.595
atac_L09404	k4me1_enh	-2.886	-1.587	-3.255	-1.461	-2.633	-0.41
atac_L36477	k4me1_enh	-2.152	-0.966	-0.713	-2.819	-2.921	-3.065
atac_L07584	k4me1_enh	-1.967	-0.915	-1.587	-2.446	-2.532	-1.827
atac_P02775	k4me1_enh	-2.152	-1.384	-1.604	-1.076	-2.381	-2.996
atac_L29298	k4me1_enh	-0.718	-1.409	-1.621	-2.219	-2.391	-3.085
atac_P00274	k4me1_enh	-1.043	-0.996	-1.601	-1.712	-3.055	-3.322
atac_L00592	k4me1_enh	-2.281	-1.275	-0.244	-3.322	-2.829	-3.322
atac_L09081	k4me1_enh	-1.798	-2.747	-0.442	-2.324	-3.034	-1.398
atac_L12250	k4me1_enh	-0.929	-1.02	-2.802	-1.571	-2.217	-3.322
atac_L02325	k4me1_enh	-3.322	-0.641	-1.608	-3.322	-3.174	-1.013
atac_L17006	k4me1_enh	-1.737	-1.201	-1.322	-1.905	-2.868	-2.672
atac_P03264	k4me1_enh	-0.784	-1.197	-2.432	-2.446	-2.339	-2.27
atac_L37692	k4me1_enh	-2.611	-1.23	-0.612	-1.905	-2.42	-3.322
atac_L35467	k4me1_enh	-3.196	-0.281	-1.682	-1.85	-2.664	-3.322
atac_L05071	k4me1_enh	-2.102	-1.205	-0.957	-1.494	-2.133	-3.322
atac_P00686	k4me1_enh	-2.167	-1.42	-1.536	-2.428	-2.478	-1.269
atac_L14987	k4me1_enh	-1.543	-1.71	-0.51	-2.341	-2.271	-2.925
atac_L06622	k4me1_enh	-3.322	-1.625	-0.157	-2.784	-2.496	-3.322
atac_L37905	k4me1_enh	-1.715	-1.444	-0.968	-3.164	-2.419	-2.511
atac_L36550	k4me1_enh	-1.273	-1.704	-2	-1.653	-2.108	-2.755
atac_L06302	k4me1_enh	-1.833	-0.874	-0.761	-2.684	-3.171	-3.322
atac_L29045	k4me1_enh	-2.459	-0.802	-2.875	-1.685	-2.962	-1.466
atac_L27512	k4me1_enh	-2.355	-0.43	-1.753	-2.58	-1.767	-3.322
atac_L20941	k4me1_enh	-2.827	-1.034	-0.728	-1.513	-2.952	-3.322
atac_L00910	k4me1_enh	-1.652	-0.677	-2.07	-2.166	-2.561	-3.322
atac_P06920	k4me1_enh	-2.406	-1.652	-0.492	-1.996	-2.698	-2.867
atac_L38040	k4me1_enh	-3.322	-1.695	-0.704	-3.164	-1.794	-1.473
atac_L13988	k4me1_enh	-2.258	0.115	-2.211	-3.322	-2.666	-3.322
atac_L40458	k4me1_enh	-1.798	-1.151	-2.009	-2.196	-2.879	-1.205
atac_L28928	k4me1_enh	-1.091	-1.11	-1.955	-1.868	-2.794	-2.628
atac_L00809	k4me1_enh	-2.338	-1.029	-2.739	-1.797	-1.721	-1.68
atac_L03382	k4me1_enh	-1.929	-0.542	-2.595	-2.107	-2.373	-3.322
atac_L31617	k4me1_enh	-1.281	-1.448	-1.274	-2.166	-2.306	-2.985
atac_L08865	k4me1_enh	-1.258	-1.456	-0.939	-2.662	-2.594	-2.558
atac_L22755	k4me1_enh	-1.899	-0.369	-2.159	-2.393	-2.473	-3.322
atac_P01324	k4me1_enh	-1.293	-1.507	-1.342	-1.178	-2.784	-3.322
atac_L21525	k4me1_enh	-1.441	-1.558	-1.291	-1.368	-2.308	-3.322
atac_L03850	k4me1_enh	-1.821	-0.571	-1.204	-2.446	-2.722	-3.322
atac_L16182	k4me1_enh	-2.827	-0.201	-1.686	-2.299	-2.847	-3.322
atac_P01792	k4me1_enh	-1.942	-2.014	-0.495	-1.976	-2.577	-2.49
atac_L32169	k4me1_enh	-1.781	-0.832	-3.322	-2.291	-2.779	-1.492
atac_L05773	k4me1_enh	-3.322	-0.903	-1.178	-2.6	-2.928	-2.025
atac_L15525	k4me1_enh	-2.227	-0.898	-1.704	-1.637	-2.453	-3.322
atac_L27251	k4me1_enh	-2.116	-1.466	-0.511	-2.037	-2.472	-3.322
atac_L35100	k4me1_enh	-2.088	-0.395	-1.639	-3.225	-2.557	-3.322
atac_P01133	k4me1_enh	-1.776	-1.252	-0.943	-2.211	-2.521	-3.322
atac_L33515	k4me1_enh	-1.242	-1.723	-1.912	-1.612	-2.164	-3.013
atac_P07012	k4me1_enh	-1.715	-2.102	-0.822	-2.819	-2.682	-2.546
atac_P05814	k4me1_enh	-2.424	-0.353	-2.014	-1.814	-2.392	-3.177
atac_P05524	k4me1_enh	-2.496	-2.104	-0.954	-3.119	-2.065	-1.318
atac_L25847	k4me1_enh	-2.305	-1.337	-0.926	-1.809	-1.847	-3.041
atac_L10824	k4me1_enh	-1.929	-0.751	-2.842	-2.521	-2.909	-3.322
atac_L32155	k4me1_enh	-2.694	-1.489	-0.317	-3.035	-2.439	-2.869
atac_P05960	k4me1_enh	-1.053	-2.041	-1.434	-2.772	-2.905	-1.291
atac_L27627	k4me1_enh	-2.874	-1.707	-0.237	-2.151	-2.273	-3.322
atac_P00349	k4me1_enh	-3.109	-1.529	-0.402	-2.58	-2.427	-3.322
atac_L18164	k4me1_enh	-2.459	-1.503	-1.076	-3.322	-3.322	-1.297
atac_L24036	k4me1_enh	-0.723	-1.386	-2.47	-1.643	-2.942	-2.782
atac_L06500	k4me1_enh	-2.487	-1.271	-0.68	-2.009	-3.285	-2.287
atac_L10232	k4me1_enh	-0.784	-1.681	-1.543	-2.375	-2.838	-3.24
atac_L29148	k4me1_enh	-2.167	-2.004	-0.77	-1.931	-2.322	-3.322
atac_L39001	k4me1_enh	-2.673	-2.012	-2.337	-2.243	-2.916	-0.251
atac_L03344	k4me1_enh	-1.798	-1.733	-1.82	-3.194	-1.417	-3.322
atac_L34235	k4me1_enh	-3.322	-1.459	-2.623	-3.322	-0.68	-1.368
atac_L02157	k4me1_enh	-1.548	-0.948	-1.14	-2.716	-2.041	-3.322
atac_L29194	k4me1_enh	-2.694	0.156	-2.179	-3.322	-3.14	-3.322
atac_L36744	k4me1_enh	-2.424	-0.514	-2.581	-2.446	-2.7	-1.051
atac_L37232	k4me1_enh	-1.892	-0.904	-1.28	-1.862	-2.179	-3.322
atac_L28889	k4me1_enh	-2.827	-0.615	-1.625	-2.521	-1.701	-2.882
atac_L08079	k4me1_enh	-2.759	-1.704	-0.879	-2.151	-2.505	-2.002
atac_L04762	k4me1_enh	-2.314	-1.083	-2.06	-2.819	-2.852	-0.631
atac_L05849	k4me1_enh	-1.948	-1.463	-1.14	-1.205	-2.617	-3.322
atac_L14377	k4me1_enh	-3.053	-0.752	-0.798	-2.151	-2.461	-3.322
atac_P03394	k4me1_enh	-2.258	-2.164	-0.442	-2.151	-1.921	-3.322
atac_P07097	k4me1_enh	-0.99	-2.674	-0.804	-1.685	-2.587	-3.322
atac_L34970	k4me1_enh	-2.827	-1.778	-0.411	-2.151	-2.716	-3.322
atac_L10835	k4me1_enh	-2.074	-0.879	-1.091	-2.358	-2.662	-3.322
atac_L20641	k4me1_enh	-2.468	-1.2	-1.16	-2.652	-2.291	-2.725
atac_L10998	k4me1_enh	-1.529	-1.134	-1.398	-2.75	-2.984	-2.909
atac_L14135	k4me1_enh	-2.297	-1.113	-0.865	-2.446	-2.631	-1.956
atac_L14061	k4me1_enh	-2.13	-1.708	-0.137	-3.322	-3.026	-3.322
atac_L04462	k4me1_enh	-3.29	-0.47	-0.848	-2.819	-2.877	-2.952
atac_L36769	k4me1_enh	-2.211	-2.282	-0.836	-1.552	-2.71	-2.128
atac_L10408	k4me1_enh	-2.839	-1.372	-1.475	-3.322	-1.808	-1.124
atac_L39336	k4me1_enh	-2.726	-0.642	-0.542	-3.322	-3.135	-3.322
atac_P00784	k4me1_enh	-2.159	-1.914	-1.392	-1.552	-2.629	-1.698
atac_P03716	k4me1_enh	-2.167	-0.825	-1.15	-2.05	-2.722	-3.251
atac_L20818	k4me1_enh	-1.389	-1.168	-0.957	-2.151	-2.832	-2.698
atac_L39206	k4me1_enh	-3.322	-0.267	-0.932	-3.322	-2.874	-3.322
atac_L13951	k4me1_enh	-3.322	-2.687	-0.299	-1.78	-2.625	-1.793
atac_L08046	k4me1_enh	-2.363	-1.715	-0.624	-1.856	-2.06	-3.322
atac_L09202	k4me1_enh	-3.258	-1.884	-0.49	-1.425	-2.591	-3.227
atac_L23940	k4me1_enh	-1.804	-2.208	-2.476	-2.121	-2.313	-0.691
atac_L37927	k4me1_enh	-2.167	-1.39	-2.169	-2.151	-2.678	-1.269
atac_L29100	k4me1_enh	-1.688	-1.948	-0.667	-2.955	-2.576	-2.575
atac_L00966	k4me1_enh	-2.459	-1.96	-0.39	-2.009	-2.865	-3.322
atac_L00247	k4me1_enh	-1.993	-0.602	-1.22	-2.819	-2.566	-3.322
atac_L26521	k4me1_enh	-2.258	-1.707	-1.507	-1.513	-2.136	-2.34
atac_L07271	k4me1_enh	-1.793	-2.182	-1.069	-2.291	-2.565	-2.047
atac_L40133	k4me1_enh	-2.923	-0.806	-3.277	-2.114	-1.533	-2.888
atac_P02395	k4me1_enh	-1.967	-1.434	-0.658	-2.446	-2.543	-3.285
atac_L15231	k4me1_enh	-1.301	-0.948	-1.566	-2.531	-3.174	-3.322
atac_L14327	k4me1_enh	-2.591	-1.673	-0.419	-2.367	-3.092	-3.322
atac_L16787	k4me1_enh	-2.088	-1.376	-1.202	-2.064	-2.758	-1.746
atac_P06486	k4me1_enh	-2.196	-1.12	-1.191	-2.324	-2.038	-2.368
atac_L02723	k4me1_enh	-1.557	-2.053	-0.327	-1.905	-3.322	-3.322
atac_P00457	k4me1_enh	-1.905	-1.604	-1.874	-1.924	-2.255	-1.586
atac_L36551	k4me1_enh	-3.258	-1.31	-1.088	-1.24	-2.331	-3.322
atac_L02155	k4me1_enh	-2.514	-2.238	-1.311	-2.1	-1.79	-1.452
atac_L24486	k4me1_enh	-1.781	-1.941	-0.544	-2.349	-2.668	-1.944
atac_L36283	k4me1_enh	-2	-1.666	-0.456	-2.819	-2.526	-3.322
atac_L26980	k4me1_enh	-1.215	-0.74	-1.646	-2.819	-3.084	-3.322
atac_L23204	k4me1_enh	-2.827	-0.884	-0.909	-2.446	-2.151	-3.322
atac_L29914	k4me1_enh	-2.053	-2.035	-0.334	-3.322	-3.174	-1.802
atac_L22436	k4me1_enh	-2.289	-1.276	-1.261	-3.194	-2.458	-1.558
atac_L33410	k4me1_enh	-1.473	-1.327	-0.952	-2.819	-2.279	-3.322
atac_L18432	k4me1_enh	-2.314	-0.846	-1.053	-2.037	-2.572	-3.322
atac_L11533	k4me1_enh	-2.067	-1.221	-1.886	-1.944	-2.202	-2.398
atac_L15374	k4me1_enh	-1.77	-2.7	-1.664	-2.419	-0.756	-2.864
atac_L26215	k4me1_enh	-2.899	-1.82	-1.716	-1.111	-2.354	-3.322
atac_P03270	k4me1_enh	-1.262	-1.433	-1.836	-1.381	-2.696	-3.322
atac_P03022	k4me1_enh	-1.095	-1.99	-1.907	-2.55	-2.208	-2.592
atac_P03459	k4me1_enh	-2.026	-1.179	-1.218	-1.024	-3.11	-3.188
atac_L37451	k4me1_enh	-2.524	-0.587	-1.583	-1.996	-2.585	-3.322
atac_L21497	k4me1_enh	-3.322	-2.502	0.118	-2.541	-2.945	-3.322
atac_P05996	k4me1_enh	-1.254	-1.456	-1.416	-1.696	-2.786	-2.988
atac_L24658	k4me1_enh	-1.839	-1.113	-1.491	-1.905	-2.407	-2.826
atac_P03891	k4me1_enh	-1.647	-1.022	-1.533	-2.446	-2.239	-2.628
atac_L03597	k4me1_enh	-3.322	-0.149	-2.104	-2.981	-3.06	-3.322
atac_L06659	k4me1_enh	-3.322	-0.516	-1.184	-3.035	-2.747	-2.434
atac_L08099	k4me1_enh	-3.211	-1.347	-1.478	-2.324	-3.205	-0.626
atac_L22421	k4me1_enh	-1.41	-0.912	-2.732	-2.188	-2.243	-1.793
atac_P06655	k4me1_enh	-1.557	-1.728	-1.093	-1.696	-2.891	-2.636
atac_P03738	k4me1_enh	-2.363	-1.584	-0.637	-1.976	-2.127	-2.881
atac_L03120	k4me1_enh	-1.372	-0.708	-3.181	-1.905	-2.898	-3.322
atac_L27750	k4me1_enh	-1.611	-1.575	-1.704	-1.576	-2.739	-3.322
atac_L06313	k4me1_enh	-2.234	-0.824	-0.926	-2.136	-2.656	-3.322
atac_L18561	k4me1_enh	-3.322	-1.663	-0.842	-2.023	-2.086	-3.322
atac_L11697	k4me1_enh	-1.72	-1.529	-0.717	-2.807	-2.528	-2.161
atac_P00028	k4me1_enh	-3.322	-1.647	-0.492	-2.968	-1.683	-2.711
atac_L29152	k4me1_enh	-2.441	-2.432	-0.963	-1.072	-2.492	-2.035
atac_L35904	k4me1_enh	-1.455	-0.694	-2.961	-1.899	-2.354	-2.847
atac_P01368	k4me1_enh	-1.351	-1.304	-1.899	-1.416	-2.76	-3.322
atac_L05950	k4me1_enh	-2.02	-0.488	-2.099	-3.322	-2.801	-1.839
atac_L01446	k4me1_enh	-2.145	-1.825	-0.673	-2.03	-2.879	-2.47
atac_L21829	k4me1_enh	-0.92	-1.639	-2.762	-2.009	-2.271	-3.322
atac_P06337	k4me1_enh	-1.839	-1.195	-1.481	-2.043	-2.29	-3.322
atac_L11129	k4me1_enh	-0.673	-1.51	-1.973	-3.322	-2.814	-2.44
atac_L24106	k4me1_enh	-3.322	-0.316	-0.806	-3.322	-2.737	-3.322
atac_L00203	k4me1_enh	-2.006	-1.717	-0.772	-3.322	-2.414	-1.615
atac_L35134	k4me1_enh	-2.477	-1.635	-2.046	-2.219	-2.87	-0.746
atac_L39640	k4me1_enh	-2.459	-1.214	-0.995	-2.03	-2.492	-1.911
atac_L27171	k4me1_enh	-2.827	-0.738	-2.755	-1.905	-1.752	-1.751
atac_L13795	k4me1_enh	-2.167	-0.78	-1.036	-3.322	-2.587	-3.322
atac_L23892	k4me1_enh	-1.606	-0.874	-2.216	-2.324	-2.168	-3.322
atac_L14238	k4me1_enh	-3.067	-1.393	-0.449	-2.673	-2.247	-3.322
atac_L24184	k4me1_enh	-1.88	-0.86	-1.062	-3.322	-2.786	-2.236
atac_L28470	k4me1_enh	-1.45	-0.927	-3.15	-1.762	-2.387	-2.741
atac_L38526	k4me1_enh	-2.152	-1.85	-0.782	-2.151	-2.472	-2.018
atac_L16944	k4me1_enh	-3.322	-0.445	-1.053	-2.251	-3.057	-3.322
atac_L34092	k4me1_enh	-1.892	-1.386	-3.15	-3.322	-1.506	-1.221
atac_L15022	k4me1_enh	-2.258	-0.677	-1.75	-2.916	-2.743	-1.666
atac_L03927	k4me1_enh	-1.793	-0.735	-3.025	-1.976	-2.341	-2.173
atac_L36333	k4me1_enh	-2.911	-1.173	-0.623	-2.307	-1.92	-3.322
atac_P04751	k4me1_enh	-1.196	-2.089	-1.128	-2.819	-1.677	-3.322
atac_L24015	k4me1_enh	-2.487	-1.377	-1.076	-1.983	-1.906	-3.322
atac_L16567	k4me1_enh	-2.189	-1.342	-1.299	-2.819	-2.552	-1.622
atac_P06654	k4me1_enh	-1.821	-1.204	-1.398	-1.3	-2.559	-3.322
atac_L00571	k4me1_enh	-0.584	-1.279	-2.281	-2.705	-2.829	-2.771
atac_L06641	k4me1_enh	-1.886	-1.038	-2.114	-2.307	-1.67	-3.057
atac_P06999	k4me1_enh	-1.41	-0.834	-1.339	-2.621	-2.422	-3.162
atac_P02392	k4me1_enh	-0.836	-1.157	-1.991	-2.819	-2.098	-3.322
atac_P02325	k4me1_enh	-1.318	-1.216	-1.933	-2.446	-1.855	-3.001
atac_L33485	k4me1_enh	-2.159	-2.208	-2.337	-1.791	-2.224	-1.56
atac_P03747	k4me1_enh	-1.72	-1.443	-2.174	-2.393	-2.779	-1.355
atac_L15890	k4me1_enh	-2.145	-2.229	-0.619	-1.905	-2.01	-3.322
atac_L10037	k4me1_enh	-3.322	-1.313	-0.928	-1.78	-2.447	-3.322
atac_L35313	k4me1_enh	-2.642	-2.381	-0.214	-2.196	-2.816	-3.322
atac_L38023	k4me1_enh	-2.459	-1.933	-0.85	-2.349	-1.192	-2.955
atac_L27875	k4me1_enh	-3.04	-0.738	-1.501	-1.612	-2.794	-2.923
atac_L23583	k4me1_enh	-1.667	-1.273	-1.305	-3.305	-1.754	-3.171
atac_L06419	k4me1_enh	-0.776	-1.779	-1.632	-1.85	-3.165	-3.322
atac_L31876	k4me1_enh	-1.437	-1.346	-2.702	-1.547	-2.501	-3.322
atac_L29038	k4me1_enh	-1.759	-0.378	-2.644	-3.322	-2.972	-3.322
atac_L38033	k4me1_enh	-1.543	-0.212	-3.322	-3.134	-3.116	-3.322
atac_L15599	k4me1_enh	-2.047	-0.097	-1.895	-3.322	-3.322	-3.322
atac_L04809	k4me1_enh	-3.322	-0.177	-2.554	-2.891	-2.933	-1.846
atac_P04358	k4me1_enh	-2.145	-1.063	-0.836	-2.143	-2.692	-3.322
atac_P06793	k4me1_enh	-1.704	-1.341	-0.972	-2.114	-2.429	-3.322
atac_L32476	k4me1_enh	-1.415	-1.447	-0.932	-2.251	-2.909	-3.322
atac_L06027	k4me1_enh	-3.322	-1.516	-0.462	-3.322	-1.799	-3.016
atac_L11828	k4me1_enh	-2.459	-0.702	-3.191	-2.994	-2.314	-2.447
atac_L23523	k4me1_enh	-2.851	-1.942	-0.233	-2.855	-3.249	-2.334
atac_P00702	k4me1_enh	-1.667	-0.699	-1.964	-1.797	-2.158	-3.322
atac_L17147	k4me1_enh	-0.704	-1.517	-1.731	-2.855	-2.427	-3.322
atac_L31525	k4me1_enh	-3.322	-1.762	-0.528	-2.009	-2.147	-2.27
atac_L39867	k4me1_enh	-1.163	-1.151	-1.036	-3.322	-2.905	-3.322
atac_P01572	k4me1_enh	-1.591	-0.883	-2.687	-1.989	-2.025	-2.628
atac_L16535	k4me1_enh	-2.266	-0.713	-0.879	-3.322	-2.615	-3.322
atac_P00830	k4me1_enh	-2.372	-0.085	-1.58	-3.322	-3.199	-3.322
atac_L22009	k4me1_enh	-1.538	-0.956	-1.252	-2.772	-2.9	-3.322
atac_L23436	k4me1_enh	-2.02	-1.501	-1.383	-2.259	-2.162	-3.322
atac_L02603	k4me1_enh	-2.234	-2.723	-0.402	-2.652	-3.026	-2.087
atac_L12880	k4me1_enh	-2.816	-1.454	-2.747	-2.324	-1.663	-1.941
atac_L29252	k4me1_enh	-2.145	-1.42	-0.854	-1.899	-2.458	-3.322
atac_L16307	k4me1_enh	-1.428	-2.133	-2.286	-2.043	-2.043	-2.628
atac_L32380	k4me1_enh	-1.88	-0.387	-3.006	-3.091	-2.812	-2.813
atac_L32266	k4me1_enh	-2.02	-1.7	-0.097	-3.322	-3.303	-3.322
atac_L18772	k4me1_enh	-1.678	-1.401	-0.89	-2.358	-2.712	-3.322
atac_L23990	k4me1_enh	-3.322	-0.071	-2.935	-2.942	-2.285	-3.152
atac_L39032	k4me1_enh	-2.305	-0.479	-1.517	-2.879	-2.725	-3.322
atac_L20310	k4me1_enh	-2.505	-0.614	-1.995	-1.905	-2.737	-3.322
atac_L31805	k4me1_enh	-1.929	-1.52	-2.065	-0.909	-1.956	-3.322
atac_L13889	k4me1_enh	-1.72	-1.834	-0.798	-3.322	-2.118	-2.65
atac_L16052	k4me1_enh	-2.552	-1.275	-1.543	-2.819	-2.66	-2.161
atac_L10995	k4me1_enh	-2.611	-1.956	-0.678	-2.819	-2.177	-2.466
atac_L39012	k4me1_enh	-2.827	-1.952	-0.467	-1.956	-2.585	-3.322
atac_L03640	k4me1_enh	-1.152	-1.127	-1.587	-3.322	-3.034	-3.322
atac_L14214	k4me1_enh	-1.281	-1.121	-1.322	-2.078	-2.926	-3.322
atac_L18211	k4me1_enh	-2.468	-0.452	-2.892	-1.466	-3.211	-2.01
atac_L30812	k4me1_enh	-2.715	-2.473	-0.534	-2.419	-2.548	-2.486
atac_L32200	k4me1_enh	-2.851	-0.486	-1.587	-3.134	-2.779	-3.105
atac_L02328	k4me1_enh	-2.234	-1.18	-1.8	-2.299	-1.88	-2.948
atac_L34969	k4me1_enh	-1.961	-0.854	-2.028	-1.905	-2.168	-2.933
atac_P03836	k4me1_enh	-1.967	-1.402	-1.392	-2.367	-2.874	-1.374
atac_L32677	k4me1_enh	-2.683	-1.755	-1.079	-2.772	-2.1	-1.425
atac_L37253	k4me1_enh	-2.355	-0.43	-2.154	-2.151	-3.034	-3.053
atac_L00992	k4me1_enh	-1.923	-1.513	-0.726	-2.6	-2.905	-3.322
atac_P02977	k4me1_enh	-3.095	-0.939	-2.457	-1.439	-1.629	-3.152
atac_P04363	k4me1_enh	-2.13	-0.709	-0.911	-3.322	-2.729	-3.322
atac_L16661	k4me1_enh	-2.987	-1.594	-0.544	-2.891	-1.9	-3.322
atac_P02295	k4me1_enh	-2.45	-1.156	-0.728	-2.942	-2.128	-3.322
atac_L24829	k4me1_enh	-2	-0.998	-2.372	-2.129	-1.432	-3.322
atac_L04879	k4me1_enh	-2.961	-1.75	-1.291	-0.839	-2.535	-3.322
atac_L25567	k4me1_enh	-1.936	-1.113	-1.354	-2.727	-2.485	-2.968
atac_L04957	k4me1_enh	-3.322	-1.202	-0.957	-2.716	-2.177	-2.413
atac_P05265	k4me1_enh	-1.856	-1.232	-2.495	-1.561	-2.044	-2.379
atac_P01037	k4me1_enh	-0.993	-1.424	-2.687	-2.341	-2.277	-2.581
atac_L00793	k4me1_enh	-1.519	-0.608	-2.724	-3.134	-1.77	-2.747
atac_P03480	k4me1_enh	-2.433	-1.604	-0.954	-3.322	-2.35	-1.553
atac_L09190	k4me1_enh	-1.948	-0.629	-2.952	-1.976	-2.81	-2.297
atac_L33953	k4me1_enh	-2.936	-1.103	-2.184	-2.181	-1.594	-3.322
atac_L00888	k4me1_enh	-2.562	-1.655	-1.031	-2.56	-2.674	-1.463
atac_L28114	k4me1_enh	-1.338	-1.607	-0.937	-2.75	-2.741	-3.322
atac_L16932	k4me1_enh	-1.764	-1.403	-0.77	-2.673	-2.178	-3.322
atac_L27119	k4me1_enh	-1.137	-1.795	-0.946	-2.235	-2.854	-3.322
atac_L11799	k4me1_enh	-2.496	-0.549	-0.95	-3.322	-3.143	-3.322
atac_L05291	k4me1_enh	-2.102	-1.389	-0.66	-2.446	-2.823	-3.322
atac_P03867	k4me1_enh	-2.496	-1.69	-0.954	-1.3	-2.394	-3.322
atac_L02351	k4me1_enh	-1.17	-2.12	-1.536	-2.55	-2.6	-1.666
atac_L24319	k4me1_enh	-1.05	-1.328	-2.134	-2.009	-2.758	-2.973
atac_L10476	k4me1_enh	-2.152	-1.088	-1.011	-3.035	-2.656	-3.322
atac_P05236	k4me1_enh	-2.137	-1.234	-1.708	-2.393	-2.391	-3.322
atac_P02740	k4me1_enh	-2.793	-1.829	-0.836	-1.571	-2.608	-2.872
atac_L09433	k4me1_enh	-2.839	-2.028	-1.796	-2.446	-2.468	-0.876
atac_L13119	k4me1_enh	-2.514	-3.047	-1.601	-2.641	-1.988	-1.742
atac_L27631	k4me1_enh	-3.04	-0.624	-0.957	-3.322	-2.417	-3.322
atac_P05398	k4me1_enh	-1.51	-1.003	-1.664	-1.696	-2.526	-3.322
atac_L03433	k4me1_enh	-2.827	-0.039	-3.322	-2.673	-2.635	-3.322
atac_L16581	k4me1_enh	-2.074	-1.717	-1.319	-1.586	-2.656	-2.447
atac_P07113	k4me1_enh	-2.827	-1.454	-1.103	-1.359	-2.537	-3.322
atac_L35901	k4me1_enh	-0.792	-1.097	-1.92	-2.879	-2.859	-2.657
atac_P03433	k4me1_enh	-2.33	-1.046	-1.11	-2.211	-2.589	-3.322
atac_L32988	k4me1_enh	-1.582	-1.13	-1.723	-2.446	-2.101	-2.71
atac_L14329	k4me1_enh	-2.33	-2.072	-0.255	-2.037	-3.143	-3.322
atac_L20590	k4me1_enh	-1.552	-1.357	-2.616	-2.684	-2.881	-1.156
atac_L27508	k4me1_enh	-1.368	-1.236	-1.57	-3.322	-1.914	-3.322
atac_L26959	k4me1_enh	-2.116	-1.204	-1.302	-2.151	-1.933	-3.322
atac_P02886	k4me1_enh	-1.591	-0.737	-1.664	-2.705	-2.339	-3.322
atac_L32402	k4me1_enh	-1.905	-1.644	-1.504	-2.819	-2.227	-1.299
atac_L19067	k4me1_enh	-2.827	-0.601	-2.253	-2.009	-2.451	-3.322
atac_L16646	k4me1_enh	-2.816	-1.644	-0.503	-2.795	-1.946	-2.902
atac_L07298	k4me1_enh	-2.25	-1.341	-0.384	-3.322	-3.014	-3.322
atac_L30796	k4me1_enh	-2.673	-1.917	-0.47	-2.324	-3.171	-2.505
atac_L16527	k4me1_enh	-1.923	-0.724	-1.886	-2.151	-2.825	-2.287
atac_P01745	k4me1_enh	-2.827	-1.06	-1.697	-2.341	-1.731	-3.322
atac_L20074	k4me1_enh	-1.116	-0.878	-1.52	-3.273	-2.752	-3.322
atac_L36072	k4me1_enh	-1.647	-1.11	-2.378	-1.596	-1.665	-3.322
atac_L31415	k4me1_enh	-1.827	-2.248	-1.804	-2.003	-1.45	-2.204
atac_L25098	k4me1_enh	-2.552	-1.017	-0.926	-2.456	-2.743	-2.314
atac_L31494	k4me1_enh	-2.033	-0.9	-2.264	-2.173	-2.557	-3.322
atac_L20429	k4me1_enh	-1.482	-2.587	-0.7	-2.446	-3.016	-3.322
atac_L34091	k4me1_enh	-2.174	-2.157	-0.221	-2.196	-3.316	-3.322
atac_L15881	k4me1_enh	-1.948	-1.216	-1.886	-1.905	-2.762	-2.454
atac_L20059	k4me1_enh	-2.899	-1.142	-0.487	-2.819	-2.712	-3.322
atac_L36557	k4me1_enh	-2.013	-1.437	-1.601	-2.772	-2.122	-2.293
atac_L17585	k4me1_enh	-0.461	-2.681	-1.792	-1.996	-2.762	-3.322
atac_L22258	k4me1_enh	-2.459	-0.724	-1.484	-2.283	-2.694	-3.041
atac_L12563	k4me1_enh	-2.219	-1.399	-1.362	-3.322	-3.171	-1.852
atac_L33487	k4me1_enh	-2.827	-1.178	-1.836	-3.322	-2.514	-2.033
atac_L12065	k4me1_enh	-2.533	-1.536	-1.639	-1.443	-2.888	-2.474
atac_L32246	k4me1_enh	-3.29	-1.597	-0.321	-2.299	-3.199	-3.322
atac_L36534	k4me1_enh	-2.827	-1.23	-0.86	-3.134	-2.118	-2.765
atac_L34650	k4me1_enh	-3.322	-1.409	-0.529	-1.814	-3.234	-3.322
atac_L20614	k4me1_enh	-2.487	-1.328	-3.091	-1.485	-2.704	-1.154
atac_L10139	k4me1_enh	-3.29	-2.424	-1.091	-2.446	-2.769	-1.457
atac_L33404	k4me1_enh	-1.748	-1.966	-1.261	-1.696	-1.919	-3.322
atac_L20769	k4me1_enh	-1.196	-2.146	-0.997	-3.119	-2.427	-2.605
atac_P07020	k4me1_enh	-1.923	-1.352	-1.231	-2.151	-2.478	-3.192
atac_L39805	k4me1_enh	-2.487	-1.184	-1.178	-2.59	-2.843	-2.55
atac_P02747	k4me1_enh	-2.804	-1.351	-1.419	-1.376	-2.938	-2.321
atac_L20589	k4me1_enh	-2.25	-1.887	-1.389	-2.446	-2.646	-1.125
atac_L24172	k4me1_enh	-0.801	-1.068	-3.322	-2.291	-2.387	-3.322
atac_L33479	k4me1_enh	-1.102	-1.085	-1.836	-2.968	-2.094	-3.322
atac_L20437	k4me1_enh	-1.993	-2.368	-1.653	-1.78	-2.336	-3.322
atac_L03612	k4me1_enh	-2.839	-0.099	-2.554	-2.819	-3.052	-3.322
atac_L12184	k4me1_enh	-2.314	-1.192	-1.577	-2.316	-2.02	-3.013
atac_L15305	k4me1_enh	-1.397	-2.95	-0.838	-2.446	-2.485	-3.322
atac_P04012	k4me1_enh	-1.533	-1.37	-1.345	-2.465	-2.656	-3.322
atac_L18674	k4me1_enh	-2.167	-0.559	-1.869	-2.493	-2.821	-3.322
atac_L40671	k4me1_enh	-2.102	-1.647	-1.322	-2.716	-2.794	-1.216
atac_L36702	k4me1_enh	-2.886	-1.625	-1.041	-1.97	-2.773	-1.836
atac_L27454	k4me1_enh	-2.297	-1.397	-1.41	-1.862	-2.656	-3.322
atac_P06487	k4me1_enh	-1.533	-1.937	-1.675	-2.151	-2.625	-3.322
atac_L17198	k4me1_enh	-1.314	-1.004	-1.272	-3.322	-2.974	-2.681
atac_P05870	k4me1_enh	-2.04	-1.836	-0.913	-2.151	-3.026	-2.388
atac_P03156	k4me1_enh	-1.821	-1.472	-1.434	-2.151	-2.496	-3.322
atac_L03152	k4me1_enh	-1.215	-1.445	-1.345	-3.322	-1.758	-3.322
atac_L24281	k4me1_enh	-1.694	-1.364	-1.543	-2.819	-1.42	-2.693
atac_L21691	k4me1_enh	-1.923	-1.752	-0.832	-2.795	-2.758	-2.273
atac_L17676	k4me1_enh	-2.305	-1.096	-1.849	-1.814	-2.209	-2.554
atac_L29652	k4me1_enh	-1.874	-1.935	-0.802	-1.596	-3.322	-3.322
atac_L05106	k4me1_enh	-2.704	-0.302	-3.234	-1.632	-2.794	-2.935
atac_L36656	k4me1_enh	-3.322	-0.139	-1.392	-3.322	-3.034	-2.983
atac_L39952	k4me1_enh	-1.731	-1.917	-2.303	-1.868	-1.925	-1.532
atac_L17106	k4me1_enh	-2.781	-0.73	-1.202	-3.322	-2.401	-3.322
atac_L22923	k4me1_enh	-1.753	-1.06	-1.38	-2.968	-2.286	-3.322
atac_L00453	k4me1_enh	-1.929	-1.51	-1.723	-2.904	-2.256	-2.335
atac_L00853	k4me1_enh	-1.917	-0.989	-1.437	-1.905	-2.781	-2.93
atac_L18648	k4me1_enh	-2.227	-1.712	-0.419	-3.322	-3.16	-2.787
atac_P04441	k4me1_enh	-1.862	-1.802	-0.83	-2.299	-2.566	-2.741
atac_L19220	k4me1_enh	-3.081	-1.248	-0.988	-1.956	-2.32	-2.675
atac_L30771	k4me1_enh	-2.514	-1.195	-1.148	-1.905	-2.106	-3.322
atac_P04472	k4me1_enh	-1.737	-1.347	-1.636	-1.74	-2.604	-3.141
atac_L09201	k4me1_enh	-2.074	-1.339	-2.144	-1.637	-2.038	-3.28
atac_L04381	k4me1_enh	-2.514	-1.25	-0.738	-2.151	-2.604	-3.322
atac_L07046	k4me1_enh	-2.006	-1.019	-2.794	-2.151	-1.679	-2.34
atac_L10311	k4me1_enh	-3.322	-1.261	-0.928	-2.093	-2.572	-2.476
atac_L39944	k4me1_enh	-1.862	-0.825	-3.322	-1.547	-2.47	-3.322
atac_L17185	k4me1_enh	-1.923	-1.8	-2.018	-1.653	-2.121	-3.322
atac_L39266	k4me1_enh	-3.013	0.001	-2.68	-3.322	-3.171	-2.27
atac_L23086	k4me1_enh	-2.514	-1.776	-0.873	-2.181	-2.41	-3.322
atac_L13974	k4me1_enh	-1.993	-0.999	-1.212	-3.322	-2.03	-3.322
atac_L10235	k4me1_enh	-1.557	-1.139	-1.597	-2.446	-2.921	-1.888
atac_L18214	k4me1_enh	-2.02	-1.863	-0.963	-2.367	-2.477	-2.262
atac_L00672	k4me1_enh	-3.322	-0.699	-2.232	-3.322	-3.052	-1.205
atac_L07374	k4me1_enh	-3.026	-0.908	-1.632	-3.322	-1.886	-3.322
atac_L00593	k4me1_enh	-2.77	-0.929	-1.191	-2.283	-2.306	-3.322
atac_L32556	k4me1_enh	-0.77	-1.144	-2.842	-1.918	-2.967	-3.322
atac_L07944	k4me1_enh	-2.673	-1.767	-0.607	-2.151	-2.505	-3.322
atac_L30880	k4me1_enh	-2.886	-1.111	-0.974	-1.918	-3.092	-3.322
atac_L21134	k4me1_enh	-2.459	-0.777	-1.577	-3.008	-2.964	-3.322
atac_L39262	k4me1_enh	-1.753	-1.092	-2.402	-2.819	-1.209	-3.322
atac_L12775	k4me1_enh	-2.827	-1.077	-0.734	-2.819	-2.905	-2.47
atac_L07869	k4me1_enh	-2.827	-1.006	-1.577	-2.727	-3.06	-1.507
atac_L18825	k4me1_enh	-1.993	-0.999	-2.574	-2.684	-2.743	-1.526
atac_L35180	k4me1_enh	-1.611	-1.718	-1.504	-2.446	-2.823	-2.33
atac_L27312	k4me1_enh	-2.652	-2.045	-1.118	-2.446	-1.786	-3.322
atac_L35501	k4me1_enh	-2.827	-2.224	-0.946	-1.68	-2.66	-3.322
atac_L30375	k4me1_enh	-1.948	-0.746	-2.794	-3.322	-2.668	-1.468
atac_L24063	k4me1_enh	-2.372	-1.699	-0.808	-2.446	-2.308	-3.322
atac_L37722	k4me1_enh	-2.088	-1.228	-1.274	-2.375	-2.664	-2.469
atac_L18645	k4me1_enh	-1.419	-1.486	-1.861	-1.591	-2.55	-3.322
atac_L08689	k4me1_enh	-1.141	-1.111	-2.834	-1.696	-3.063	-3.322
atac_P02879	k4me1_enh	-2.781	-1.506	-2	-1.513	-1.974	-2.243
atac_L23089	k4me1_enh	-2.572	-1.445	-1.812	-2.009	-2.172	-3.24
atac_L02050	k4me1_enh	-1.98	-1.073	-1.194	-2.819	-2.231	-3.322
atac_L32311	k4me1_enh	-2.281	-1.48	-1.048	-2.819	-2.631	-3.322
atac_L08743	k4me1_enh	-3.04	-1.439	-1.52	-2.151	-1.119	-2.973
atac_P00718	k4me1_enh	-1.185	-1.829	-2.63	-1.351	-2.716	-3.322
atac_L24230	k4me1_enh	-2.406	-0.38	-1.933	-3.322	-2.299	-3.322
atac_L01727	k4me1_enh	-1.582	-1.972	-2.724	-2.143	-2.957	-0.961
atac_L01867	k4me1_enh	-2.459	-0.835	-1.383	-2.831	-2.722	-2.401
atac_L22034	k4me1_enh	-3.322	-2.499	-1.824	-3.322	-2.136	-2.447
atac_P03474	k4me1_enh	-2.459	-0.773	-1.704	-2.009	-2.594	-3.222
atac_L36869	k4me1_enh	-1.468	-1.105	-2.457	-1.69	-2.234	-3.322
atac_L15139	k4me1_enh	-2.081	-1.177	-1.359	-3.322	-2.371	-2.84
atac_L10092	k4me1_enh	-1.036	-1.48	-1.973	-2.037	-2.714	-3.322
atac_L16155	k4me1_enh	-2.102	-0.403	-2.515	-2.916	-2.969	-2.368
atac_L40126	k4me1_enh	-3.322	-2.824	-1.345	-2.819	-2.672	-0.428
atac_L07829	k4me1_enh	-1.572	-2.146	-1.22	-1.905	-2.694	-2.303
atac_L31039	k4me1_enh	-2.562	-1.295	-2.032	-1.513	-2.909	-3.322
atac_L16147	k4me1_enh	-0.215	-1.636	-3.015	-3.322	-3.089	-2.916
atac_L30031	k4me1_enh	-2.961	-0.507	-0.959	-3.322	-3.171	-3.322
atac_P05513	k4me1_enh	-2.662	-1.307	-1.045	-2.652	-2.139	-2.033
atac_L07961	k4me1_enh	-3.196	-1.411	-0.941	-1.856	-2.959	-1.94
atac_P02254	k4me1_enh	-2.174	-1.281	-1.088	-3.021	-2.67	-2.588
atac_L08674	k4me1_enh	-2.632	-1.463	-1.14	-1.74	-2.682	-3.322
atac_L38544	k4me1_enh	-2.582	-1.602	-0.724	-2.151	-2.668	-3.322
atac_L20036	k4me1_enh	-2.081	-1.752	-1.022	-2.367	-2.053	-3.322
atac_L39606	k4me1_enh	-1.793	-0.877	-1.785	-3.322	-2.025	-3.322
atac_L08251	k4me1_enh	-3	-0.655	-1.646	-3.257	-2.202	-3.322
atac_L22203	k4me1_enh	-1.71	-1.293	-1.226	-2.784	-2.36	-3.026
atac_P00072	k4me1_enh	-1.215	-1.138	-2.476	-3.134	-2.737	-3.322
atac_L31454	k4me1_enh	-2.839	-2.14	-0.824	-1.376	-2.33	-3.322
atac_L30551	k4me1_enh	-2.102	-2.757	-0.122	-2.819	-2.796	-3.057
atac_P00526	k4me1_enh	-1.839	-0.948	-1.288	-2.968	-2.625	-3.322
atac_L31775	k4me1_enh	-3.322	-1.599	-0.435	-3.322	-3.182	-3.135
atac_P04510	k4me1_enh	-1.833	-0.412	-3.322	-2.819	-2.244	-3.322
atac_L15208	k4me1_enh	-2.026	-0.848	-2.988	-2.6	-2.262	-2.672
atac_L31606	k4me1_enh	-1.424	-1.476	-1.305	-2.968	-2.702	-3.322
atac_L36411	k4me1_enh	-1.98	-2.203	-0.721	-3.322	-1.955	-2.256
atac_P01232	k4me1_enh	-2.053	-1.795	-0.896	-2.341	-1.958	-2.973
atac_L16810	k4me1_enh	-2.459	-1.773	-0.341	-3.322	-2.912	-2.522
atac_L07306	k4me1_enh	-2.424	-1.253	-2.292	-2.819	-2.501	-1.128
atac_L28780	k4me1_enh	-1.72	-1.333	-1.404	-2.437	-2.984	-3.322
atac_P00527	k4me1_enh	-1.923	-1.332	-1.13	-1.653	-2.886	-3.322
atac_L07526	k4me1_enh	-3.013	-1.594	-0.73	-2.904	-2.619	-3.322
atac_L10409	k4me1_enh	-3.053	-0.897	-1.536	-2.267	-2.955	-3.322
atac_L33444	k4me1_enh	-2.297	-1.234	-2.139	-2.684	-2.727	-1.467
atac_L19119	k4me1_enh	-3.322	-0.287	-1.611	-3.322	-2.996	-2.149
atac_L07967	k4me1_enh	-2.145	-2.284	-0.651	-2.55	-2	-3.322
atac_P00714	k4me1_enh	-3.322	-1.47	-1.478	-1.696	-2.852	-1.71
atac_L09866	k4me1_enh	-2.827	-1.281	-0.8	-1.809	-3.039	-3.322
atac_L05519	k4me1_enh	-2.152	-0.543	-3.322	-2.819	-2.893	-3.322
atac_P04374	k4me1_enh	-2.827	-1.439	-1.288	-2.446	-2.792	-1.581
atac_L03704	k4me1_enh	-1.715	-1.717	-1.625	-1.944	-2.341	-3.322
atac_L07886	k4me1_enh	-2.322	-1.594	-1.072	-2.05	-1.894	-3.322
atac_L01068	k4me1_enh	-2.827	-0.994	-1.12	-2.57	-2.893	-3.322
atac_L03266	k4me1_enh	-2.289	-1.403	-1.022	-3.322	-2.807	-3.322
atac_L23642	k4me1_enh	-2.726	-0.671	-2.32	-2.531	-1.827	-2.85
atac_L39417	k4me1_enh	-2.726	-1.123	-0.986	-2.143	-2.28	-3.322
atac_L18534	k4me1_enh	-2.167	-2.085	-0.377	-2.402	-3.202	-3.322
atac_P01625	k4me1_enh	-1.647	-0.83	-3.091	-2.531	-2.195	-3.322
atac_L21427	k4me1_enh	-2.827	-0.649	-1.661	-1.814	-2.986	-3.322
atac_L03671	k4me1_enh	-2.851	-1.291	-1.719	-2.795	-2.682	-1.514
atac_L39184	k4me1_enh	-1.596	-2.074	-0.753	-2.151	-2.923	-3.322
atac_L32159	k4me1_enh	-2.45	-1.694	-1.577	-1.518	-2.48	-2.458
atac_L07656	k4me1_enh	-2.827	-1.752	-0.822	-2.819	-1.988	-3.227
atac_L35015	k4me1_enh	-3.322	-2.272	-0.503	-1.905	-2.358	-3.322
atac_P07022	k4me1_enh	-2.899	-0.854	-0.879	-2.819	-3.113	-3.267
atac_L05533	k4me1_enh	-1.41	-1.314	-1.325	-1.996	-2.874	-3.322
atac_L20605	k4me1_enh	-2.827	-0.574	-1.316	-3.322	-2.32	-3.003
atac_L05850	k4me1_enh	-2.748	-2.126	-0.571	-2.772	-2.177	-3.322
atac_L04878	k4me1_enh	-3.109	-1.098	-1.086	-2.05	-2.818	-3.322
atac_P00269	k4me1_enh	-3.322	-2.781	-0.095	-3.322	-2.499	-3.162
atac_L35963	k4me1_enh	-1.606	-1.065	-1.804	-3.322	-2.498	-2.781
atac_P03281	k4me1_enh	-1.874	-1.103	-1.197	-2.093	-3.127	-3.322
atac_L35752	k4me1_enh	-2.13	-0.886	-1.55	-2.367	-2.478	-3.322
atac_L16288	k4me1_enh	-3.322	-0.489	-1.345	-3.322	-2.417	-3.322
atac_L08111	k4me1_enh	-3.322	-1.082	-1.086	-1.937	-2.463	-3.322
atac_L18698	k4me1_enh	-3.026	-3.263	-0.739	-3.322	-1.726	-2.765
atac_L27829	k4me1_enh	-1.974	-1.034	-3.322	-2.819	-1.553	-2.34
atac_L38126	k4me1_enh	-2.737	-1.267	-1.299	-2.446	-3.322	-1.534
atac_L22347	k4me1_enh	-2.459	-2.091	-1.75	-2.819	-1.5	-1.397
atac_P00231	k4me1_enh	-3.013	-1.231	-1.008	-2.151	-2.722	-3.322
atac_P04476	k4me1_enh	-2.137	-1.147	-1.933	-2.251	-2.821	-3.322
atac_L24627	k4me1_enh	-2.281	-1.087	-2.084	-2.151	-1.876	-2.083
atac_L39264	k4me1_enh	-2.827	-1.192	-0.842	-2.819	-2.836	-3.322
atac_P02825	k4me1_enh	-1.868	-1.501	-1.371	-1.701	-2.834	-3.094
atac_L36290	k4me1_enh	-1.13	-0.572	-3.322	-3.322	-2.02	-3.292
atac_L15324	k4me1_enh	-1.833	-1.291	-2.174	-1.844	-2.243	-3.322
atac_L21556	k4me1_enh	-2.181	-1.176	-1.441	-1.838	-2.158	-3.322
atac_L27832	k4me1_enh	-1.538	-2.016	-1.088	-3.105	-2.459	-3.322
atac_P05745	k4me1_enh	-2.827	-2.284	-0.346	-3.322	-2.484	-1.906
atac_L09382	k4me1_enh	-1.647	-1.144	-1.646	-2.375	-2.256	-3.071
atac_P03609	k4me1_enh	-2.297	-2.104	-0.939	-2.843	-2.389	-3.322
atac_L24940	k4me1_enh	-1.923	-1.177	-2.075	-1.17	-3.105	-3.322
atac_L01862	k4me1_enh	-2.793	-1.935	-1.556	-2.446	-1.059	-2.5
atac_L24928	k4me1_enh	-2.459	-2.002	-0.533	-2.56	-1.994	-3.322
atac_L07451	k4me1_enh	-3.322	-0.77	-2.521	-3.194	-2.769	-1.172
atac_P02359	k4me1_enh	-1.759	-2.185	-0.909	-3.322	-2.886	-1.793
atac_L16564	k4me1_enh	-0.667	-1.636	-2.232	-2.419	-2.374	-3.322
atac_L20898	k4me1_enh	-1.577	-0.365	-3.322	-2.151	-3.132	-3.018
atac_L27852	k4me1_enh	-3.152	0.216	-3.322	-3.322	-3.322	-3.322
atac_L26473	k4me1_enh	-0.993	-1.59	-3.11	-1.368	-3.07	-3.322
atac_L07660	k4me1_enh	-1.098	-2.051	-1.283	-3.322	-2.563	-3.322
atac_L25083	k4me1_enh	-2.219	-1.665	-2.014	-2.151	-1.983	-1.686
atac_L03450	k4me1_enh	-3.322	-0.112	-2.36	-3.322	-2.535	-3.322
atac_P05643	k4me1_enh	-1.219	-2.35	-1.507	-1.85	-2.688	-3.322
atac_L12121	k4me1_enh	-0.815	-1.25	-3.322	-1.905	-2.712	-3.322
atac_L00554	k4me1_enh	-3.322	-1.291	-1.101	-3.225	-2.818	-1.261
atac_L14074	k4me1_enh	-2.827	-1.958	-0.568	-3.322	-2.143	-3.227
atac_L23952	k4me1_enh	-2.363	-0.823	-1.792	-2.393	-2.666	-2.036
atac_P06809	k4me1_enh	-1.155	-1.774	-2	-1.956	-2.334	-3.322
atac_L00885	k4me1_enh	-2.652	-0.72	-1.643	-2.158	-2.676	-2.33
atac_L18230	k4me1_enh	-2.839	-0.642	-2.588	-2.243	-2.617	-3.322
atac_L06350	k4me1_enh	-1.993	-2.47	-1.899	-2.819	-2.02	-1.412
atac_L08036	k4me1_enh	-2.38	-1.25	-1.416	-2.761	-2.621	-1.78
atac_L17321	k4me1_enh	-3.109	-1.861	-0.495	-3.322	-2.33	-3.162
atac_L14985	k4me1_enh	-2.748	-1.169	-0.981	-3.119	-2.102	-3.322
atac_L10031	k4me1_enh	-1.667	-1.622	-1.543	-3.322	-2.189	-3.322
atac_L04667	k4me1_enh	-2.459	-0.86	-2.297	-3.322	-2.461	-1.894
atac_L09503	k4me1_enh	-3.196	-0.326	-1.325	-3.322	-3.322	-3.322
atac_L00740	k4me1_enh	-1.839	-2.365	-0.516	-2.819	-2.475	-3.322
atac_P02716	k4me1_enh	-2.827	-1.16	-1.031	-2.173	-3.116	-3.322
atac_L16517	k4me1_enh	-1.787	-0.82	-1.407	-2.641	-3.322	-3.322
atac_P07068	k4me1_enh	-1.929	-1.456	-1.517	-2.093	-2.762	-2.724
atac_L11370	k4me1_enh	-1.428	-1.125	-2	-2.6	-2.712	-2.647
atac_L27075	k4me1_enh	-2.389	-0.961	-1.441	-2.819	-2.188	-3.322
atac_L35902	k4me1_enh	-2.524	-1.123	-1.244	-2.502	-2.215	-3.322
atac_L11425	k4me1_enh	-2.109	-1.458	-1.54	-2.227	-2.631	-3.322
atac_L00355	k4me1_enh	-1.815	-1.056	-1.573	-2.03	-2.503	-3.322
atac_L12233	k4me1_enh	-2.543	-0.203	-3.13	-2.819	-2.766	-3.322
atac_P03827	k4me1_enh	-2.13	-1.235	-0.988	-3.322	-2.297	-3.322
atac_L23021	k4me1_enh	-1.647	-1.799	-1.955	-1.494	-2.151	-3.322
atac_L03228	k4me1_enh	-1.929	-1.341	-2.149	-2.58	-1.429	-3.322
atac_L15641	k4me1_enh	-1.524	-0.881	-3.12	-2.03	-2.325	-3.322
atac_P01566	k4me1_enh	-1.72	-2.14	-1.383	-1.862	-3.086	-1.916
atac_L35961	k4me1_enh	-1.955	-1.334	-2.568	-2.259	-2.32	-1.633
atac_P06567	k4me1_enh	-3.322	0.027	-3.034	-3.322	-2.475	-3.181
atac_L09216	k4me1_enh	-2.145	-0.441	-2.06	-3.179	-2.654	-3.322
atac_P01493	k4me1_enh	-1.464	-1.445	-1.828	-2.151	-2.814	-3.322
atac_L11939	k4me1_enh	-1.487	-1.342	-1.933	-1.905	-2.561	-3.088
atac_L27768	k4me1_enh	-2.363	-1.554	-1.022	-2.446	-2.059	-3.322
atac_L24016	k4me1_enh	-3.322	-0.253	-2.909	-2.151	-3.322	-3.322
atac_L10649	k4me1_enh	-1.715	-1.159	-2.77	-2.151	-1.66	-3.322
atac_P06989	k4me1_enh	-0.993	-2.394	-3.322	-1.434	-2.893	-3.322
atac_L22151	k4me1_enh	-2.211	-0.818	-2.303	-2.502	-2.447	-2.423
atac_L29587	k4me1_enh	-2.827	0.01	-3.322	-3.322	-3.322	-3.322
atac_P02400	k4me1_enh	-2.174	-1.447	-1.176	-2.631	-1.94	-2.944
atac_L14077	k4me1_enh	-3.322	-1.048	-1.148	-3.322	-2.583	-1.799
atac_L10821	k4me1_enh	-2.459	-1.443	-1.661	-2.107	-1.873	-2.091
atac_L08097	k4me1_enh	-2.759	-0.641	-2.292	-2.151	-2.561	-3.123
atac_L32422	k4me1_enh	-1.088	-1.097	-2.195	-3.322	-2.539	-2.474
atac_L18292	k4me1_enh	-3.322	0.021	-2.818	-2.981	-2.921	-3.322
atac_L06294	k4me1_enh	-1.477	-1.539	-3.322	-1.74	-2.397	-2.902
atac_L38263	k4me1_enh	-0.824	-1.884	-1.675	-2.61	-3.179	-3.094
atac_L20543	k4me1_enh	-1.428	-0.893	-3.322	-2.694	-2.429	-3.322
atac_L09213	k4me1_enh	-2.827	-1.838	-0.656	-2.716	-3.05	-2.256
atac_L29366	k4me1_enh	-1.567	-0.845	-2.005	-2.6	-2.432	-3.322
atac_P00595	k4me1_enh	-2.33	-1.865	-1.086	-3.322	-2.561	-1.94
atac_L05748	k4me1_enh	-2.363	-1.03	-1.604	-2.151	-2.6	-3.322
atac_L22734	k4me1_enh	-3.167	-2.734	-1.05	-1.844	-2.485	-3.322
atac_L25735	k4me1_enh	-2.468	-0.634	-1.857	-2.446	-2.363	-2.657
atac_L39916	k4me1_enh	-2.459	-0.83	-1.444	-2.684	-2.541	-2.765
atac_L03101	k4me1_enh	-2.459	-1.942	-2	-2.446	-2.037	-1.711
atac_L12724	k4me1_enh	-2.145	-0.433	-2.778	-3.322	-2.164	-3.322
atac_L02679	k4me1_enh	-3.181	-1.237	-1.563	-2.968	-1.761	-3.322
atac_L02599	k4me1_enh	-2.314	-1.541	-1.488	-1.429	-2.66	-2.939
atac_L04868	k4me1_enh	-1.347	-1.795	-1.494	-3.076	-2.201	-3.026
atac_L18646	k4me1_enh	-2.974	-1.802	-0.881	-2.151	-2.692	-3.322
atac_L39894	k4me1_enh	-1.72	-0.669	-1.865	-2.819	-3.154	-3.322
atac_L20350	k4me1_enh	-2.987	-1.764	-1.8	-3.322	-1.495	-1.786
atac_L01605	k4me1_enh	-2.673	-2.575	-1.597	-1.513	-2.654	-1.725
atac_P00843	k4me1_enh	-1.487	-1.468	-2.109	-1.944	-3.322	-3.28
atac_L07749	k4me1_enh	-2.514	-1.398	-0.598	-3.076	-2.907	-3.322
atac_L36314	k4me1_enh	-2.026	-1.414	-1.392	-2.064	-2.427	-3.322
atac_P05874	k4me1_enh	-1.491	-1.128	-2.665	-2.531	-2.537	-3.322
atac_L39864	k4me1_enh	-2.281	-0.986	-2.237	-2.358	-2.234	-3.322
atac_L12723	k4me1_enh	-2.591	-0.295	-2.037	-3.322	-2.566	-3.322
atac_L40060	k4me1_enh	-1.432	-1.381	-1.712	-1.844	-3.05	-3.322
atac_L18830	k4me1_enh	-2.961	-2.206	-1.031	-2.275	-2.444	-3.322
atac_L36698	k4me1_enh	-2.25	-1.017	-3.322	-3.289	-2.299	-2.305
atac_L20046	k4me1_enh	-3.081	-1.992	-0.529	-2.219	-2.566	-3.322
atac_L35366	k4me1_enh	-1.974	-0.783	-2.06	-2.879	-2.546	-3.322
atac_P02449	k4me1_enh	-1.942	-1.06	-1.907	-2.023	-2.775	-3.322
atac_L09346	k4me1_enh	-2.827	-1.733	-0.709	-3.322	-2.132	-3.109
atac_P00639	k4me1_enh	-1.652	-1.976	-1.263	-1.881	-2.039	-3.322
atac_L01898	k4me1_enh	-1.787	-2.901	-0.573	-2.867	-2.496	-2.959
atac_L39717	k4me1_enh	-3.322	-1.436	-0.503	-3.322	-2.764	-2.486
atac_L24911	k4me1_enh	-3.322	-0.827	-1.601	-2.456	-2.654	-2.238
atac_L26728	k4me1_enh	-2.642	-1.759	-1.55	-1.905	-2.14	-3.322
atac_P01326	k4me1_enh	-1.781	-0.591	-2.408	-2.151	-2.996	-3.322
atac_P04006	k4me1_enh	-1.657	-1.627	-1.02	-2.819	-2.206	-3.322
atac_L09406	k4me1_enh	-1.359	-1.816	-0.814	-3.322	-2.94	-3.322
atac_L35832	k4me1_enh	-2.748	-0.474	-2.609	-3.225	-1.926	-3.322
atac_L06657	k4me1_enh	-3.322	-1.331	-1.163	-2.057	-2.459	-2.867
atac_L24678	k4me1_enh	-2.314	-0.711	-1.459	-2.819	-2.475	-3.322
atac_L30799	k4me1_enh	-2.827	-1.075	-1.475	-2.043	-2.764	-2.847
atac_L03490	k4me1_enh	-1.967	-1.441	-2.144	-1.069	-2.781	-3.322
atac_L19613	k4me1_enh	-2.459	-1.06	-1.258	-2.891	-2.53	-3.322
atac_L12066	k4me1_enh	-2.642	-1.279	-1.325	-1.359	-2.834	-3.322
atac_L17464	k4me1_enh	-2.258	-2.376	-1.236	-3.322	-1.953	-3.322
atac_L28578	k4me1_enh	-2.013	-0.618	-2.568	-3.091	-3.076	-2.353
atac_P04288	k4me1_enh	-2.347	-2.935	-0.655	-1.963	-2.201	-3.322
atac_P06387	k4me1_enh	-2.047	-2.684	-1.242	-1.617	-2.784	-2.01
atac_L24675	k4me1_enh	-2.415	-0.443	-1.912	-2.819	-3.243	-3.154
atac_L35694	k4me1_enh	-2.726	-1.19	-1.166	-2.307	-2.487	-3.322
atac_L27989	k4me1_enh	-2.026	-0.924	-3.13	-2.446	-2.526	-1.834
atac_L16246	k4me1_enh	-1.839	-0.783	-1.903	-2.705	-3.068	-3.322
atac_L06627	k4me1_enh	-2.081	-0.963	-1.964	-2.819	-2.553	-3.322
atac_L02128	k4me1_enh	-1.899	-0.743	-2.77	-2.446	-2.273	-2.781
atac_L18113	k4me1_enh	-2.496	-0.624	-1.601	-3.322	-2.459	-3.322
atac_L36044	k4me1_enh	-3.123	-1.513	-1.125	-2.955	-2.267	-2.898
atac_L23587	k4me1_enh	-2.234	-1.532	-2.331	-3.134	-1.978	-1.196
atac_P04283	k4me1_enh	-2.123	-1.367	-1.664	-2.173	-2.422	-2.628
atac_L20144	k4me1_enh	-2.496	-1.343	-1.322	-2.521	-1.984	-2.243
atac_L33782	k4me1_enh	-2.258	-2.109	-0.802	-2.981	-2.694	-2.161
atac_L05880	k4me1_enh	-1.699	-1.122	-2.114	-2.437	-2.414	-2.476
atac_L35786	k4me1_enh	-1.833	-0.767	-1.646	-2.819	-3.044	-3.322
atac_L04804	k4me1_enh	-2.181	-0.62	-2.665	-2.151	-2.376	-3.322
atac_L08667	k4me1_enh	-1.406	-1.834	-1.907	-1.68	-3.06	-2.742
atac_L20863	k4me1_enh	-1.616	-1.126	-1.903	-2.064	-2.745	-3.322
atac_P02996	k4me1_enh	-2.781	-1.153	-0.673	-3.322	-3.179	-3.322
atac_L34026	k4me1_enh	-2.167	-0.97	-1.973	-2.367	-1.961	-3.322
atac_L07537	k4me1_enh	-1.204	-1.682	-1.942	-1.868	-3.006	-3.322
atac_L03299	k4me1_enh	-2.459	-1.06	-2.094	-1.612	-2.51	-3.322
atac_P06236	k4me1_enh	-0.762	-1.264	-3.223	-2.819	-2.737	-2.631
atac_L20320	k4me1_enh	-2.562	-1.171	-1.899	-1.612	-2.459	-2.49
atac_L20747	k4me1_enh	-1.397	-1.593	-2.27	-1.918	-2.803	-2.53
atac_L25668	k4me1_enh	-1.455	-1.421	-2.541	-2.652	-2.355	-3.322
atac_L08612	k4me1_enh	-1.519	-1.836	-0.614	-3.322	-3.288	-3.322
atac_L16530	k4me1_enh	-3.211	-1.45	-0.924	-3.322	-2.974	-1.867
atac_L27246	k4me1_enh	-3.322	-1.312	-0.574	-2.151	-3.3	-3.322
atac_L03928	k4me1_enh	-1.974	-1.133	-1.618	-2.446	-2.581	-2.286
atac_L33791	k4me1_enh	-2.314	-1.298	-1.272	-2.819	-2.718	-3.322
atac_L08179	k4me1_enh	-2.322	-1.172	-1.632	-2.795	-2.211	-3.322
atac_L14018	k4me1_enh	-3.322	-0.468	-1.497	-3.322	-3.309	-3.154
atac_L01249	k4me1_enh	-3.322	-1.364	-1.319	-3.225	-3.11	-2.857
atac_L05929	k4me1_enh	-1.548	-1.954	-1.313	-2.267	-2.427	-3.322
atac_L01301	k4me1_enh	-2.572	-1.516	-1.171	-2.307	-2.024	-3.322
atac_L39351	k4me1_enh	-3	-2.053	-0.38	-2.446	-2.886	-3.322
atac_L33735	k4me1_enh	-2.642	-1.288	-1.462	-2.071	-2.306	-3.322
atac_L06318	k4me1_enh	-2.827	-1.071	-1.75	-2.819	-2.514	-1.767
atac_L12834	k4me1_enh	-1.572	-1.773	-2.343	-2.384	-1.762	-3.188
atac_L39185	k4me1_enh	-2.524	-1.289	-1.299	-2.307	-2.7	-3.322
atac_L07945	k4me1_enh	-2.514	-0.919	-1.697	-2.375	-3.322	-3.322
atac_L25725	k4me1_enh	-2.601	-1.702	-0.658	-2.891	-2.67	-3.322
atac_L28046	k4me1_enh	-1.868	-1.417	-1.895	-2.143	-2.758	-3.322
atac_P06755	k4me1_enh	-1.699	-1.381	-1.325	-2.402	-2.523	-3.322
atac_L16824	k4me1_enh	-2.827	-0.845	-1.348	-2.891	-2.441	-3.322
atac_L29266	k4me1_enh	-2.174	-1.293	-3.025	-3.322	-1.939	-1.295
atac_L36738	k4me1_enh	-2.38	-1.284	-1.325	-2.316	-2.989	-3.322
atac_L31902	k4me1_enh	-1.839	-0.549	-2.534	-3.322	-2.76	-3.322
atac_L13863	k4me1_enh	-1.694	-0.718	-2.588	-2.819	-2.591	-2.872
atac_P03455	k4me1_enh	-1.974	-2.687	-0.653	-2.541	-2.303	-3.322
atac_P00295	k4me1_enh	-1.657	-1.319	-2.281	-1.905	-2.796	-2.467
atac_L33474	k4me1_enh	-1.781	-1.555	-1.765	-1.956	-2.161	-3.322
atac_L01228	k4me1_enh	-2.468	-2.674	-0.437	-2.57	-3.108	-3.322
atac_L12371	k4me1_enh	-1.923	-2.618	-0.919	-2.291	-2.339	-3.322
atac_L00067	k4me1_enh	-3.322	-2.605	-0.349	-2.75	-3.039	-2.328
atac_L36227	k4me1_enh	-2.827	-1.704	-0.698	-2.446	-2.606	-3.322
atac_L27614	k4me1_enh	-1.33	-1.315	-2.205	-2.151	-2.775	-3.276
atac_L14824	k4me1_enh	-1.606	-1.355	-2.075	-1.931	-2.358	-3.322
atac_L23336	k4me1_enh	-1.929	-2.329	-0.995	-2.772	-3.011	-3.322
atac_L10808	k4me1_enh	-2.827	-0.538	-2.521	-3.322	-2.606	-3.322
atac_L07602	k4me1_enh	-1.704	-1.576	-1.444	-2.541	-2.349	-3.292
atac_L25548	k4me1_enh	-3.322	-1.889	-0.796	-2.446	-2.396	-2.6
atac_L03085	k4me1_enh	-3.322	-1.295	-0.728	-2.673	-3.129	-2.71
atac_L20643	k4me1_enh	-2.459	-1.694	-2.134	-2.942	-3.214	-1.826
atac_L22682	k4me1_enh	-2.424	-2.611	-0.523	-2.75	-2.325	-3.322
atac_L13485	k4me1_enh	-2.543	-0.622	-2.702	-3.134	-3.208	-2.631
atac_L15657	k4me1_enh	-2.543	-2.153	-1.305	-3.322	-2.777	-1.299
atac_L23891	k4me1_enh	-1.088	-2.345	-1.632	-3.194	-2.722	-3.287
atac_L13818	k4me1_enh	-2.642	-1.669	-0.959	-2.446	-2.431	-3.322
atac_P05894	k4me1_enh	-1.657	-1.428	-2.226	-3.076	-2.764	-3.322
atac_L19113	k4me1_enh	-2.683	-1.216	-1.657	-3.322	-2.559	-1.534
atac_L23140	k4me1_enh	-2.441	-1.001	-1.643	-2.662	-2.192	-3.322
atac_L28785	k4me1_enh	-1.095	-2.376	-2.581	-3.322	-1.669	-2.065
atac_L23242	k4me1_enh	-2.355	-0.866	-1.504	-3.322	-2.308	-3.053
atac_L32387	k4me1_enh	-3.196	-1.599	-0.867	-3.322	-2.124	-3.322
atac_L16727	k4me1_enh	-1.764	-2.536	-1.062	-1.924	-3.042	-3.322
atac_L14570	k4me1_enh	-1.567	-1.479	-1.824	-2.75	-2.25	-3.322
atac_P05041	k4me1_enh	-1.468	-1.228	-3.266	-2.151	-2.449	-3.322
atac_L14632	k4me1_enh	-2.258	-2.03	-1.166	-1.768	-2.743	-3.322
atac_L12793	k4me1_enh	-1.936	-1.778	-1.234	-2.093	-2.834	-2.439
atac_L11414	k4me1_enh	-2.047	-1.097	-2.541	-1.461	-2.843	-3.322
atac_L37318	k4me1_enh	-3.322	-0.949	-1.133	-3.021	-2.969	-2.787
atac_L25839	k4me1_enh	-2.363	-1.818	-1.171	-2.819	-2.67	-3.322
atac_L38373	k4me1_enh	-3.053	-1.356	-1.168	-3.305	-2.402	-2.083
atac_L28846	k4me1_enh	-1.326	-1.8	-3.072	-1.912	-1.787	-3.322
atac_P06777	k4me1_enh	-3	-0.511	-3.006	-2.03	-2.277	-3.322
atac_L33452	k4me1_enh	-1.208	-1.72	-1.59	-1.887	-3.322	-3.322
atac_P03286	k4me1_enh	-2.827	-1.551	-1.543	-2.151	-1.887	-3.036
atac_L02303	k4me1_enh	-1.923	-2.282	-0.894	-3.035	-2.766	-2.415
atac_L23667	k4me1_enh	-2.505	-2.74	-1.653	-1.527	-2.135	-2.398
atac_L28757	k4me1_enh	-1.936	-1.298	-2.164	-2.114	-2.66	-3.322
atac_L29907	k4me1_enh	-3.322	-0.054	-3.322	-3.322	-3.322	-2.277
atac_L04997	k4me1_enh	-3.322	-2.307	-0.669	-2.819	-2.404	-2.666
atac_L31089	k4me1_enh	-2.227	-0.789	-2.07	-2.662	-2.696	-2.768
atac_L10417	k4me1_enh	-2.167	-1.561	-1.048	-3.322	-2.796	-3.289
atac_L06314	k4me1_enh	-2.948	-1.333	-1.441	-1.78	-2.524	-3.322
atac_L24306	k4me1_enh	-1.936	-1.363	-2.457	-2.819	-1.423	-3.322
atac_L23429	k4me1_enh	-2.737	-1.779	-1.06	-1.581	-2.528	-3.322
atac_L22451	k4me1_enh	-2.123	-1.799	-3.12	-2.107	-2.003	-1.714
atac_L31486	k4me1_enh	-2.862	-0.506	-2.9	-2.819	-2.912	-3.322
atac_L27813	k4me1_enh	-3.322	-1.227	-1.12	-3.322	-2.781	-3.101
atac_L18501	k4me1_enh	-2.234	-1.178	-1.204	-3.049	-2.692	-3.322
atac_L29149	k4me1_enh	-1.905	-2.307	-1.128	-1.887	-2.175	-3.322
atac_L02947	k4me1_enh	-2.839	-1.082	-1.215	-2.784	-2.463	-3.322
atac_P04183	k4me1_enh	-2.406	-1.509	-1.434	-3.322	-2.568	-2.413
atac_L17122	k4me1_enh	-1.342	-1.401	-1.517	-3.322	-3.27	-3.322
atac_L10810	k4me1_enh	-2.167	-1.779	-2.159	-1.607	-2.042	-3.322
atac_L29337	k4me1_enh	-2.441	-1.517	-1.351	-2.795	-3.034	-2.61
atac_L08253	k4me1_enh	-2.781	-0.378	-1.639	-3.179	-3.234	-3.322
atac_L28042	k4me1_enh	-2.02	-2.479	-1.098	-1.751	-2.444	-2.634
atac_L05204	k4me1_enh	-1.293	-0.86	-3.062	-2.324	-3.255	-3.322
atac_L07868	k4me1_enh	-2.234	-1.931	-0.8	-2.437	-3.05	-3.244
atac_L02049	k4me1_enh	-2.459	-1.115	-2.755	-1.607	-2.196	-3.322
atac_L06785	k4me1_enh	-3.081	-2.275	-1.946	-2.502	-2.341	-2.39
atac_L00352	k4me1_enh	-2.514	-1.513	-1.946	-1.868	-2.775	-2.539
atac_L04827	k4me1_enh	-2.77	-1.114	-3.322	-3.322	-2.574	-1.547
atac_L16292	k4me1_enh	-1.955	-0.627	-3.322	-3.289	-1.922	-3.322
atac_L06326	k4me1_enh	-2.601	-1.733	-0.852	-3.322	-2.9	-3.322
atac_L14602	k4me1_enh	-2.827	-1.3	-1.407	-2.819	-2.387	-3.233
atac_L35868	k4me1_enh	-1.289	-1.816	-1.664	-2.819	-2.299	-3.026
atac_L23444	k4me1_enh	-2.234	-1.647	-1.553	-1.696	-3.081	-2.406
atac_L20298	k4me1_enh	-3.053	-1.52	-2.651	-3.322	-2.102	-0.874
atac_L27916	k4me1_enh	-2.851	-1.59	-0.687	-2.904	-2.394	-3.322
atac_L25333	k4me1_enh	-3.04	-0.871	-1.929	-2.267	-2.818	-3.322
atac_L25570	k4me1_enh	-2.874	-2.002	-0.867	-2.631	-2.417	-3.322
atac_L34227	k4me1_enh	-3.322	-1.314	-0.977	-2.819	-2.436	-3.322
atac_L04798	k4me1_enh	-3.322	-0.611	-1.351	-3.164	-3.322	-2.47
atac_L14132	k4me1_enh	-2.459	-2.694	-0.913	-2.819	-2.999	-3.322
atac_L05851	k4me1_enh	-2.827	-2.241	-1.41	-2.819	-1.923	-3.322
atac_P06089	k4me1_enh	-1.582	-2.771	-1.478	-1.809	-2.328	-2.916
atac_L39734	k4me1_enh	-1.974	-1.906	-2.495	-2.819	-2.069	-1.657
atac_P02675	k4me1_enh	-1.148	-2.18	-2.97	-1.596	-2.94	-2.588
atac_P02300	k4me1_enh	-2.13	-1.386	-1.018	-2.55	-2.682	-3.322
atac_L31631	k4me1_enh	-2.047	-1.599	-1.501	-2.6	-2.852	-1.841
atac_L07805	k4me1_enh	-2.25	-0.972	-3.322	-2.243	-2.644	-1.94
atac_L14098	k4me1_enh	-1.987	-1.793	-1.504	-1.844	-2.161	-3.322
atac_L00708	k4me1_enh	-3.322	-0.658	-1.618	-2.819	-2.698	-3.322
atac_L24108	k4me1_enh	-2.415	-0.975	-2.426	-2.58	-2.608	-1.852
atac_L23953	k4me1_enh	-1.586	-1.47	-2.457	-1.989	-2.214	-3.322
atac_P05890	k4me1_enh	-0.512	-1.779	-2.826	-3.322	-2.79	-3.322
atac_L15237	k4me1_enh	-3.322	-2.049	-1.339	-1.429	-2.047	-3.322
atac_L35956	k4me1_enh	-2.227	-2.493	-2.858	-3.322	-1.04	-1.314
atac_P01363	k4me1_enh	-1.552	-2.068	-1.228	-2.446	-2.517	-3.055
atac_L09907	k4me1_enh	-2.652	-1.247	-2.154	-2.716	-2.784	-2.782
atac_L21733	k4me1_enh	-2.196	-1.273	-2.502	-2.333	-2.339	-1.809
atac_L19107	k4me1_enh	-3.322	-2.294	-0.521	-3.322	-2.316	-3.109
atac_L06080	k4me1_enh	-2.911	-1.548	-1.761	-1.826	-1.885	-2.937
atac_L17139	k4me1_enh	-2.974	-1.125	-1.58	-2.879	-2.05	-2.579
atac_L38169	k4me1_enh	-3.04	-1.504	-2.979	-1.093	-2.766	-2.093
atac_L24308	k4me1_enh	-2.827	-1.504	-1.664	-1.944	-2.064	-3.322
atac_L32721	k4me1_enh	-1.929	-1.462	-2.297	-2.446	-2.553	-1.825
atac_L39222	k4me1_enh	-3.306	-1.229	-1.661	-2.819	-2.258	-2.874
atac_L35183	k4me1_enh	-1.699	-1.723	-1.895	-2.819	-2.891	-2.979
atac_L39521	k4me1_enh	-2.281	-0.693	-2.842	-2.291	-1.902	-3.322
atac_L01046	k4me1_enh	-2.827	-1.929	-1.453	-2.243	-1.907	-3.322
atac_L32976	k4me1_enh	-2.726	-0.73	-1.594	-2.867	-2.952	-3.322
atac_L09471	k4me1_enh	-2.297	-1.607	-1.055	-2.819	-2.87	-3.02
atac_P05535	k4me1_enh	-1.586	-1.727	-1.413	-2.324	-2.41	-3.322
atac_L36254	k4me1_enh	-2.543	-1.334	-1.621	-2.631	-2.425	-3.322
atac_L33160	k4me1_enh	-2.827	-1.096	-1.285	-2.819	-2.339	-3.322
atac_P05720	k4me1_enh	-1.753	-1.895	-2.018	-2.151	-2.743	-2.036
atac_L21973	k4me1_enh	-1.72	-1.647	-1.75	-2.023	-2.727	-2.999
atac_P06382	k4me1_enh	-3.152	-1.639	-0.59	-2.904	-2.854	-3.322
atac_L17218	k4me1_enh	-1.134	-2.189	-2.248	-2.819	-1.832	-3.322
atac_L02483	k4me1_enh	-2.053	-0.958	-3.322	-1.963	-2.357	-3.322
atac_L18162	k4me1_enh	-2.459	-0.752	-3.322	-2.227	-2.389	-2.01
atac_L08867	k4me1_enh	-1.529	-1.522	-1.392	-2.819	-2.579	-2.803
atac_L36370	k4me1_enh	-1.917	-1.157	-1.769	-2.843	-1.874	-3.322
atac_L17079	k4me1_enh	-3.196	-1.409	-1.942	-2.1	-2.561	-2.27
atac_L03045	k4me1_enh	-2.026	-1.594	-1.395	-2.446	-2.696	-3.322
atac_P03886	k4me1_enh	-1.776	-2.727	-1.769	-1.809	-2.391	-2.902
atac_L28038	k4me1_enh	-3.167	-1.141	-2.414	-2.867	-1.32	-2.794
atac_L15684	k4me1_enh	-1.781	-1.113	-1.828	-3.322	-2.194	-3.322
atac_L35896	k4me1_enh	-2.181	-1.655	-1.54	-2.446	-2.75	-2.205
atac_L15202	k4me1_enh	-2.363	-0.927	-2.426	-3.322	-2.81	-3.322
atac_L39678	k4me1_enh	-2.145	-1.501	-1.646	-1.74	-2.574	-3.322
atac_P06958	k4me1_enh	-2.533	-1.914	-1.011	-2.446	-2.157	-3.322
atac_L31533	k4me1_enh	-2	-0.634	-3.322	-3.322	-2.619	-3.322
atac_L33910	k4me1_enh	-2.053	-1.42	-3.322	-1.643	-2.926	-2.797
atac_L07516	k4me1_enh	-1.667	-2.584	-2.81	-2.196	-2.758	-1.107
atac_L15651	k4me1_enh	-2.974	-0.328	-3.322	-3.179	-2.387	-3.322
atac_P03512	k4me1_enh	-1.974	-1.503	-1.45	-2.349	-2.955	-2.423
atac_L31915	k4me1_enh	-1.683	-2.068	-2.023	-2.05	-2.553	-2.145
atac_L33488	k4me1_enh	-2.827	-0.809	-2.717	-3.322	-2.041	-2.242
atac_L22001	k4me1_enh	-2.827	-1.071	-1.062	-3.322	-2.565	-3.322
atac_L23053	k4me1_enh	-1.798	-0.756	-2.97	-2.58	-2.161	-3.322
atac_L26841	k4me1_enh	-3.322	-0.137	-3.171	-2.795	-2.68	-3.322
atac_L39775	k4me1_enh	-2.459	-0.652	-2.695	-2.078	-2.492	-3.322
atac_L05759	k4me1_enh	-3.322	-1.262	-1.401	-3.225	-2.535	-3.322
atac_L05857	k4me1_enh	-2.196	-0.694	-1.777	-3.322	-2.55	-3.322
atac_P03490	k4me1_enh	-2.459	-0.96	-1.252	-2.904	-3.303	-3.322
atac_P00525	k4me1_enh	-2.804	-1.195	-1.912	-1.983	-2.306	-3.322
atac_L36607	k4me1_enh	-2.02	-1.564	-1.89	-2.819	-1.497	-2.959
atac_P03931	k4me1_enh	-2.459	-1.567	-1.785	-1.832	-2.733	-3.322
atac_L13984	k4me1_enh	-2.289	-0.844	-1.895	-2.819	-3.171	-2.877
atac_L04460	k4me1_enh	-1.71	-2.102	-1.523	-2.57	-2.184	-2.768
atac_L34635	k4me1_enh	-2.372	-0.62	-2.114	-2.981	-2.805	-3.322
atac_L21926	k4me1_enh	-1.715	-2.627	-1.354	-1.905	-2.521	-3.322
atac_L31958	k4me1_enh	-2.987	-2.355	-1.55	-2.307	-1.151	-2.787
atac_L16623	k4me1_enh	-1.601	-1.514	-2.778	-2.456	-2.61	-2.303
atac_P05941	k4me1_enh	-3.322	-1.694	-0.834	-3.322	-2.261	-3.322
atac_L27446	k4me1_enh	-1.393	-1.838	-2.174	-2.819	-2.366	-2.243
atac_L05928	k4me1_enh	-1.699	-1.479	-1.51	-2.446	-2.592	-3.308
atac_L03593	k4me1_enh	-2.196	-1.79	-2.028	-3.322	-2.779	-1.324
atac_L02058	k4me1_enh	-3.322	-0.5	-2.169	-2.684	-2.725	-3.322
atac_P04548	k4me1_enh	-1.468	-1.788	-3.11	-1.69	-2.477	-2.278
atac_L27756	k4me1_enh	-2.591	-2.222	-1.22	-2.621	-2.23	-2.14
atac_L33925	k4me1_enh	-2.862	-0.597	-2.554	-2.855	-2.164	-3.322
atac_L36853	k4me1_enh	-3.322	-1.015	-2.018	-2.071	-2.974	-2.693
atac_L20553	k4me1_enh	-0.833	-1.925	-3.322	-1.696	-2.984	-2.867
atac_L09737	k4me1_enh	-2.543	-1.745	-1.899	-3.322	-1.87	-2.818
atac_L02139	k4me1_enh	-2.816	-0.646	-2.762	-3.322	-2.482	-2.056
atac_L33705	k4me1_enh	-2.552	-1.499	-1.977	-1.513	-2.762	-3.262
atac_L39293	k4me1_enh	-2.347	-0.607	-3.322	-3.021	-2.945	-2.356
atac_L39837	k4me1_enh	-2.013	-1.558	-1.507	-3.322	-1.994	-3.322
atac_L07351	k4me1_enh	-2.398	-1.935	-1.56	-2.151	-2.383	-3.322
atac_L08107	k4me1_enh	-1.234	-1.53	-2.109	-2.493	-2.682	-3.322
atac_L39484	k4me1_enh	-2.582	-0.942	-2.778	-2.891	-2.823	-1.769
atac_L36975	k4me1_enh	-2.314	-1.318	-1.903	-1.95	-2.676	-3.322
atac_L09182	k4me1_enh	-2.167	-1.18	-2.124	-2.151	-2.654	-3.041
atac_L10839	k4me1_enh	-1.899	-1.994	-2.961	-1.757	-2.249	-2.01
atac_L06079	k4me1_enh	-2.514	-1.254	-2.159	-2.078	-2.664	-2.286
atac_P02929	k4me1_enh	-2.759	-1.671	-1.255	-2.114	-2.384	-3.322
atac_P01659	k4me1_enh	-2.591	-1.964	-1.816	-1.874	-2.799	-2.058
atac_L39777	k4me1_enh	-3.322	-1.249	-1.553	-1.996	-1.798	-3.322
atac_L09442	k4me1_enh	-1.647	-1.681	-1.836	-2.307	-3.194	-3.322
atac_L31191	k4me1_enh	-1.473	-1.173	-1.955	-2.541	-3.034	-3.322
atac_L39485	k4me1_enh	-3.274	-0.579	-1.973	-2.446	-2.989	-2.946
atac_L19084	k4me1_enh	-1.446	-2.611	-2.515	-1.696	-2.512	-2.086
atac_L22459	k4me1_enh	-1.911	-2.192	-1.371	-2.465	-2.652	-3.322
atac_L14986	k4me1_enh	-2.081	-2.201	-1.643	-2.541	-2.914	-2.394
atac_L39341	k4me1_enh	-2.322	-1.179	-2.19	-2.446	-2.136	-3.322
atac_L36615	k4me1_enh	-2.145	-1.105	-1.942	-2.727	-3.208	-2.513
atac_L40134	k4me1_enh	-2.816	-1.652	-2.226	-1.912	-2.029	-2.169
atac_L32696	k4me1_enh	-2.415	-1.829	-1.716	-2.349	-3.055	-1.469
atac_L07428	k4me1_enh	-2.159	-1.377	-2.07	-2.446	-2.358	-3.322
atac_L34396	k4me1_enh	-1.17	-1.168	-3.322	-3.134	-2.346	-2.812
atac_L17130	k4me1_enh	-1.265	-1.655	-3.322	-2.1	-2.816	-3.322
atac_L35875	k4me1_enh	-2.77	-1.75	-1.072	-2.151	-3.211	-3.322
atac_L20323	k4me1_enh	-2.851	-1.385	-2.778	-1.527	-2.308	-3.322
atac_L18277	k4me1_enh	-1.923	-2.317	-1.517	-2.181	-2.063	-2.27
atac_L30226	k4me1_enh	-3.322	-1.347	-1.734	-2.819	-1.866	-3.322
atac_P02567	k4me1_enh	-1.05	-1.998	-2.046	-2.819	-3.05	-2.166
atac_L04864	k4me1_enh	-1.606	-2.459	-1.444	-2.446	-2.933	-3.322
atac_L27775	k4me1_enh	-1.215	-1.882	-2.264	-2.446	-3.052	-3.322
atac_L39846	k4me1_enh	-2.862	-1.885	-0.82	-3.322	-3.322	-2.172
atac_L20502	k4me1_enh	-2.552	-1.557	-1.274	-3.289	-1.974	-2.246
atac_L00230	k4me1_enh	-2.38	-2.203	-1.845	-1.74	-2.196	-2.651
atac_P00105	k4me1_enh	-2.851	-1.374	-1.832	-1.48	-2.508	-3.322
atac_L24475	k4me1_enh	-2.406	-2.904	-1.258	-2.474	-2.129	-3.322
atac_L39907	k4me1_enh	-1.955	-0.712	-2.778	-2.531	-2.769	-2.973
atac_L13661	k4me1_enh	-1.25	-1.815	-3.255	-3.322	-3.208	-1.528
atac_L24667	k4me1_enh	-1.715	-1.845	-2.009	-2.064	-2.048	-3.322
atac_L35300	k4me1_enh	-2.088	-1.406	-1.491	-2.307	-2.979	-3.177
atac_L07429	k4me1_enh	-1.793	-1.122	-2.818	-3.322	-2.658	-3.322
atac_L32957	k4me1_enh	-2.816	-2.421	-1.045	-1.937	-2.598	-3.154
atac_P05974	k4me1_enh	-2.067	-1.931	-1.228	-1.905	-2.909	-3.322
atac_P05711	k4me1_enh	-1.611	-0.947	-2.724	-2.819	-3.009	-2.542
atac_L33461	k4me1_enh	-2.415	-2.781	-1.497	-1.434	-2.48	-3.322
atac_L39783	k4me1_enh	-1.923	-1.593	-1.734	-2.446	-3.322	-2.033
atac_L08505	k4me1_enh	-2.827	-0.741	-2.547	-3.322	-2.805	-2.161
atac_L25336	k4me1_enh	-3.322	-0.886	-1.693	-2.502	-2.407	-2.973
atac_L24929	k4me1_enh	-1.892	-0.665	-2.216	-3.322	-3.084	-3.322
atac_L03700	k4me1_enh	-2.25	-0.795	-2.337	-1.924	-3.322	-3.322
atac_L02560	k4me1_enh	-1.572	-1.504	-1.472	-2.819	-2.952	-3.322
atac_L01536	k4me1_enh	-2.196	-1.407	-2.502	-2.071	-3.211	-2.034
atac_L12198	k4me1_enh	-1.441	-1.15	-1.938	-2.631	-2.933	-3.322
atac_L01104	k4me1_enh	-2.477	-0.873	-1.808	-3.021	-2.14	-3.322
atac_L04513	k4me1_enh	-1.905	-0.916	-2.602	-2.367	-3.322	-2.739
atac_L09251	k4me1_enh	-2.322	-2.841	-1.41	-1.723	-1.935	-3.322
atac_L22119	k4me1_enh	-2.459	-1.472	-1.218	-2.446	-3.026	-3.322
atac_L37473	k4me1_enh	-2.067	-1.752	-1.566	-2.446	-1.748	-3.322
atac_L13859	k4me1_enh	-1.72	-1.246	-2.154	-2.446	-2.314	-3.322
atac_L11913	k4me1_enh	-2.167	-1.573	-2.658	-1.905	-2.563	-3.188
atac_L32301	k4me1_enh	-3.242	-0.718	-3.266	-2.621	-2.308	-3.322
atac_L08903	k4me1_enh	-1.402	-2.151	-1.777	-2.275	-2.429	-3.322
atac_P05268	k4me1_enh	-1.318	-1.636	-2.502	-2.58	-2.572	-3.322
atac_P01271	k4me1_enh	-1.839	-1.287	-2.046	-1.561	-3.261	-3.322
atac_L30231	k4me1_enh	-3.322	-1.421	-0.948	-2.807	-2.668	-3.322
atac_P05021	k4me1_enh	-2.033	-1.602	-2.028	-2.541	-2.212	-2.816
atac_L15616	k4me1_enh	-1.223	-0.963	-3.212	-3.322	-2.583	-3.322
atac_P06226	k4me1_enh	-2.289	-1.304	-1.664	-2.621	-2.341	-3.322
atac_P04244	k4me1_enh	-1.611	-2.289	-1.536	-2.05	-2.635	-3.322
atac_L29375	k4me1_enh	-1.886	-1.098	-1.563	-2.819	-2.662	-3.322
atac_L17105	k4me1_enh	-2.827	-1.087	-2.326	-2.512	-2.294	-3.322
atac_P04061	k4me1_enh	-1.505	-1.882	-2.134	-2.819	-2.613	-2.805
atac_L29437	k4me1_enh	-2.827	-1.91	-1.15	-3.091	-2.205	-3.322
atac_L29346	k4me1_enh	-2.839	-1.332	-2.164	-1.42	-2.357	-3.322
atac_L40189	k4me1_enh	-3.322	-0.915	-2.134	-2.819	-1.838	-3.322
atac_L16357	k4me1_enh	-1.967	-2.795	-2.042	-2.283	-2.089	-3.322
atac_P04885	k4me1_enh	-2.424	-1.755	-2.309	-1.809	-3.273	-3.034
atac_L07325	k4me1_enh	-2.961	-0.204	-2.673	-3.322	-3.076	-3.322
atac_L33172	k4me1_enh	-2.496	-1.036	-3.299	-2.446	-2.135	-3.026
atac_L38039	k4me1_enh	-2.673	-1.044	-1.781	-2.009	-3.171	-3.322
atac_P04245	k4me1_enh	-1.862	-1.825	-1.395	-2.428	-2.727	-3.207
atac_L02343	k4me1_enh	-2.167	-1.51	-1.389	-2.716	-2.204	-3.322
atac_P03249	k4me1_enh	-2.273	-2.633	-1.386	-1.351	-2.969	-2.986
atac_P06292	k4me1_enh	-2.181	-1.119	-2.732	-2.916	-2.752	-2.197
atac_L00884	k4me1_enh	-2.533	-1.205	-1.011	-3.322	-3.174	-3.322
atac_L08602	k4me1_enh	-2.338	-0.954	-1.597	-3.322	-2.799	-3.322
atac_L02551	k4me1_enh	-2.372	-2.707	-1.536	-3.322	-1.881	-2.935
atac_L15389	k4me1_enh	-1.715	-2.173	-1.912	-2.819	-1.791	-3.276
atac_L36852	k4me1_enh	-3	-1.338	-1.171	-2.502	-3.034	-3.013
atac_P00046	k4me1_enh	-2.781	-1.401	-3.299	-1.596	-2.688	-2.424
atac_L08344	k4me1_enh	-2.406	-0.907	-1.416	-3.322	-2.859	-3.322
atac_P03491	k4me1_enh	-1.688	-1.377	-2.253	-2.316	-3.322	-3.322
atac_P01497	k4me1_enh	-2.552	-2.153	-1.118	-2.621	-1.936	-3.322
atac_L16542	k4me1_enh	-2.827	-1.596	-1.625	-2.307	-1.821	-3.322
atac_L23323	k4me1_enh	-1.81	-2.217	-1.186	-1.95	-3.151	-3.322
atac_L05092	k4me1_enh	-0.83	-2.649	-2.623	-1.983	-2.496	-3.322
atac_L23126	k4me1_enh	-2.459	-2.522	-1.25	-2.107	-2.439	-2.941
atac_P01269	k4me1_enh	-2.33	-1.192	-2.739	-3.322	-1.834	-3.322
atac_L36552	k4me1_enh	-1.562	-1.401	-2.495	-2.684	-2.863	-2.923
atac_L15521	k4me1_enh	-3.322	-2.148	-1.053	-2.446	-1.952	-3.322
atac_L06261	k4me1_enh	-2.827	-2.104	-1.153	-2.819	-2.09	-3.322
atac_L31518	k4me1_enh	-2.102	-0.986	-2.961	-2.855	-2.775	-2.398
atac_L07219	k4me1_enh	-2.38	-0.936	-1.853	-3.322	-2.543	-3.322
atac_P02883	k4me1_enh	-1.596	-1.849	-1.955	-2.136	-2.631	-3.322
atac_L38229	k4me1_enh	-2	-2.178	-2.665	-2.521	-2.51	-1.495
atac_L10197	k4me1_enh	-1.948	-1.53	-1.577	-3.062	-2.331	-3.322
atac_L18543	k4me1_enh	-2.552	-0.833	-1.594	-2.819	-2.847	-3.322
atac_L29186	k4me1_enh	-1.538	-1.917	-3.322	-2.064	-2.046	-3.145
atac_L31626	k4me1_enh	-2.219	-0.698	-3.322	-3.091	-2.517	-3.145
atac_L37953	k4me1_enh	-2.123	-1.575	-1.371	-3.273	-2.777	-2.86
atac_P00531	k4me1_enh	-1.496	-1.095	-2.858	-2.341	-2.996	-3.162
atac_L12132	k4me1_enh	-2.487	-1.41	-1.242	-2.437	-2.895	-3.322
atac_P03734	k4me1_enh	-3.29	-1.455	-1.266	-1.69	-2.664	-3.322
atac_L28022	k4me1_enh	-2.074	-1.874	-2.602	-2.151	-1.653	-3.322
atac_P00902	k4me1_enh	-1.477	-1.908	-1.804	-3.322	-2.619	-3.322
atac_L04405	k4me1_enh	-2.694	-2.493	-1.359	-2.251	-2.004	-3.322
atac_L04794	k4me1_enh	-2.459	-1.201	-2.943	-2.541	-1.64	-3.322
atac_L38453	k4me1_enh	-2.167	-1.163	-2.834	-2.512	-1.974	-3.322
atac_P02717	k4me1_enh	-1.616	-1.148	-2.476	-2.819	-2.877	-3.322
atac_P04554	k4me1_enh	-1.845	-1.641	-1.773	-2.151	-3.026	-3.24
atac_L06655	k4me1_enh	-3.306	-0.742	-2.042	-3.049	-2.794	-2.634
atac_L10817	k4me1_enh	-3.322	-1.265	-1.566	-2.819	-2.37	-3.322
atac_L22452	k4me1_enh	-2.459	-1.781	-1.788	-2.831	-1.784	-3.322
atac_L20593	k4me1_enh	-2.06	-1.933	-1.242	-2.541	-2.484	-3.113
atac_L24012	k4me1_enh	-2.167	-1.818	-1.51	-2.819	-2.902	-3.322
atac_L17664	k4me1_enh	-2	-0.79	-3.322	-3.322	-3.004	-2.442
atac_L00903	k4me1_enh	-2.862	-1.302	-1.064	-2.879	-2.642	-3.322
atac_L13792	k4me1_enh	-2.441	-2.051	-1.738	-3.225	-2.565	-2.021
atac_L31534	k4me1_enh	-2.652	-2.358	-3.101	-2.891	-2.05	-1.325
atac_L03712	k4me1_enh	-3.322	-1.755	-0.598	-3.322	-3.044	-3.007
atac_L11293	k4me1_enh	-3.322	-1.012	-1.371	-3.305	-2.417	-3.227
atac_L08309	k4me1_enh	-2.827	-3.243	-0.343	-3.322	-3.231	-3.322
atac_L03054	k4me1_enh	-2.289	-1.816	-1.024	-2.204	-3.07	-3.322
atac_L10542	k4me1_enh	-2.347	-2.799	-1.444	-2.772	-1.72	-2.628
atac_L06162	k4me1_enh	-2.477	-0.697	-2.917	-2.968	-2.731	-3.322
atac_L06566	k4me1_enh	-3.322	-1.619	-3.091	-2.043	-2.276	-1.849
atac_L39872	k4me1_enh	-2.591	-2.394	-2.926	-2.151	-2.453	-1.071
atac_L18167	k4me1_enh	-2.459	-0.762	-3.322	-2.819	-2.265	-3.322
atac_P00129	k4me1_enh	-2.02	-1.462	-1.8	-3.149	-1.988	-3.322
atac_L03041	k4me1_enh	-2.582	-1.536	-1.543	-2.904	-2.716	-2.225
atac_P05328	k4me1_enh	-2.459	-1.302	-1.359	-3.322	-2.758	-3.322
atac_P01403	k4me1_enh	-2.145	-0.723	-3.322	-2.819	-2.532	-3.322
atac_L07218	k4me1_enh	-2.398	-1.157	-2.432	-2.916	-2.333	-3.322
atac_L03467	k4me1_enh	-2.266	-1.131	-1.723	-3.322	-2.063	-3.322
atac_L31941	k4me1_enh	-2.694	-2.217	-1.263	-1.905	-2.895	-3.322
atac_L16971	k4me1_enh	-2.936	-1.132	-1.604	-2.136	-2.743	-3.322
atac_L17035	k4me1_enh	-2.704	-1.718	-1.076	-2.384	-2.378	-3.322
atac_L18222	k4me1_enh	-2.804	-1.368	-1.712	-1.513	-3.171	-3.322
atac_P00404	k4me1_enh	-2.459	-2.234	-1.166	-1.701	-2.803	-3.322
atac_L27527	k4me1_enh	-2.406	-1.38	-2.762	-2.259	-2.347	-3.322
atac_L04443	k4me1_enh	-1.715	-1.625	-3.091	-2.41	-2.449	-3.322
atac_L31132	k4me1_enh	-1.582	-1.237	-2.303	-2.316	-3.157	-3.322
atac_L15000	k4me1_enh	-3.322	-2.384	-0.691	-3.322	-2.919	-2.591
atac_L05266	k4me1_enh	-1.637	-0.966	-2.63	-2.891	-2.94	-3.322
atac_P01083	k4me1_enh	-2.181	-1.692	-1.832	-2.151	-1.969	-3.322
atac_L37875	k4me1_enh	-2.899	-1.451	-1.277	-2.324	-2.526	-3.322
atac_L34292	k4me1_enh	-2.137	-1.895	-1.008	-2.59	-2.566	-3.322
atac_L28876	k4me1_enh	-1.606	-1.74	-2.099	-2.652	-2.458	-3.105
atac_L38908	k4me1_enh	-2.683	-1.948	-1.202	-3.209	-1.753	-3.322
atac_L28895	k4me1_enh	-2.372	-1.272	-1.266	-2.981	-2.85	-3.322
atac_L00644	k4me1_enh	-2.081	-1.234	-2.547	-1.996	-2.769	-3.322
atac_L34892	k4me1_enh	-2.642	-1.44	-1.181	-3.322	-2.316	-3.322
atac_L07657	k4me1_enh	-2.174	-1.541	-1.788	-2.819	-2.378	-3.322
atac_L19161	k4me1_enh	-2.827	-0.896	-2.384	-2.784	-2.72	-2.243
atac_P04265	k4me1_enh	-1.185	-2.128	-2.343	-2.446	-2.394	-3.322
atac_L01805	k4me1_enh	-1.868	-1.702	-2.08	-2.196	-1.948	-3.322
atac_L05858	k4me1_enh	-1.827	-1.82	-1.636	-2.867	-2.446	-3.322
atac_L14298	k4me1_enh	-2.827	-1.386	-3.322	-2.196	-2.861	-1.225
atac_L11821	k4me1_enh	-2.827	-1.836	-1.115	-2.58	-2.952	-3.322
atac_L11901	k4me1_enh	-2.827	-2.304	-2.253	-2.291	-1.835	-2.014
atac_L36859	k4me1_enh	-1.793	-2.507	-1.204	-2.75	-2.499	-3.322
atac_L09405	k4me1_enh	-1.415	-1.341	-3.171	-3.322	-2.51	-3.322
atac_L32062	k4me1_enh	-2.827	-2.094	-1.299	-2.641	-2.113	-2.161
atac_L15674	k4me1_enh	-1.993	-1.45	-1.478	-3.305	-2.952	-3.322
atac_L08833	k4me1_enh	-2.459	-2.299	-2.414	-2.61	-1.75	-2.38
atac_L15224	k4me1_enh	-3.322	-1.056	-1.472	-2.942	-2.461	-3.322
atac_P00741	k4me1_enh	-2.459	-1.546	-1.231	-3.008	-2.249	-3.258
atac_L06873	k4me1_enh	-2.781	-1.594	-0.913	-3.322	-3.039	-2.787
atac_L31666	k4me1_enh	-2.459	-1.433	-1.69	-2.121	-2.847	-3.322
atac_L36810	k4me1_enh	-1.804	-1.286	-3.322	-3.008	-2.147	-3.227
atac_L08567	k4me1_enh	-2.748	-1.584	-2.384	-3.322	-2.923	-1.375
atac_L06046	k4me1_enh	-2.123	-0.723	-3.322	-3.322	-2.884	-3.322
atac_L06632	k4me1_enh	-2.827	-1.818	-1.168	-2.071	-2.686	-3.322
atac_L29323	k4me1_enh	-2.827	-1.581	-1.365	-2.384	-3.063	-3.322
atac_P03824	k4me1_enh	-2.911	-1.861	-0.952	-3.322	-2.253	-3.322
atac_L26652	k4me1_enh	-2.726	-1.024	-1.874	-2.151	-3.322	-3.322
atac_L26557	k4me1_enh	-1.419	-1.177	-2.114	-3.322	-2.589	-3.322
atac_L13508	k4me1_enh	-2.459	-1.39	-1.091	-3.322	-3.182	-3.322
atac_L13689	k4me1_enh	-2.827	-1.902	-1.377	-3.322	-2.731	-1.951
atac_L03926	k4me1_enh	-1.856	-1.558	-2.588	-1.868	-2.71	-3.322
atac_L39013	k4me1_enh	-2.673	-2.451	-2.009	-1.576	-1.78	-3.322
atac_P02728	k4me1_enh	-2.923	-1.425	-2.27	-1.723	-2.841	-3.322
atac_P01203	k4me1_enh	-1.155	-2.429	-3.322	-2.283	-2.636	-2.717
atac_L31719	k4me1_enh	-1.372	-2.201	-2.384	-2.446	-3.322	-2.636
atac_L39991	k4me1_enh	-2.827	-0.928	-1.82	-3.322	-2.688	-3.179
atac_L11335	k4me1_enh	-2.642	-1.374	-2.134	-2.283	-2.184	-3.322
atac_L10645	k4me1_enh	-2.322	-1.275	-1.757	-3.322	-2.615	-2.687
atac_L25568	k4me1_enh	-2.145	-3.178	-1.386	-2.151	-2.346	-3.322
atac_L35962	k4me1_enh	-1.961	-1.284	-2.326	-2.093	-2.535	-3.322
atac_L26399	k4me1_enh	-2.642	-1.676	-1.322	-3.322	-2.508	-2.928
atac_P06688	k4me1_enh	-2.109	-1.566	-1.712	-3.322	-2.081	-3.088
atac_L34829	k4me1_enh	-1.781	-1.596	-2.476	-1.82	-2.805	-3.081
atac_L24118	k4me1_enh	-1.961	-1.369	-2.32	-3.322	-2.619	-2.835
atac_P04525	k4me1_enh	-2.053	-1.361	-3.322	-1.542	-2.672	-3.322
atac_L39112	k4me1_enh	-2.694	-0.956	-2.858	-2.181	-3.004	-3.322
atac_L27960	k4me1_enh	-2.827	-2.476	-1.533	-2.446	-2.406	-3.322
atac_L08399	k4me1_enh	-2.839	-1.79	-1.305	-2.446	-3.039	-3.317
atac_P03651	k4me1_enh	-1.102	-1.176	-3.171	-2.929	-2.881	-3.322
atac_L33450	k4me1_enh	-2.948	-0.965	-2.028	-3.322	-2.202	-3.322
atac_L36471	k4me1_enh	-1.626	-1.74	-3.322	-2.819	-2.931	-3.322
atac_L13531	k4me1_enh	-1.596	-2.243	-1.861	-2.446	-2.606	-3.322
atac_L33886	k4me1_enh	-2.923	-0.754	-3.322	-3.164	-3.171	-1.925
atac_L35722	k4me1_enh	-3.322	-1.717	-1.577	-2.446	-2.317	-3.322
atac_L24404	k4me1_enh	-2.572	-1.974	-2.124	-2.358	-2.688	-3.322
atac_P06471	k4me1_enh	-1.699	-1.849	-2.023	-3.149	-2.539	-2.538
atac_L09271	k4me1_enh	-2.874	-2.265	-1.098	-2.981	-2.374	-3.322
atac_L04001	k4me1_enh	-2.273	-1.48	-2.237	-2.446	-2.745	-3.322
atac_P06778	k4me1_enh	-2.477	-1.52	-0.93	-3.322	-3.185	-3.322
atac_L15900	k4me1_enh	-2.459	-1.13	-2.702	-2.855	-2.829	-1.954
atac_P05927	k4me1_enh	-2.102	-2.697	-0.858	-2.891	-2.909	-2.447
atac_L25611	k4me1_enh	-2.13	-2.28	-1.484	-2.57	-2.796	-2.225
atac_P03169	k4me1_enh	-3.026	-1.617	-0.892	-3.322	-2.524	-3.322
atac_L31726	k4me1_enh	-2.827	-1.388	-1.832	-3.322	-2.396	-3.018
atac_L08732	k4me1_enh	-1.993	-1.434	-2.739	-1.809	-2.845	-3.322
atac_L38378	k4me1_enh	-2.314	-0.942	-3.322	-1.956	-2.921	-3.322
atac_L33718	k4me1_enh	-2.095	-2.448	-1.661	-1.912	-2.374	-3.322
atac_L10677	k4me1_enh	-3.274	-1.17	-2.169	-1.768	-2.505	-3.322
atac_L18806	k4me1_enh	-2.067	-2.484	-2.534	-2.512	-3.1	-1.543
atac_L08887	k4me1_enh	-2.851	-1.298	-1.277	-2.456	-3.322	-3.322
atac_L40798	k4me1_enh	-3.137	-1.414	-3.322	-2.738	-3.185	-3.322
atac_L17934	k4me1_enh	-3.123	-2.774	-2.216	-3.322	-2.565	-0.805
atac_L16103	k4me1_enh	-2.211	-1.062	-2.08	-2.358	-2.664	-3.322
atac_L07385	k4me1_enh	-2.459	-1.211	-2.489	-1.881	-2.568	-3.322
atac_L31206	k4me1_enh	-2.899	-1.718	-3.322	-2.151	-2.297	-2.653
atac_L28334	k4me1_enh	-2.167	-1.82	-1.886	-3.322	-2.41	-3.322
atac_L06084	k4me1_enh	-2.006	-1.66	-1.54	-3.134	-3.162	-3.289
atac_L18218	k4me1_enh	-2.047	-3.06	-2.205	-3.322	-2.625	-1.579
atac_L10637	k4me1_enh	-2.33	-1.339	-1.938	-2.891	-2.61	-3.322
atac_L37784	k4me1_enh	-2.167	-1.649	-1.82	-2.151	-2.305	-3.322
atac_L18038	k4me1_enh	-3.322	-1.712	-1.277	-2.291	-3.174	-3.322
atac_L31709	k4me1_enh	-2.305	-1.799	-1.563	-2.446	-2.162	-3.322
atac_L01311	k4me1_enh	-1.856	-0.953	-2.502	-2.6	-3.171	-3.322
atac_L24656	k4me1_enh	-2.25	-0.799	-2.943	-2.784	-2.409	-3.322
atac_L15123	k4me1_enh	-1.582	-1.218	-2.724	-2.942	-2.615	-3.322
atac_L12754	k4me1_enh	-2.219	-1.63	-2.337	-2.446	-1.866	-3.322
atac_L32082	k4me1_enh	-1.98	-1.872	-1.407	-2.58	-2.684	-3.188
atac_L01795	k4me1_enh	-1.582	-1.764	-2.109	-3.049	-3.042	-2.881
atac_P01756	k4me1_enh	-3.026	-1.682	-1.58	-2.819	-2.415	-2.841
atac_L35727	k4me1_enh	-1.688	-1.501	-3.322	-2.251	-2.568	-3.322
atac_L31945	k4me1_enh	-2.258	-1.978	-1.995	-2.107	-2.439	-3.322
atac_L39740	k4me1_enh	-2.591	-2.519	-1.543	-1.996	-2.466	-2.451
atac_L03858	k4me1_enh	-3.322	-2.024	-1.013	-2.819	-3.121	-2.095
atac_L04658	k4me1_enh	-2.572	-1.84	-2.099	-2.227	-2.384	-3.322
atac_L11051	k4me1_enh	-2.737	-1.718	-1.57	-2.819	-2.397	-2.628
atac_L11148	k4me1_enh	-3.322	-1.196	-2.762	-2.446	-2.482	-3.322
atac_P02001	k4me1_enh	-2.095	-1.579	-1.611	-2.819	-2.456	-3.322
atac_L06546	k4me1_enh	-2.04	-1.374	-1.942	-2.502	-3.157	-3.322
atac_L09373	k4me1_enh	-2	-1.338	-3.322	-2.994	-2.211	-3.322
atac_L18856	k4me1_enh	-1.699	-1.809	-1.716	-2.891	-2.463	-3.322
atac_L16536	k4me1_enh	-1.189	-2.47	-1.727	-2.349	-3.092	-3.322
atac_L24013	k4me1_enh	-3.322	-1.549	-1.105	-3.322	-3.322	-2.178
atac_L37074	k4me1_enh	-3.109	-1.174	-2.528	-1.905	-2.957	-3.317
atac_L15833	k4me1_enh	-2.886	-1.578	-1.02	-2.512	-3.282	-3.322
atac_P05983	k4me1_enh	-2.611	-0.914	-2.018	-2.795	-2.969	-3.322
atac_L27296	k4me1_enh	-1.929	-1.99	-2.264	-2.446	-2.427	-3.322
atac_L39545	k4me1_enh	-2.839	-2.454	-1.168	-2.879	-2.829	-3.322
atac_L22716	k4me1_enh	-3.322	-2.41	-0.7	-3.322	-2.71	-3.322
atac_L18676	k4me1_enh	-2.273	-2.079	-2.06	-2.166	-2.731	-2.877
atac_P00972	k4me1_enh	-2.582	-1.14	-3.053	-2.446	-2.368	-2.73
atac_L30982	k4me1_enh	-2.827	-1.852	-3.322	-2.41	-2.688	-1.926
atac_L11153	k4me1_enh	-2.424	-2.373	-2.673	-1.452	-2.147	-3.322
atac_L36465	k4me1_enh	-1.477	-1.783	-2.372	-2.211	-2.611	-3.322
atac_L19969	k4me1_enh	-2.026	-1.917	-1.517	-3.322	-2.615	-3.322
atac_L26572	k4me1_enh	-2.204	-1.386	-3.322	-2.121	-2.838	-1.933
atac_L37694	k4me1_enh	-1.582	-1.351	-2.943	-2.807	-2.756	-3.322
atac_P02812	k4me1_enh	-1.974	-2.194	-2.164	-1.612	-3.157	-3.322
atac_P06328	k4me1_enh	-2.081	-1.641	-1.543	-2.904	-3.006	-2.628
atac_L15927	k4me1_enh	-2.067	-1.988	-1.995	-2.341	-2.444	-3.322
atac_P01056	k4me1_enh	-2.459	-2.166	-1.138	-2.502	-2.473	-3.322
atac_L36997	k4me1_enh	-2.297	-0.911	-2.623	-3.134	-2.336	-3.322
atac_L28069	k4me1_enh	-1.637	-1.66	-2.747	-2.196	-2.741	-3.322
atac_L18181	k4me1_enh	-2.582	-1.436	-2.275	-2.446	-2.619	-3.322
atac_P04998	k4me1_enh	-2.911	-1.986	-1.33	-2.819	-2.648	-3.322
atac_P06915	k4me1_enh	-2.234	-1.929	-1.986	-3.322	-2.9	-1.873
atac_L26326	k4me1_enh	-3.322	-2.831	-0.776	-3.322	-2.7	-3.322
atac_L00675	k4me1_enh	-3.196	-2.246	-2.094	-3.322	-1.979	-2.82
atac_L26942	k4me1_enh	-2.219	-2.224	-1.336	-2.819	-2.566	-3.322
atac_P04256	k4me1_enh	-2.827	-2.744	-1.527	-2.243	-2.591	-2.69
atac_L06452	k4me1_enh	-3.081	-1.255	-1.419	-2.456	-2.959	-3.322
atac_L18529	k4me1_enh	-2.389	-1.904	-2.164	-2.188	-2.068	-3.322
atac_P00647	k4me1_enh	-2.948	-2.352	-1.16	-1.924	-3.06	-2.685
atac_L03369	k4me1_enh	-3.322	-1.298	-2.396	-3.322	-2.543	-3.322
atac_L35713	k4me1_enh	-2.923	-0.653	-3.16	-3.322	-2.739	-2.988
atac_L39586	k4me1_enh	-2.704	-1.204	-1.886	-2.446	-2.814	-3.322
atac_L27335	k4me1_enh	-2.726	-1.917	-2.046	-2.819	-2.041	-3.322
atac_L02706	k4me1_enh	-2.459	-2.282	-1.115	-3.322	-2.718	-3.322
atac_L02350	k4me1_enh	-2.459	-2.671	-1.266	-2.694	-2.916	-3.322
atac_P01714	k4me1_enh	-2.948	-2.057	-0.802	-3.322	-2.505	-3.322
atac_L36533	k4me1_enh	-2.026	-1.104	-2.867	-3.322	-3.214	-2.973
atac_L18251	k4me1_enh	-2.827	-1.572	-2.508	-2.843	-2.096	-2.789
atac_L31674	k4me1_enh	-3.123	-1.576	-1.59	-3.322	-2.313	-2.628
atac_L09876	k4me1_enh	-2.601	-2.392	-1.239	-2.942	-2.157	-3.322
atac_P02117	k4me1_enh	-3	-1.841	-1.661	-2.819	-2.211	-3.322
atac_L36725	k4me1_enh	-2.886	-1.549	-3.101	-3.322	-2.574	-1.176
atac_L07293	k4me1_enh	-1.923	-1	-2.762	-3.209	-2.743	-3.322
atac_P05878	k4me1_enh	-2.543	-1.804	-1.504	-2.56	-2.409	-3.322
atac_L37124	k4me1_enh	-3.322	-0.967	-1.886	-2.955	-3.068	-3.322
atac_L18680	k4me1_enh	-1.874	-1.496	-2.292	-3.322	-2.512	-2.797
atac_L23884	k4me1_enh	-3.322	-1.964	-1.434	-3.322	-1.837	-3.322
atac_L24877	k4me1_enh	-3.274	-1.611	-2.139	-2.819	-2.648	-1.551
atac_L27726	k4me1_enh	-1.13	-1.95	-3.322	-1.905	-3.135	-3.31
atac_L32143	k4me1_enh	-3.322	-1.447	-1.836	-2.064	-2.928	-3.081
atac_L07436	k4me1_enh	-2.322	-2.236	-1.407	-2.446	-2.829	-3.322
atac_L07460	k4me1_enh	-1.961	-2.294	-1.374	-3.322	-2.305	-3.322
atac_L40670	k4me1_enh	-2.266	-1.064	-2.818	-2.981	-3.055	-3.322
atac_L05127	k4me1_enh	-2.839	-0.964	-2.457	-2.446	-2.863	-3.322
atac_L39519	k4me1_enh	-3.306	-2.513	-3.322	-2.662	-2.543	-1.219
atac_L21462	k4me1_enh	-3.322	-1.575	-1.59	-3.322	-2.425	-3.322
atac_L04986	k4me1_enh	-2.347	-1.735	-1.832	-2.819	-2.6	-3.322
atac_L16135	k4me1_enh	-2.459	-2.25	-1.313	-2.057	-2.94	-3.322
atac_L33976	k4me1_enh	-3.322	-0.772	-3.322	-2.819	-2.708	-3.322
atac_L13856	k4me1_enh	-2.389	-1.61	-2.174	-1.937	-3.297	-2.717
atac_L33167	k4me1_enh	-2.487	-1.72	-1.356	-3.322	-2.674	-3.322
atac_L33409	k4me1_enh	-2.258	-2.539	-2.27	-2.56	-2.799	-1.297
atac_L02761	k4me1_enh	-2.582	-1.774	-1.761	-2.968	-2.636	-3.322
atac_L08242	k4me1_enh	-3.322	-1.41	-1.804	-3.322	-2.439	-3.322
atac_L03847	k4me1_enh	-2.227	-2.307	-3.322	-3.322	-2.807	-1.058
atac_L08028	k4me1_enh	-2.053	-2.41	-2.408	-1.874	-2.077	-2.996
atac_L37667	k4me1_enh	-2.851	-1.954	-1.478	-2.181	-2.417	-3.322
atac_P03342	k4me1_enh	-1.993	-2.525	-1.682	-2.437	-2.684	-2.86
atac_L34056	k4me1_enh	-1.715	-2.473	-1.577	-3.322	-2.912	-3.19
atac_L15971	k4me1_enh	-2.289	-1.695	-2.786	-2.684	-2.227	-2.243
atac_L37876	k4me1_enh	-2.652	-1.378	-2.065	-2.761	-2.346	-3.322
atac_L16981	k4me1_enh	-1.305	-2.596	-3.322	-2.121	-3.146	-3.322
atac_L18133	k4me1_enh	-2.899	-1.422	-1.991	-1.931	-3.297	-2.547
atac_L25051	k4me1_enh	-2.459	-2.545	-2.292	-3.322	-2.898	-0.955
atac_L09661	k4me1_enh	-2.242	-1.37	-2.396	-3.322	-3.322	-3.322
atac_L39441	k4me1_enh	-2.827	-2.754	-3.091	-3.119	-2.214	-1.044
atac_L28112	k4me1_enh	-1.363	-2.445	-3.322	-3.225	-2.042	-3.322
atac_L14820	k4me1_enh	-2.804	-1.674	-1.311	-3.322	-2.384	-3.322
atac_L35163	k4me1_enh	-3.322	-1.633	-2.438	-1.924	-2.704	-3.322
atac_L24043	k4me1_enh	-2.726	-1.638	-2.179	-3.021	-2.95	-2.161
atac_P06462	k4me1_enh	-2.662	-1.825	-0.986	-3.273	-3.127	-3.322
atac_L14633	k4me1_enh	-2.827	-1.728	-1.89	-2.419	-2.53	-2.757
atac_L03044	k4me1_enh	-2.862	-1.454	-1.639	-2.819	-3.27	-3.322
atac_L13609	k4me1_enh	-2.33	-1.281	-1.96	-2.843	-3.234	-3.322
atac_L37073	k4me1_enh	-2.715	-2.018	-3.101	-1.718	-1.907	-3.322
atac_L08734	k4me1_enh	-2.38	-2.334	-2.343	-2.502	-3.202	-1.732
atac_L09286	k4me1_enh	-3.322	-0.875	-2.762	-3.322	-3.016	-2.11
atac_L09374	k4me1_enh	-2.433	-3.206	-1.523	-1.612	-2.914	-3.322
atac_L10684	k4me1_enh	-3.013	-1.228	-2.408	-1.937	-2.741	-3.322
atac_L27965	k4me1_enh	-2.524	-1.713	-2.445	-1.996	-2.816	-2.177
atac_L22402	k4me1_enh	-2.033	-2.026	-2.77	-2.384	-2.733	-1.825
atac_L26311	k4me1_enh	-2.662	-1.398	-1.951	-3.049	-2.026	-3.322
atac_L34243	k4me1_enh	-2.459	-0.878	-3.015	-3.322	-2.424	-3.322
atac_L24088	k4me1_enh	-1.753	-1.984	-1.719	-2.819	-3.303	-3.322
atac_P00236	k4me1_enh	-2.372	-1.684	-2.384	-2.705	-2.033	-3.322
atac_L16790	k4me1_enh	-1.833	-1.929	-2.875	-2.819	-2.714	-2.702
atac_L26651	k4me1_enh	-2.459	-2.542	-2.673	-1.182	-2.66	-3.322
atac_L08011	k4me1_enh	-1.71	-1.904	-2.402	-2.196	-2.662	-3.322
atac_L19120	k4me1_enh	-2.459	-1.496	-1.933	-2.512	-2.812	-3.322
atac_L39335	k4me1_enh	-2.167	-1.968	-2.042	-2.181	-3.157	-3.322
atac_L03887	k4me1_enh	-2.109	-1.849	-2.281	-2.341	-2.404	-2.881
atac_L33356	k4me1_enh	-1.815	-2.605	-3.11	-2.151	-2.696	-2.657
atac_L14215	k4me1_enh	-1.781	-1.946	-3.322	-2.259	-2.537	-3.322
atac_P04838	k4me1_enh	-3.137	-2.831	-1.832	-2.375	-2.658	-1.538
atac_L26325	k4me1_enh	-1.804	-1.939	-3.322	-1.97	-2.631	-3.133
atac_L24223	k4me1_enh	-3.322	-1.39	-1.413	-3.322	-3.171	-3.322
atac_L33007	k4me1_enh	-3.322	-1.53	-1.54	-3.322	-2.373	-3.322
atac_L32440	k4me1_enh	-3.322	-1.238	-1.734	-3.322	-3.177	-2.522
atac_L00851	k4me1_enh	-3.322	-1.608	-1.942	-3.164	-2.519	-3.322
atac_P00135	k4me1_enh	-1.987	-2.332	-2.858	-2.166	-2.41	-2.486
atac_L07444	k4me1_enh	-2.25	-1.745	-1.719	-2.493	-3.011	-3.322
atac_L13841	k4me1_enh	-3.322	-1.47	-2.482	-3.322	-2.336	-3.322
atac_L34478	k4me1_enh	-2.02	-1.437	-2.658	-2.916	-2.29	-3.322
atac_L20791	k4me1_enh	-2.234	-1.652	-1.857	-3.076	-2.366	-3.322
atac_L12976	k4me1_enh	-2.468	-2.066	-2.408	-2.136	-2.704	-3.322
atac_L36122	k4me1_enh	-2.266	-1.52	-2.114	-2.819	-2.437	-3.322
atac_L25615	k4me1_enh	-2.874	-2.373	-1.255	-2.291	-2.912	-3.322
atac_L17463	k4me1_enh	-3.322	-2.451	-1.108	-3.322	-2.81	-3.322
atac_L01897	k4me1_enh	-1.318	-2.289	-2.561	-2.819	-2.412	-3.322
atac_L09562	k4me1_enh	-2.726	-2.459	-1.189	-2.064	-3.322	-3.322
atac_L06841	k4me1_enh	-2.827	-2.384	-0.904	-3.322	-3.011	-3.322
atac_L39924	k4me1_enh	-2.167	-2.36	-3.322	-3.322	-2.009	-1.615
atac_P02163	k4me1_enh	-3.322	-1.496	-2.42	-1.751	-2.938	-3.137
atac_L12231	k4me1_enh	-3.29	-1.986	-1.653	-2.512	-2.32	-3.322
atac_L28729	k4me1_enh	-2.827	-1.728	-2.554	-1.912	-2.969	-3.322
atac_L36934	k4me1_enh	-3.123	-1.914	-2.547	-2.819	-1.546	-3.322
atac_L26935	k4me1_enh	-2.642	-2.394	-2.528	-2.446	-2.048	-2.423
atac_L36509	k4me1_enh	-1.524	-2.113	-2.687	-3.289	-2.29	-3.322
atac_L38396	k4me1_enh	-3.322	-1.937	-1.53	-3.119	-2.747	-2.287
atac_L33862	k4me1_enh	-1.911	-1.32	-3.322	-2.819	-2.652	-3.041
atac_L20297	k4me1_enh	-2.827	-2.126	-3.322	-1.814	-2.821	-1.947
atac_L09472	k4me1_enh	-3.322	-1.956	-1.968	-1.351	-2.967	-3.322
atac_L39919	k4me1_enh	-2.234	-1.212	-2.349	-3.322	-2.376	-3.322
atac_L14060	k4me1_enh	-1.326	-2.454	-2.834	-2.41	-2.87	-3.322
atac_L36167	k4me1_enh	-2.683	-2.109	-1.995	-2.151	-2.553	-3.322
atac_L22592	k4me1_enh	-2.694	-1.145	-2.834	-2.59	-2.633	-3.322
atac_L19521	k4me1_enh	-2.297	-1.95	-1.886	-2.6	-2.541	-3.081
atac_L20167	k4me1_enh	-2.923	-1.836	-1.643	-2.56	-2.972	-3.322
atac_L18433	k4me1_enh	-2.642	-1.642	-2.451	-2.437	-1.917	-3.322
atac_L31905	k4me1_enh	-2.33	-1.684	-1.942	-3.091	-2.827	-3.322
atac_L08733	k4me1_enh	-2.781	-0.778	-3.322	-3.322	-2.228	-3.322
atac_L17619	k4me1_enh	-2.242	-2.788	-1.328	-2.867	-3.086	-3.273
atac_L12369	k4me1_enh	-2.053	-1.347	-3.299	-2.819	-2.621	-3.322
atac_P00035	k4me1_enh	-3.322	-1.695	-1.155	-3.273	-2.543	-3.322
atac_L32871	k4me1_enh	-1.748	-2.63	-3.053	-2.151	-1.662	-3.322
atac_L37658	k4me1_enh	-2.047	-2.451	-1.929	-2.349	-2.7	-2.34
atac_L10977	k4me1_enh	-2.827	-2.649	-1.543	-2.307	-2.524	-3.322
atac_L05949	k4me1_enh	-2.759	-1.266	-2.366	-2.819	-2.336	-3.322
atac_L20207	k4me1_enh	-1.715	-1.52	-3.322	-3.076	-2.515	-3.322
atac_L17675	k4me1_enh	-3.053	-1.754	-1.386	-2.819	-2.535	-3.322
atac_L13375	k4me1_enh	-2.33	-2.352	-2.687	-2.795	-2.454	-1.673
atac_L36344	k4me1_enh	-2.961	-1.638	-1.734	-2.994	-2.807	-3.322
atac_L13904	k4me1_enh	-2.026	-1.996	-3.322	-2.358	-2.602	-3.322
atac_L25658	k4me1_enh	-2.715	-1.605	-1.54	-3.322	-2.916	-3.322
atac_P02053	k4me1_enh	-3.067	-1.96	-1.434	-3.322	-2.424	-2.803
atac_L07942	k4me1_enh	-3.322	-1.57	-1.392	-3.322	-3.129	-2.82
atac_P01643	k4me1_enh	-2.04	-1.195	-3.322	-3.322	-2.923	-3.322
atac_L09259	k4me1_enh	-1.987	-2.939	-1.475	-2.819	-2.781	-3.322
atac_L16392	k4me1_enh	-3.322	-1.582	-3.322	-3.322	-2.631	-1.798
atac_P01385	k4me1_enh	-2.347	-1.958	-1.646	-3.273	-2.788	-3.322
atac_L36470	k4me1_enh	-1.591	-1.823	-3.212	-2.652	-2.722	-3.036
atac_L05147	k4me1_enh	-2.827	-1.895	-1.392	-2.166	-3.179	-3.322
atac_L09808	k4me1_enh	-2.355	-1.37	-2.149	-2.819	-2.942	-3.113
atac_L25381	k4me1_enh	-1.715	-2.347	-2.184	-3.322	-2.644	-3.322
atac_L20216	k4me1_enh	-3.095	-1.813	-2.623	-2.009	-2.788	-2.821
atac_L13985	k4me1_enh	-2.923	-1.173	-2.547	-2.738	-3.171	-2.462
atac_L10544	k4me1_enh	-2.827	-2.26	-1.392	-3.322	-2.541	-3.322
atac_L35278	k4me1_enh	-3.322	-1.295	-1.929	-2.891	-2.404	-3.322
atac_L29586	k4me1_enh	-3.322	-0.642	-2.476	-3.322	-3.322	-3.322
atac_L00645	k4me1_enh	-2.827	-1.113	-3.322	-2.843	-2.354	-3.296
atac_P06689	k4me1_enh	-2.704	-2.081	-2.144	-3.021	-2.383	-3.322
atac_L34485	k4me1_enh	-2.505	-1.874	-1.697	-3.322	-2.959	-3.322
atac_L31537	k4me1_enh	-3.04	-1.735	-2.762	-2.023	-3.065	-2.286
atac_L39083	k4me1_enh	-2.827	-1.73	-3.091	-2.819	-1.844	-2.281
atac_P02621	k4me1_enh	-1.821	-1.816	-3.322	-2.437	-2.358	-3.175
atac_L32234	k4me1_enh	-2.123	-1.679	-2.343	-2.227	-2.718	-3.322
atac_L06243	k4me1_enh	-2.611	-1.426	-2.211	-3.322	-2.872	-3.322
atac_L31036	k4me1_enh	-2.415	-2.14	-1.955	-2.235	-2.861	-2.781
atac_P05962	k4me1_enh	-2.673	-1.647	-2.867	-2.114	-2.898	-2.742
atac_L35434	k4me1_enh	-2.611	-1.752	-2.521	-2.738	-2.256	-3.322
atac_L07522	k4me1_enh	-2.459	-1.393	-3.322	-2.419	-2.777	-2.55
atac_L14211	k4me1_enh	-2.673	-0.75	-3.277	-3.322	-2.935	-3.018
atac_L33969	k4me1_enh	-2.827	-1.391	-2.366	-3.257	-2.252	-3.121
atac_P01848	k4me1_enh	-2.524	-2.213	-1.533	-2.402	-2.781	-3.322
atac_P07242	k4me1_enh	-2.827	-1.649	-2.451	-2.784	-2.453	-2.419
atac_L36218	k4me1_enh	-3.322	-2.73	-0.954	-2.855	-2.664	-2.91
atac_L32247	k4me1_enh	-1.929	-1.501	-2.547	-2.819	-3.322	-3.196
atac_P06321	k4me1_enh	-2.459	-2.584	-1.228	-2.819	-3.078	-3.322
atac_L16374	k4me1_enh	-2.289	-1.411	-2.216	-2.819	-3.176	-2.93
atac_L00575	k4me1_enh	-1.72	-2.714	-2	-2.446	-2.714	-3.322
atac_P01227	k4me1_enh	-1.318	-2.337	-3.025	-2.57	-2.912	-3.269
atac_L24231	k4me1_enh	-2.683	-2.041	-2.554	-1.905	-2.415	-3.322
atac_P05447	k4me1_enh	-2.305	-1.728	-2.651	-2.981	-3.135	-3.322
atac_L22403	k4me1_enh	-3.322	-2.055	-1.946	-1.696	-2.847	-3.322
atac_L00731	k4me1_enh	-3.242	-1.757	-1.731	-3.322	-3.016	-3.322
atac_L02131	k4me1_enh	-1.091	-3.243	-2.724	-2.819	-3.113	-2.669
atac_L24467	k4me1_enh	-2.33	-2.545	-1.45	-2.621	-3.219	-3.322
atac_L05064	k4me1_enh	-3.258	-1.293	-2.104	-2.375	-3.124	-3.322
atac_L20520	k4me1_enh	-2.816	-1.978	-1.618	-3.209	-2.533	-3.322
atac_P06918	k4me1_enh	-2.459	-2.681	-2.046	-2.75	-3.026	-2.325
atac_L20877	k4me1_enh	-2.487	-2.213	-1.907	-3.322	-1.99	-3.322
atac_P03285	k4me1_enh	-1.974	-1.781	-2.508	-2.819	-2.914	-2.857
atac_L15001	k4me1_enh	-3.322	-3.322	-1.59	-2.819	-2.662	-2.239
atac_L27206	k4me1_enh	-2.273	-1.268	-3.322	-2.929	-3.034	-2.243
atac_L30883	k4me1_enh	-3.322	-1.37	-1.447	-3.322	-2.955	-3.322
atac_L12499	k4me1_enh	-3.322	-1.425	-3.034	-2.227	-1.909	-3.322
atac_L21056	k4me1_enh	-3.322	-2.041	-1.148	-2.819	-2.976	-3.322
atac_L28572	k4me1_enh	-2.459	-1.433	-2.226	-2.891	-3.021	-3.322
atac_L19315	k4me1_enh	-1.572	-2.727	-1.796	-3.105	-2.919	-3.322
atac_L06905	k4me1_enh	-1.923	-2.402	-2.303	-2.819	-3.06	-3.131
atac_L29005	k4me1_enh	-3.04	-2.986	-1.365	-2.855	-2.884	-2.083
atac_P00226	k4me1_enh	-2.621	-2.893	-1.444	-2.324	-2.437	-3.322
atac_L26505	k4me1_enh	-3.322	-2.327	-1.261	-2.843	-3.208	-2.447
atac_P01712	k4me1_enh	-2.572	-2.384	-2.988	-2.275	-2.394	-3.322
atac_L20899	k4me1_enh	-1.137	-2.164	-3.322	-3.322	-3.168	-3.322
atac_L07064	k4me1_enh	-2.827	-2.95	-1.543	-2.446	-2.952	-3.322
atac_L39121	k4me1_enh	-1.51	-2.241	-2.755	-2.855	-3.151	-3.322
atac_L14219	k4me1_enh	-2.116	-1.692	-2.581	-3.289	-2.25	-3.322
atac_L16875	k4me1_enh	-1.731	-2.047	-2.056	-2.819	-3.063	-3.322
atac_P03987	k4me1_enh	-3.322	-2.792	-1.181	-3.322	-2.544	-2.874
atac_L12599	k4me1_enh	-2.827	-2.14	-3.322	-2.275	-2.206	-2.687
atac_L35314	k4me1_enh	-3.322	-0.996	-2.917	-2.819	-3.322	-2.916
atac_L35903	k4me1_enh	-3.04	-2.655	-2.858	-2.324	-1.874	-3.173
atac_L17643	k4me1_enh	-3.322	-1.968	-1.697	-2.819	-2.725	-3.322
atac_L31503	k4me1_enh	-2.167	-2.525	-1.96	-2.151	-2.996	-3.322
atac_L04459	k4me1_enh	-2.936	-1.17	-2.547	-2.502	-3.237	-3.322
atac_L00097	k4me1_enh	-2.874	-1.869	-2.07	-3.322	-2.796	-2.82
atac_L39574	k4me1_enh	-1.833	-2.248	-2.658	-2.716	-2.397	-3.322
atac_L19193	k4me1_enh	-2.45	-1.792	-1.75	-3.322	-3.162	-3.322
atac_L05516	k4me1_enh	-2.827	-2.352	-1.478	-3.322	-2.712	-3.322
atac_L36506	k4me1_enh	-3.322	-1.451	-2.355	-2.942	-2.658	-3.141
atac_L13511	k4me1_enh	-2.389	-2.076	-1.812	-2.819	-3.044	-3.322
atac_L00655	k4me1_enh	-2.459	-1.114	-2.568	-3.322	-3.322	-3.322
atac_P00051	k4me1_enh	-2.632	-2.982	-1.51	-3.021	-3.078	-3.322
atac_L09913	k4me1_enh	-2.827	-1.904	-3.171	-3.322	-2.234	-3.137
atac_L12496	k4me1_enh	-3.109	-2.47	-1.252	-3.322	-2.537	-3.322
atac_L15006	k4me1_enh	-2.441	-1.941	-2.253	-2.057	-3.011	-3.205
atac_L11829	k4me1_enh	-2.781	-2.448	-2.164	-2.942	-2.794	-2.243
atac_L39979	k4me1_enh	-2.974	-2.627	-1.583	-2.204	-3.024	-3.322
atac_L04911	k4me1_enh	-2.827	-1.552	-2.709	-2.819	-2.113	-3.322
atac_P05809	k4me1_enh	-3	-1.79	-2.858	-2.652	-2.682	-3.322
atac_L14612	k4me1_enh	-3.04	-1.893	-2.673	-2.819	-2.237	-2.813
atac_L16950	k4me1_enh	-1.748	-1.806	-2.602	-3.322	-2.585	-3.322
atac_L38113	k4me1_enh	-2.524	-2.457	-1.431	-3.322	-3.039	-3.322
atac_L26043	k4me1_enh	-2.552	-2.704	-3.202	-3.322	-1.354	-3.322
atac_L31113	k4me1_enh	-2.652	-1.596	-3.322	-2.446	-2.429	-3.322
atac_L17554	k4me1_enh	-2.487	-3.302	-2.547	-2.204	-2.55	-3.322
atac_L33245	k4me1_enh	-2.459	-1.022	-2.739	-3.322	-3.322	-3.322
atac_L25652	k4me1_enh	-2.102	-1.754	-3.322	-2.694	-2.735	-3.322
atac_L11779	k4me1_enh	-3.322	-1.85	-2.089	-3.322	-3.044	-1.737
atac_L37472	k4me1_enh	-1.923	-2.927	-3.322	-2.819	-2.084	-3.018
atac_P03868	k4me1_enh	-1.804	-1.978	-2.926	-2.904	-2.94	-3.322
atac_L19937	k4me1_enh	-3.095	-1.893	-1.845	-2.891	-3.042	-3.322
atac_L17383	k4me1_enh	-3.067	-1.885	-1.836	-2.641	-2.756	-3.322
atac_L13803	k4me1_enh	-2.081	-1.946	-2.355	-2.942	-2.836	-3.131
atac_L13450	k4me1_enh	-3.109	-2.717	-2.174	-3.194	-2.36	-3.162
atac_L20173	k4me1_enh	-2.987	-1.348	-2.119	-3.225	-3.276	-3.322
atac_L26401	k4me1_enh	-2.642	-1.863	-2.561	-2.631	-2.6	-3.322
atac_L21698	k4me1_enh	-2.572	-2.055	-2.534	-2.446	-2.834	-3.322
atac_L30637	k4me1_enh	-2.827	-1.816	-1.964	-3.322	-2.543	-3.322
atac_L31602	k4me1_enh	-2.781	-2.317	-2.534	-3.322	-2.725	-3.322
atac_L20866	k4me1_enh	-2.459	-1.75	-2.169	-3.105	-2.417	-3.322
atac_P00610	k4me1_enh	-2.621	-2.608	-2.211	-2.819	-2.394	-3.322
atac_L07994	k4me1_enh	-2.459	-2.624	-2.588	-1.607	-3.016	-3.322
atac_L11523	k4me1_enh	-2.123	-1.878	-3.322	-2.204	-2.415	-3.322
atac_L07910	k4me1_enh	-3.322	-1.74	-1.845	-2.819	-2.861	-3.322
atac_L35736	k4me1_enh	-2.152	-2.18	-2.216	-2.819	-2.773	-3.322
atac_P00567	k4me1_enh	-2.827	-3.322	-1.54	-2.819	-2.422	-2.342
atac_L25846	k4me1_enh	-2.827	-1.82	-2.9	-2.819	-2.775	-2.874
atac_P05525	k4me1_enh	-2.632	-1.533	-2.786	-3.322	-2.981	-3.322
atac_L05226	k4me1_enh	-3.322	-1.489	-2.056	-3.322	-2.996	-3.081
atac_P06518	k4me1_enh	-3.322	-1.551	-2.457	-2.819	-3.019	-3.15
atac_L09583	k4me1_enh	-2.662	-3.047	-1.453	-3.322	-2.081	-3.322
atac_P03091	k4me1_enh	-3.322	-2.421	-1.368	-3.322	-2.801	-3.322
atac_L29518	k4me1_enh	-2.234	-3.187	-1.973	-1.905	-3.171	-3.322
atac_L13224	k4me1_enh	-2.074	-1.673	-3.322	-3.322	-2.794	-2.588
atac_P00377	k4me1_enh	-2.459	-1.917	-2.732	-2.904	-2.66	-3.322
atac_L25008	k4me1_enh	-3.322	-2.674	-1.865	-3.322	-2.716	-2.522
atac_L27844	k4me1_enh	-2.936	-1.513	-2.702	-3.322	-2.919	-3.018
atac_L38372	k4me1_enh	-3.322	-1.561	-1.96	-3.322	-2.642	-3.322
atac_P01686	k4me1_enh	-3.322	-2.182	-1.587	-2.55	-3.179	-3.322
atac_L02702	k4me1_enh	-2.827	-2.376	-1.625	-3.322	-2.75	-3.322
atac_L26943	k4me1_enh	-2.533	-1.718	-2.658	-2.761	-2.805	-2.999
atac_L03561	k4me1_enh	-3.322	-1.673	-2.19	-3.322	-2.36	-3.322
atac_P01359	k4me1_enh	-2.415	-2.912	-2.32	-1.774	-3.205	-3.294
atac_L12128	k4me1_enh	-2.694	-1.882	-1.986	-2.819	-3.322	-3.322
atac_L18527	k4me1_enh	-2.827	-1.822	-2.724	-2.358	-2.955	-3.322
atac_P06790	k4me1_enh	-2.662	-2.089	-1.991	-2.795	-2.788	-3.322
atac_L37372	k4me1_enh	-2.704	-2.71	-1.472	-3.273	-2.381	-3.322
atac_L22937	k4me1_enh	-2.827	-2.496	-2.935	-2.446	-2.799	-1.809
atac_L15902	k4me1_enh	-3.322	-3.043	-2.174	-2.151	-2.131	-3.322
atac_L34055	k4me1_enh	-2.181	-1.891	-2.574	-3.322	-2.972	-3.322
atac_L14039	k4me1_enh	-3.322	-1.832	-2.094	-3.322	-2.341	-3.322
atac_L12815	k4me1_enh	-2.389	-3.322	-3.322	-3.322	-2.149	-3.322
atac_P03766	k4me1_enh	-3.322	-1.992	-3.322	-3.322	-2.41	-2.458
atac_L05758	k4me1_enh	-2.642	-1.45	-3.322	-3.322	-2.752	-3.175
atac_L35702	k4me1_enh	-3.026	-2.169	-2.858	-2.879	-2.366	-2.474
atac_L38234	k4me1_enh	-3.322	-2.292	-1.328	-3.322	-3.322	-3.322
atac_P03361	k4me1_enh	-2.827	-2.482	-2.005	-2.684	-3.078	-2.53
atac_L38275	k4me1_enh	-3.322	-1.878	-2.609	-3.322	-2.947	-3.322
atac_L05031	k4me1_enh	-2.533	-2.128	-1.761	-3.322	-2.916	-3.322
atac_L25801	k4me1_enh	-2.874	-1.984	-2.489	-2.621	-2.893	-3.322
atac_L07845	k4me1_enh	-1.397	-2.978	-3.322	-2.641	-3.07	-3.322
atac_L31082	k4me1_enh	-2.961	-1.374	-3.322	-3.322	-2.933	-3.322
atac_L11562	k4me1_enh	-3.322	-2.806	-1.973	-3.322	-2.499	-3.005
atac_L12219	k4me1_enh	-3.29	-2.962	-1.52	-2.446	-3.039	-3.322
atac_L34298	k4me1_enh	-2.899	-1.843	-2.259	-3.021	-2.952	-3.322
atac_L03648	k4me1_enh	-3.322	-1.621	-3.053	-3.322	-2.859	-3.322
atac_L07305	k4me1_enh	-2.827	-1.393	-2.909	-2.819	-3.182	-3.322
atac_L25853	k4me1_enh	-3.322	-2.668	-1.305	-3.322	-3.191	-3.322
atac_L14999	k4me1_enh	-3.167	-1.397	-2.595	-3.322	-3.06	-3.322
atac_L04272	k4me1_enh	-2.827	-2.342	-2.658	-2.446	-3.11	-3.322
atac_P04241	k4me1_enh	-3.322	-1.613	-3.15	-3.322	-3.034	-3.322
atac_L30969	k4me1_enh	-3.242	-2.886	-1.874	-2.502	-2.629	-3.322
atac_L12081	k4me1_enh	-3.322	-2.076	-3.322	-3.119	-2.909	-2.641
atac_L10392	k4me1_enh	-1.948	-1.869	-3.171	-3.322	-3.322	-3.322
atac_L21713	k4me1_enh	-3.322	-2.282	-1.704	-3.322	-2.638	-3.322
atac_P03481	k4me1_enh	-3.322	-1.749	-2.248	-3.322	-3.171	-2.742
atac_L28484	k4me1_enh	-3.181	-2.196	-2.786	-2.465	-3.127	-3.049
atac_L30804	k4me1_enh	-2.632	-3.322	-3.322	-2.819	-2.285	-3.322
atac_L09606	k4me1_enh	-2.683	-1.72	-2.926	-2.831	-3.034	-3.322
atac_L20313	k4me1_enh	-2.338	-2.429	-3.322	-2.151	-2.967	-3.322
atac_L12372	k4me1_enh	-2.704	-1.933	-3.322	-2.727	-2.706	-3.322
atac_L27360	k4me1_enh	-3.322	-1.811	-1.995	-3.322	-3.322	-3.156
atac_L41220	k4me1_enh	-3.322	-2.727	-1.903	-2.446	-2.872	-3.322
atac_P04579	k4me1_enh	-2.673	-2.368	-2.482	-2.738	-2.745	-3.152
atac_P02844	k4me1_enh	-2.804	-2.95	-3.202	-3.322	-2.291	-3.322
atac_L07461	k4me1_enh	-2.196	-2.852	-3.322	-2.57	-3.034	-3.322
atac_L06497	k4me1_enh	-2.827	-2.157	-2.588	-3.076	-2.598	-3.322
atac_L16908	k4me1_enh	-3.322	-1.402	-3.322	-2.819	-2.916	-3.322
atac_P02893	k4me1_enh	-3.322	-2.502	-2.402	-2.446	-3.322	-3.322
atac_L41113	k4me1_enh	-2.759	-2.231	-2.297	-2.465	-3.121	-3.322
atac_L36971	k4me1_enh	-3.322	-1.902	-2.226	-3.289	-3.124	-3.322
atac_L37563	k4me1_enh	-3.322	-2.795	-2.32	-3.322	-2.907	-3.203
atac_L14592	k4me1_enh	-2.77	-2.649	-1.982	-2.761	-3.132	-3.322
atac_L01723	k4me1_enh	-2.974	-3.111	-2.056	-2.879	-3.228	-2.121
atac_L21715	k4me1_enh	-3.322	-1.307	-3.322	-3.322	-3.322	-3.322
atac_L06075	k4me1_enh	-3.196	-2.457	-2.264	-2.512	-3.322	-3.322
atac_L05840	k4me1_enh	-2.827	-3.322	-3.181	-3.322	-2.613	-2.243
atac_L24110	k4me1_enh	-3.322	-3.018	-2.221	-2.981	-2.528	-3.322
atac_L16250	k4me1_enh	-3.322	-2.649	-2.366	-2.694	-3.171	-3.322
atac_P01265	k4me1_enh	-2.601	-2.827	-3.322	-2.428	-2.71	-2.53
atac_L06712	k4me1_enh	-3.322	-2.605	-2.094	-3.322	-3.065	-3.322
atac_L06586	k4me1_enh	-3.322	-2.327	-2.226	-3.322	-3.001	-2.511
atac_P04216	k4me1_enh	-2.621	-2.208	-3.171	-3.322	-2.75	-3.322
atac_L18180	k4me1_enh	-2.322	-3.322	-2.755	-2.446	-3.037	-3.322
atac_L14078	k4me1_enh	-2.899	-1.783	-3.223	-2.474	-3.06	-3.322
atac_P02750	k4me1_enh	-3.109	-2.144	-2.237	-3.322	-3.129	-3.322
atac_L03875	k4me1_enh	-3.322	-2.002	-3.322	-2.446	-2.912	-2.766
atac_P00445	k4me1_enh	-2.524	-1.8	-3.322	-3.021	-3.044	-3.322
atac_L15552	k4me1_enh	-2.662	-2.889	-2.762	-3.322	-3.05	-3.131
atac_L27847	k4me1_enh	-2.748	-2.727	-3.16	-2.151	-2.654	-3.322
atac_L17620	k4me1_enh	-3.322	-1.633	-3.322	-3.021	-3.171	-3.322
atac_L30924	k4me1_enh	-3.109	-2.405	-3.322	-2.819	-2.465	-3.322
atac_L30858	k4me1_enh	-3.322	-2.834	-1.816	-3.322	-3.14	-3.322
atac_L23509	k4me1_enh	-3.322	-3.322	-1.82	-2.819	-3.034	-3.322
atac_P06262	k4me1_enh	-3.322	-2.954	-1.955	-2.867	-3.032	-3.322
atac_L29874	k4me1_enh	-3.137	-3.16	-3.322	-3.322	-1.844	-3.322
atac_L23987	k4me1_enh	-3.322	-1.984	-3.322	-2.819	-2.879	-3.322
atac_P06272	k4me1_enh	-2.487	-3.322	-2.63	-3.322	-2.792	-3.322
atac_L20554	k4me1_enh	-3.322	-2.886	-3.322	-2.219	-3.202	-3.322
atac_L37612	k4me1_enh	-2.874	-2.299	-3.322	-2.904	-3.322	-3.322
atac_L35151	k4me1_enh	-2.961	-2.764	-3.322	-2.819	-3.211	-3.322
atac_L34148	k4me1_enh	-3.322	-2.201	-3.322	-2.819	-3.322	-3.322
atac_L35708	k4me1_enh	-2.459	-3.192	-3.322	-3.322	-2.914	-3.322
atac_L38507	k4me1_enh	-3.322	-2.774	-2.463	-3.322	-3.322	-3.322
atac_L06707	k4me1_enh	-2.827	-2.443	-3.322	-3.322	-3.309	-3.322
atac_L39940	k4me1_enh	-2.704	-3.322	-3.322	-3.225	-3.006	-3.322
atac_L39539	k4me2_enh	-2.804	-0.837	2.878	-1.82	5.112	3.794
atac_L03679	k4me2_enh	-2.477	-0.733	1.814	-1.632	4.432	4.189
atac_L04064	k4me2_enh	-1.974	-1.405	2.467	-2.446	4.413	3.8
atac_L29962	k4me2_enh	-3	-0.278	4.394	-2.393	-1.664	-1.677
atac_L10903	k4me2_enh	-1.159	0.947	1.042	-0.052	4.094	3.526
atac_L41192	k4me2_enh	-2.827	-1.133	1.718	-2.446	3.734	2.115
atac_P06586	k4me2_enh	-1.764	-0.814	1.09	-2.367	3.783	2.437
atac_L20986	k4me2_enh	-2.459	-1.673	2.67	-1.622	2.121	1.314
atac_L28189	k4me2_enh	-1.905	-2.206	2.963	-2.151	1.77	-0.373
atac_L14403	k4me2_enh	-1.827	-2.035	2.161	-3.322	2.273	2.034
atac_L41131	k4me2_enh	-1.03	-1.037	-0.16	-1.751	-1.921	-0.269
atac_L38045	k4me2_enh	0.918	2.799	-0.024	-1.791	-2.16	-1.411
atac_L18756	k4me2_enh	-1.185	-0.037	-0.617	-2.819	2.253	1.79
atac_L25510	k4me2_enh	-2.167	-2.169	1.766	-3.149	1.671	0.032
atac_L26355	k4me2_enh	-1.833	-1.806	2.051	-1.403	-2.36	-0.234
atac_L32490	k4me2_enh	-1.764	-1.458	0.146	-1.931	2.05	1.43
atac_L10905	k4me2_enh	-0.013	0.911	1.609	-0.192	-0.233	-1.322
atac_L04799	k4me2_enh	0.338	2.285	0.592	-2.446	-1.795	-3.322
atac_L11100	k4me2_enh	-1.827	-2.18	2.14	-2.291	-2.523	-3.322
atac_L26256	k4me2_enh	-2.297	-2.418	2.473	-3.134	-2.41	-3.322
atac_L10847	k4me2_enh	-0.086	2.434	-0.261	-2.267	-1.069	-1.961
atac_L08654	k4me2_enh	-1.372	1.357	1.358	-0.951	-1.323	-0.529
atac_L21969	k4me2_enh	-1.955	-1.028	1.122	-2.211	-2.627	-3.013
atac_L03536	k4me2_enh	-2.694	-1.345	2.068	-3.322	-1.328	-2.702
atac_L10904	k4me2_enh	-0.562	0.738	1.139	0.135	-0.531	-1.22
atac_L00747	k4me2_enh	-2.459	0.509	2.139	-1.205	-2.409	-1.49
atac_L28182	k4me2_enh	-3.322	-0.952	2.194	-3.322	-2.548	-1.999
atac_P07169	k4me2_enh	-3.322	-2.465	1.947	-3.322	-1.8	-1.574
atac_L24149	k4me2_enh	-1.033	2.262	0.207	-2.981	-2.383	-2.571
atac_L12358	k4me2_enh	1.004	1.883	-1.015	-2.968	-2.27	-2.267
atac_L37994	k4me2_enh	-2.363	-0.866	1.839	-2.879	-2.33	-2.282
atac_L21543	k4me2_enh	-0.475	2.278	-0.979	-2.831	-2.432	-3.322
atac_L17201	k4me2_enh	-3.322	-1.53	1.648	-3.322	-2.139	-1.294
atac_L13040	k4me2_enh	0.512	0.437	1.086	-1.189	-2.025	-1.78
atac_L13793	k4me2_enh	0.824	1.326	-0.101	-2.446	-2.832	-0.863
atac_L03766	k4me2_enh	-2.02	2.199	-0.557	-2.349	-2.323	-2.663
atac_L11881	k4me2_enh	-0.926	-1.728	1.65	-2.521	-2.276	-2.554
atac_L05034	k4me2_enh	0.245	1.798	-0.442	-3.322	-2.437	-1.306
atac_L19727	k4me2_enh	-2.095	-1.752	1.461	-2.819	-2.407	-0.881
atac_L02394	k4me2_enh	-2.715	-0.775	1.561	-1.561	-1.984	-1.707
atac_L15564	k4me2_enh	-1.993	2.216	-1.191	-3.322	-2.161	-2.33
atac_L09594	k4me2_enh	-2.804	-1.01	1.648	-3.322	-1.952	-3.322
atac_L33691	k4me2_enh	-2.793	-1.707	1.503	-1.905	-1.535	-3.188
atac_L07394	k4me2_enh	-2.211	-1.884	0.942	-3.091	0.749	-3.322
atac_L17063	k4me2_enh	-0.683	0.867	0.713	-2.994	-2.035	-1.17
atac_L13975	k4me2_enh	-1.923	0.177	1.387	-1.696	-1.856	-1.965
atac_L26893	k4me2_enh	-1.759	1.514	-1.128	-2.652	-0.561	-0.786
atac_L03822	k4me2_enh	-1.955	-1.74	1.293	-3.322	-2.02	-2.074
atac_L08907	k4me2_enh	-3.013	-1.964	1.214	-2.641	-2.432	-1.451
atac_L23421	k4me2_enh	0.138	1.34	-0.85	-2.819	-2.945	-3.322
atac_L01777	k4me2_enh	-1.905	1.683	-0.734	-1.044	-2.779	-3.322
atac_L15012	k4me2_enh	-3.322	-0.887	-0.617	-3.322	0.922	0.205
atac_L33627	k4me2_enh	-0.052	1.172	-0.252	-2.855	-1.455	-3.322
atac_L41121	k4me2_enh	-2.013	-2.939	1.241	-2.705	-2.512	-2.388
atac_L01208	k4me2_enh	-2.496	-2.253	0.945	-2.819	-1.798	-1.354
atac_P06820	k4me2_enh	-2.496	-1.958	1.227	-3.273	-2.008	-3.322
atac_L24368	k4me2_enh	-1.309	-2.164	1.021	-1.944	-2.807	-2.209
atac_L06965	k4me2_enh	-0.773	0.892	0.491	-2.57	-2.305	-2.86
atac_L27003	k4me2_enh	-1.419	-1.757	1.193	-0.977	-2.236	-1.46
atac_L34176	k4me2_enh	0.716	0.378	-0.559	-1.552	-2.381	-2.554
atac_L37743	k4me2_enh	0.754	0.586	-1.045	-2.673	-2.293	-2.813
atac_L20704	k4me2_enh	-2.552	-1.692	0.76	-2.75	-0.984	-1.937
atac_L07220	k4me2_enh	-1.234	-0.566	1.259	-2.738	-2.415	-3.322
atac_L07800	k4me2_enh	1.049	-1.369	0.092	-2.446	-2.299	-3.322
atac_L38029	k4me2_enh	-1.874	-1.542	1.029	-3.322	-2.262	-2.513
atac_L07807	k4me2_enh	-2.347	-1.641	-0.808	-1.944	0.856	-0.734
atac_L14786	k4me2_enh	-1.993	0.225	0.798	-1.557	-2.261	-3.322
atac_L09645	k4me2_enh	-2.167	0.407	0.283	-2.085	-2.019	-3.181
atac_L11025	k4me2_enh	-3.109	-1.15	0.731	-2.968	-2.306	-2.363
atac_L38727	k4me2_enh	-1.389	-2.032	0.554	-1.518	-2.589	-2.342
atac_L20277	k4me2_enh	-1.505	0.928	0.15	-3.194	-2.191	-3.322
atac_L14438	k4me2_enh	-2.477	-2.429	0.774	-2.819	-0.717	-1.449
atac_L06530	k4me2_enh	-2.258	-0.891	1.047	-2.043	-2.863	-1.318
atac_L00387	k4me2_enh	-3.181	-2.062	1.035	-2.843	-2.282	-3.322
atac_L25975	k4me2_enh	-2.415	-1.235	0.566	-2.136	-0.171	-1.08
atac_L21201	k4me2_enh	-0.92	-1.179	0.354	-1.674	-2.442	-3.322
atac_L08962	k4me2_enh	-1.137	-0.623	0.111	-0.557	-1.382	-2.47
atac_L35640	k4me2_enh	-1.293	0.308	-1.55	-2.204	0.143	-0.957
atac_L21766	k4me2_enh	-0.616	0.321	-0.495	-2.502	-1.479	-3.175
atac_L37940	k4me2_enh	-1.923	-2.41	0.73	-2.009	-2.414	-0.214
atac_L07500	k4me2_enh	-1.567	-1.904	0.316	-2.259	-0.586	0.21
atac_L37939	k4me2_enh	-2.715	0.008	0.544	-2.694	-2.436	-2.337
atac_L03522	k4me2_enh	-2.459	-2.267	1.284	-2.843	-2.444	-2.698
atac_L00322	k4me2_enh	-0.096	-0.208	0.323	-3.322	-2.788	-2.973
atac_L21170	k4me2_enh	-1.577	-1.342	0.644	-1.881	-2.498	-0.851
atac_L20564	k4me2_enh	-2.289	-1.952	0.488	-2.738	-2.591	-1.965
atac_L03377	k4me2_enh	-0.614	0.517	-0.343	-1.403	-2.147	-3.322
atac_L20924	k4me2_enh	0.24	0.24	-0.73	-2.151	-2.631	-2.24
atac_L38237	k4me2_enh	-2.987	-1.328	0.831	-2.158	-2.434	-2.979
atac_L09552	k4me2_enh	-2.305	-0.633	0.898	-1.542	-1.716	-3.322
atac_L25534	k4me2_enh	-1.715	0.555	-0.32	-1.351	-2.914	-3.322
atac_L10619	k4me2_enh	-0.759	0.787	-1.362	-1.956	-2.648	-2.73
atac_L31264	k4me2_enh	-1.923	-2.304	0.856	-2.064	-2.055	-1.728
atac_L18691	k4me2_enh	0.077	-0.012	-0.468	-2.855	-1.698	-3.322
atac_L22853	k4me2_enh	0.082	0.488	-0.909	-2.994	-2.346	-2.605
atac_L04749	k4me2_enh	-2.459	-2.378	0.807	-2.6	-2.6	-2.874
atac_L28982	k4me2_enh	0.507	0.033	-0.943	-2.541	-2.79	-3.322
atac_L28395	k4me2_enh	-0.564	-0.309	-0.203	-1.284	-2.543	-1.628
atac_L40686	k4me2_enh	-2.033	-0.215	0.615	-1.838	-2.596	-3.322
atac_L29077	k4me2_enh	-1.892	0.624	-0.462	-2.151	-2.155	-1.413
atac_L33556	k4me2_enh	-1.254	-0.094	0.368	-2.384	-2.7	-2.155
atac_L26514	k4me2_enh	-2.514	0.608	-0.248	-2.093	-2.363	-3.322
atac_L37281	k4me2_enh	-1.606	-0.953	0.37	-2.843	-0.568	-1.697
atac_L13758	k4me2_enh	-3.322	-1.792	0.701	-2.446	-3.322	-0.63
atac_L31421	k4me2_enh	-3.181	-3.322	0.133	-2.446	-1.303	-0.973
atac_L37705	k4me2_enh	-1.955	-0.699	0.367	-1.448	-1.646	-3.322
atac_L26786	k4me2_enh	-2.827	-2.966	-0.368	-3.164	-2.475	-2.513
atac_L28396	k4me2_enh	0.06	-1.369	-0.191	-2.085	-2.708	-2.176
atac_P00637	k4me2_enh	-1.856	-1.657	0.548	-1.905	-2.698	-1.467
atac_L24489	k4me2_enh	-3.322	0.381	-0.266	-3.322	-1.457	-3.322
atac_L10104	k4me2_enh	-1.776	-0.649	0.035	-2.384	-3.065	-0.803
atac_L11021	k4me2_enh	-1.611	0.912	-2.129	-2.716	-2.468	-3.322
atac_L07730	k4me2_enh	-0.461	-0.044	-0.633	-3.164	-2.168	-3.322
atac_L32259	k4me2_enh	-0.781	0.557	-1.38	-2.037	-2.357	-2.981
atac_L37840	k4me2_enh	-1.833	-1.607	0.385	-2.6	-1.927	-2.628
atac_L14909	k4me2_enh	-2.815	-1.151	0.788	-2.299	-3.032	-2.942
atac_L29028	k4me2_enh	-2.053	-1.657	0.56	-1.918	-3.176	-3.322
atac_L17782	k4me2_enh	-1.246	-0.288	-0.066	-3.134	-1.302	-3.322
atac_L02060	k4me2_enh	-2.827	-0.707	0.357	-3.322	-1.887	-2.246
atac_L31270	k4me2_enh	-2.642	-0.918	0.273	-1.85	-2.544	-1.493
atac_L26381	k4me2_enh	-2.026	-1.328	-1.553	-1.674	-2.11	-3.322
atac_L20823	k4me2_enh	-3.322	-0.102	-0.114	-1.513	-2.577	-1.679
atac_L10491	k4me2_enh	-1.519	0.681	-0.881	-2.41	-2.638	-3.322
atac_L40250	k4me2_enh	-1.652	-0.178	0.104	-1.774	-2.394	-3.322
atac_L34838	k4me2_enh	-1.688	-0.651	0.13	-1.372	-1.889	-2.741
atac_L37525	k4me2_enh	-2.338	-0.465	-0.579	-1.272	-1.325	-2.243
atac_L01780	k4me2_enh	-1.899	0.166	-0.111	-2.05	-2.461	-3.322
atac_L36844	k4me2_enh	-2.123	-0.635	0.326	-1.803	-1.708	-2.408
atac_L09942	k4me2_enh	-0.911	0.296	-1.011	-2.235	-2.664	-3.322
atac_L01781	k4me2_enh	-1.318	0.232	-3.322	-2.55	-1.923	-0.434
atac_L36088	k4me2_enh	-3.322	0.18	-0.786	-3.322	-1.493	-1.359
atac_L09012	k4me2_enh	-2.591	-0.721	-0.039	-2.819	-2.244	-0.901
atac_L03427	k4me2_enh	-2.181	-0.662	-2.717	-3.322	-0.169	-0.368
atac_L16487	k4me2_enh	-2.827	-3.302	1.169	-2.446	-2.994	-3.322
atac_L18897	k4me2_enh	-2.363	0.352	0.088	-2.784	-2.877	-3.322
atac_L39411	k4me2_enh	-0.795	0.349	-1.252	-1.956	-1.944	-3.322
atac_L22380	k4me2_enh	-1.839	-1.219	-0.612	-1.74	-0.264	-1.806
atac_L39448	k4me2_enh	-2.167	-1.917	0.637	-3.322	-1.859	-3.322
atac_L30455	k4me2_enh	-1.688	-1.347	0.523	-1.723	-2.089	-3.053
atac_L27193	k4me2_enh	-3.258	-2.118	0.283	-2.465	-3.052	-2.204
atac_L22710	k4me2_enh	-1.917	-1.622	0.68	-1.912	-2.779	-3.322
atac_P06197	k4me2_enh	-1.227	-1.397	0.061	-0.987	-2.631	-3.322
atac_P02713	k4me2_enh	-1.827	-0.671	-0.463	-1.372	-1.955	-1.45
atac_L33962	k4me2_enh	-1.942	-0.833	0.158	-2.107	-2.704	-3.322
atac_L22382	k4me2_enh	-1.397	-0.324	-0.347	-3.322	-1.393	-3.322
atac_L40452	k4me2_enh	-1.776	-1.872	0.153	-1.607	-1.37	-2.872
atac_L07501	k4me2_enh	-2.601	-1.025	0.315	-1.989	-2.694	-2.867
atac_L08460	k4me2_enh	-2.006	-0.737	0.106	-1.905	-1.991	-3.322
atac_P06587	k4me2_enh	-1.642	-1.41	-0.726	-1.394	-2.396	-3.162
atac_L11858	k4me2_enh	-3.242	-0.971	0.526	-2.891	-2.621	-2.919
atac_L18257	k4me2_enh	-2.281	-1.594	0.155	-2.446	-2.769	-1.551
atac_L30949	k4me2_enh	-2.145	-1.811	0.261	-2.621	-1.968	-1.301
atac_L04547	k4me2_enh	-1.351	-0.428	-0.218	-1.272	-2.698	-2.151
atac_L35629	k4me2_enh	-0.4	-1.66	0.034	-1.956	-2.821	-3.322
atac_L20754	k4me2_enh	-2.347	-1.757	0.141	-2.085	-1.824	-1.901
atac_P04500	k4me2_enh	-1.102	-0.481	-0.16	-1.712	-2.557	-3.273
atac_L08508	k4me2_enh	-1.519	-1.347	-0.232	-0.913	-2.258	-3.322
atac_L01234	k4me2_enh	-2.204	-1.101	0.014	-1.429	-1.656	-3.322
atac_L22819	k4me2_enh	-2.06	-1.123	0.317	-1.803	-2.477	-1.905
atac_L32260	k4me2_enh	-2.159	0.141	-0.169	-2.855	-2.745	-3.213
atac_L25794	k4me2_enh	-0.842	-0.036	-1.563	-1.197	-2.06	-3.322
atac_L16114	k4me2_enh	-1.514	-1.882	0.356	-1.989	-2.559	-2.881
atac_L40247	k4me2_enh	-2.145	-0.875	-0.115	-1.734	-2.737	-1.832
atac_L06067	k4me2_enh	-1.868	-1.019	-0.072	-2.151	-1.701	-3.322
atac_L01335	k4me2_enh	-2.827	-1.413	-0.095	-1.95	-2.424	-1.633
atac_L12330	k4me2_enh	-0.853	-0.889	-0.366	-1.745	-1.602	-2.721
atac_P05980	k4me2_enh	-2.987	-1.398	0.078	-2.784	-2.194	-2.329
atac_L21826	k4me2_enh	-2.827	-1.581	0.28	-1.899	-1.97	-2.423
atac_L16610	k4me2_enh	-1.821	-1.876	0.399	-3.105	-1.356	-2.087
atac_L20409	k4me2_enh	-1.424	-0.86	-0.4	-1.868	-2.451	-1.763
atac_L06878	k4me2_enh	-2.514	-1.663	-0.452	-2.819	-1.561	-3.322
atac_L21669	k4me2_enh	-2.322	-1.262	-0.271	-2.419	-2.704	-1.755
atac_P00068	k4me2_enh	-1.376	-1.605	-0.922	-0.667	-2.784	-1.476
atac_L03376	k4me2_enh	-0.715	-0.872	-0.709	-1.862	-1.968	-3.322
atac_L21496	k4me2_enh	-3.196	-3.322	-0.031	-1.996	-1.662	-0.466
atac_L23084	k4me2_enh	-0.836	0.165	-2.134	-2.819	-2.038	-3.322
atac_L28068	k4me2_enh	-0.33	-0.641	-1.58	-2.235	-2.407	-2.807
atac_L26243	k4me2_enh	-3.322	-1.576	-2.432	-3.322	-3.322	0.856
atac_L24413	k4me2_enh	-1.787	-1.401	0.319	-2.043	-2.437	-3.322
atac_L16608	k4me2_enh	-0.862	-0.888	-0.928	-2.267	-1.405	-3.322
atac_L15320	k4me2_enh	-2.281	-0.997	-0.913	-1.976	-2.397	-0.408
atac_L27013	k4me2_enh	-2.338	-0.584	-0.293	-1.905	-2.354	-3.322
atac_L21746	k4me2_enh	-2.459	0.263	-1.135	-2.446	-2.153	-2.103
atac_L01139	k4me2_enh	-2.415	-0.52	0.1	-1.571	-3.143	-3.322
atac_L12036	k4me2_enh	-2.123	-1.034	-0.961	-1.385	-1.762	-0.826
atac_P06245	k4me2_enh	-1.839	-1.49	0.304	-1.905	-3.162	-2.015
atac_L12578	k4me2_enh	-2.305	-0.749	0.084	-2.512	-1.37	-3.322
atac_P04815	k4me2_enh	-2.067	-1.116	-0.598	-2.968	-3.108	-1.264
atac_L25441	k4me2_enh	-0.564	-1.292	-1.434	-1.072	-2.1	-3.322
atac_L20833	k4me2_enh	-0.929	-1.137	-0.013	-1.905	-2.594	-2.631
atac_P03186	k4me2_enh	-3.322	-0.79	0.192	-3.322	-2.31	-3.322
atac_L21607	k4me2_enh	-1.285	-0.878	-0.667	-3.049	-2.109	-1.961
atac_L34927	k4me2_enh	-0.71	-1.42	-0.368	-2.151	-2.209	-2.628
atac_L20732	k4me2_enh	-1.582	-0.457	-0.682	-1.832	-1.97	-3.322
atac_L00631	k4me2_enh	-0.349	-0.638	-1.832	-1.607	-2.116	-3.322
atac_L34928	k4me2_enh	-2.398	-1.476	-0.103	-2.879	-2.158	-3.322
atac_L16079	k4me2_enh	-3.322	-1.342	0.284	-2.121	-2.898	-3.2
atac_P02866	k4me2_enh	-1.196	-2.314	-0.248	-1.918	-2.589	-1.73
atac_L28913	k4me2_enh	-2.297	-2.1	-0.086	-1.983	-1.829	-2.458
atac_L03254	k4me2_enh	-1.334	-1.463	-0.037	-2.251	-1.631	-2.944
atac_L09855	k4me2_enh	-1.715	-1.17	0.066	-2.03	-2.507	-3.322
atac_L39128	k4me2_enh	-1.428	-0.274	-0.919	-2.375	-2.057	-3.322
atac_L29655	k4me2_enh	-1.923	-0.468	-1.285	-1.557	-3.081	-3.322
atac_P03843	k4me2_enh	-2.632	-0.656	-0.329	-2.684	-2.7	-1.579
atac_L24235	k4me2_enh	-1.77	-0.506	-0.149	-3.035	-2.68	-3.249
atac_L39677	k4me2_enh	-1.2	-1.049	-0.498	-3.322	-1.592	-2.405
atac_L35978	k4me2_enh	-2.533	-1.425	0.479	-1.931	-2.773	-3.322
atac_L14439	k4me2_enh	0.12	-0.665	-2.19	-2.341	-2.984	-2.579
atac_P00994	k4me2_enh	-2.496	-0.486	0.07	-2.437	-2.868	-2.628
atac_L31848	k4me2_enh	-0.987	-1.249	-2.495	-3.322	-0.772	-0.855
atac_L21475	k4me2_enh	-1.955	-0.273	-0.47	-1.95	-2.517	-2.942
atac_L23266	k4me2_enh	0.078	-1.332	-1.628	-2.819	-2.028	-2.256
atac_L39591	k4me2_enh	-1.652	-0.862	-1.113	-2.114	-1.625	-1.588
atac_L03987	k4me2_enh	-2.25	-1.026	0.072	-2.75	-2.71	-2.985
atac_L22147	k4me2_enh	-2.459	-1.414	-0.307	-2.166	-1.889	-1.61
atac_L16873	k4me2_enh	-1.473	-1.084	-0.621	-1.844	-1.474	-2.449
atac_L21531	k4me2_enh	-1.372	-1.307	-0.489	-2.064	-2.945	-1.834
atac_L19726	k4me2_enh	-2.827	-0.506	-0.736	-2.151	-2.391	-2.53
atac_L18638	k4me2_enh	-2.987	-1.517	0.23	-2.03	-3.097	-1.329
atac_L09464	k4me2_enh	-2.459	-0.859	-0.11	-2.819	-2.825	-3.322
atac_P02758	k4me2_enh	-1.72	-0.837	-0.11	-2.316	-2.921	-3.322
atac_P03928	k4me2_enh	-3.322	-0.962	0.449	-3.021	-3.168	-3.322
atac_L41002	k4me2_enh	-3.322	-0.243	0.003	-1.95	-3.047	-3.322
atac_L35628	k4me2_enh	-1.827	-1.766	-0.326	-1.264	-2.15	-1.906
atac_L15995	k4me2_enh	-2.053	-1.005	-0.144	-3.062	-2.346	-3.294
atac_L31203	k4me2_enh	-1.562	-1.287	-0.05	-2.58	-2.262	-3.2
atac_P00288	k4me2_enh	-0.206	-1.164	-2.259	-2.738	-2.354	-2.693
atac_L20443	k4me2_enh	-2.562	-0.45	-0.546	-1.963	-2.465	-2.979
atac_P01799	k4me2_enh	-1.923	-0.45	-1.671	-1.674	-2.823	-0.894
atac_L30479	k4me2_enh	-2.591	-0.938	-0.152	-2.419	-2.499	-3.322
atac_L13794	k4me2_enh	-2.487	-0.317	-0.685	-2.158	-1.652	-3.322
atac_L31682	k4me2_enh	-1.326	-1.443	-0.79	-1.809	-2.268	-2.082
atac_L27049	k4me2_enh	-2.273	-0.591	-0.838	-2.437	-2.201	-2.787
atac_L33480	k4me2_enh	-3.322	-1.992	-0.341	-3.322	-2.533	-2.456
atac_L25250	k4me2_enh	-2.562	-1.477	0.282	-2.227	-2.81	-2.979
atac_L17698	k4me2_enh	-2.363	-0.977	0.139	-3.322	-2.539	-2.925
atac_L29201	k4me2_enh	-1.974	-1.179	-0.299	-2.819	-2.317	-3.322
atac_L36623	k4me2_enh	-1.948	-0.647	-0.656	-2.402	-2.574	-2.293
atac_L12571	k4me2_enh	-2.196	-0.818	-0.221	-2.673	-1.827	-3.322
atac_L22488	k4me2_enh	-1.905	-1.359	0.057	-2.819	-1.939	-3.322
atac_L09657	k4me2_enh	-2.683	-0.14	-0.59	-1.918	-2.195	-3.196
atac_L20270	k4me2_enh	-2.026	-0.686	-0.649	-1.707	-2.61	-2.889
atac_L01707	k4me2_enh	-1.455	-0.493	-1.416	-1.868	-2.363	-3.322
atac_L21624	k4me2_enh	-2.839	-1.823	-1.333	-2.446	-1.853	-0.307
atac_L06184	k4me2_enh	-1.726	-0.299	-0.99	-1.532	-2.891	-3.322
atac_L24255	k4me2_enh	-2.305	-0.297	-1.302	-2.531	-1.521	-3.322
atac_L02294	k4me2_enh	-2.006	-1.944	-0.159	-1.17	-1.693	-3.322
atac_L07245	k4me2_enh	-3.274	-2.437	0.338	-2.61	-2.243	-1.45
atac_L00752	k4me2_enh	-1.538	-1.517	-0.124	-3.322	-1.693	-3.322
atac_L22827	k4me2_enh	-3.196	-0.398	-1.001	-2.023	-1.628	-3.322
atac_L26153	k4me2_enh	-1.81	-1.462	-0.812	-1.062	-2.317	-3.322
atac_L21932	k4me2_enh	-2.827	-1.69	-0.792	-2.6	-2.552	-0.413
atac_L30948	k4me2_enh	-2.642	-1.472	0.073	-1.868	-2.306	-3.322
atac_L15484	k4me2_enh	-1.473	-0.066	-1.808	-1.905	-2.396	-3.322
atac_L18943	k4me2_enh	-2.33	-0.105	-1.916	-1.429	-2.201	-3.145
atac_L06434	k4me2_enh	-1.874	-1.17	-0.457	-1.905	-2.812	-3.322
atac_P03895	k4me2_enh	-2.167	-1.217	-0.569	-2.446	-2.055	-1.186
atac_P01974	k4me2_enh	-1.424	-1.091	-0.739	-3.035	-2.241	-1.039
atac_L19156	k4me2_enh	-2.441	-1.493	0.018	-2.151	-1.578	-2.669
atac_L35478	k4me2_enh	-2.459	-0.83	-0.689	-2.446	-1.334	-2.363
atac_L14043	k4me2_enh	-2.372	-1.102	-0.288	-3.241	-2.065	-2.821
atac_L22239	k4me2_enh	-2.923	-2.371	-0.165	-3.179	-2.247	-1.592
atac_L31546	k4me2_enh	-1.85	-2.148	-0.139	-2.531	-1.318	-3.322
atac_L18192	k4me2_enh	-2.715	-1.139	-0.498	-1.637	-1.74	-2.11
atac_L02222	k4me2_enh	-2.38	-1.146	-0.184	-1.622	-2.259	-3.322
atac_P00289	k4me2_enh	-1.88	-2.164	0.176	-2.673	-3.081	-3.322
atac_P05463	k4me2_enh	-2.673	-2.128	-0.156	-3.062	-1.099	-2.088
atac_L00817	k4me2_enh	-1.923	-2.12	-0.074	-1.868	-2.712	-1.554
atac_L31338	k4me2_enh	-1.637	-0.638	-1.064	-2.227	-2.613	-2.523
atac_L15832	k4me2_enh	-1.372	-0.872	-0.695	-1.905	-2.188	-3.322
atac_L10927	k4me2_enh	-3.322	-1.264	-1.824	-1.712	-1.569	-0.704
atac_L16105	k4me2_enh	-2.543	-0.754	-0.706	-1.809	-2.334	-2.495
atac_L19640	k4me2_enh	-2.242	-1.649	-0.007	-3.164	-2.646	-2.881
atac_L25110	k4me2_enh	-1.04	-1.319	-0.359	-2.349	-2.255	-3.322
atac_L39767	k4me2_enh	-3.322	-0.805	-0.178	-3.322	-2.116	-3.322
atac_P03623	k4me2_enh	-2.406	-0.64	-1.59	-1.457	-2.838	-2.826
atac_L26562	k4me2_enh	-2.827	-0.79	-0.482	-1.674	-2.881	-2.066
atac_L10775	k4me2_enh	-1.23	-1.982	-1.277	-1.905	-1.964	-1.729
atac_L25236	k4me2_enh	-2.181	-0.785	-0.408	-3.209	-1.822	-2.763
atac_L40321	k4me2_enh	-1.886	-0.843	-0.321	-2.819	-2.374	-2.605
atac_L05712	k4me2_enh	-2.632	-1.067	-0.411	-2.05	-1.835	-3.322
atac_L22880	k4me2_enh	-2.04	-1.111	-0.384	-2.652	-2.972	-3.322
atac_L27766	k4me2_enh	-0.123	-1.279	-1.982	-1.956	-2.503	-2.612
atac_L39897	k4me2_enh	-2.827	-1.591	-0.203	-2.641	-2.461	-2.423
atac_L04339	k4me2_enh	-2.289	-3.322	-0.399	-1.607	-1.828	-1.617
atac_L12589	k4me2_enh	-2	-1.023	-0.425	-1.924	-2.814	-3.322
atac_L22929	k4me2_enh	-2.181	-1.469	-0.243	-1.751	-1.905	-3.322
atac_L07319	k4me2_enh	-2.77	-2.522	-0.324	-1.167	-2.969	-1.676
atac_L25632	k4me2_enh	-1.929	-0.697	-0.751	-2.446	-2.415	-2.329
atac_L12433	k4me2_enh	-2.552	-1.635	-0.014	-1.78	-2.606	-3.322
atac_L10984	k4me2_enh	-2.088	-1.434	-0.04	-2.307	-2.989	-3.322
atac_L04574	k4me2_enh	-2.338	-1.046	-0.471	-2.173	-2.799	-1.409
atac_L21891	k4me2_enh	-1.923	-1.334	-0.372	-1.74	-2.696	-3.322
atac_L09354	k4me2_enh	-2.572	-1.916	-0.053	-2.151	-2.861	-3.322
atac_L12225	k4me2_enh	-3.322	-2.081	-0.82	-2.819	-2.799	-1.734
atac_L20337	k4me2_enh	-2.827	-1.402	-1.769	-1.856	-0.288	-3.322
atac_L09456	k4me2_enh	-3.322	-1.676	-0.049	-3.322	-3.165	-1.173
atac_L20582	k4me2_enh	-2.289	-0.393	-0.806	-2.819	-1.934	-3.322
atac_L07827	k4me2_enh	-2.167	-1.155	-0.462	-2.121	-1.953	-3.322
atac_L39453	k4me2_enh	-1.105	-1.21	-1.362	-1.209	-2.035	-3.322
atac_L01074	k4me2_enh	-1.577	-3.322	-0.323	-2.243	-1.632	-2.523
atac_L38495	k4me2_enh	-1.911	-0.95	-0.178	-2.61	-2.766	-2.742
atac_L21769	k4me2_enh	-2.694	-1.816	-0.321	-1.838	-1.09	-3.322
atac_L27192	k4me2_enh	-3	-1.504	0.197	-3.257	-2.854	-3.271
atac_L15173	k4me2_enh	-2	-1.102	-0.218	-2.621	-2.57	-3.322
atac_L16212	k4me2_enh	-2.827	-1.323	-0.224	-2.955	-2.682	-2.513
atac_L38093	k4me2_enh	-1.359	-0.784	-0.736	-2.009	-2.528	-3.322
atac_L16609	k4me2_enh	-1.621	-1.65	-1.359	-1.017	-1.81	-2.342
atac_L39664	k4me2_enh	-2.159	-0.252	-1.255	-2.235	-2.195	-3.322
atac_L02111	k4me2_enh	-2.152	-0.972	-0.286	-2.662	-2.877	-3.322
atac_L21771	k4me2_enh	-3.026	-2.243	-0.838	-2.151	-0.727	-1.809
atac_L35631	k4me2_enh	-1.432	-1.225	-1.874	-1.956	-1.292	-2.53
atac_L12694	k4me2_enh	-3.026	-1.405	-0.155	-2.446	-1.862	-3.322
atac_L36162	k4me2_enh	-2.827	-2.22	-0.056	-2.009	-2.131	-2.753
atac_L08803	k4me2_enh	-2.02	-0.85	-1.484	-2.375	-2.059	-1.714
atac_L18609	k4me2_enh	-2.081	-1.554	-0.382	-1.351	-2.69	-2.281
atac_L13528	k4me2_enh	-1.804	-0.727	-0.637	-2.446	-2.95	-3.322
atac_L15867	k4me2_enh	-2.827	-0.931	-0.289	-3.322	-1.699	-3.322
atac_L02018	k4me2_enh	-1.742	-1.405	-0.745	-2.093	-1.555	-3.322
atac_L04643	k4me2_enh	-1.389	-2.694	-0.717	-2.694	-1.305	-2.612
atac_L03778	k4me2_enh	-2.459	-1.365	-0.112	-3.225	-2.468	-2.53
atac_L15527	k4me2_enh	-1.81	-0.465	-1.761	-1.797	-1.629	-3.322
atac_L35381	k4me2_enh	-0.372	-1.88	-1.986	-1.762	-2.914	-1.526
atac_L37282	k4me2_enh	-2.827	-1.526	-0.862	-1.581	-1.644	-1.728
atac_L15562	k4me2_enh	-2.189	-1.484	-0.489	-3.322	-2.383	-2.84
atac_L20650	k4me2_enh	-3.322	-0.123	-1.456	-3.322	-2.976	-2.01
atac_L04995	k4me2_enh	-1.05	-1.499	-0.678	-2.819	-2.482	-2.363
atac_P05793	k4me2_enh	-2.033	-1.073	-0.381	-1.97	-2.769	-3.322
atac_L06108	k4me2_enh	-2.433	-1.087	-0.649	-2.037	-2.696	-3.31
atac_L12526	k4me2_enh	-1.862	-0.82	-1.845	-2.419	-2.463	-1.164
atac_P06753	k4me2_enh	-1.787	-1.302	-1.444	-3.322	-1.033	-1.514
atac_L24682	k4me2_enh	-2.415	-1.32	-0.228	-1.918	-2.727	-3.322
atac_L38675	k4me2_enh	-1.673	-1.475	-0.838	-2.107	-2.606	-1.707
atac_L30854	k4me2_enh	-1.917	-1.774	-0.059	-2.641	-2.818	-3.322
atac_L38945	k4me2_enh	-2.816	-0.812	-0.467	-3.091	-2.41	-3.322
atac_L23430	k4me2_enh	-1.322	-1.161	-1.189	-2.151	-1.579	-3.322
atac_L34999	k4me2_enh	-2.815	-1.202	-0.255	-2.465	-2.224	-2.69
atac_L03086	k4me2_enh	-2.406	-1.53	-0.417	-2.085	-1.631	-3.322
atac_L17262	k4me2_enh	-1.45	-2.737	-0.343	-2.446	-3.019	-3.308
atac_L26859	k4me2_enh	-1.804	-0.959	-0.9	-1.856	-2.608	-3.322
atac_P04654	k4me2_enh	-2.459	-0.648	-0.858	-1.785	-2.294	-3.322
atac_L27337	k4me2_enh	-2.827	-0.303	-1.646	-2.151	-2.025	-3.322
atac_L39540	k4me2_enh	-2.816	-0.428	-1.145	-2.641	-1.999	-3.322
atac_L25438	k4me2_enh	-1.742	-1.582	-1.828	-1.104	-1.626	-2.807
atac_P03578	k4me2_enh	-1.468	-2.12	-0.419	-2.151	-2.515	-3.053
atac_L00399	k4me2_enh	-2.496	-2.098	-0.36	-1.68	-2.378	-2.33
atac_L08729	k4me2_enh	-2.827	-0.924	-0.409	-2.819	-2.313	-2.961
atac_L25614	k4me2_enh	-3.109	-0.906	-0.275	-3.322	-1.984	-3.322
atac_L21670	k4me2_enh	-2.77	-1.759	-0.191	-2.727	-2.914	-2.6
atac_L23233	k4me2_enh	-1.759	-1.006	-1.191	-1.905	-2.458	-3.322
atac_L15268	k4me2_enh	-0.842	-0.594	-3.322	-2.57	-2.399	-2.368
atac_L19765	k4me2_enh	-2.45	-1.569	-2.292	-2.662	-2.218	-2.438
atac_P01573	k4me2_enh	-2.487	-0.52	-1.191	-2.662	-2.362	-3.322
atac_L12591	k4me2_enh	-2.305	-1.513	-0.243	-2.136	-3.105	-1.971
atac_L34075	k4me2_enh	-1.923	-1.305	-1.096	-1.797	-2.764	-2.93
atac_L16146	k4me2_enh	-0.675	-1.447	-1.886	-2.151	-3.322	-2.628
atac_L16177	k4me2_enh	-2.524	-1.085	-0.644	-3.322	-2.553	-3.322
atac_L15831	k4me2_enh	-1.45	-1.439	-2.253	-1.542	-1.767	-2.747
atac_L09013	k4me2_enh	-2.053	-1.461	-0.665	-2.502	-2.199	-3.322
atac_L35983	k4me2_enh	-1.742	-0.297	-1.824	-2.204	-2.557	-3.185
atac_L06101	k4me2_enh	-1.715	-0.646	-1.383	-2.819	-1.837	-3.322
atac_P05656	k4me2_enh	-2.923	-1.227	-0.397	-2.631	-2.95	-2.091
atac_L26553	k4me2_enh	-1.72	-0.743	-0.997	-2.502	-2.35	-2.867
atac_L06367	k4me2_enh	-2.088	-0.378	-2.046	-2.446	-2.439	-3.322
atac_L18916	k4me2_enh	-1.833	-1.53	-1.096	-1.963	-2.7	-1.579
atac_L12263	k4me2_enh	-2.053	-0.445	-2.547	-2.03	-1.746	-2.204
atac_L07349	k4me2_enh	-3.322	-0.795	-1.043	-3.322	-1.823	-2.578
atac_L07221	k4me2_enh	-1.81	-1.686	-1.566	-2.456	-1.964	-1.254
atac_L17141	k4me2_enh	-1.942	-2.196	-0.854	-1.696	-2.544	-1.276
atac_L17705	k4me2_enh	-2.441	-1.019	-0.848	-1.398	-2.535	-3.322
atac_L28330	k4me2_enh	-2.694	-1.532	-1.501	-2.521	-1.269	-2.467
atac_L34064	k4me2_enh	-3.04	-0.969	-0.635	-2.502	-1.972	-3.322
atac_L01703	k4me2_enh	-3.322	-1.627	-0.873	-2.761	-1.509	-3.322
atac_L22223	k4me2_enh	-2.116	-1.524	-0.462	-2.023	-2.365	-2.781
atac_L03656	k4me2_enh	-2.167	-0.982	-0.778	-1.637	-3.039	-3.322
atac_L20839	k4me2_enh	-2.459	-1.352	-0.935	-2.151	-1.406	-3.322
atac_P02063	k4me2_enh	-1.572	-0.713	-0.93	-2.446	-2.865	-3.276
atac_L10639	k4me2_enh	-1.905	-1.163	-0.704	-2.419	-2.909	-2.836
atac_L00111	k4me2_enh	-2.459	-0.902	-0.922	-2.064	-1.928	-3.322
atac_L02956	k4me2_enh	-1.868	-1.647	-0.854	-2.151	-2.057	-2.14
atac_L08922	k4me2_enh	-1.793	-1.432	-1.456	-2.474	-2.265	-1.002
atac_L09277	k4me2_enh	-1.759	-2.322	-0.551	-1.513	-2.741	-3.322
atac_L41194	k4me2_enh	-2.234	-1.608	-0.502	-1.996	-3.05	-2.571
atac_L14177	k4me2_enh	-1.742	-2.049	-0.902	-1.838	-2.078	-2.952
atac_L26725	k4me2_enh	-2.102	-2.079	-0.515	-2.819	-2.834	-3.322
atac_L31485	k4me2_enh	-1.642	-2.25	-1.425	-2.196	-2.276	-1.028
atac_L07232	k4me2_enh	-1.621	-0.31	-3.322	-2.59	-2.105	-3.322
atac_L40461	k4me2_enh	-1.886	-1.355	-0.804	-1.881	-2.69	-3.322
atac_L32129	k4me2_enh	-1.85	-0.617	-1.712	-2.456	-2.642	-1.849
atac_L34203	k4me2_enh	-0.552	-1.545	-1.824	-2.641	-2.553	-3.322
atac_P01781	k4me2_enh	-2.372	-1.399	-0.911	-1.905	-1.998	-3.322
atac_L27310	k4me2_enh	-2.874	-0.325	-1.191	-3.322	-3.322	-3.322
atac_L15413	k4me2_enh	-1.036	-0.755	-2.164	-3.322	-2.775	-2.184
atac_P01531	k4me2_enh	-1.376	-1.094	-1.899	-1.791	-2.28	-2.621
atac_L00336	k4me2_enh	-2.02	-1.503	-0.644	-1.701	-2.64	-3.322
atac_P02081	k4me2_enh	-0.85	-1.256	-1.462	-2.419	-3.146	-3.322
atac_L28260	k4me2_enh	-0.862	-1.483	-1.359	-2.299	-2.64	-2.996
atac_L26552	k4me2_enh	-1.192	-2.201	-1.181	-0.974	-2.779	-3.322
atac_L21661	k4me2_enh	-2.827	-1.283	-0.149	-3.322	-2.872	-2.596
atac_P05879	k4me2_enh	-2.543	-1.262	-0.644	-3.322	-2.535	-3.2
atac_P03357	k4me2_enh	-1.432	-1.66	-1.836	-1.751	-1.597	-2.495
atac_L36845	k4me2_enh	-1.955	-1.61	-1.621	-1.944	-2.29	-1.571
atac_L20390	k4me2_enh	-2.02	-0.7	-1.845	-2.446	-2.823	-2.275
atac_L00269	k4me2_enh	-3.013	-1.354	-0.484	-2.151	-2.576	-3.322
atac_L06109	k4me2_enh	-2.827	-1.135	-0.624	-3.322	-2.688	-1.823
atac_L12037	k4me2_enh	-1.88	-1.414	-0.467	-3.322	-2.836	-3.322
atac_L18654	k4me2_enh	-3.258	-0.852	-0.597	-3.322	-3.202	-2.408
atac_L18365	k4me2_enh	-3.322	-1.465	-0.363	-2.446	-2.794	-3.322
atac_L34077	k4me2_enh	-2.441	-1.355	-1.356	-2.009	-2.021	-1.809
atac_L13146	k4me2_enh	-1.699	-2.166	-1.004	-2.955	-2.505	-1.557
atac_L13110	k4me2_enh	-1.862	-1.222	-1.444	-1.359	-2.157	-3.322
atac_L04314	k4me2_enh	-2.839	-0.824	-0.687	-2.446	-2.942	-3.322
atac_L01126	k4me2_enh	-3.181	-0.908	-0.977	-1.918	-2.563	-1.94
atac_L33838	k4me2_enh	-2.77	-1.526	-1.123	-2.151	-1.583	-3.322
atac_L10551	k4me2_enh	-1.063	-1.045	-1.899	-2.121	-2.42	-3.322
atac_L21892	k4me2_enh	-3.322	-1.422	-0.35	-2.942	-1.914	-3.322
atac_L32600	k4me2_enh	-2.181	-1.045	-0.877	-2.324	-2.816	-3.322
atac_L14376	k4me2_enh	-2.459	-2.166	-0.489	-2.158	-2.881	-1.89
atac_L06631	k4me2_enh	-1.961	-2.253	-0.702	-1.398	-3.322	-3.322
atac_L38702	k4me2_enh	-2.827	-0.799	-1.322	-1.643	-2.775	-3.322
atac_L04119	k4me2_enh	-1.748	-2.014	-1.646	-1.189	-2.25	-2.522
atac_L14254	k4me2_enh	-3.322	-0.677	-1.076	-3.322	-2.11	-3.322
atac_L14613	k4me2_enh	-2.611	-0.814	-1.472	-1.905	-2.781	-3.322
atac_L27803	k4me2_enh	-2.242	-1.897	-0.621	-2.324	-2.013	-2.672
atac_L27149	k4me2_enh	-1.85	-0.879	-1.288	-2.819	-2.784	-3.041
atac_L12572	k4me2_enh	-1.742	-1.809	-1.339	-2.428	-2.142	-3.322
atac_L26481	k4me2_enh	-2.459	-2.946	-0.523	-2.384	-2.931	-2.973
atac_L02575	k4me2_enh	-2.781	-1.417	-0.257	-2.916	-3.179	-3.322
atac_L19446	k4me2_enh	-2.468	-1.143	-1.536	-2.994	-3.146	-3.322
atac_L35315	k4me2_enh	-1.923	-1.783	-0.762	-2.446	-2.548	-3.322
atac_L10789	k4me2_enh	-3.322	-0.61	-0.856	-2.727	-2.164	-3.322
atac_L24665	k4me2_enh	-2.33	-1.677	-0.86	-1.989	-1.576	-3.322
atac_L10436	k4me2_enh	-2.363	-2.63	-1.59	-1.284	-2.066	-3.322
atac_L27085	k4me2_enh	-2.33	-0.844	-1.339	-2.419	-2.532	-2.044
atac_P03090	k4me2_enh	-2.524	-0.777	-1.504	-1.905	-2.024	-3.322
atac_L06531	k4me2_enh	-2.632	-1.077	-1.973	-1.696	-2.419	-2.379
atac_L16101	k4me2_enh	-2.159	-1.477	-1.212	-1.774	-3.102	-1.846
atac_L24794	k4me2_enh	-2.181	-1.275	-0.505	-3.322	-2.825	-2.925
atac_L27008	k4me2_enh	-3.152	-0.406	-1.218	-3.105	-2.331	-3.322
atac_L21390	k4me2_enh	-2.181	-0.814	-1.475	-2.446	-3.011	-2.774
atac_L36258	k4me2_enh	-2.533	-2.148	-1.015	-1.956	-2.741	-1.265
atac_L30247	k4me2_enh	-2.827	-1.409	-0.479	-2.904	-3.135	-2.488
atac_L14640	k4me2_enh	-1.657	-1.267	-1.991	-1.757	-2.084	-3.065
atac_L08319	k4me2_enh	-2.258	-2.7	-0.495	-2.188	-2.409	-3.322
atac_L10268	k4me2_enh	-2.33	-1.466	-1.311	-2.446	-1.574	-2.027
atac_L22546	k4me2_enh	-2.827	-0.432	-2.979	-2.784	-1.914	-2.744
atac_L32619	k4me2_enh	-2.737	-1.704	-0.871	-2.819	-2.781	-2.153
atac_L11249	k4me2_enh	-2.211	-1.797	-0.739	-2.819	-3.322	-1.829
atac_L39178	k4me2_enh	-2.167	-1.182	-0.751	-2.393	-2.967	-3.322
atac_L27824	k4me2_enh	-3.322	-1.608	-1.166	-2.204	-2.317	-1.396
atac_L04680	k4me2_enh	-2.936	-1.357	-0.6	-2.819	-2.498	-3.322
atac_L34246	k4me2_enh	-2.601	-2.935	-0.519	-2.446	-2.146	-2.554
atac_P04044	k4me2_enh	-2.827	-1.878	-0.637	-2.023	-3.154	-1.915
atac_L24669	k4me2_enh	-3.322	-1.845	-0.474	-1.774	-2.619	-3.253
atac_L25104	k4me2_enh	-3.026	-1.831	-0.578	-2.316	-2.65	-2.551
atac_L36437	k4me2_enh	-2.827	-2.785	-0.513	-3.194	-2.999	-3.322
atac_L02038	k4me2_enh	-1.917	-0.969	-1.212	-2.879	-2.95	-3.322
atac_L22527	k4me2_enh	-2.181	-2.73	-0.425	-3.322	-2.794	-2.138
atac_L21416	k4me2_enh	-2.839	-1.105	-0.696	-2.446	-2.827	-3.322
atac_L20452	k4me2_enh	-1.477	-1.13	-1.308	-2.151	-2.583	-3.322
atac_P02320	k4me2_enh	-2.389	-1.705	-0.873	-2.219	-2.117	-2.985
atac_P03037	k4me2_enh	-3.322	-1.15	-0.968	-2.456	-2.389	-3.322
atac_P06051	k4me2_enh	-1.601	-1.65	-1.191	-2.55	-2.487	-2.554
atac_L15730	k4me2_enh	-2.827	-1.337	-1.285	-2.151	-2.674	-1.873
atac_P04452	k4me2_enh	-1.71	-2.203	-0.533	-2.437	-2.823	-3.322
atac_L16200	k4me2_enh	-2.441	-1.468	-1.389	-2.078	-2.454	-3.137
atac_P00501	k4me2_enh	-1.533	-1.778	-1.145	-2.819	-2.879	-2.349
atac_P03711	k4me2_enh	-2.196	-2.402	-0.788	-1.931	-2.396	-2.523
atac_L05134	k4me2_enh	-2.322	-1.902	-0.563	-2.807	-2.921	-3.322
atac_L26913	k4me2_enh	-0.599	-1.259	-2.724	-2.819	-2.832	-3.322
atac_L31406	k4me2_enh	-2.804	-1.902	-0.698	-3.062	-1.549	-3.026
atac_L20679	k4me2_enh	-2.514	-1.778	-1.465	-1.072	-2.271	-3.322
atac_L19369	k4me2_enh	-2.815	-0.686	-1.478	-2.819	-2.153	-3.322
atac_L30875	k4me2_enh	-3.322	-1.26	-1.336	-3.322	-2.473	-3.322
atac_L00804	k4me2_enh	-2.974	-1.1	-1.639	-2.879	-2.796	-2.518
atac_L06099	k4me2_enh	-2.621	-1.561	-0.84	-2.819	-2.879	-3.322
atac_P02209	k4me2_enh	-2.167	-1.631	-0.717	-2.994	-2.67	-3.322
atac_L39900	k4me2_enh	-3.322	-1.394	-1.247	-3.322	-2.151	-2.14
atac_P04586	k4me2_enh	-2.827	-1.745	-0.867	-2.316	-3.249	-1.627
atac_L39590	k4me2_enh	-1.936	-2.986	-1.543	-1.74	-2.821	-1.941
atac_P04550	k4me2_enh	-1.38	-1.428	-1.653	-2.446	-2.786	-2.522
atac_P05783	k4me2_enh	-2.874	-1.252	-2.056	-2.446	-1.962	-1.4
atac_L16305	k4me2_enh	-3.081	-1.388	-0.546	-2.621	-3.322	-3.322
atac_L08948	k4me2_enh	-2.827	-1.723	-1.113	-1.905	-2.594	-3.198
atac_L39896	k4me2_enh	-2.281	-1.203	-2.009	-1.905	-1.776	-3.322
atac_L19507	k4me2_enh	-2.067	-1.468	-1.428	-2.705	-2.132	-2.979
atac_L30454	k4me2_enh	-1.459	-1.676	-2.084	-1.718	-2.085	-3.322
atac_L20431	k4me2_enh	-2.053	-1.234	-2.952	-1.653	-1.485	-3.188
atac_L07783	k4me2_enh	-2.827	-1.071	-1.686	-2.419	-2.239	-3.24
atac_L29248	k4me2_enh	-2.123	-1.52	-1.202	-1.893	-3.143	-3.322
atac_L11616	k4me2_enh	-3.04	-1.944	-1.176	-2.341	-1.828	-2.233
atac_L39541	k4me2_enh	-2.281	-1.445	-0.749	-3.322	-2.625	-3.322
atac_L23066	k4me2_enh	-1.699	-1.231	-1.765	-2.541	-2.737	-2.23
atac_L32450	k4me2_enh	-2.102	-1.363	-1.517	-1.489	-2.812	-3.071
atac_L18315	k4me2_enh	-2.159	-0.653	-2.331	-2.393	-2.503	-3.322
atac_L27681	k4me2_enh	-2.886	-1.811	-0.443	-3.225	-2.731	-3.322
atac_L23683	k4me2_enh	-2.804	-2.028	-0.326	-2.474	-3.019	-3.322
atac_P01647	k4me2_enh	-3.322	-2.217	-1.269	-2.981	-3.171	-0.663
atac_L29448	k4me2_enh	-2.514	-2.287	-0.289	-2.904	-3.174	-3.322
atac_L28100	k4me2_enh	-1.798	-2.12	-1.024	-2.772	-1.973	-3.322
atac_P01546	k4me2_enh	-1.923	-2.59	-0.995	-1.791	-2.543	-3.322
atac_L10343	k4me2_enh	-1.798	-1.108	-1.601	-2.428	-2.594	-2.872
atac_P02065	k4me2_enh	-2.123	-1.742	-2.232	-2.188	-2.619	-2.232
atac_P06163	k4me2_enh	-2.533	-2.113	-2.129	-1.617	-1.682	-2.1
atac_P04562	k4me2_enh	-2.406	-0.606	-1.857	-3.322	-2.3	-3.322
atac_L08295	k4me2_enh	-2.827	-0.825	-1.491	-2.57	-2.775	-3.322
atac_L09904	k4me2_enh	-1.72	-2.224	-1.738	-2.204	-1.985	-3.213
atac_L34890	k4me2_enh	-3.067	-1.767	-0.559	-2.819	-3.026	-3.137
atac_P00726	k4me2_enh	-2.839	-2.043	-0.743	-2.641	-2.583	-2.083
atac_L31296	k4me2_enh	-2.25	-1.653	-1.359	-2.819	-1.979	-3.322
atac_L07850	k4me2_enh	-2.827	-2.487	-0.423	-2.61	-2.589	-3.322
atac_L05209	k4me2_enh	-2.793	-1.027	-0.97	-3.322	-2.959	-2.451
atac_L10171	k4me2_enh	-1.905	-1.12	-1.465	-3.035	-2.37	-3.322
atac_L19946	k4me2_enh	-3.322	-2.347	-1.682	-2.58	-2.078	-1.406
atac_L08661	k4me2_enh	-2.496	-1.11	-1.594	-2.994	-1.828	-3.322
atac_L18366	k4me2_enh	-2.167	-1.669	-1.191	-2.037	-3.157	-3.322
atac_L24224	k4me2_enh	-2.715	-1.292	-1.874	-2.673	-1.737	-3.322
atac_L13693	k4me2_enh	-2.167	-1.133	-2.195	-2.727	-2.237	-3.322
atac_L21605	k4me2_enh	-0.801	-2.816	-2.174	-1.95	-2.678	-3.322
atac_L27386	k4me2_enh	-2.737	-1.013	-1.96	-2.705	-1.813	-3.322
atac_L31312	k4me2_enh	-2.748	-2.047	-1.096	-2.446	-1.831	-2.76
atac_L06529	k4me2_enh	-3.123	-2.227	-0.846	-3.322	-3.11	-2.944
atac_L05371	k4me2_enh	-1.688	-1.32	-1.181	-3.322	-2.771	-3.322
atac_P05230	k4me2_enh	-2.582	-1.919	-1.383	-1.97	-2.24	-2.448
atac_L13129	k4me2_enh	-1.955	-1.539	-2.023	-2.151	-2.072	-2.243
atac_L23949	k4me2_enh	-2.074	-1.283	-1.258	-3.322	-2.756	-3.322
atac_L40144	k4me2_enh	-3.322	-1.273	-1.125	-3.322	-3.092	-1.569
atac_L15300	k4me2_enh	-2.827	-2.747	-0.685	-2.291	-2.521	-2.634
atac_L08727	k4me2_enh	-2.116	-1.389	-1.356	-2.621	-2.886	-2.065
atac_L31120	k4me2_enh	-0.874	-2.813	-1.986	-2.259	-3.196	-3.322
atac_L08507	k4me2_enh	-2.25	-1.237	-1.761	-2.446	-2.868	-3.322
atac_P02972	k4me2_enh	-2.533	-1.702	-0.844	-2.151	-3.146	-3.322
atac_L03856	k4me2_enh	-1.874	-0.823	-2.08	-2.968	-2.743	-2.554
atac_L41193	k4me2_enh	-2.961	-1.395	-1.153	-2.819	-2.613	-3.322
atac_L18090	k4me2_enh	-2.459	-2.006	-1.465	-2.916	-1.791	-3.322
atac_L18263	k4me2_enh	-2.102	-1.004	-2.541	-2.151	-2.427	-3.322
atac_L00702	k4me2_enh	-0.942	-1.178	-3.15	-2.358	-2.952	-3.322
atac_L21558	k4me2_enh	-2.459	-1.816	-1.383	-1.996	-2.485	-3.322
atac_P04877	k4me2_enh	-2.389	-2.006	-0.867	-2.819	-2.442	-2.642
atac_L21658	k4me2_enh	-3.322	-1.785	-1.234	-3.322	-1.609	-3.322
atac_L27804	k4me2_enh	-2.748	-1.047	-1.878	-2.819	-2.928	-3.322
atac_L39337	k4me2_enh	-2.611	-1.516	-1.45	-2.474	-2.117	-3.065
atac_L08221	k4me2_enh	-3.081	-1.429	-2.42	-1.439	-3.174	-2.82
atac_L02751	k4me2_enh	-2.694	-2.282	-2.297	-1.205	-2.799	-3.322
atac_L18445	k4me2_enh	-2.582	-1.692	-1.277	-2.071	-2.587	-3.322
atac_L25631	k4me2_enh	-2.167	-2.671	-1.991	-2.107	-2.209	-1.636
atac_L03953	k4me2_enh	-2.748	-1.107	-2.842	-2.188	-2.87	-2.657
atac_L05317	k4me2_enh	-2.459	-1.96	-1.022	-3.322	-2.402	-3.322
atac_L27405	k4me2_enh	-2.281	-1.807	-1.456	-2.446	-2.914	-2.159
atac_L25483	k4me2_enh	-3.322	-1.089	-2.432	-1.768	-2.64	-2.091
atac_L07125	k4me2_enh	-2.524	-1.536	-1.328	-3.322	-2.964	-2.165
atac_L37362	k4me2_enh	-3.322	-1.276	-1.632	-3.322	-2.334	-1.929
atac_L23174	k4me2_enh	-2.948	-1.309	-1.982	-2.56	-1.611	-3.322
atac_L39190	k4me2_enh	-1.753	-0.855	-1.788	-3.273	-3.097	-3.322
atac_L16086	k4me2_enh	-2.174	-1.677	-1.697	-2.55	-2.654	-3.322
atac_L15302	k4me2_enh	-2.827	-1.674	-3.171	-1.82	-2.366	-1.872
atac_L02310	k4me2_enh	-2.827	-2.34	-0.448	-3.305	-3.092	-3.231
atac_L33568	k4me2_enh	-2.174	-1.318	-2.818	-1.918	-3.118	-1.748
atac_P05563	k4me2_enh	-2.459	-1.636	-1.053	-2.879	-2.444	-3.231
atac_L19555	k4me2_enh	-2.748	-1.131	-1.261	-2.929	-2.754	-3.322
atac_L38005	k4me2_enh	-2.338	-1.479	-1.742	-3.322	-1.984	-3.075
atac_P04051	k4me2_enh	-2.591	-1.806	-0.986	-3.225	-2.11	-2.749
atac_L10783	k4me2_enh	-1.923	-2.12	-3.322	-1.963	-2.484	-1.951
atac_L06417	k4me2_enh	-2.827	-1.146	-2.06	-3.322	-2.317	-2.327
atac_L40437	k4me2_enh	-1.567	-1.147	-2.63	-3.322	-2.202	-2.874
atac_L25138	k4me2_enh	-2.273	-1.669	-1.345	-2.61	-2.654	-3.322
atac_L06066	k4me2_enh	-2.459	-2.312	-0.99	-2.807	-2.514	-3.322
atac_L24609	k4me2_enh	-3.322	-1.727	-0.605	-3.322	-3.322	-2.518
atac_L08236	k4me2_enh	-2.234	-2.493	-1.153	-1.905	-2.598	-3.322
atac_L15739	k4me2_enh	-2.899	-1.122	-2.164	-2.795	-2.439	-1.973
atac_L22074	k4me2_enh	-2.827	-2.102	-1.101	-2.819	-2.696	-3.322
atac_L02295	k4me2_enh	-2.116	-2.169	-1.348	-2.349	-2.466	-2.605
atac_L04519	k4me2_enh	-1.694	-1.548	-2.786	-2.6	-2.884	-2.644
atac_L26604	k4me2_enh	-1.586	-2.111	-2.786	-1.552	-2.895	-3.322
atac_L33739	k4me2_enh	-2.827	-1.738	-2.243	-1.334	-2.65	-3.322
atac_L11810	k4me2_enh	-3.322	-1.585	-1.319	-3.322	-3.034	-3.317
atac_L31256	k4me2_enh	-2.827	-1.264	-2.495	-2.446	-2.431	-2.83
atac_L31119	k4me2_enh	-1.667	-1.564	-2.595	-2.324	-2.879	-3.322
atac_L18931	k4me2_enh	-3.322	-1.752	-0.97	-2.819	-2.75	-3.322
atac_P04197	k4me2_enh	-2.033	-1.585	-1.33	-3.322	-2.678	-3.322
atac_L22681	k4me2_enh	-1.688	-1.365	-1.632	-3.035	-2.631	-3.322
atac_L11062	k4me2_enh	-2.737	-3.146	-0.759	-3.134	-1.77	-3.322
atac_L17555	k4me2_enh	-3.322	-1.88	-0.732	-2.419	-3.094	-3.322
atac_L40743	k4me2_enh	-2.487	-1.121	-1.761	-2.446	-3.129	-2.73
atac_L37766	k4me2_enh	-2.694	-2.199	-1.228	-2.107	-2.202	-3.269
atac_L40456	k4me2_enh	-3.095	-1.831	-1.727	-2.446	-2.414	-3.322
atac_L04284	k4me2_enh	-3.053	-1.773	-2.581	-2.446	-2.387	-3.322
atac_L21492	k4me2_enh	-3.322	-2.36	-1.199	-2.151	-3.039	-1.904
atac_P05038	k4me2_enh	-2.715	-1.897	-0.9	-3.273	-2.832	-3.101
atac_L19907	k4me2_enh	-2.591	-1.668	-0.959	-3.062	-2.836	-3.322
atac_L34839	k4me2_enh	-1.993	-1.405	-2.482	-2.446	-2.67	-2.998
atac_L08215	k4me2_enh	-2.737	-1.039	-1.968	-2.684	-2.955	-2.639
atac_L19447	k4me2_enh	-2.827	-1.377	-1.395	-3.322	-2.039	-3.322
atac_L22021	k4me2_enh	-3.211	-1.445	-1.625	-3.322	-1.973	-3.322
atac_L37348	k4me2_enh	-2.053	-2.275	-1.661	-1.905	-2.61	-3.322
atac_L07127	k4me2_enh	-2.459	-1.764	-2.528	-2.151	-2.285	-3.322
atac_L19336	k4me2_enh	-2.601	-1.219	-1.907	-2.652	-3.255	-3.322
atac_L38884	k4me2_enh	-1.804	-1.493	-2.438	-2.324	-2.566	-3.322
atac_L08108	k4me2_enh	-2.234	-1.542	-2.205	-2.819	-2.792	-2.49
atac_L31863	k4me2_enh	-3.322	-1.872	-1.351	-2.446	-2.57	-3.203
atac_L12737	k4me2_enh	-2.827	-2.516	-0.84	-2.446	-2.427	-3.322
atac_L23998	k4me2_enh	-3.123	-1.587	-1.604	-2.151	-2.919	-3.322
atac_L02326	k4me2_enh	-2.611	-1.655	-2.702	-3.134	-2.712	-2.259
atac_L15658	k4me2_enh	-2.781	-1.548	-2.195	-1.576	-3.171	-3.322
atac_L19546	k4me2_enh	-2.562	-1.496	-1.704	-3.322	-2.741	-2.889
atac_L20037	k4me2_enh	-1.974	-1.994	-1.226	-2.994	-2.684	-3.322
atac_L28498	k4me2_enh	-3.322	-2.02	-1.459	-3.322	-2.035	-3.322
atac_P02855	k4me2_enh	-2.961	-1.705	-1.734	-1.527	-3.285	-3.322
atac_L14708	k4me2_enh	-2.961	-1.628	-1.977	-3.322	-2.308	-1.933
atac_L29141	k4me2_enh	-2.081	-1.273	-2.482	-2.819	-2.608	-3.322
atac_L40293	k4me2_enh	-2.591	-1.684	-1.297	-2.955	-2.302	-3.322
atac_L08133	k4me2_enh	-2.827	-1.616	-3.322	-2.57	-3.322	-1.179
atac_L21887	k4me2_enh	-2.424	-1.08	-2.717	-3.322	-2.487	-3.322
atac_L17637	k4me2_enh	-3.322	-1.636	-1.223	-3.322	-3.097	-2.591
atac_L26525	k4me2_enh	-2.441	-2.462	-1.247	-3.322	-2.72	-2.104
atac_L11092	k4me2_enh	-2.759	-1.628	-2.139	-2.151	-2.175	-3.322
atac_P07027	k4me2_enh	-2.874	-1.906	-1.434	-1.989	-3.273	-2.657
atac_P05728	k4me2_enh	-2.524	-1.312	-2.124	-2.662	-2.157	-3.322
atac_L24305	k4me2_enh	-2.38	-2.319	-1.925	-2.6	-2.879	-3.003
atac_L26086	k4me2_enh	-2.289	-1.506	-2.717	-2.219	-3.171	-3.322
atac_L00450	k4me2_enh	-2.673	-1.854	-2.099	-2.267	-2.816	-3.322
atac_L21542	k4me2_enh	-2.273	-1.35	-1.577	-3.322	-3.288	-3.322
atac_L17441	k4me2_enh	-2.948	-2.102	-1.742	-2.631	-2.179	-3.322
atac_L34089	k4me2_enh	-2.827	-2.06	-1.968	-2.446	-2.249	-3.322
atac_L11415	k4me2_enh	-1.936	-2.022	-2.826	-1.944	-2.905	-3.322
atac_P00625	k4me2_enh	-2.715	-2.002	-1.671	-2.75	-2.198	-3.322
atac_L20179	k4me2_enh	-2.459	-1.236	-2.541	-2.684	-3.234	-3.322
atac_L30312	k4me2_enh	-2.562	-1.113	-2.384	-3.322	-2.756	-3.322
atac_L13895	k4me2_enh	-2.923	-2.187	-1.583	-2.981	-1.967	-3.322
atac_L07633	k4me2_enh	-3.095	-1.026	-1.836	-3.149	-2.902	-3.322
atac_P02478	k4me2_enh	-2.026	-1.88	-2.009	-2.855	-2.739	-3.292
atac_L19580	k4me2_enh	-2.123	-1.838	-3.322	-1.3	-3.322	-3.322
atac_P00886	k4me2_enh	-2.827	-2.307	-1.413	-2.57	-2.79	-3.322
atac_P06048	k4me2_enh	-2.874	-2.908	-1.011	-3.322	-2.856	-3.322
atac_P01909	k4me2_enh	-2.827	-2.06	-1.285	-3.322	-3.196	-3.322
atac_L06630	k4me2_enh	-2.372	-1.507	-2.616	-2.6	-2.847	-3.322
atac_L07353	k4me2_enh	-2.459	-2.083	-1.594	-3.322	-3.306	-2.575
atac_L37903	k4me2_enh	-2.338	-2.56	-2.205	-2.738	-2.68	-3.322
atac_L20168	k4me2_enh	-3.322	-1.707	-1.462	-3.322	-3.021	-3.322
atac_L16175	k4me2_enh	-3.322	-3.051	-0.671	-2.716	-3.138	-3.322
atac_L19524	k4me2_enh	-3.322	-2.575	-0.952	-2.867	-3.322	-2.919
atac_P06791	k4me2_enh	-2.737	-1.26	-2.281	-2.59	-2.546	-3.322
atac_L07882	k4me2_enh	-2.33	-1.605	-3.043	-2.227	-3.267	-3.322
atac_L15511	k4me2_enh	-2.726	-2.275	-1.628	-2.904	-2.225	-3.322
atac_L10347	k4me2_enh	-3.322	-1.576	-2.169	-2.446	-2.451	-3.121
atac_L24795	k4me2_enh	-2.459	-1.564	-2.826	-2.843	-1.996	-3.322
atac_L25289	k4me2_enh	-2.081	-2.06	-2.515	-2.531	-2.604	-2.631
atac_P05551	k4me2_enh	-2.601	-1.752	-2.243	-2.867	-2.909	-2.522
atac_L10338	k4me2_enh	-3.306	-1.66	-1.377	-2.341	-3.322	-3.322
atac_L26988	k4me2_enh	-2.748	-2.342	-2.114	-1.95	-3.222	-2.881
atac_L09713	k4me2_enh	-2.726	-2.34	-2.588	-1.643	-3.001	-3.322
atac_L08568	k4me2_enh	-3.322	-1.437	-2.08	-2.037	-3.205	-3.322
atac_L25088	k4me2_enh	-3.322	-1.874	-2.164	-2.61	-2.546	-3.322
atac_L34431	k4me2_enh	-2.704	-2.208	-1.57	-2.819	-2.859	-3.322
atac_L14443	k4me2_enh	-2.874	-2.611	-2.195	-3.322	-2.766	-3.322
atac_P06047	k4me2_enh	-3.322	-2.707	-1.283	-3.322	-2.472	-3.322
atac_P02721	k4me2_enh	-3.322	-2.408	-1.731	-2.151	-3.1	-3.322
atac_L27486	k4me2_enh	-2.189	-1.309	-3.255	-2.819	-2.794	-3.322
atac_L00977	k4me2_enh	-2.683	-1.1	-3.322	-2.819	-2.877	-3.322
atac_L22145	k4me2_enh	-3.322	-1.966	-2.037	-2.819	-2.189	-3.322
atac_L08119	k4me2_enh	-2.694	-2.262	-1.982	-2.61	-2.57	-3.322
atac_L09751	k4me2_enh	-3	-1.829	-2.568	-1.832	-3.026	-3.322
atac_L08077	k4me2_enh	-1.505	-2.408	-1.986	-3.322	-3.322	-3.322
atac_L20175	k4me2_enh	-2.948	-2.194	-1.832	-2.867	-2.515	-3.322
atac_P03954	k4me2_enh	-2.804	-3.322	-1.223	-3.322	-3.11	-3.322
atac_L02919	k4me2_enh	-3.322	-2.085	-1.738	-2.107	-3.322	-3.322
atac_L34863	k4me2_enh	-2.06	-2.238	-2.665	-3.105	-2.55	-3.322
atac_P06086	k4me2_enh	-2.514	-2.213	-2.709	-2.6	-2.437	-3.088
atac_L29536	k4me2_enh	-3.322	-1.813	-2.27	-2.819	-2.491	-3.289
atac_L11071	k4me2_enh	-2.839	-2.448	-2.237	-2.181	-3.322	-2.925
atac_L21688	k4me2_enh	-3.322	-1.84	-1.444	-3.322	-3.322	-3.322
atac_P03958	k4me2_enh	-2.827	-3.267	-1.456	-2.662	-2.923	-3.322
atac_L03709	k4me2_enh	-3.322	-1.722	-3.322	-3.322	-2.94	-3.154
atac_L38952	k4me2_enh	-3.322	-2.238	-2.42	-3.049	-3.037	-3.16
atac_L15764	k4me2_enh	-3.322	-2.893	-3.322	-2.465	-2.02	-3.322
atac_L18409	k4me2_enh	-2.524	-2.25	-3.322	-3.322	-3.138	-2.304
atac_L17577	k4me2_enh	-2.827	-2.454	-2.762	-3.257	-2.561	-3.322
atac_L06786	k4me2_enh	-2.974	-2.563	-3.322	-3.322	-2.967	-3.322
atac_L34341	k4me2_enh	-3.322	-1.966	-2.68	-3.322	-2.902	-3.322
atac_L07072	k4me2_enh	-3.322	-3.035	-3.322	-3.322	-2.533	-3.322
atac_L40320	k4me2_enh	-3.322	-3.322	-2.778	-2.795	-3.322	-2.966
atac_L21058	inactive	-2.289	4.663	4.749	-2.541	1.268	3.639
atac_L16185	inactive	2.601	2.454	2.51	2.053	1.314	1.9
atac_L39030	inactive	0.796	3.623	3.358	0.602	-2.414	0.363
atac_L15613	inactive	1.659	2.91	2.805	1.917	0.455	1.387
atac_L36276	inactive	-0.067	2.671	2.663	0.085	0.509	1.797
atac_L20368	inactive	-2.827	-1.48	0.339	-2.05	3.63	2.615
atac_L39031	inactive	-1.127	2.993	2.649	-1.499	-1.962	1.319
atac_L40767	inactive	-1.393	2.993	2.617	-1.82	-0.171	0.047
atac_L18377	inactive	0.209	2.683	1.975	0.522	-0.424	0.408
atac_L27654	inactive	-0.572	2.226	3.377	-0.305	-3.322	-3.322
atac_L10672	inactive	-0.062	2.404	2.533	-1.617	-1.549	1.54
atac_L40529	inactive	0.763	2.518	1.967	0.815	-0.089	-0.208
atac_L36278	inactive	-2.441	1.698	2.235	-2.955	-0.853	1.922
atac_L03634	inactive	-3.196	2.099	2.442	-3.322	-1.223	1.289
atac_L40962	inactive	-0.745	2.346	2.263	-1.189	-0.779	-0.512
atac_L40764	inactive	-0.385	2.222	2.131	-0.076	-0.656	-0.157
atac_L41016	inactive	0.288	0.74	1.143	-0.13	1.006	-1.996
atac_L14505	inactive	-3.322	2.369	1.965	-3.322	-1.083	0.438
atac_L00415	inactive	-1.524	1.857	2.302	-2.446	-0.674	0.688
atac_L18382	inactive	1.839	-0.582	1.653	-0.053	0.117	0.574
atac_L01717	inactive	-3.322	1.911	2.217	-3.322	-0.403	0.467
atac_L26472	inactive	-1.748	0.075	2.025	-0.417	-1.444	-2.219
atac_L23716	inactive	-3.322	-0.819	2.55	-2.891	-1.815	-1.373
atac_L19793	inactive	-2.459	0.28	0.905	-2.151	-2.7	-0.647
atac_L27039	inactive	-3.181	-1.023	-0.99	-3.322	-2.498	-2.669
atac_L14614	inactive	-2.827	-1.19	2.334	-2.143	-0.062	-1.44
atac_P04408	inactive	-2.591	-2.236	-2.826	-3.322	3.139	0.034
atac_L02997	inactive	-3.322	2.379	1.626	-3.322	-2.339	-0.937
atac_L01432	inactive	-2.543	-2.265	0.39	-2.621	2.027	1.624
atac_L01616	inactive	-3.322	2.266	1.128	-3.322	-3.154	0.872
atac_L41316	inactive	-2.167	1.166	1.92	-3.322	-1.354	0.556
atac_L21053	inactive	-3.322	2.131	1.799	-3.322	-3.014	-0.255
atac_L15392	inactive	-3.322	1.903	0.901	-3.322	-0.624	0.748
atac_L10864	inactive	-0.626	1.343	1.468	-0.789	-1.187	-0.274
atac_L38058	inactive	-3.322	1.354	2.051	-3.322	-1.179	-1.644
atac_L28452	inactive	-3.322	1.983	1.839	-3.322	-2.206	-0.465
atac_L40788	inactive	-0.344	1.768	0.442	-1.309	0.005	-0.453
atac_L36925	inactive	-3.322	1.759	1.537	-3.322	-2.402	0.167
atac_L10872	inactive	-1.227	1.254	0.916	0.245	-0.129	-0.5
atac_L27779	inactive	-0.06	0.321	1.834	-0.232	-1.961	-0.434
atac_L18378	inactive	-1.437	1.204	1.054	-0.471	-1.71	0.271
atac_L14442	inactive	-0.599	0.976	0.367	-2.166	-0.675	-0.086
atac_L24688	inactive	-2.827	-1.561	1.58	-1.503	-2.053	-3.322
atac_L17624	inactive	-1.491	-1.007	1.894	-1.85	-1.888	-2.022
atac_L40345	inactive	-3.322	-1.214	1.84	-3.322	-2.406	-3.322
atac_L28158	inactive	-0.759	1.411	1.421	-1.696	-1.612	-0.645
atac_L38813	inactive	-2.181	0.814	0.417	-3.008	-0.266	0.626
atac_L40955	inactive	-1.016	1.093	0.595	-0.033	-0.877	-0.289
atac_L39029	inactive	-3.322	1.311	1.97	-3.322	-2.553	-1.524
atac_L08527	inactive	-3.322	1.477	0.982	-3.322	-2.334	0.348
atac_L01617	inactive	-0.804	0.808	1.192	-1.28	-1.286	-0.042
atac_L02674	inactive	-2.074	-1.084	1.693	-2.819	-2.69	-2.752
atac_L01175	inactive	-1.616	-1.74	-1.991	-2.541	2.136	0.69
atac_L10908	inactive	-0.289	1	0.65	-0.727	-0.627	-1.633
atac_L30223	inactive	-2.167	2.333	0.084	-2.446	-2.282	-3.322
atac_L04332	inactive	0.179	0.389	0.77	-0.428	-0.983	-0.902
atac_L27788	inactive	1.105	-0.345	0.085	-0.132	-0.25	-0.699
atac_L32841	inactive	-3.013	-1.131	-0.193	-1.862	1.541	0.656
atac_L07647	inactive	-3.322	1.514	1.261	-3.322	-1.777	-1.572
atac_L25175	inactive	-2.948	-1.661	-0.542	-1.566	2.13	-1.651
atac_L05741	inactive	-0.712	-2.557	-1.816	-1.905	1.418	1.078
atac_L27946	inactive	-2.468	-2.525	2.217	-2.807	-2.623	-3.322
atac_L27777	inactive	-3.322	0.501	1.28	-3.322	-1.647	-1.082
atac_L40963	inactive	-3.322	0.795	1.421	-3.322	-2.437	-0.584
atac_L09862	inactive	-2.433	-1.611	1.719	-3.322	-2.224	-2.463
atac_L30591	inactive	-3.322	0.071	-0.145	-3.322	-1.121	0.864
atac_L30100	inactive	0.317	0.427	0.623	-0.108	-1.491	-3.322
atac_L07257	inactive	-2.167	-1.84	-2.574	-3.322	-1.599	-3.294
atac_L18380	inactive	-0.745	0.221	0.816	-1.093	-1.034	-1.001
atac_L24991	inactive	-3.322	0.438	1.191	-3.322	-1.805	-1.607
atac_L30609	inactive	-3.123	-1.227	1.556	-3.322	-2.891	-2.571
atac_L34760	inactive	-1.533	-0.653	-0.5	-2.151	0.529	0.322
atac_L40375	inactive	-3.322	0.229	1.681	-3.322	-2.784	-0.754
atac_L07643	inactive	-1.102	-0.607	1.258	-1.205	-1.334	-0.541
atac_L21498	inactive	-1.533	0.632	0.317	-1.197	-1.209	-1.733
atac_L29898	inactive	-3.322	-0.673	0.563	-2.446	-1.826	-0.116
atac_L10364	inactive	-1.961	0.251	1.32	-1.658	-1.501	-3.185
atac_L40869	inactive	-2.496	-1.151	-1.459	-2.891	1.455	-0.217
atac_L20480	inactive	-3.322	0.806	1.054	-3.322	-3.322	-0.917
atac_L28177	inactive	-2.459	-1.053	1.016	-2.521	-2.243	-3.168
atac_L03192	inactive	-1.874	0.584	0.465	-0.617	-1.41	-2.233
atac_L40700	inactive	-0.621	-0.255	-0.071	-0.439	-0.769	-1.628
atac_L10080	inactive	-3.322	1.02	0.247	-3.322	-1.769	-0.185
atac_P05765	inactive	-2.827	-1.135	-1.004	-1.696	-2.482	-1.661
atac_P04057	inactive	-2.562	-0.98	0.776	-1.252	-3.021	-3.322
atac_L30139	inactive	-0.759	0.663	0.457	-1.696	-1.75	-3.322
atac_L37598	inactive	-2.827	0.008	0.622	-3.322	-1.889	-3.322
atac_L30451	inactive	-2.372	0.238	-0.84	-1.024	-1.587	-0.547
atac_L14228	inactive	-3.227	0.472	1.143	-3.273	-3.225	-2.853
atac_P03663	inactive	-2.827	-1.309	0.935	-1.42	-2.543	-2.342
atac_L16575	inactive	-1.862	-0.304	0.405	-1.774	-1.066	-1.839
atac_L05800	inactive	-2.533	-1.264	0.961	-2.093	-1.77	-3.322
atac_L30218	inactive	-3.322	-0.545	1.222	-3.322	-1.964	-3.26
atac_L23829	inactive	-2.033	-1.543	0.612	-2.151	-2.87	-1.155
atac_L02208	inactive	-1.923	-0.07	0.94	-2.819	-1.751	-2.955
atac_L36993	inactive	-2.961	1.804	-2.842	-3.322	-3.16	-3.322
atac_L33080	inactive	-1.923	0.528	0.315	-3.322	-2.611	-1.288
atac_L01619	inactive	-3.322	0.135	0.04	-3.322	-1.988	-0.373
atac_L28365	inactive	-3.081	-0.026	-0.064	-3.322	-1.396	-1.652
atac_L38102	inactive	-2.297	-0.172	0.86	-1.762	-3.006	-1.792
atac_L16592	inactive	-3.306	-0.515	0.548	-3.322	-1.944	-0.333
atac_L07619	inactive	-1.862	-1.543	0.205	-0.857	-2.211	-0.074
atac_L12992	inactive	-2.673	-0.883	0.382	-1.97	-1.181	-1.484
atac_L04887	inactive	-1.519	-0.902	1.08	-2.819	-2.884	-2.059
atac_L05418	inactive	-0.72	-1.253	-0.524	-0.029	-1.32	-1.834
atac_L37164	inactive	-2.936	-0.011	0.982	-2.173	-2.572	-3.322
atac_L26074	inactive	-0.967	-0.502	0.079	-0.766	-1.667	-2.083
atac_L04061	inactive	-0.792	-0.006	0.121	-1.097	-2.097	-2.554
atac_L02783	inactive	-1.51	-1.204	0.062	-2.358	-1.525	-3.322
atac_P01699	inactive	-1.892	-1.115	-1.497	-1.956	-2.446	-3.322
atac_L19764	inactive	-1.715	-0.957	-0.275	-1.205	-0.595	-3.322
atac_L00538	inactive	-1.464	-0.324	0.309	-1.13	-1.634	-3.162
atac_L08587	inactive	-2.02	-0.798	0.482	-2.867	-1.256	-3.322
atac_L30549	inactive	-2.459	-0.454	0.708	-3.322	-1.228	-3.009
atac_L07996	inactive	-2.459	-0.327	0.163	-1.513	-1.357	-2.527
atac_L21150	inactive	-2.167	-2.124	0.845	-1.82	-2.118	-3.322
atac_L20893	inactive	-3.322	-1.141	0.893	-1.696	-1.681	-2.064
atac_L40726	inactive	-3.322	0.757	-0.225	-3.322	-2.704	-2.721
atac_L10643	inactive	-3.322	-0.712	0.767	-3.322	-1.145	-3.322
atac_L22964	inactive	-1.137	0.266	-0.405	-2.55	-2.583	-2.392
atac_L08526	inactive	-1.652	0.058	-0.168	-2.446	-2.221	-1.307
atac_L37315	inactive	-1.98	-0.354	-0.006	-1.669	-0.831	-1.409
atac_L34687	inactive	-0.258	-0.756	-0.443	-1.205	-2.243	-2.138
atac_P05145	inactive	-0.512	-0.834	0.267	-0.954	-2.314	-3.322
atac_L26458	inactive	-2.827	-2.394	1.293	-2.819	-2.729	-3.322
atac_L00467	inactive	-1.967	-1.48	0.604	-2.879	-1.727	-3.322
atac_L21005	inactive	-3.322	0.506	0.345	-3.322	-3.208	-1.944
atac_L12638	inactive	-3.196	0.045	0.015	-3.008	-1.37	-1.607
atac_L38916	inactive	-1.123	-0.194	-0.473	-2.078	-1.41	-1.846
atac_P00880	inactive	0.454	-0.328	-0.904	-1.899	-2.338	-3.322
atac_L38298	inactive	-3.322	0.719	0.124	-3.322	-3.039	-3.322
atac_L03194	inactive	-1.759	-0.301	0.148	-1.288	-1.765	-3.322
atac_L22075	inactive	-0.662	-0.352	-0.454	-1.696	-2.135	-1.707
atac_L28527	inactive	-3.322	0.381	0.38	-3.322	-2.912	-2.068
atac_L06637	inactive	-1.987	-0.379	-0.693	-0.954	-2.65	-0.714
atac_L14559	inactive	-3.322	-1.046	0.454	-2.446	-2.463	-3.322
atac_L25208	inactive	-2.406	-1.105	-0.003	-1.729	-1.463	-1.565
atac_L20834	inactive	-2.827	-0.009	0.372	-2.819	-1.37	-2.474
atac_L08473	inactive	-2.827	-1.2	-0.484	-2.446	-1.934	-0.45
atac_L28230	inactive	-1.737	-0.877	0.095	-0.575	-2.552	-1.657
atac_P05309	inactive	-2.827	-2.502	-0.365	-2.819	0.044	-1.94
atac_L11394	inactive	-3.322	-1.258	0.541	-1.983	-2.596	-2.214
atac_L29899	inactive	-2.874	-0.051	-0.13	-3.322	-1.822	-3.322
atac_L02779	inactive	-0.883	0.011	-2	-1.905	-1.314	-2.243
atac_L01934	inactive	-2.468	-1.401	0.454	-2.631	-2.692	-1.023
atac_L01614	inactive	-3.067	-2.468	-1.416	-3.322	-0.652	-2.183
atac_L02207	inactive	-2.196	-0.233	0.239	-2.541	-1.844	-2.85
atac_L13566	inactive	-0.119	-0.614	-0.468	-2.057	-2.397	-1.824
atac_L13971	inactive	-3.322	-1.686	-0.749	-2.151	-1.165	-2.281
atac_L17457	inactive	-1.798	-1.647	0.264	-0.795	-2.814	-3.322
atac_L30349	inactive	-0.482	-1.046	-2.554	-0.057	-1.72	-1.467
atac_L00301	inactive	-2.827	-0.214	-0.159	-2.716	-1.181	-1.608
atac_L36792	inactive	-2.167	-0.616	-0.018	-0.735	-1.707	-3.322
atac_L19599	inactive	-2.827	0.292	-0.869	-3.322	-2.492	-3.203
atac_L37585	inactive	-3.322	-0.704	-3.322	-3.322	0.062	-0.866
atac_L35667	inactive	-2.314	-1.477	0.442	-3.322	-0.499	-1.885
atac_L08660	inactive	-3.322	-0.594	0.589	-3.322	-2.499	-2.07
atac_L29756	inactive	-3.322	-0.284	-0.253	-3.322	-1.935	-1.396
atac_L01933	inactive	-2.948	-1.166	0.577	-3.076	-2.702	-2.291
atac_L29530	inactive	-1.993	-0.91	0.167	-1.051	-2.633	-1.588
atac_L09943	inactive	-2.459	-1.501	-0.375	-2.855	-2.349	-2.522
atac_L02602	inactive	-2.459	-1.317	0.686	-3.322	-1.614	-2.757
atac_L14688	inactive	-1.776	-1.732	0.264	-1.69	-2.168	-3.322
atac_L26708	inactive	-2.219	-0.117	0.026	-2.151	-2.297	-2.684
atac_P01779	inactive	-3.322	-1.302	1.051	-2.446	-3.171	-3.322
atac_L25119	inactive	-2.242	-1.401	-1.123	-2.341	-0.54	-1.217
atac_L21286	inactive	-2.673	-1.818	0.342	-0.798	-1.88	-2.787
atac_L12215	inactive	-2.827	-1.718	0.32	-2.56	-2.823	-1.809
atac_L26630	inactive	-2.258	-1.491	0.491	-2.196	-2.077	-3.322
atac_L01272	inactive	-2.167	-2.611	0.331	-2.621	-2.523	-3.322
atac_L07277	inactive	-2.026	-1.628	0.434	-2.196	-3.034	-0.83
atac_L03140	inactive	-2.242	-2.416	-0.019	-2.819	-2.508	-0.591
atac_L39413	inactive	-2.704	-1.063	-0.653	-1.862	-2.475	-0.592
atac_L18376	inactive	-2.704	-0.539	-0.126	-3.322	-1.675	-1.828
atac_L32809	inactive	-1.505	-0.132	-1.181	-0.538	-2.792	-3.145
atac_L05509	inactive	-3.322	-2.322	0.297	-2.59	-2.048	-0.972
atac_L25964	inactive	-2.911	-1.806	0.478	-2.043	-2.935	-3.322
atac_L40923	inactive	-3.322	-0.81	-0.316	-3.322	-1.722	-1.259
atac_L25675	inactive	-3.322	-0.273	-0.11	-3.322	-2.794	-0.869
atac_L23411	inactive	-2.242	-1.593	0.604	-1.85	-2.224	-3.322
atac_L15423	inactive	-1.305	-0.67	-1.045	-0.605	-2.16	-3.322
atac_L04153	inactive	-2.38	-0.943	-0.267	-1.768	-1.985	-2.558
atac_P01574	inactive	-1.667	0.071	-2.747	-2.56	-2.422	-0.319
atac_P01579	inactive	-2.642	-1.939	0.177	-2.333	-2.374	-0.715
atac_P02817	inactive	-1.804	-1.806	-0.226	-2.283	-2.247	-0.439
atac_P05299	inactive	-3.322	-0.424	0.017	-3.322	-2.446	-3.322
atac_L17379	inactive	-2.04	-0.925	-0.129	-1.309	-2.576	-3.322
atac_L21643	inactive	-2.152	-0.515	-1.587	-0.464	-2.117	-2.605
atac_L36946	inactive	-2.827	-1.499	0.21	-2.58	-3.039	-3.088
atac_L14841	inactive	-3.322	-1.37	0.3	-2.151	-2.209	-3.224
atac_L04301	inactive	-1.5	-0.755	-0.715	-1.485	-2.136	-1.916
atac_L29832	inactive	-3.322	-0.846	-0.384	-3.322	-1.6	-2.841
atac_L40513	inactive	-3.322	-0.723	0.048	-2.904	-1.798	-1.911
atac_L20141	inactive	-3.322	-2.618	0.419	-2.784	-2.444	-1.935
atac_L32192	inactive	-2.459	-1.254	0.211	-3.149	-1.8	-2.122
atac_L39569	inactive	-3.137	-1.441	0.377	-1.494	-1.752	-2.563
atac_P05669	inactive	-3.322	-1.657	0.857	-3.322	-2.484	-3.322
atac_L03205	inactive	-2.338	-1.221	-0.039	-1.918	-1.926	-3.322
atac_L09798	inactive	-2.804	-1.364	0.056	-1.325	-2.311	-2.588
atac_L32899	inactive	-2.441	-1.355	-0.66	-2.151	-0.761	-1.528
atac_L35995	inactive	-2.314	-2.587	-0.147	-1.905	-1.622	-3.322
atac_L32938	inactive	-2.815	-2.473	-0.47	-2.446	-3.249	-3.322
atac_L11461	inactive	-1.787	-0.989	0.135	-2.341	-2.539	-3.322
atac_L24525	inactive	-3.322	-0.695	-0.006	-3.149	-2.533	-1.286
atac_L03206	inactive	-2.642	-0.138	-1.06	-2.738	-1.472	-2.628
atac_L26608	inactive	-2.047	-1.854	-0.78	-1.905	-1.833	-1.799
atac_L26822	inactive	-2.827	-1.12	0.495	-2.819	-2.646	-3.179
atac_L07669	inactive	-2.234	-1.286	0.508	-3.322	-2.981	-3.322
atac_L17947	inactive	-2.911	-1.686	0.152	-1.398	-1.914	-2.132
atac_L21044	inactive	-2.487	-1.136	-0.417	-1.552	-2.805	-2.047
atac_L31424	inactive	-3.322	-0.839	0.356	-3.322	-2.884	-2.816
atac_L00474	inactive	-2.827	-2.317	-0.928	-2.727	0.342	-3.322
atac_L06986	inactive	-3.322	-1.364	-0.136	-3.322	-1.88	-0.886
atac_P03271	inactive	-0.114	-1.642	-0.836	-2.188	-2.615	-2.99
atac_L37061	inactive	-2.424	-0.706	-0.842	-1.905	-2.286	-1.526
atac_L22113	inactive	-3.322	-1.097	-0.619	-3.105	-1.235	-1.748
atac_L29887	inactive	-3.322	-0.352	0.091	-3.322	-2.974	-3.322
atac_P04352	inactive	-1.948	-2.299	-0.948	-1.17	-2.259	-0.665
atac_L26424	inactive	-3.322	-0.432	-0.34	-3.322	-2.422	-1.176
atac_L13993	inactive	-2.781	-1.091	0.219	-2.819	-2.188	-3.322
atac_L05344	inactive	-2.047	-1.61	-0.169	-2.867	-1.847	-2.499
atac_P00374	inactive	-1.827	-0.662	-0.211	-2.291	-2.146	-3.322
atac_L07450	inactive	-2.219	-0.975	-0.578	-2.204	-1.545	-2.34
atac_L30632	inactive	-2.737	-0.286	-1.291	-2.023	-2.859	-1.361
atac_L03075	inactive	-2.227	-1.605	-1.155	-0.897	-3.113	-0.586
atac_L06316	inactive	-2.601	-0.204	-0.331	-2.151	-2.686	-3.183
atac_P06388	inactive	-0.489	-1.679	-1.15	-1.937	-2.967	-1.329
atac_L30057	inactive	-3.322	-0.401	-0.256	-3.322	-2.434	-3.322
atac_L03668	inactive	-3.322	-2.59	0.396	-1.893	-1.558	-3.322
atac_L22735	inactive	-2.77	-0.355	-0.255	-1.905	-2.349	-3.322
atac_L32688	inactive	-2.006	-0.204	-0.166	-3.322	-2.845	-3.322
atac_L03743	inactive	-2.496	-1.887	0.459	-3.322	-2.228	-2.161
atac_L04121	inactive	-1.03	-0.766	-0.557	-2.307	-3.196	-3.322
atac_L15287	inactive	-1.227	-1.863	-0.097	-2.151	-2.249	-3.322
atac_L13604	inactive	-1.923	-0.851	-0.057	-3.322	-2.67	-2.01
atac_P05002	inactive	-0.538	-1.348	-1.757	-1.912	-2.256	-1.182
atac_L05314	inactive	-1.234	0.085	-2.184	-2.078	-2.355	-3.322
atac_L02719	inactive	-2.095	-2.545	-0.406	-3.322	-3.034	-3.322
atac_L09595	inactive	-1.839	-0.957	-0.494	-2.819	-1.964	-1.968
atac_L20030	inactive	-2.227	-1.477	-0.129	-2.291	-2.446	-3.322
atac_L33385	inactive	-1.923	-0.569	-1.06	-1.351	-1.467	-3.322
atac_P05477	inactive	-2.372	-1.649	-2.396	-2.772	-0.864	-0.293
atac_L05057	inactive	-2.297	-0.853	-0.691	-1.85	-1.769	-2.567
atac_P04584	inactive	-2.102	-1.051	-0.883	-1.119	-2.265	-2.909
atac_L30212	inactive	-2.196	-1.267	-0.739	-1.674	-1.652	-2.99
atac_L23695	inactive	-2.433	-2.432	-0.842	-1.664	-1.629	-1.344
atac_P06278	inactive	-1.51	-0.869	-0.724	-1.82	-1.871	-3.322
atac_L39220	inactive	-2.987	-2.539	-0.39	-3.322	-2.566	-1.809
atac_P01128	inactive	-2.552	-0.388	-1.769	-2.078	-2.42	-1.201
atac_L23325	inactive	-1.309	-1.151	-1.517	-2.114	-1.734	-0.926
atac_L11975	inactive	-2.33	-2.004	-0.443	-2.819	-2.286	-3.322
atac_L09229	inactive	-2.242	-1.732	-0.505	-2.456	-2.621	-0.595
atac_P05128	inactive	-1.616	-1.622	-0.445	-1.561	-2.557	-1.965
atac_L10969	inactive	-2.167	-1.523	-0.528	-1.513	-2.376	-2.944
atac_L02847	inactive	-2.652	-1.04	-2.104	-2.819	-0.555	-1.218
atac_L03589	inactive	-1.955	-1.469	-0.129	-1.814	-2.3	-3.322
atac_L07190	inactive	-2.726	-0.747	-0.277	-2.795	-1.946	-3.322
atac_L09828	inactive	-2.632	-1.539	-0.397	-2.673	-2.149	-1.37
atac_L08500	inactive	-2.424	-2.299	-0.363	-2.375	-2.955	-3.322
atac_L40195	inactive	-2.726	-2.087	-0.16	-3.119	-2.739	-3.322
atac_L00318	inactive	-1.123	-0.368	-2.709	-1.381	-2.437	-3.322
atac_L23879	inactive	-2.552	-0.519	-1.804	-2.402	-2	-2.675
atac_L05463	inactive	-2.827	-1.666	-0.19	-1.944	-3.07	-2.888
atac_L05617	inactive	-2.632	-2.424	0.303	-3.322	-3.089	-1.938
atac_L26397	inactive	-2.726	-1.312	-0.559	-1.74	-2.629	-3.322
atac_L04225	inactive	-2.621	-2.394	-0.952	-2.772	-2.175	-3.166
atac_L30900	inactive	-2.77	-0.465	-1.234	-1.762	-2.204	-2.362
atac_P02878	inactive	-1.657	-1.917	-0.31	-2.121	-1.714	-2.328
atac_L39146	inactive	-2.524	-2.258	-0.446	-3.322	-1.389	-1.972
atac_P00329	inactive	-1.748	-0.738	-1.671	-1.617	-2.552	-1.963
atac_L18627	inactive	-2.167	-0.746	-0.78	-1.205	-2.541	-3.322
atac_L29734	inactive	-1.923	-1.621	0.204	-2.819	-3.174	-3.322
atac_P04101	inactive	-1.662	-0.736	-0.924	-1.768	-2.572	-2.862
atac_L34006	inactive	-2.827	-2.327	-0.134	-1.912	-2.086	-3.322
atac_L30044	inactive	-3.322	-0.892	-0.141	-3.322	-1.678	-3.322
atac_L21110	inactive	-3.274	-0.522	-0.687	-3.289	-2.001	-3.322
atac_P03030	inactive	-1.948	-1.723	-0.27	-1.617	-2.282	-2.841
atac_P07075	inactive	-2.095	-2.563	-0.095	-1.561	-2.02	-3.322
atac_P05099	inactive	-2.081	-1.535	-0.489	-1.48	-1.927	-2.644
atac_L39088	inactive	-0.38	-2.148	-0.858	-2.465	-2.832	-2.622
atac_L03306	inactive	-1.961	-1.02	-0.446	-2.009	-3.073	-2.874
atac_L17371	inactive	-3.29	-2.169	-0.169	-2.003	-2.198	-3.322
atac_L37587	inactive	-2.167	-0.913	-2.169	-1.905	-1.958	-1.926
atac_L09624	inactive	-2.167	-1.617	-0.977	-3.322	-1.474	-1.292
atac_L09388	inactive	-1.678	-1.403	-0.244	-1.905	-2.432	-3.322
atac_P02349	inactive	-3.322	-1.351	-0.263	-1.622	-2.059	-3.322
atac_L16034	inactive	-1.159	-1.292	-1.413	-2.064	-2.066	-2.742
atac_L30356	inactive	-2.459	-2.943	0.094	-2.819	-1.717	-3.057
atac_L05634	inactive	-1.533	-0.447	-1.995	-1.809	-1.917	-3.322
atac_L12594	inactive	-2.026	-0.834	-0.946	-1.757	-2.259	-3.322
atac_L00134	inactive	-2.459	-1.482	-2.709	-0.948	-2.642	-1.749
atac_L10167	inactive	-2.704	-1.373	-0.937	-2.56	-1.707	-0.818
atac_L12725	inactive	-1.091	-1.148	-0.539	-2.784	-2.872	-2.22
atac_L27043	inactive	-2.297	-0.673	-1.354	-2.143	-1.961	-2.056
atac_L40648	inactive	-2	-1.181	-2.169	-2.275	-2.478	-0.458
atac_L19910	inactive	-2.38	-1.761	-0.366	-1.576	-3.092	-3.322
atac_L02535	inactive	-3.322	-2.199	-0.119	-2.916	-2.877	-1.98
atac_L40877	inactive	-1.905	-0.959	-0.806	-1.745	-2.874	-2.077
atac_L19911	inactive	-1.81	-1.006	-0.644	-1.814	-2.7	-3.322
atac_P05414	inactive	-2.389	-1.116	-0.598	-2.316	-2.234	-2.239
atac_L05420	inactive	-2.167	-0.624	-1.115	-2.151	-2.019	-3.322
atac_P04287	inactive	-1.704	-1.456	-0.296	-2.446	-2.508	-3.322
atac_L19429	inactive	-1.102	-1.299	-0.628	-2.181	-2.53	-3.001
atac_L02086	inactive	-1.491	-1.543	-0.965	-2.227	-2.587	-2.145
atac_L15953	inactive	-2.081	-1.475	-1.469	-1.653	-1.972	-1.465
atac_L07051	inactive	-3.242	-1.43	0.147	-3.322	-2.75	-2.975
atac_L39742	inactive	-3.322	-1.082	-1.269	-1.674	-2.737	-3.322
atac_P03587	inactive	-1.359	-1.616	-0.569	-3.105	-1.889	-2.27
atac_P04490	inactive	-2.827	-1.462	-2.609	-2.166	-2.482	-0.207
atac_L40618	inactive	-3.322	-0.825	-0.557	-3.225	-2.409	-2.297
atac_L01660	inactive	-2.477	-2.076	-3.322	-1.648	-0.368	-1.368
atac_L04375	inactive	-2.899	-1.752	0.213	-2.299	-3.297	-3.322
atac_P04864	inactive	-1.591	-1.283	-1.618	-3.322	-2.07	-2.675
atac_L25168	inactive	-1.372	-2.055	-1.416	-2.419	-0.847	-3.322
atac_L22931	inactive	-2.13	-0.828	-1.022	-2.955	-1.714	-1.873
atac_L02781	inactive	-2.167	-1.906	-1.339	-3.322	-1.529	-0.993
atac_L34873	inactive	-2.459	-2.079	0.018	-3.322	-2.029	-3.322
atac_L17025	inactive	-2.363	-1.02	-0.95	-1.363	-2.09	-3.322
atac_L15581	inactive	-1.948	-1.671	-1.024	-1.912	-1.885	-1.748
atac_L08522	inactive	-2.572	-0.829	-0.881	-2.121	-1.73	-3.322
atac_P06094	inactive	-1.611	-1.723	-1.8	-1.69	-1.564	-2.53
atac_L18725	inactive	-2.533	-1.974	-1.302	-1.272	-1.523	-1.802
atac_L00013	inactive	-1.552	-1.793	-1.832	-1.141	-1.57	-3.322
atac_P00491	inactive	-1.342	-1.117	-1.389	-2.512	-1.777	-3.003
atac_L11916	inactive	-3.322	-0.774	-0.547	-3.322	-2.122	-3.322
atac_L21573	inactive	-2.04	-0.868	-0.917	-2.299	-2.838	-3.065
atac_L22786	inactive	-2.013	-1.208	-0.678	-2.151	-1.99	-2.641
atac_L28765	inactive	-2.737	-1.558	-0.486	-2.173	-1.451	-2.807
atac_L14848	inactive	-3.322	-1.53	-0.033	-2.211	-3.011	-3.322
atac_L23847	inactive	-3.322	-0.843	-1.816	-3.322	-2.048	-0.49
atac_L18957	inactive	-2.322	-1.865	-0.284	-2.446	-1.839	-2.344
atac_L10394	inactive	-2.242	-1.836	-0.593	-2.188	-1.808	-2.4
atac_L26834	inactive	-1.961	-1.229	-1.21	-1.457	-2.827	-1.922
atac_L32276	inactive	-1.827	-1.604	-0.753	-2.942	-1.853	-3.322
atac_L01144	inactive	-0.72	-2.863	-1.365	-2.428	-1.755	-1.876
atac_L37010	inactive	-1.726	-0.175	-1.878	-2.316	-2.854	-3.322
atac_L22349	inactive	-2.181	-1.884	-0.89	-2.151	-2.766	-3.322
atac_L06252	inactive	-2.715	-1.242	-0.834	-3.322	-1.873	-2.708
atac_L40044	inactive	-2.167	-1.409	-0.374	-3.257	-2.696	-1.885
atac_L30112	inactive	-1.923	-2.124	-0.222	-2.151	-2.358	-3.322
atac_L07375	inactive	-3.04	-2.131	-0.375	-2.6	-1.495	-3.322
atac_P04467	inactive	-2.109	-1.976	-1.425	-2.446	-2.528	-0.542
atac_L02750	inactive	-2.38	-1.421	-1.072	-2.204	-1.895	-1.873
atac_L40110	inactive	-3.322	-0.45	-0.403	-3.322	-3.044	-3.322
atac_L09130	inactive	-1.715	-0.849	-3.322	-2.641	-1.603	-1.321
atac_L41029	inactive	-3.258	-1.272	-0.682	-2.819	-1.851	-2.233
atac_L23305	inactive	-3.322	-2.178	-0.465	-2.283	-1.819	-2.431
atac_P04213	inactive	-2.281	-1.339	-1.469	-1.989	-1.684	-3.322
atac_L13477	inactive	-1.548	-2.041	-0.722	-1.429	-2.08	-3.322
atac_L25058	inactive	-3.322	-1.712	-0.078	-3.194	-2.874	-2.401
atac_L01860	inactive	-1.929	-2.062	-3.16	-1.355	-1.873	-1.415
atac_L25148	inactive	-2.936	-1.393	-0.192	-3.322	-3.162	-2.53
atac_L35271	inactive	-2.827	-1.617	-1.204	-2.023	-2.843	-0.839
atac_P00571	inactive	-2.174	-1.827	-0.316	-1.627	-2.267	-3.322
atac_L07158	inactive	-2.273	-1.11	-0.616	-1.874	-3.011	-2.423
atac_L09423	inactive	-3.322	-0.906	-1.239	-0.705	-2.568	-3.177
atac_L01406	inactive	-2.338	-2.083	-1.176	-1.701	-2.08	-1.596
atac_L16901	inactive	-1.355	-1.3	-3.034	-1.412	-2.739	-3.22
atac_L21695	inactive	-3.322	-1.42	-0.097	-3.134	-2.898	-3.322
atac_L34837	inactive	-2.886	-0.065	-1.067	-3.322	-2.841	-3.322
atac_L17116	inactive	-2.459	-2.307	-1.912	-2.419	-1.934	-0.47
atac_L12637	inactive	-2.911	-1.593	-0.339	-2.307	-2.745	-2.541
atac_L00653	inactive	-3.322	-1.155	-0.399	-1.983	-3.05	-3.181
atac_L15703	inactive	-3.095	-1.579	-0.349	-1.329	-2.781	-3.322
atac_L06115	inactive	-2.137	-1.504	-0.8	-2.143	-2.386	-3.322
atac_L02641	inactive	-1.23	-1.541	-2.515	-2.6	-1.532	-1.61
atac_L30213	inactive	-2.053	-2.192	-1.386	-1.144	-1.582	-2.765
atac_L06794	inactive	-3.322	-1.627	-0.152	-3.322	-2.265	-3.113
atac_P02034	inactive	-2.77	-3.064	-0.667	-1.912	-3.06	-3.322
atac_P01766	inactive	-1.911	-0.868	-1.57	-1.905	-2.543	-2.522
atac_L03721	inactive	-1.759	-1.542	-1.459	-1.576	-1.957	-1.81
atac_L39497	inactive	-3.322	-2.754	-0.419	-2.114	-2.762	-3.322
atac_P02123	inactive	-3.04	-1.143	-1.143	-2.071	-2.218	-3.322
atac_L39875	inactive	-3.322	-1.461	-1.543	-1.503	-3.081	-1.103
atac_L40025	inactive	-1.923	-1.519	-0.515	-2.367	-3.313	-2.083
atac_P00812	inactive	-0.865	-1.087	-2.195	-2.446	-2.172	-2.693
atac_L00069	inactive	-1.85	-2.468	-1.006	-1.97	-2.368	-1.199
atac_P01523	inactive	-1.715	-1.725	-0.505	-2.078	-2.731	-3.322
atac_L01159	inactive	-2.974	-1.802	-0.302	-2.891	-2.537	-2.248
atac_L38054	inactive	-3.322	-0.208	-1.536	-2.819	-2.794	-3.322
atac_L41007	inactive	-3.322	-0.289	-1.781	-3.322	-2.401	-3.322
atac_L23939	inactive	-3.137	-2.14	-1.41	-2.023	-1.387	-1.087
atac_L04484	inactive	-2.601	-1.253	-0.658	-1.893	-2.406	-2.424
atac_L10882	inactive	-1.715	-1.397	-2.658	-1.513	-1.533	-2.469
atac_L22596	inactive	-2.827	-1.214	-1.067	-2.56	-2.489	-3.322
atac_L11260	inactive	-3.322	-1.262	-0.977	-2.6	-2.737	-3.322
atac_L22196	inactive	-2.886	-1.037	-0.533	-2.016	-2.214	-3.322
atac_P00174	inactive	-1.189	-2.22	-0.46	-2.819	-2.436	-2.554
atac_L07175	inactive	-1.899	-1.303	-2.476	-1.68	-1.345	-2.864
atac_L13255	inactive	-3.322	-1.231	-0.371	-3.322	-1.755	-2.44
atac_L00711	inactive	-3.322	-1.16	-0.539	-2.772	-2.196	-3.322
atac_P02274	inactive	-2.543	-2.21	-1.53	-2.251	-3.092	-0.577
atac_L29284	inactive	-1.601	-1.581	-0.852	-1.82	-2.838	-2.681
atac_P07099	inactive	-1.967	-2.032	-0.232	-2.283	-2.678	-3.28
atac_P02933	inactive	-2.459	-1.475	-1.59	-3.322	-2.247	-0.67
atac_L11607	inactive	-3.067	-2.085	-0.979	-3.322	-2.777	-3.113
atac_L33387	inactive	-1.923	-1.604	-0.689	-1.403	-2.596	-3.322
atac_L25602	inactive	-2.827	-2.032	-0.256	-3.322	-2.498	-3.322
atac_L40627	inactive	-1.923	-0.912	-2.438	-2.358	-2.341	-3.322
atac_L36888	inactive	-2.632	-1.827	-0.15	-3.322	-3.034	-1.885
atac_L05763	inactive	-2.406	-1.075	-1.143	-3.322	-3.116	-1.341
atac_L20739	inactive	-3.026	-0.786	-0.856	-3.322	-3.16	-3.322
atac_L21517	inactive	-3.211	-1.887	-1.072	-2.446	-1.536	-2.554
atac_L18793	inactive	-2.297	-2.041	-0.879	-2.75	-2.444	-2.188
atac_P02591	inactive	-1.955	-1.382	-1.577	-1.466	-2.025	-2.797
atac_L09349	inactive	-3.013	-2.539	-0.482	-2.981	-2.676	-1.233
atac_P04469	inactive	-2.459	-1.511	-0.374	-2.75	-2.282	-3.322
atac_P01859	inactive	-1.731	-1.56	-1.28	-2.819	-1.685	-2.605
atac_L17946	inactive	-2.389	-1.436	-0.736	-2.275	-2.574	-3.322
atac_P03741	inactive	-2.524	-2.236	-1.25	-2.531	-2.666	-3.322
atac_L19563	inactive	-3.322	-2.429	0.106	-3.322	-2.942	-2.666
atac_L28178	inactive	-2.662	-1.737	-1.128	-2.283	-1.588	-1.823
atac_P04278	inactive	-2.459	-0.619	-1.422	-2.151	-2.702	-2.877
atac_L34256	inactive	-2.167	-1.536	-0.337	-2.446	-3.094	-3.322
atac_L29494	inactive	-3.322	-1.809	0.024	-2.446	-3.322	-3.322
atac_L34357	inactive	-3.322	-1.444	-0.169	-3.322	-2.688	-3.322
atac_P01361	inactive	-2.174	-1.348	-0.664	-1.452	-3.171	-3.276
atac_L29558	inactive	-2.167	-1.211	-1.912	-3.322	-2.646	-1.138
atac_P00110	inactive	-3.322	-0.871	-0.598	-2.446	-2.752	-3.322
atac_L19771	inactive	-2.459	-1.781	-0.687	-2.151	-2.02	-3.322
atac_L34954	inactive	-3.322	-1.146	-0.576	-3.322	-2.6	-3.322
atac_L35597	inactive	-3.322	-1.771	-1.277	-2.446	-1.793	-1.428
atac_L06564	inactive	-2.45	-2.678	-1.001	-1.111	-2.463	-2.245
atac_L34669	inactive	-3.013	-0.658	-1.824	-1.712	-2.743	-3.322
atac_L35224	inactive	-1.856	-1.04	-1.853	-1.607	-2.756	-2.631
atac_L19717	inactive	-2.804	-1.476	-0.888	-2.446	-2.752	-2.27
atac_L25212	inactive	-2.514	-1.339	-0.695	-1.632	-2.957	-3.322
atac_P02374	inactive	-2.02	-0.739	-1.168	-2.446	-2.233	-3.283
atac_L35986	inactive	-2.459	-0.966	-0.696	-3.322	-2.816	-2.222
atac_L25101	inactive	-3.322	-0.843	-0.997	-3.322	-2.61	-3.322
atac_P00808	inactive	-1.33	-1.687	-2.786	-2.107	-2.129	-1.327
atac_L35813	inactive	-1.748	-1.398	-1.168	-1.696	-2.09	-3.322
atac_L14347	inactive	-2.899	-3.322	-0.132	-2.085	-2.286	-2.702
atac_L13389	inactive	-1.987	-1.308	-1.459	-2.158	-2.336	-2.864
atac_P02769	inactive	-2.152	-0.527	-1.757	-2.831	-2.274	-3.322
atac_L39242	inactive	-3.322	-1.275	-0.806	-2.727	-2.149	-2.207
atac_P05939	inactive	-2.862	-0.861	-1.723	-2.341	-1.802	-3.322
atac_L37356	inactive	-2.827	-3.322	0.077	-1.893	-3.026	-3.322
atac_P02296	inactive	-2.827	-1.704	-1.742	-1.523	-1.7	-2.01
atac_L05554	inactive	-1.923	-2.636	-1.45	-2.819	-1.504	-2.494
atac_L01861	inactive	-2.827	-0.743	-0.761	-3.322	-2.979	-3.322
atac_P04032	inactive	-1.862	-1.258	-1.51	-1.785	-2.371	-3.322
atac_L38710	inactive	-3.013	-1.459	-0.974	-2.662	-2.85	-2.401
atac_P03605	inactive	-1.81	-1.968	-1.145	-2.446	-2.676	-2.022
atac_L24673	inactive	-2.033	-0.539	-2.226	-3.322	-2.444	-2.295
atac_L20987	inactive	-3.053	-0.871	-1.425	-1.612	-2.652	-3.018
atac_L30240	inactive	-3.152	-1.631	-0.289	-3.322	-2.444	-3.115
atac_L13928	inactive	-2.974	-0.884	-1.354	-2.307	-2.262	-2.749
atac_P03268	inactive	-2.159	-1.98	-1.359	-1.576	-1.866	-3.322
atac_P04457	inactive	-2.704	-0.943	-2.892	-3.062	-2.3	-0.811
atac_P03705	inactive	-2.266	-1.779	-1.158	-2.003	-2.623	-1.936
atac_P06980	inactive	-1.955	-1.948	-0.408	-2.819	-2.485	-3.322
atac_P00815	inactive	-1.856	-1.16	-1.912	-2.078	-2.167	-2.199
atac_P03488	inactive	-2.827	-2.053	-1.088	-2.235	-1.953	-1.873
atac_P00281	inactive	-1.793	-1.413	-1.501	-1.461	-2.498	-3.322
atac_L04306	inactive	-2.827	-1.328	-1.828	-2.705	-2.37	-1.201
atac_L25622	inactive	-2.234	-1.554	-1.261	-1.74	-2.678	-1.89
atac_L40881	inactive	-2.642	-2.519	-0.551	-1.844	-2.171	-3.322
atac_L22558	inactive	-2.827	-1.098	-2.018	-2.071	-2.877	-3.322
atac_L08693	inactive	-2.459	-1.331	-0.554	-3.322	-3.322	-2.083
atac_L16602	inactive	-2.424	-2.057	-1.428	-1.122	-2.574	-3.322
atac_P05389	inactive	-2.533	-1.231	-1.865	-1.918	-2.57	-1.579
atac_L40629	inactive	-2.827	-1.141	-0.858	-2.819	-2.161	-2.243
atac_L03998	inactive	-2.781	-1.558	-2.149	-1.205	-2	-2.01
atac_L02758	inactive	-2.827	-0.615	-1.431	-3.322	-3.217	-3.125
atac_L11210	inactive	-2.726	-1.596	-1.781	-3.322	-1.542	-1.398
atac_L29446	inactive	-2.314	-2.18	-0.844	-1.905	-1.833	-3.271
atac_L37141	inactive	-3.013	-1.767	-0.79	-3.322	-2.613	-1.292
atac_P05825	inactive	-2.38	-1.732	-3.322	-0.716	-2.439	-2.162
atac_L30219	inactive	-3.322	-1.244	-0.881	-3.322	-2.268	-3.322
atac_L37671	inactive	-2.047	-1.611	-1.055	-1.944	-2.425	-3.322
atac_L24719	inactive	-2.827	-1.133	-0.674	-2.819	-3.052	-3.322
atac_P03102	inactive	-2.459	-1.097	-3.277	-1.664	-2.195	-1.909
atac_L08520	inactive	-2.322	-2.02	-1.362	-3.008	-1.75	-1.869
atac_L34149	inactive	-3.322	-1.066	-1.359	-3.021	-2.473	-2.065
atac_P02658	inactive	-1.704	-1.044	-1.836	-2.1	-2.708	-3.322
atac_L09100	inactive	-1.781	-2.01	-1.186	-1.893	-2.098	-2.505
atac_L24133	inactive	-2.196	-0.74	-1.462	-2.843	-3.291	-2.304
atac_L09452	inactive	-2.363	-1.602	-1.507	-1.924	-2.162	-3.322
atac_L00131	inactive	-2.562	-2.935	-0.007	-2.136	-3.322	-3.322
atac_P02452	inactive	-1.868	-1.018	-1.416	-2.652	-2.366	-3.322
atac_L09371	inactive	-3.322	-2.135	-0.541	-2.891	-2.415	-1.515
atac_L31043	inactive	-2.322	-1.708	-1.398	-2.341	-2.606	-2.263
atac_L00889	inactive	-2.06	-1.876	-0.875	-1.803	-2.781	-3.322
atac_L38462	inactive	-3.322	-1.231	-0.828	-2.819	-2.384	-2.609
atac_L17860	inactive	-3.322	-2.304	-0.336	-3.322	-2.891	-1.484
atac_P02259	inactive	-3.322	-0.972	-0.822	-2.705	-2.379	-3.322
atac_P02755	inactive	-2.459	-1.978	-1.067	-2.819	-1.948	-2.141
atac_L32162	inactive	-2.196	-1.103	-1.269	-3.021	-1.541	-3.322
atac_L04704	inactive	-2.242	-2.045	-0.816	-1.976	-2.394	-2.916
atac_L38673	inactive	-3.322	-1.338	-1.38	-1.083	-2.852	-3.322
atac_P00884	inactive	-3.322	-0.807	-1.546	-2.151	-2.03	-3.154
atac_P02125	inactive	-1.715	-1.674	-2.343	-1.537	-1.912	-2.256
atac_P03760	inactive	-2.961	-2.028	-0.336	-1.95	-2.843	-3.322
atac_P03866	inactive	-2.211	-1.682	-2.264	-1.581	-1.672	-2.739
atac_P02940	inactive	-1.464	-1.671	-2.195	-3.134	-1.654	-3.213
atac_L34474	inactive	-1.715	-1.192	-1.181	-2.819	-2.407	-3.322
atac_P01144	inactive	-2.459	-1.843	-1.158	-2.219	-2.964	-1.526
atac_L26566	inactive	-1.845	-1.177	-1.212	-2.6	-3.322	-2.174
atac_P01489	inactive	-2.305	-1.717	-0.824	-2.819	-2.185	-2.881
atac_L31923	inactive	-2.759	-1.265	-2.63	-1.905	-1.777	-2.174
atac_L20583	inactive	-3.322	-1.759	-0.551	-3.322	-2.72	-3.322
atac_P00724	inactive	-2.13	-1.456	-1.796	-1.152	-2.827	-3.322
atac_L36987	inactive	-2.322	-1.045	-1.472	-1.547	-2.756	-3.137
atac_L23744	inactive	-2.827	-2.02	-1.407	-1.452	-2.277	-3.322
atac_P05689	inactive	-1.41	-1.596	-1.946	-1.596	-2.692	-3.322
atac_L23746	inactive	-1.428	-1.86	-1.57	-1.797	-2.854	-3.322
atac_L15956	inactive	-1.948	-1.042	-1.33	-2.819	-1.835	-3.322
atac_L09706	inactive	-2.13	-1.241	-1.523	-1.856	-3.188	-3.322
atac_P02157	inactive	-2.074	-1.454	-1.611	-1.537	-2.042	-3.322
atac_L30168	inactive	-3.322	-0.415	-1.788	-3.322	-2.563	-3.322
atac_P03442	inactive	-2.167	-1.815	-3.322	-1.874	-1.792	-1.22
atac_P04577	inactive	-1.821	-1.405	-1.441	-2.819	-2.465	-2.705
atac_L27224	inactive	-2.266	-1.253	-1.929	-1.532	-2.942	-3.322
atac_L26761	inactive	-3.053	-0.204	-2.337	-3.322	-3.097	-3.322
atac_L21964	inactive	-2.683	-1.735	-1.084	-2.211	-2.492	-1.883
atac_P02990	inactive	-3.137	-1.433	-1.587	-1.899	-2.642	-1.689
atac_L39874	inactive	-2.459	-1.887	-0.682	-2.521	-2.921	-2.161
atac_P06993	inactive	-2.398	-1.074	-1.836	-2.784	-2.177	-1.689
atac_L30617	inactive	-2.611	-2.275	-1.601	-0.789	-2.028	-3.209
atac_P00097	inactive	-2.572	-2.75	-0.393	-2.994	-2.48	-2.33
atac_P04368	inactive	-2.242	-1.737	-1.113	-1.429	-2.638	-3.322
atac_L27656	inactive	-2.219	-1.357	-1.604	-2.235	-2.909	-3.024
atac_L30768	inactive	-3.322	-0.59	-1.536	-3.322	-2.617	-3.322
atac_L33405	inactive	-2.737	-0.571	-1.597	-3.322	-2.346	-3.322
atac_L40063	inactive	-2.601	-1.627	-1.686	-2.891	-2.947	-0.963
atac_P00791	inactive	-2.266	-0.84	-3.322	-2.151	-2.215	-2.423
atac_L19526	inactive	-2.562	-0.612	-1.643	-2.456	-2.769	-2.941
atac_L12393	inactive	-3.322	-3.322	-3.322	-3.322	-1.591	-2.968
atac_L08562	inactive	-3.322	-1.795	-0.974	-2.151	-2.157	-2.325
atac_L32733	inactive	-2.874	-1.986	-1.118	-1.351	-2.358	-3.322
atac_L18412	inactive	-2.459	-1.669	-1.199	-1.602	-2.722	-3.322
atac_L38284	inactive	-2.827	-1.03	-1.82	-1.785	-2.24	-3.188
atac_L14266	inactive	-3.322	-3.248	-0.603	-1.989	-3.1	-1.763
atac_L03204	inactive	-2.673	-1.887	-1.484	-3.322	-1.09	-3.322
atac_L16045	inactive	-2.815	-1.702	-1.447	-2.324	-2.064	-1.96
atac_L15937	inactive	-3.306	-1.57	-1.938	-3.322	-2.935	-0.77
atac_L34622	inactive	-3.013	-2.671	-1.392	-2.437	-2.397	-0.93
atac_P05249	inactive	-3.013	-1.708	-0.684	-2.772	-2.919	-2.33
atac_L27301	inactive	-1.155	-1.754	-1.55	-3.322	-2.175	-3.322
atac_L07116	inactive	-2.047	-1.786	-0.588	-2.772	-3.174	-2.985
atac_L16561	inactive	-2.886	-1.75	-1.302	-1.791	-2.373	-2.628
atac_L24863	inactive	-2.347	-0.855	-3.322	-2.446	-2.652	-1.894
atac_L30238	inactive	-3.322	-1.674	-0.619	-3.322	-2.541	-3.322
atac_L24906	inactive	-2.923	-0.971	-1.098	-2.684	-2.64	-3.322
atac_L29471	inactive	-3.322	-0.859	-1.093	-3.322	-2.658	-3.322
atac_L27259	inactive	-2.242	-2.838	-1.636	-1.622	-2.06	-2.107
atac_P05640	inactive	-1.704	-1.532	-1.723	-1.814	-2.771	-2.503
atac_L24860	inactive	-2.297	-1.12	-1.12	-3.322	-2.68	-3.322
atac_L14315	inactive	-1.026	-1.849	-3.223	-1.729	-2.001	-3.322
atac_L34634	inactive	-2.459	-2.678	-0.892	-2.819	-2.559	-3.322
atac_L13294	inactive	-3.322	-2.714	-1.036	-2.211	-1.63	-2.105
atac_P02586	inactive	-3	-2.142	-0.633	-2.384	-2.585	-3.322
atac_L34645	inactive	-2.459	-2.162	-1.491	-1.899	-2.704	-2.138
atac_L25874	inactive	-2.827	-2.454	-0.456	-2.57	-2.796	-3.322
atac_L29261	inactive	-3.322	-1.493	-1.441	-3.322	-2.085	-2.618
atac_L25031	inactive	-2.459	-1.03	-3.212	-1.304	-2.613	-2.253
atac_L12140	inactive	-3.322	-3.322	-0.549	-1.918	-3.322	-3.322
atac_P04096	inactive	-2.459	-1.475	-2.211	-2.446	-2.788	-1.057
atac_L40361	inactive	-3.322	-2.599	-1.096	-2.465	-2.923	-0.995
atac_P00879	inactive	-2.355	-1.329	-3.322	-1.309	-1.795	-2.304
atac_L20629	inactive	-2.572	-1.293	-1.277	-2.446	-3.034	-2.368
atac_L34326	inactive	-1.533	-1.65	-2.211	-1.905	-2.331	-2.579
atac_L13365	inactive	-1.948	-2.111	-1.912	-2.275	-2.147	-3.322
atac_P03771	inactive	-2.174	-1.616	-1.53	-2.446	-2.754	-1.922
atac_P00760	inactive	-3.322	-1.633	-0.442	-3.322	-2.762	-3.322
atac_L30117	inactive	-2.793	-3.322	-0.443	-2.819	-2.716	-2.192
atac_P00533	inactive	-1.562	-1.564	-1.302	-3.179	-2.739	-3.322
atac_P04090	inactive	-2.459	-1.733	-1.611	-1.3	-2.459	-2.736
atac_L15721	inactive	-3.322	-1.426	-0.678	-3.322	-2.415	-3.322
atac_P01411	inactive	-2.683	-1.722	-1.057	-1.712	-3.113	-3.322
atac_L37772	inactive	-2.33	-2.162	-1.594	-1.856	-2.379	-1.876
atac_L22045	inactive	-1.81	-1.25	-1.925	-2.891	-2.664	-1.876
atac_P01505	inactive	-0.776	-2.49	-1.657	-2.75	-2.891	-3.322
atac_P00036	inactive	-2.181	-2.575	-0.983	-1.893	-2.572	-3.322
atac_L19828	inactive	-3.322	-2.18	-0.495	-3.322	-2.727	-2.781
atac_P06240	inactive	-2.524	-0.961	-2.709	-1.78	-2.507	-3.322
atac_L05243	inactive	-3.322	-1.519	-0.59	-3.322	-2.515	-2.495
atac_L18861	inactive	-3.109	-1.246	-1.693	-2.446	-1.834	-3.322
atac_P02297	inactive	-2.611	-1.148	-1.441	-3.322	-2.319	-3.162
atac_L30903	inactive	-3.322	-1.663	-1.912	-2.819	-2.419	-1.029
atac_P02384	inactive	-1.815	-1.483	-1.41	-2.173	-2.676	-3.322
atac_L20302	inactive	-2.389	-1.116	-3.322	-2.41	-2.379	-1.519
atac_P04939	inactive	-1.748	-2.299	-2.046	-1.425	-1.804	-3.322
atac_L23932	inactive	-2.899	-0.706	-1.527	-2.819	-2.865	-2.631
atac_L30318	inactive	-3.322	-1.376	-1.946	-3.119	-2.006	-1.71
atac_L15892	inactive	-2.372	-1.347	-1.594	-2.446	-3.034	-3.322
atac_L14323	inactive	-2.804	-1.338	-1.742	-2.761	-2.784	-1.993
atac_P05102	inactive	-3.322	-0.857	-1.38	-2.55	-2.95	-3.322
atac_P02663	inactive	-2.242	-1.425	-1.668	-2.291	-2.081	-3.166
atac_L00021	inactive	-2.137	-1.53	-1.425	-2.446	-3.129	-3.063
atac_L11386	inactive	-2.433	-1.61	-0.784	-2.994	-3.084	-3.322
atac_L31292	inactive	-2.227	-1.61	-2.63	-1.768	-2.157	-2.482
atac_L17303	inactive	-2.322	-0.661	-3.322	-1.696	-2.7	-3.322
atac_L12745	inactive	-2.477	-2.166	-2.184	-1.602	-2.355	-2.835
atac_L19564	inactive	-2.053	-2.95	-1.138	-1.745	-2.523	-2.316
atac_L11202	inactive	-3.152	-1.266	-1.313	-2.016	-2.218	-3.322
atac_L12838	inactive	-2.38	-0.815	-1.832	-3.322	-3.132	-3.007
atac_P03674	inactive	-0.543	-1.569	-3.322	-2.694	-3.174	-3.143
atac_L40667	inactive	-2.109	-2.287	-0.812	-3.322	-2.485	-2.156
atac_P01637	inactive	-2.496	-2.581	-0.762	-1.905	-2.373	-3.322
atac_P06571	inactive	-3.322	-1.793	-1.58	-1.905	-3.004	-2.304
atac_P04812	inactive	-2.415	-0.757	-2.205	-3.076	-1.994	-3.322
atac_P01238	inactive	-1.793	-1.976	-2.205	-1.591	-1.983	-3.322
atac_L37099	inactive	-2.759	-1.337	-1.437	-2.819	-2.268	-3.322
atac_P01729	inactive	-2.258	-1.208	-1.777	-2.446	-2.952	-2.458
atac_L17621	inactive	-1.562	-1.95	-1.895	-2.55	-2.277	-2.53
atac_L29937	inactive	-3.322	-1.154	-1.096	-2.819	-2.189	-3.322
atac_L28039	inactive	-2.167	-1.776	-1.475	-1.956	-2.611	-3.322
atac_L24846	inactive	-3.322	-1.535	-1.234	-1.931	-3.014	-2.075
atac_P06917	inactive	-2.372	-1.229	-1.422	-2.819	-2.604	-3.322
atac_L12106	inactive	-3.067	-0.978	-1.546	-3.105	-2.611	-3.162
atac_L20307	inactive	-2.227	-1.694	-1.413	-1.832	-2.442	-3.322
atac_L28753	inactive	-1.917	-1.679	-1.991	-2.428	-1.94	-3.322
atac_L02563	inactive	-2.459	-0.919	-1.955	-2.819	-3.149	-3.322
atac_P02167	inactive	-2.468	-1.2	-1.668	-2.173	-2.325	-3.322
atac_L06908	inactive	-2.827	-0.914	-3.322	-2.819	-3.151	-1.118
atac_L16986	inactive	-2.827	-0.99	-2.046	-3.322	-2.633	-2.33
atac_L10388	inactive	-3.322	-1.242	-1.428	-2.446	-2.268	-3.322
atac_L03872	inactive	-1.667	-2.767	-2.724	-1.429	-2.384	-2.296
atac_L29570	inactive	-3.322	-1.762	-1.093	-3.322	-2.085	-2.781
atac_L22598	inactive	-2.468	-1.968	-1.636	-3.322	-1.976	-2.161
atac_L14101	inactive	-2.911	-2.164	-0.738	-3.119	-2.881	-2.554
atac_L11705	inactive	-2.314	-1.368	-2.114	-2.738	-2.608	-2.194
atac_L15910	inactive	-2.088	-1.7	-1.263	-3.322	-2.914	-3.194
atac_L38941	inactive	-2.827	-1.878	-0.85	-2.143	-2.357	-3.322
atac_L17542	inactive	-2.827	-1.666	-2.014	-2.819	-2.752	-1.259
atac_L15966	inactive	-2.827	-2.289	-1.356	-3.322	-1.909	-1.718
atac_L08332	inactive	-2.704	-1.475	-0.881	-3.322	-3.021	-2.628
atac_L35911	inactive	-1.71	-1.514	-1.328	-2.942	-3.214	-3.322
atac_L03604	inactive	-2.145	-1.694	-1.664	-2.493	-2.005	-3.322
atac_P01655	inactive	-2.827	-1.43	-1.785	-2.621	-2.1	-3.322
atac_L18672	inactive	-2.04	-1.131	-2.554	-2.151	-2.142	-3.322
atac_L13479	inactive	-1.737	-1.616	-3.322	-1.745	-2.319	-3.162
atac_L17310	inactive	-2.827	-1.942	-2.164	-1.461	-2.314	-3.322
atac_L10279	inactive	-1.905	-2.096	-1.413	-2.59	-3.199	-1.94
atac_L09431	inactive	-2.314	-1.594	-1.668	-2.981	-2.95	-3.322
atac_L01440	inactive	-2.652	-1.9	-2.009	-1.976	-2.501	-2.713
atac_P05779	inactive	-3.081	-2.646	-0.939	-2.819	-2.823	-1.788
atac_L31254	inactive	-2.524	-2.723	-1.299	-1.338	-2.112	-3.322
atac_L12022	inactive	-2.632	-2.128	-1.171	-1.905	-2.788	-3.322
atac_L28874	inactive	-2.441	-2.035	-1.497	-2.136	-2.181	-2.037
atac_L37357	inactive	-3.322	-1.73	-0.919	-2.512	-2.268	-3.322
atac_L36402	inactive	-2.047	-2.25	-1.098	-3.322	-3.094	-1.673
atac_L40628	inactive	-2.839	-1.39	-2.747	-2.493	-2.909	-1.553
atac_P06038	inactive	-1.533	-2.624	-2.248	-2.05	-2.94	-1.94
atac_P01672	inactive	-2.095	-1.223	-2.259	-1.893	-2.379	-3.322
atac_L11716	inactive	-2.827	-1.261	-1.916	-1.475	-2.874	-3.322
atac_L06832	inactive	-2.562	-1.095	-1.359	-2.446	-3.322	-2.826
atac_L33036	inactive	-2.441	-2.831	-0.73	-2.204	-2.708	-3.322
atac_L05699	inactive	-3.322	-3.322	-0.732	-3.322	-3.322	-2.816
atac_L32782	inactive	-2.899	-0.494	-2.892	-2.819	-2.769	-3.322
atac_P03678	inactive	-2.406	-0.895	-3.12	-2.843	-2.712	-2.378
atac_P04024	inactive	-1.567	-2.287	-0.822	-3.119	-2.859	-3.322
atac_L17351	inactive	-2.601	-1.131	-2.818	-2.819	-2.57	-2.657
atac_L25361	inactive	-3.322	-0.653	-1.882	-2.819	-3.162	-2.749
atac_P06169	inactive	-2.524	-1.84	-2.07	-2.121	-2.276	-3.103
atac_P03853	inactive	-1.948	-2.852	-1.828	-2.085	-2.286	-2.515
atac_P04295	inactive	-3.322	-1.792	-2.651	-3.091	-2.696	-0.943
atac_P05710	inactive	-2.961	-2.41	-0.541	-2.819	-3.055	-3.322
atac_P03127	inactive	-2.181	-1.668	-3.322	-1.617	-3.039	-2.394
atac_P02249	inactive	-2.242	-2.014	-1.362	-2.251	-2.752	-3.077
atac_L17754	inactive	-2.013	-1.567	-2.134	-2.251	-3.135	-2.836
atac_P05515	inactive	-3.322	-0.779	-1.693	-2.437	-2.708	-3.322
atac_L07399	inactive	-2.886	-1.946	-2.114	-1.723	-2.577	-3.322
atac_L23549	inactive	-3.322	-1.02	-1.769	-3.289	-2.644	-2.645
atac_L18910	inactive	-2.572	-1.832	-0.826	-2.784	-2.688	-3.322
atac_P02416	inactive	-1.626	-2.294	-1.982	-2.151	-2.836	-3.322
atac_L11435	inactive	-3.026	-2.304	-0.943	-1.745	-3.07	-3.011
atac_L25122	inactive	-2.533	-1.3	-2.408	-2.151	-2.758	-1.934
atac_L15219	inactive	-2.694	-1.713	-1.668	-2.151	-2.231	-3.203
atac_L24641	inactive	-2.562	-0.843	-3.322	-3.322	-2.879	-1.452
atac_L08648	inactive	-2.923	-1.723	-0.772	-2.705	-2.863	-3.322
atac_L02725	inactive	-2.827	-1.91	-0.749	-2.521	-3.081	-2.952
atac_L33757	inactive	-2.961	-1.108	-2.248	-2.151	-2.224	-3.034
atac_L34665	inactive	-2.459	-1.363	-1.657	-2.093	-2.976	-3.322
atac_P02156	inactive	-2.611	-1.732	-1.716	-2.151	-2.28	-3.154
atac_L04564	inactive	-3.322	-0.858	-2.221	-1.963	-2.884	-2.948
atac_L41038	inactive	-3.322	-1.041	-1.96	-1.696	-2.553	-3.322
atac_P04203	inactive	-1.856	-1.376	-3.322	-1.905	-2.157	-3.322
atac_L30239	inactive	-3.322	-1.715	-1.027	-3.322	-3.322	-2.937
atac_L32705	inactive	-2.611	-2.445	-2.909	-2.55	-2.602	-1.044
atac_L09860	inactive	-2.715	-2.962	-0.498	-2.819	-2.528	-3.322
atac_P05311	inactive	-3.322	-2.258	-1.465	-3.322	-2	-3.322
atac_L03713	inactive	-2.459	-1.51	-1.55	-2.219	-2.836	-3.322
atac_L38121	inactive	-3.322	-2.504	-0.597	-3.322	-2.013	-3.278
atac_P06664	inactive	-3.196	-2.243	-1.204	-1.976	-2.068	-3.322
atac_P02636	inactive	-1.793	-1.916	-2	-2.968	-2.682	-3.322
atac_P00959	inactive	-2.704	-1.96	-2.089	-2.446	-1.822	-3.322
atac_L19042	inactive	-2.911	-1.5	-2.124	-2.181	-2.089	-2.973
atac_L40586	inactive	-2.33	-3.155	-1.351	-1.718	-2.436	-3.322
atac_L03931	inactive	-2.459	-1.579	-3.053	-2.341	-1.896	-2.574
atac_L19863	inactive	-3.322	-1.806	-0.965	-2.879	-2.559	-3.322
atac_L24107	inactive	-2.468	-1.142	-1.777	-2.819	-2.484	-3.148
atac_L30080	inactive	-3.322	-2.111	-2.541	-3.322	-2.042	-1.482
atac_L05205	inactive	-3.322	-0.66	-2.794	-3.322	-2.981	-3.322
atac_P05718	inactive	-1.923	-2.128	-1.118	-2.904	-2.507	-3.322
atac_P04447	inactive	-1.942	-1.221	-3.322	-1.513	-3.179	-3.322
atac_P06618	inactive	-2.459	-1.653	-1.339	-2.819	-2.861	-2.789
atac_P06617	inactive	-2.827	-1.439	-2.508	-1.268	-2.617	-3.322
atac_P04412	inactive	-2.033	-1.871	-2.818	-1.622	-3.084	-2.083
atac_L13303	inactive	-2.167	-2.384	-2.695	-1.989	-2.682	-2.281
atac_P02735	inactive	-2.827	-1.931	-0.846	-2.819	-3.171	-3.322
atac_L29001	inactive	-2.38	-1.61	-1.469	-2.819	-3.294	-2.128
atac_P02949	inactive	-2.572	-3.183	-2.164	-2.196	-2.548	-1.105
atac_L13125	inactive	-2.652	-1.694	-1.14	-3.149	-2.55	-3.322
atac_P02561	inactive	-1.572	-2.137	-2.205	-2.071	-3.113	-2.888
atac_L15922	inactive	-3.167	-2.076	-1.682	-3.322	-2.969	-1.392
atac_L02754	inactive	-2.242	-2.302	-1.359	-3.091	-2.399	-3.145
atac_P06277	inactive	-2.459	-0.592	-3.322	-2.819	-3.113	-3.322
atac_L18707	inactive	-2.737	-1.863	-1.697	-2.512	-2.499	-2.01
atac_P04058	inactive	-2.406	-1.655	-3.322	-2.219	-2.747	-3.322
atac_L18239	inactive	-2.174	-1.642	-1.507	-2.819	-2.729	-3.322
atac_L35192	inactive	-1.886	-2.479	-1.841	-2.57	-2.276	-2.101
atac_L41026	inactive	-2.673	-1.813	-1.513	-1.931	-3.026	-3.322
atac_P06031	inactive	-2.827	-0.877	-3.034	-3.322	-2.294	-1.963
atac_L15087	inactive	-2.266	-2.16	-1.769	-3.322	-2.615	-2.051
atac_P03143	inactive	-2.459	-0.886	-3.322	-2.942	-2.001	-3.322
atac_L20075	inactive	-3.322	-2.169	-0.848	-3.273	-2.648	-3.322
atac_L30779	inactive	-2.441	-2.18	-1.453	-2.968	-2.417	-1.995
atac_P03761	inactive	-2.601	-1.491	-1.679	-2.716	-2.072	-3.322
atac_L06478	inactive	-2.441	-1.113	-3.322	-2.483	-2.543	-3.322
atac_L03278	inactive	-2.543	-3.151	-1.425	-1.874	-2.431	-2.805
atac_P04120	inactive	-2.204	-1.425	-2.547	-2.121	-2.51	-3.322
atac_P06427	inactive	-2.827	-1.636	-1.773	-2.855	-2.696	-2.292
atac_P06266	inactive	-3.322	-2.744	-0.997	-3.105	-2.16	-2.442
atac_L17362	inactive	-2.167	-1.394	-2.179	-3.322	-2.297	-3.154
atac_L06921	inactive	-1.662	-1.52	-2.747	-2.772	-2.109	-3.322
atac_L16335	inactive	-2.305	-1.287	-1.991	-2.694	-2.31	-3.322
atac_L30743	inactive	-2.196	-1.669	-1.163	-3.076	-3.06	-3.322
atac_L01960	inactive	-2.152	-2.201	-1.469	-3.049	-2.456	-3.322
atac_L36980	inactive	-2.662	-1.737	-1.377	-2.694	-2.863	-3.322
atac_L25350	inactive	-1.798	-3.282	-1.158	-3.209	-2.472	-3.152
atac_L38616	inactive	-3.211	-0.962	-1.639	-3.008	-3.009	-3.322
atac_P02045	inactive	-2.673	-1.174	-1.58	-3.322	-2.48	-3.322
atac_P04889	inactive	-2.459	-2.072	-2.372	-1.499	-2.233	-3.322
atac_L32134	inactive	-2.415	-2.07	-2.673	-3.241	-1.735	-1.727
atac_L08518	inactive	-3.322	-2.774	-0.443	-2.819	-3.322	-3.003
atac_L05082	inactive	-3.137	-1.948	-1.186	-2.349	-2.572	-3.322
atac_L09681	inactive	-2.424	-1.652	-1.239	-2.942	-2.514	-3.322
atac_L37540	inactive	-3.322	-1.674	-1.202	-2.819	-2.909	-3.175
atac_L05294	inactive	-3.322	-1.524	-1.261	-3.194	-2.37	-3.322
atac_L25322	inactive	-2.305	-2.484	-1.06	-2.512	-2.796	-3.088
atac_L18738	inactive	-2.314	-1.59	-2.547	-2.114	-1.855	-3.322
atac_L23848	inactive	-2.827	-2.496	-2.264	-2.981	-2.419	-1.493
atac_L21424	inactive	-1.753	-1.761	-2.581	-1.557	-2.801	-3.322
atac_L31473	inactive	-2.468	-1.343	-1.701	-2.662	-2.874	-3.32
atac_L05710	inactive	-2.874	-1.107	-2.08	-3.164	-2.447	-2.588
atac_L24243	inactive	-2.759	-1.689	-1.55	-3.091	-2.829	-3.322
atac_P04277	inactive	-2.827	-1.764	-1.878	-2.151	-2.402	-3.322
atac_L09881	inactive	-3.053	-1.247	-1.614	-3.322	-2.253	-3.041
atac_L16062	inactive	-2.621	-1.591	-3.081	-3.322	-2.923	-1.98
atac_L19332	inactive	-2.459	-1.854	-2.099	-2.446	-2.499	-2.622
atac_L34869	inactive	-3.322	-2.99	-0.755	-2.929	-2.807	-3.322
atac_P00701	inactive	-2.621	-2	-1.299	-3.322	-2.555	-3.168
atac_P01945	inactive	-2.694	-1.608	-3.322	-2.843	-2.362	-1.76
atac_P07062	inactive	-3.095	-2.231	-1.404	-2.446	-2.463	-1.975
atac_L14859	inactive	-2.827	-1.265	-1.601	-2.446	-2.935	-3.322
atac_L30217	inactive	-3.322	-1.854	-2.438	-3.194	-2.341	-2.688
atac_P00024	inactive	-2.961	-2.253	-2.094	-2.333	-2.08	-1.924
atac_L19867	inactive	-3.322	-1.816	-1.383	-2.446	-2.276	-3.085
atac_L17883	inactive	-3.081	-1.567	-3.006	-2.393	-2.112	-2.079
atac_P00402	inactive	-2.827	-1.244	-1.777	-2.283	-3.05	-3.322
atac_L26527	inactive	-2.923	-1.79	-1.212	-2.631	-2.508	-3.322
atac_L30548	inactive	-2.611	-0.895	-2.495	-2.942	-2.485	-3.322
atac_L34510	inactive	-2.874	-1.972	-1.75	-2.283	-2.328	-3.322
atac_L08364	inactive	-2.552	-1.636	-2.609	-3.322	-2.473	-2.325
atac_P05800	inactive	-2.088	-1.802	-2.343	-2.093	-2.161	-3.322
atac_P00570	inactive	-2.827	-1.904	-1.481	-2.107	-3.171	-3.322
atac_P02456	inactive	-2.715	-1.124	-3.322	-1.956	-3.081	-3.322
atac_L03762	inactive	-2.582	-1.786	-1.28	-3.322	-2.907	-3.322
atac_L29770	inactive	-2.694	-2.018	-1.299	-2.375	-2.672	-3.322
atac_L39235	inactive	-1.737	-1.795	-1.556	-2.819	-3.1	-3.322
atac_L38382	inactive	-2.601	-1.561	-2.037	-3.322	-2.544	-1.809
atac_L39723	inactive	-2.611	-1.558	-1.536	-2.56	-3.052	-3.322
atac_L07997	inactive	-3.322	-0.979	-1.407	-3.322	-3.322	-3.322
atac_L02596	inactive	-3.322	-1.838	-2.27	-2.267	-2.967	-2.243
atac_L34584	inactive	-2.273	-1.692	-1.929	-2.419	-2.72	-3.322
atac_L05694	inactive	-1.923	-2.734	-1.362	-3.322	-2.419	-2.576
atac_L35211	inactive	-2.827	-2.098	-1.671	-2.267	-2.559	-3.322
atac_L27740	inactive	-2.204	-1.666	-2.402	-1.905	-2.621	-3.322
atac_P06707	inactive	-2.827	-1.461	-1.484	-3.289	-2.935	-2.985
atac_L38741	inactive	-1.923	-1.793	-2.457	-3.209	-2.678	-3.322
atac_L20194	inactive	-2.167	-2.104	-1.074	-3.257	-3.151	-3.322
atac_L32612	inactive	-2.167	-2.282	-2.554	-2.316	-1.619	-3.322
atac_L04914	inactive	-3.322	-1.564	-1.428	-2.819	-3.211	-2.805
atac_L13372	inactive	-1.942	-1.994	-3.322	-2.831	-2.081	-1.864
atac_L06915	inactive	-2.839	-2.627	-1.168	-3.322	-2.898	-3.322
atac_P00156	inactive	-2.152	-1.946	-1.832	-2.819	-2.714	-3.2
atac_L09972	inactive	-2.839	-2.074	-2.032	-2.358	-2.432	-2.392
atac_P00514	inactive	-2.289	-1.952	-2.372	-2.58	-2.574	-1.893
atac_L05295	inactive	-3.322	-1.628	-1.311	-3.209	-3.322	-3.322
atac_P00180	inactive	-2.398	-0.883	-2.826	-2.968	-3.034	-3.322
atac_L09629	inactive	-3.322	-2.289	-0.919	-3.322	-2.461	-3.322
atac_L30824	inactive	-2.827	-2.674	-1.491	-1.838	-2.347	-3.283
atac_P02752	inactive	-2.123	-1.576	-2.644	-1.905	-3.032	-3.322
atac_L37294	inactive	-3.322	-2.148	-1.096	-3.322	-2.133	-3.322
atac_L20649	inactive	-2.227	-2.416	-1.845	-2.428	-2.499	-3.322
atac_L23790	inactive	-3.322	-1.319	-3.322	-2.299	-2.986	-2.628
atac_L12826	inactive	-2.433	-2.416	-1.761	-2.684	-3.162	-3.322
atac_P05186	inactive	-2.505	-2.599	-1.621	-2.994	-2.543	-3.322
atac_L40719	inactive	-3.322	-1.228	-2.602	-2.151	-2.596	-3.322
atac_P01284	inactive	-2.496	-1.395	-2.114	-3.021	-2.716	-3.322
atac_P00744	inactive	-2.234	-2.085	-1.604	-2.652	-3.217	-3.057
atac_P02871	inactive	-2.642	-2.569	-1.351	-3.209	-2.9	-2.336
atac_L18817	inactive	-1.923	-2.277	-1.354	-3.257	-3.24	-3.175
atac_L00327	inactive	-3.322	-2.085	-1.25	-2.05	-3.124	-3.322
atac_P01057	inactive	-2.839	-3.115	-0.753	-3.322	-3.108	-3.322
atac_L23403	inactive	-3.322	-1.262	-3.322	-2.121	-2.868	-3.322
atac_L01667	inactive	-3.306	-2.294	-1.386	-3.322	-1.919	-3.322
atac_L24128	inactive	-2.415	-2.36	-1.8	-2.58	-3.092	-2.588
atac_L05268	inactive	-3.322	-1.433	-1.912	-2.349	-2.386	-3.322
atac_L26962	inactive	-2.167	-1.822	-2.303	-3.021	-2.684	-2.542
atac_L29571	inactive	-3.322	-2.126	-2.314	-3.322	-1.677	-3.322
atac_L31129	inactive	-2.053	-1.858	-2.114	-2.446	-2.984	-3.322
atac_L15496	inactive	-2.662	-1.639	-2.396	-2.819	-2.635	-3.322
atac_P04638	inactive	-2.459	-1.713	-1.824	-2.738	-2.636	-3.322
atac_L17329	inactive	-2.827	-1.986	-1.986	-1.862	-2.608	-3.322
atac_P02428	inactive	-2.759	-1.681	-3.322	-1.95	-2.816	-2.622
atac_P02882	inactive	-1.868	-2.493	-2.476	-1.963	-2.694	-3.322
atac_P00382	inactive	-3.322	-1.266	-3.015	-2.275	-2.406	-2.925
atac_L39884	inactive	-2.459	-1.684	-2.438	-2.341	-3.011	-2.768
atac_L11898	inactive	-3.322	-2.397	-1.13	-3.289	-3.037	-2.471
atac_P03092	inactive	-2.389	-1.799	-2.732	-2.541	-2.025	-3.322
atac_L05128	inactive	-1.827	-2.104	-2.495	-3.322	-2.456	-3.322
atac_L18063	inactive	-2.737	-2.358	-1.769	-1.912	-2.718	-3.322
atac_P01654	inactive	-2.611	-2.051	-1.765	-2.843	-2.402	-3.322
atac_L35011	inactive	-3.322	-1.264	-1.929	-3.035	-2.311	-3.28
atac_L09270	inactive	-2.827	-2.542	-2.297	-1.503	-2.453	-3.322
atac_P00407	inactive	-2.899	-2.551	-3.053	-1.669	-1.788	-3.322
atac_L09797	inactive	-2.827	-2.378	-2.205	-1.696	-2.909	-3.22
atac_L06725	inactive	-2.827	-1.717	-3.322	-2.621	-2.76	-3.322
atac_L29512	inactive	-3.322	-1.328	-1.472	-3.322	-3.092	-3.322
atac_L17324	inactive	-3.322	-1.978	-1.419	-2.75	-2.69	-3.322
atac_P05330	inactive	-1.33	-2.246	-2.037	-2.819	-3.1	-3.322
atac_L01585	inactive	-2.827	-2.816	-1.319	-2.259	-2.909	-3.139
atac_L09592	inactive	-3.322	-2.41	-1.481	-2.6	-2.431	-2.862
atac_L36833	inactive	-3.306	-1.639	-1.639	-2.673	-2.686	-3.322
atac_L19214	inactive	-1.868	-1.895	-1.773	-3.076	-2.916	-3.322
atac_L19353	inactive	-3.322	-2.12	-2.574	-3.257	-2.422	-2.296
atac_P06659	inactive	-2.33	-1.668	-2.396	-2.259	-3.024	-3.322
atac_P06333	inactive	-3.196	-2.649	-3.322	-2.819	-1.621	-1.676
atac_L30385	inactive	-3.322	-0.732	-2.85	-3.241	-2.945	-3.049
atac_L03190	inactive	-2.389	-2.126	-2.463	-2.694	-2.477	-2.354
atac_L13135	inactive	-2.899	-2.096	-1.907	-3.322	-2.725	-2.771
atac_L32933	inactive	-3.211	-1.774	-1.869	-2.6	-2.143	-3.322
atac_L40154	inactive	-2.827	-1.816	-3.322	-2.456	-2.708	-1.85
atac_L30749	inactive	-2.152	-1.974	-3.202	-3.322	-2.472	-3.162
atac_L40313	inactive	-3.322	-1.658	-1.573	-2.75	-2.47	-3.322
atac_L17638	inactive	-2.572	-2.107	-2.695	-1.664	-3.029	-2.857
atac_P07024	inactive	-2.459	-1.952	-2.149	-2.819	-3.322	-3.322
atac_L30105	inactive	-3.322	-1.095	-3.322	-3.076	-2.615	-3.322
atac_L34370	inactive	-3.322	-1.018	-1.925	-3.049	-3.322	-3.322
atac_L41155	inactive	-3.242	-1.223	-2.264	-3.322	-3.157	-3.179
atac_P04978	inactive	-2.459	-2.217	-2.018	-2.6	-2.442	-2.773
atac_L04526	inactive	-2.433	-1.725	-1.991	-2.483	-2.879	-3.322
atac_P01134	inactive	-2.562	-2.931	-3.322	-2.819	-2.283	-2.056
atac_L22112	inactive	-2.874	-2.912	-3.081	-1.74	-2.684	-2.383
atac_L29784	inactive	-2.827	-2.841	-0.926	-3.322	-3.249	-3.271
atac_L15690	inactive	-2.673	-1.258	-2.248	-3.322	-3.039	-3.322
atac_L41164	inactive	-3.322	-1.414	-2.06	-3.322	-2.836	-2.513
atac_L30547	inactive	-2.827	-1.916	-1.488	-2.819	-3.162	-3.322
atac_L14658	inactive	-3.322	-2.51	-1.239	-2.531	-2.969	-3.081
atac_L40155	inactive	-3.109	-1.479	-1.816	-3.322	-2.909	-2.843
atac_L32258	inactive	-2.273	-2.231	-1.556	-2.446	-3.174	-3.322
atac_L11389	inactive	-3.026	-2.493	-2.104	-2.474	-2.827	-3.322
atac_L36683	inactive	-2.468	-2.248	-2.275	-2.341	-3.014	-3.322
atac_P07090	inactive	-2.662	-2.074	-3.322	-1.78	-2.959	-2.33
atac_L19431	inactive	-3.322	-1.97	-1.22	-3.194	-3.322	-3.322
atac_P06284	inactive	-2.496	-1.99	-2.134	-3.008	-2.342	-3.322
atac_P00696	inactive	-2.297	-2.761	-2.917	-1.97	-2.881	-3.322
atac_L36705	inactive	-3.322	-1.63	-2.432	-3.322	-2.366	-3.081
atac_P06204	inactive	-2.167	-2.064	-3.322	-2.446	-2.656	-3.322
atac_L31536	inactive	-2.851	-2.128	-3.223	-2.819	-2.48	-2.988
atac_L00363	inactive	-3.137	-2.012	-2.609	-2.819	-2.729	-1.987
atac_L28091	inactive	-3.053	-3.081	-2.149	-2.446	-3.081	-2.174
atac_L30220	inactive	-2.673	-1.668	-2.778	-3.289	-2.674	-3.322
atac_L11248	inactive	-3.322	-2.389	-3.322	-2.819	-1.903	-3.322
atac_L04512	inactive	-3.123	-1.092	-3.015	-3.209	-2.737	-3.322
atac_P06651	inactive	-2.673	-2.185	-1.55	-2.981	-2.722	-3.322
atac_L39680	inactive	-2.683	-2.767	-1.697	-3.322	-1.877	-3.322
atac_L29961	inactive	-3.322	-3.302	-1.173	-3.179	-2.572	-3.156
atac_L09087	inactive	-3.137	-2.173	-1.266	-3.322	-3.174	-3.322
atac_P06452	inactive	-2.694	-2.299	-2.687	-2.121	-2.823	-3.322
atac_P06914	inactive	-3.137	-1.994	-2.588	-1.983	-2.114	-3.322
atac_L09834	inactive	-3.322	-2.522	-2.588	-2.493	-2.172	-3.322
atac_L40337	inactive	-1.892	-3.322	-1.601	-3.105	-2.969	-3.322
atac_L19835	inactive	-2.06	-3.258	-1.882	-2.493	-2.505	-3.322
atac_P06259	inactive	-3.306	-1.519	-2.075	-3.257	-2.424	-3.322
atac_P00687	inactive	-2.543	-1.737	-2	-3.257	-2.727	-3.322
atac_L15943	inactive	-3.322	-2.824	-2.747	-3.322	-1.765	-2.259
atac_P05553	inactive	-2.189	-2.608	-3.322	-2.243	-2.704	-3.322
atac_P06513	inactive	-2.827	-2.487	-2.508	-2.772	-2.044	-3.322
atac_L20109	inactive	-3.322	-2.107	-1.469	-3.322	-3.001	-3.322
atac_P05179	inactive	-3.152	-1.732	-2.286	-2.784	-2.996	-3.322
atac_L32945	inactive	-3.322	-2.297	-2.926	-2.173	-2.505	-2.495
atac_L30387	inactive	-2.704	-2.299	-3.322	-3.322	-2.517	-1.998
atac_L11109	inactive	-2.923	-2.012	-2.534	-2.057	-2.879	-3.322
atac_P01017	inactive	-2.611	-2.062	-2.489	-2.981	-2.909	-3.322
atac_L22721	inactive	-3.167	-1.847	-2.184	-2.819	-2.814	-3.322
atac_L21852	inactive	-3.322	-1.454	-2.06	-3.322	-3.182	-3.063
atac_L26448	inactive	-3.322	-1.715	-3.322	-3.322	-2.635	-3.322
atac_L19829	inactive	-3.322	-1.982	-3.322	-1.701	-2.498	-3.322
atac_L29686	inactive	-3.067	-2.954	-1.59	-3.322	-2.952	-3.065
atac_P00308	inactive	-2.123	-2.171	-3.006	-2.465	-2.664	-3.322
atac_P00644	inactive	-3.109	-1.889	-2.515	-2.023	-2.803	-3.322
atac_P03401	inactive	-3.167	-2.122	-2.378	-3.322	-2.604	-2.4
atac_P02989	inactive	-2.524	-1.832	-3.322	-2.716	-2.779	-2.36
atac_L11355	inactive	-3.137	-2.378	-1.712	-3.035	-2.636	-3.322
atac_L25013	inactive	-3.322	-2.4	-2.154	-2.446	-3.034	-3.322
atac_P01684	inactive	-3.181	-3.183	-3.322	-1.205	-2.914	-2.781
atac_L38217	inactive	-3.322	-2.294	-1.92	-3.322	-2.704	-2.286
atac_L17678	inactive	-2.974	-1.889	-3.322	-2.474	-3.078	-3.322
atac_P05963	inactive	-2.827	-1.584	-2.27	-3.322	-2.684	-3.322
atac_L05273	inactive	-3.322	-3.006	-2.08	-2.819	-2.309	-3.322
atac_L17394	inactive	-1.678	-2.533	-2.917	-2.204	-3.124	-3.322
atac_L30780	inactive	-2.874	-1.48	-3.322	-2.819	-2.537	-3.322
atac_P06555	inactive	-3.322	-1.956	-3.322	-3.322	-2.613	-3.145
atac_P04302	inactive	-2.459	-2.539	-2.892	-2.037	-2.805	-3.322
atac_L17658	inactive	-1.726	-1.762	-3.322	-3.194	-3.174	-3.322
atac_L25956	inactive	-3.322	-2.737	-1.808	-2.819	-3.034	-3.322
atac_L11330	inactive	-3.322	-1.785	-2.842	-2.652	-2.967	-2.47
atac_L38349	inactive	-3.322	-1.536	-1.812	-3.322	-3.322	-3.322
atac_L21465	inactive	-3.322	-2.697	-1.148	-3.322	-3.149	-3.322
atac_P05039	inactive	-3.322	-2.137	-2.63	-2.166	-3.057	-3.322
atac_P03729	inactive	-1.673	-2.319	-3.322	-3.322	-3.214	-3.322
atac_L00777	inactive	-2.533	-3.022	-1.845	-3.119	-2.794	-3.322
atac_L26388	inactive	-3.322	-1.584	-3.322	-2.819	-2.333	-3.322
atac_L00714	inactive	-3.322	-1.557	-2.104	-3.322	-3.258	-3.322
atac_P05112	inactive	-1.923	-1.867	-3.322	-2.819	-3.135	-3.322
atac_L18075	inactive	-2.338	-1.73	-3.322	-2.446	-3.211	-3.322
atac_L19454	inactive	-3.322	-1.912	-2.63	-2.307	-2.666	-3.322
atac_L05789	inactive	-2.242	-2.513	-2.883	-3.322	-2.722	-3.065
atac_L24061	inactive	-3.322	-2.312	-2.858	-1.905	-3.118	-3.065
atac_L13296	inactive	-2.827	-3.187	-2.303	-2.55	-2.868	-3.322
atac_P06679	inactive	-3.242	-1.917	-2.961	-3.257	-2.422	-3.322
atac_L20129	inactive	-3.109	-2.41	-1.777	-2.942	-2.754	-3.322
atac_L21948	inactive	-3.322	-1.783	-2.154	-3.322	-3.102	-3.152
atac_L36639	inactive	-3.322	-1.421	-3.322	-3.322	-3.191	-3.322
atac_L26050	inactive	-2.433	-2.587	-2.842	-2.428	-2.79	-3.322
atac_L00062	inactive	-2.726	-1.657	-3.322	-3.305	-2.508	-3.322
atac_L16799	inactive	-2.591	-2.299	-2.858	-3.322	-2.16	-3.285
atac_L14246	inactive	-3.109	-2.608	-2.695	-2.188	-3.217	-3.322
atac_L25680	inactive	-3.322	-3.322	-1.51	-2.493	-3.143	-3.322
atac_L30209	inactive	-2.159	-3.169	-2.366	-2.819	-2.568	-3.322
atac_L08239	inactive	-3.322	-3.12	-1.816	-2.879	-3.081	-3.322
atac_L31090	inactive	-2.793	-2.545	-3.322	-1.976	-3.196	-2.9
atac_L10692	inactive	-1.657	-3.16	-3.322	-2.541	-3.264	-3.322
atac_L18285	inactive	-2.459	-3.322	-1.57	-3.322	-3.322	-3.322
atac_L32944	inactive	-3.322	-1.713	-2.237	-3.322	-3.151	-3.322
atac_P01674	inactive	-3.322	-1.82	-3.025	-3.076	-2.716	-3.181
atac_L30082	inactive	-3.322	-2.646	-2.408	-2.819	-2.621	-3.322
atac_L40368	inactive	-3.322	-2.012	-3.322	-3.322	-2.082	-3.322
atac_L30594	inactive	-3.322	-2.27	-2.046	-3.322	-3.279	-3.322
atac_L30225	inactive	-3.322	-2.418	-2.515	-3.322	-2.577	-3.299
atac_L19428	inactive	-3.095	-2.229	-2.119	-2.819	-3.322	-3.322
atac_P07140	inactive	-3.167	-2.681	-3.101	-2.684	-2.323	-3.322
atac_L32109	inactive	-3.322	-3.322	-2.502	-2.819	-2.886	-3.322
atac_L11970	inactive	-2.77	-3.142	-3.322	-2.75	-2.581	-3.322
atac_L40214	inactive	-3.322	-2.747	-2.687	-3.119	-2.764	-2.959
atac_L14580	inactive	-2.642	-2.707	-3.322	-2.446	-3.322	-3.322
atac_L11263	inactive	-3.322	-2.697	-1.973	-3.322	-3.076	-3.16
atac_L17496	inactive	-3.322	-1.781	-3.322	-3.322	-3.135	-3.156
atac_L04242	inactive	-3	-1.8	-2.755	-3.322	-3.322	-3.227
atac_L21137	inactive	-3.322	-3.322	-1.501	-3.322	-3.143	-3.322
atac_L40576	inactive	-2.726	-3.307	-2.36	-3.322	-2.35	-3.322
atac_L35281	inactive	-3.322	-2.194	-3.322	-3.322	-3.228	-3.322
atac_L00537	inactive	-2.694	-3.064	-2.581	-2.631	-3.322	-3.322
atac_L10665	inactive	-3.322	-2.079	-3.322	-3.322	-3.063	-3.322
atac_L40114	inactive	-3.322	-2.166	-2.349	-2.994	-3.322	-3.264
atac_L19605	inactive	-3.181	-2.045	-2.952	-2.819	-3.06	-3.322
atac_L19616	inactive	-3.322	-2.919	-2.943	-2.819	-2.341	-3.322
atac_L40681	inactive	-3.322	-3.322	-2.414	-2.446	-2.884	-3.322
atac_L10971	inactive	-3.322	-2.82	-2.68	-3.035	-2.596	-3.322
atac_P07146	inactive	-2.314	-3.322	-3.322	-2.819	-2.521	-3.322
atac_L30493	inactive	-3.109	-2.691	-3.322	-3.322	-2.702	-2.702
atac_L30724	inactive	-3.322	-2.578	-3.322	-2.795	-2.666	-3.322
atac_L11332	inactive	-3.322	-2.368	-2.77	-2.819	-3.322	-3.049
atac_L30141	inactive	-3.322	-2.368	-2.702	-3.322	-3.246	-3.322
atac_L12394	inactive	-3.322	-3.322	-2.06	-2.819	-3.322	-3.229
atac_L09965	inactive	-3	-2.605	-3.322	-3.273	-2.856	-3.125
atac_L39228	inactive	-2.726	-2.935	-2.637	-3.322	-3.174	-3.322
atac_L30360	inactive	-3.322	-3.322	-2.174	-2.942	-3.322	-3.322
atac_L17412	inactive	-2.827	-2.282	-3.322	-3.322	-3.322	-3.322
atac_L17576	inactive	-3.322	-3.297	-3.322	-2.446	-3.322	-3.322
atac_L26191	inactive	-2.827	-2.863	-3.322	-3.322	-3.016	-3.322
atac_P04406	inactive	-2.899	-2.723	-3.255	-3.322	-3.1	-3.322
atac_L30359	inactive	-3.322	-3.322	-3.322	-3.322	-3.157	-3.322
atac_P05251	inactive	-3.322	-2.834	-3.322	-3.322	-3.322	-3.322
atac_P07203	inactive	-3.322	-2.827	-3.322	-3.322	-2.974	-3.322
atac_P00762	inactive	-3.322	-3.322	-2.609	-3.322	-3.171	-3.322
atac_L17413	inactive	-3.152	-2.813	-3.322	-3.322	-3.322	-3.322
atac_L17497	inactive	-3.322	-3.322	-3.015	-3.322	-3.322	-3.322
atac_L12389	inactive	-3.227	-3.322	-3.322	-3.322	-3.322	-3.322
atac_P01975	inactive	-3.322	-3.322	-3.322	-3.322	-3.322	-3.322
atac_P03689	inactive	-3.322	-3.322	-3.322	-3.322	-3.322	-3.322
atac_P04607	inactive	-3.322	-3.322	-3.322	-3.322	-3.322	-3.322
atac_L34683	inactive	-3.322	-3.322	-3.322	-3.322	-3.322	-3.322
atac_L38605	inactive	-3.322	-3.322	-3.322	-3.322	-3.322	-3.322
atac_P05374	inactive	-3.322	-3.322	-3.322	-3.322	-3.322	-3.322
