Ensembl_Gene_ID	FPKM_(+)4SUTP_512cell_rep1	FPKM_(+)4SUTP_256cell_rep1	FPKM_(+)4SUTP_128cell_rep1	FPKM_(+)4SUTP_512cell_rep2	FPKM_(+)4SUTP_256cell_rep2	FPKM_(+)4SUTP_128cell_rep2	FPKM_(-)4SUTP_128cell	FPKM_(-)4SUTP_256cell	FPKM_(-)4SUTP_512cell
ENSDARG00000000001	1.11648	1.18216	0.964857	0.540776	0.942845	0.654724	1.91981	0.83309	0.68471
ENSDARG00000000002	0.262319	0.423498	0.249893	0.165186	0.21301	0.211905	0.242423	0.331151	0.259999
ENSDARG00000000018	3.29841	3.40238	3.50089	0.896285	1.14886	1.05706	2.34353	1.05653	0.842956
ENSDARG00000000019	6.71719	7.12583	5.33461	2.76538	3.32785	3.21803	5.0912	2.38702	1.58361
ENSDARG00000000068	2.0678	2.59031	2.14724	0.160982	0.606255	0.857659	1.02919	0.401398	0.323608
ENSDARG00000000086	4.75202	6.36964	5.86815	2.55936	2.51559	3.0363	8.00985	5.5639	5.09612
ENSDARG00000000103	13.4769	14.074	9.83547	4.84702	5.32717	5.79363	8.16134	4.48934	2.90764
ENSDARG00000000151	1.39512	1.11148	1.6563	0.68887	1.07317	1.4209	2.40658	0.802146	0.690425
ENSDARG00000000183	3.97258	4.9404	4.32977	1.33376	1.99026	1.99039	1.85204	2.47424	1.12362
ENSDARG00000000189	0.974505	2.00737	1.43211	0.690288	0.790199	0.804533	3.36349	1.88783	0.99543
ENSDARG00000000324	3.00407	2.87665	3.14198	1.93595	2.12646	2.56486	3.94394	1.51502	0.755441
ENSDARG00000000370	0.104366	0.17049	0.18929	0.0570408	0.0413051	0.104845	0.0436366	0.0505118	0
ENSDARG00000000384	1.47881	1.6568	2.73433	0.886047	1.35677	0.796266	2.76572	1.6599	0.603457
ENSDARG00000000394	10.7497	11.0383	11.3156	6.02491	5.52394	6.95635	5.15743	3.1204	1.23064
ENSDARG00000000442	8.28208	7.37324	4.01916	4.99602	4.60771	4.60613	16.0675	6.99697	4.96111
ENSDARG00000000476	0.395044	0.875986	0.354462	0.291309	0.481947	0.445881	1.28562	0.666126	0.315948
ENSDARG00000000489	15.965	14.5274	13.0877	4.29832	3.06024	4.29931	8.73402	3.78962	1.63588
ENSDARG00000000529	2.88479	3.89634	2.05544	1.17012	1.78728	1.57195	4.48729	2.81663	0.607445
ENSDARG00000000540	1.82317	1.45362	1.71132	0.526076	1.18333	0.872029	1.70646	0.604186	0.541921
ENSDARG00000000542	11.921	9.44006	9.93655	3.36006	3.8349	5.5372	5.91441	2.62369	1.63967
ENSDARG00000000567	2.76974	1.86247	1.06595	0.664943	0.522058	0.324629	0.874968	0.4553	0.458927
ENSDARG00000000568	9.41767	11.9464	11.2301	3.24247	4.73564	4.89456	7.8017	4.84895	3.07423
ENSDARG00000000588	1.75278	0.762372	0.547515	0.892789	0.779223	0.659471	1.5202	0.667418	0.447392
ENSDARG00000000631	4.62521	6.86393	6.85144	3.13741	2.57059	4.03925	7.32823	5.0701	1.90699
ENSDARG00000000729	12.1244	16.4789	13.2427	4.57568	5.93387	7.99244	14.0303	8.96391	3.22583
ENSDARG00000000730	1.50513	1.10448	2.46914	0.891954	1.58949	1.53715	1.84915	1.2898	0.840352
ENSDARG00000000779	1.20261	0.511946	0.36579	0.296634	0.488752	0.692123	1.03459	0.52385	0.336518
ENSDARG00000000796	1.01726	1.23819	0.786128	0.515543	0.343142	0.451708	0.797163	0.182956	0.359556
ENSDARG00000000830	0.927387	1.03289	1.49789	0.384059	0.54913	0.329543	1.05675	0.70355	0.338758
ENSDARG00000000837	0.856761	1.47995	1.66083	1.28726	1.20599	1.21009	1.95868	1.31769	0.990169
ENSDARG00000000853	10.846	14.8028	10.8185	1.50708	1.91402	2.13236	6.81505	3.80348	4.13132
ENSDARG00000000857	9.62284	11.6165	7.74378	5.14587	5.2814	7.37971	4.90325	3.47351	2.57649
ENSDARG00000000861	8.42648	11.7482	10.1482	6.7499	9.14475	10.0734	15.2489	10.0888	6.17583
ENSDARG00000000887	33.1459	45.276	36.078	9.95512	11.5356	14.6734	11.3384	5.84693	2.22988
ENSDARG00000000935	3.24913	3.44746	3.25065	1.73157	2.72826	1.99469	15.5419	5.85477	5.65051
ENSDARG00000000943	0.911096	0.186764	0.247697	0.255461	0.0669442	0	0.0635937	0.0835823	0.0282546
ENSDARG00000000966	5.43908	6.59015	7.28688	2.52422	4.09848	3.9387	6.4368	7.80298	4.75467
ENSDARG00000000972	4.67364	5.63898	4.39849	3.13849	3.21912	3.55752	5.19375	3.37597	3.01188
ENSDARG00000001014	5.69011	7.108	5.52278	2.29497	2.86806	2.71346	4.21671	2.89832	2.06466
ENSDARG00000001057	3.75832	1.61953	1.33731	0.698699	0.427833	0.804447	0.532333	1.23065	1.08755
ENSDARG00000001129	8.8901	9.46493	7.21949	4.15453	4.73749	4.77118	9.45783	6.12235	3.66004
ENSDARG00000001162	8.85887	10.2291	8.57221	4.64888	5.08869	6.22594	12.6868	8.47955	4.15943
ENSDARG00000001169	10.9876	4.06082	1.01804	5.5487	2.04197	0.625497	0.770379	0.189175	0.0864961
ENSDARG00000001210	10.381	10.2344	13.7263	3.6326	3.06578	3.34627	3.33617	1.53403	0.857523
ENSDARG00000001220	2.89787	3.67821	2.94115	1.47233	2.11707	2.15438	2.21727	1.64611	1.15648
ENSDARG00000001241	11.3615	13.8263	11.6532	4.18361	3.45136	5.31862	5.74678	3.06247	2.72959
ENSDARG00000001244	112.832	127.325	88.7803	54.8024	54.7847	52.193	109.454	49.1813	32.5194
ENSDARG00000001285	5.23453	6.15243	5.5345	2.49312	2.7614	2.5086	4.56882	3.00479	1.31902
ENSDARG00000001313	2.73673	2.36661	1.78527	1.89948	1.84046	1.71112	2.63035	1.64758	0.718187
ENSDARG00000001447	5.43074	5.91783	5.99455	3.68434	3.2623	4.1134	6.01854	3.47602	2.27767
ENSDARG00000001452	1.9445	1.73003	1.04045	0.36784	0.706449	0.716735	1.06528	0.49509	0.126008
ENSDARG00000001498	0.285546	0.58544	0.775026	0.0480053	0.0367918	0.0806396	0.1273	3.93986e-11	2.48222e-11
ENSDARG00000001549	9.06336	7.60008	6.71952	1.19553	1.07656	2.049	2.46012	1.5252	1.21805
ENSDARG00000001557	2.01365	1.23569	1.16878	0.901279	0.661866	0.537277	1.55606	0.647824	0.290799
ENSDARG00000001558	3.43593	3.09889	4.05519	2.18424	2.39291	2.98478	5.65333	3.30616	1.03911
ENSDARG00000001578	1.89103	1.4269	1.10956	0.575571	0.391123	0.567867	0.377258	0.188838	0.220567
ENSDARG00000001621	2.65371	2.25298	1.98322	0.735258	0.728362	1.42991	1.77561	0.833943	0.764078
ENSDARG00000001637	0.577372	0.532399	0.314346	0.511924	0.585594	0.924466	1.52354	1.02684	1.22028
ENSDARG00000001676	1.23019	1.69252	0.697726	1.3598	1.52948	1.3831	3.01107	1.47757	0.612065
ENSDARG00000001729	2.58508	2.89757	3.13285	1.78057	2.05319	2.29424	3.15069	1.74135	1.24547
ENSDARG00000001734	1.2089	1.74372	2.25584	0.658322	0.51258	0.72733	0.786499	0.203664	0.0918931
ENSDARG00000001754	2.09177	2.72938	3.02537	1.50275	1.68039	1.82197	3.69965	1.71987	0.549882
ENSDARG00000001767	0.843746	0.955785	1.33559	0.887335	0.744691	0.894358	2.9064	1.23045	0.928417
ENSDARG00000001769	4.15722	5.9386	6.10074	2.03953	2.71062	3.19304	9.37533	6.43128	4.52844
ENSDARG00000001777	2.89709	3.0305	2.04226	1.3755	1.46092	1.97283	4.7571	4.87862	2.66866
ENSDARG00000001829	8.75644	4.49594	8.6674	3.13136	2.61307	2.83165	3.31552	1.78314	1.66404
ENSDARG00000001857	10.8105	12.8707	12.1398	4.73045	5.78752	5.54217	16.488	10.7986	8.3818
ENSDARG00000001873	1.49522	2.35256	3.78748	1.53698	1.47904	2.33769	2.02585	0.946281	0.521817
ENSDARG00000001879	2.64146	3.24595	2.77908	0.837866	0.835895	0.907421	2.98826	1.98293	0.959884
ENSDARG00000001880	1.92429	1.91372	1.41871	0.447129	0.57318	0.345753	1.71818	0.838877	0.489284
ENSDARG00000001888	4.69161	7.97169	4.56491	2.59795	1.63642	2.08798	4.05114	1.52574	1.18645
ENSDARG00000001890	8.3357	8.9872	9.88308	4.85725	5.73906	7.66039	11.3422	7.06601	3.81626
ENSDARG00000001897	1.95	2.76633	2.04572	0.533225	1.30255	1.31979	1.99802	1.03607	0.378638
ENSDARG00000001915	31.5317	70.3077	40.7083	6.14008	9.47818	8.7809	12.6548	11.7859	14.4821
ENSDARG00000001929	1.70332	1.5993	0.933455	0.836276	0.987037	1.14998	1.85621	1.03151	1.27449
ENSDARG00000001930	0.840914	1.06113	1.79972	0.558057	0.75202	0.873022	1.39536	1.13004	0.586583
ENSDARG00000001940	23.1217	24.1024	16.0592	5.53254	4.87381	6.04288	4.96844	2.35307	1.21377
ENSDARG00000001968	2.07332	2.47968	1.97966	1.02554	1.14957	1.34995	3.02436	1.15292	0.889556
ENSDARG00000001969	4.60821	8.95673	7.87495	3.81549	3.89171	4.21091	7.80532	4.82337	4.48247
ENSDARG00000002013	5.56177	6.42885	5.26201	3.02779	3.94079	3.36748	11.3907	5.50636	4.08717
ENSDARG00000002016	2.77851	3.97144	3.09502	2.29535	2.63094	3.86485	5.1004	1.46259	1.01091
ENSDARG00000002020	1.672	2.47376	2.1013	0.964269	1.17233	1.19057	2.26271	1.4325	0.764601
ENSDARG00000002021	1.72963	1.44196	1.85971	0.831701	1.34593	1.57474	1.33597	0.8739	0.818297
ENSDARG00000002031	2.65571	3.20385	2.43717	1.72789	2.77895	3.13696	6.7368	3.70097	2.06802
ENSDARG00000002077	3.16734	2.29749	4.00594	0.879066	0.996129	1.53633	1.2666	0.964212	0.138863
ENSDARG00000002082	22.8611	27.0331	25.0108	7.33241	8.555	11.7749	18.9747	9.88435	4.18794
ENSDARG00000002127	8.2955	12.004	10.5551	3.97379	3.01772	5.61986	10.4491	5.42611	3.69367
ENSDARG00000002128	3.02526	2.42916	3.40682	1.93484	0.988415	1.99967	1.42313	0.685047	0.316124
ENSDARG00000002131	0.352727	0.39303	0.332011	0.153102	0.1693	0.561245	0.640531	0.463319	0.0822547
ENSDARG00000002168	15.3058	16.498	17.4111	7.44074	5.50412	7.74821	4.52602	2.94914	1.07671
ENSDARG00000002174	1.03315	1.52915	1.4195	0.712789	1.45705	0.734497	1.54393	0.613467	0.316456
ENSDARG00000002184	2.8969	4.57773	3.23299	1.05836	1.66344	1.69904	1.9786	1.82491	1.55468
ENSDARG00000002190	2.7546	2.7124	2.5664	1.63665	1.64065	2.00107	3.78147	1.82445	0.597654
ENSDARG00000002197	2.30638	2.55217	2.6156	2.04205	2.15248	2.66001	3.01774	1.75816	0.682278
ENSDARG00000002213	0.659162	0.443367	0.554952	0.324757	0.461206	0.256116	0.715056	0.367927	0.356953
ENSDARG00000002215	4.86308	7.51531	7.42826	2.67845	2.26448	3.51997	4.91515	3.70071	1.88351
ENSDARG00000002220	8.74219	8.99923	6.84714	1.59895	3.06597	3.21668	4.19969	2.55937	0.465985
ENSDARG00000002231	0.347099	0.843631	0	0.144403	0.930185	0.133655	2.68808	0.552855	1.28111
ENSDARG00000002267	6.2292	3.88254	3.8759	2.16049	1.52595	2.81276	4.75148	3.06079	1.24398
ENSDARG00000002271	133.657	97.9114	75.6721	77.8121	68.9781	70.0029	66.7569	37.4107	26.6192
ENSDARG00000002285	2.13011	1.93157	2.7803	1.50537	1.62262	1.76895	2.63668	1.29513	0.987501
ENSDARG00000002303	4.25197	5.20928	4.15766	0.983087	1.10607	1.00972	1.28628	0.809722	0.63816
ENSDARG00000002304	2.55763	1.5888	2.24872	0.906774	0.988084	1.27121	5.66431	2.51526	0.577809
ENSDARG00000002305	5.05474	6.54299	4.8053	1.98694	2.53058	2.99521	6.00441	3.13354	1.03198
ENSDARG00000002330	1.78142	1.6129	2.10511	0.995825	1.66738	1.48029	4.22421	2.79191	0.379304
ENSDARG00000002332	4.87152	5.39493	4.73827	2.57566	2.70988	2.73545	4.44538	2.97295	1.93586
ENSDARG00000002336	1.84092	0.396147	0	0.571686	0.0307771	0	0.0300601	0	0
ENSDARG00000002339	1.30811	1.64965	2.60249	0.395946	0.969806	1.48418	2.43811	0.839398	0.303306
ENSDARG00000002344	112.118	85.3934	59.0046	33.6341	31.9887	30.092	45.694	24.1977	19.5458
ENSDARG00000002347	2.31373	3.30958	4.17808	1.72971	1.96488	2.77726	4.95954	2.79651	1.0269
ENSDARG00000002353	5.71187	0.883514	0	2.7105	0.419328	0	0	0.0404425	0.038015
ENSDARG00000002362	0.529599	0.721995	0.432777	0.173155	0.438114	0.468256	1.37297	0.453127	0.238032
ENSDARG00000002365	1.56969	2.39234	2.7134	0.881866	1.30162	1.50879	1.91424	0.714671	0.442243
ENSDARG00000002369	13.8971	12.4984	11.1264	6.9683	4.27538	6.25026	14.3866	7.33289	2.8435
ENSDARG00000002377	6.10877	7.76403	8.22846	4.01895	3.42984	3.29047	5.52273	2.78232	2.70698
ENSDARG00000002385	0.92787	1.83113	0.984455	0.575846	0.978919	0.945804	1.06575	0.497188	0.440549
ENSDARG00000002396	5.54734	7.40777	7.47767	3.00124	3.30658	4.17641	4.13074	1.86312	0.947467
ENSDARG00000002400	66.2497	91.644	80.4149	34.5719	35.7165	46.8003	89.0739	49.1265	26.8182
ENSDARG00000002401	1.64144	2.88307	0.638335	0.71826	0.888817	0.986502	2.03128	0.564833	0.261866
ENSDARG00000002402	0.837549	0.460119	0.45372	0.274163	0.493442	0.797638	0.397557	0.288433	0.220465
ENSDARG00000002403	6.19394	6.35219	6.43196	3.37317	3.42723	4.7874	8.07715	4.69418	2.45047
ENSDARG00000002412	2.85107	2.11188	2.20128	1.20372	1.60474	1.99176	2.78153	1.10178	0.561657
ENSDARG00000002414	3.73338	4.70041	3.60305	2.08719	2.65867	4.88989	3.83437	2.05262	1.05
ENSDARG00000002463	3.43066	2.06087	3.40791	1.08293	1.81404	2.22292	3.71221	2.38529	1.59389
ENSDARG00000002467	1.80233	4.20043	3.425	0.451948	0.492818	0.737495	0.896956	0.368531	0.11371
ENSDARG00000002479	5.99228	6.48941	4.33307	1.96918	2.29071	2.02945	1.9908	0.894711	0.503584
ENSDARG00000002494	1.15497	2.55235	1.54943	1.23598	0.781961	1.18765	1.46418	0.929417	0.933076
ENSDARG00000002506	3.68478	3.83266	4.0746	0.964612	1.18274	3.101	3.20005	2.10969	1.35446
ENSDARG00000002509	1.70976	0.817217	0.0738315	0.443513	0	0.0703779	0.187825	0.266927	0.144926
ENSDARG00000002523	2.02272	2.35538	2.40348	0.573358	0.977057	1.3329	1.74822	0.648039	0.663976
ENSDARG00000002536	13.7327	14.3657	10.4782	3.68769	4.48146	5.74256	4.91092	1.72574	1.29667
ENSDARG00000002538	6.62655	8.11034	5.82146	2.12594	2.06977	4.00473	3.22849	1.57971	0.537452
ENSDARG00000002546	0.735418	0.701007	0.779833	0.516649	0.364699	0.576553	0.875137	0.556225	0.128422
ENSDARG00000002552	12.957	12.8365	11.9241	4.13271	4.41077	5.56479	7.60629	3.04162	2.04943
ENSDARG00000002571	2.51198	2.8511	1.78062	1.23434	1.56039	1.2056	3.08232	0.985199	1.98121
ENSDARG00000002591	8.58521	10.0685	7.81094	4.77299	4.44171	4.19771	7.07959	4.11226	2.36068
ENSDARG00000002597	3.23826	4.10213	2.50577	1.98796	2.23509	2.6512	5.60343	2.60111	1.1676
ENSDARG00000002601	240.018	92.937	4.1764	109.359	33.1981	1.8692	0.285022	0.113624	0.303917
ENSDARG00000002609	0.301292	0.261415	0.635588	0.0404406	0.157141	0.139167	0.259706	0.191444	0.328062
ENSDARG00000002613	8.26527	6.14719	6.2004	3.36908	2.58207	3.92742	2.80629	1.36334	0.126462
ENSDARG00000002614	7.5395	4.44087	3.50421	3.09619	1.85773	2.39584	4.22238	2.26566	1.61816
ENSDARG00000002642	2.39574	3.18212	2.23648	0.938864	1.03013	1.2757	0.675931	0.751422	0.500376
ENSDARG00000002659	7.92345	8.29249	7.83287	4.07869	5.94781	7.27977	13.6153	7.33649	5.18018
ENSDARG00000002670	1.73235	2.26176	2.27563	0.395093	0.967963	0.924428	1.98235	1.74696	0.604667
ENSDARG00000002685	1.67621	1.31786	2.17268	1.3559	0.88701	1.64002	2.25613	0.593995	0.498448
ENSDARG00000002702	0.51289	2.25076	1.16658	0.626501	0.55912	0.902079	1.32661	0.803145	0.0675031
ENSDARG00000002707	201.245	71.1956	1.71778	46.4696	11.8492	0.459926	0.455251	0.297957	0.80321
ENSDARG00000002710	80.503	72.0657	64.5472	39.336	33.2968	32.7183	41.4277	25.9112	15.9482
ENSDARG00000002720	1.77729	1.64258	2.70495	1.24298	1.76419	1.64063	2.49039	0.987344	0.118479
ENSDARG00000002731	2.31945	1.46927	0.804617	2.40089	0.567925	1.36058	2.85798	1.14344	0.845089
ENSDARG00000002745	13.3447	9.63407	7.99963	2.37562	2.96986	3.79799	4.96086	3.33505	1.35696
ENSDARG00000002748	6.73208	6.70698	3.50598	1.76726	1.76336	1.63159	4.4841	3.44704	2.24166
ENSDARG00000002750	4.52147	6.13607	3.64513	1.99155	1.34477	1.75398	3.76881	1.32844	1.07619
ENSDARG00000002758	2.21086	1.28303	1.49778	1.20023	1.1513	1.36454	3.40222	1.0643	0.733322
ENSDARG00000002787	13.4965	17.7642	18.1359	4.38645	5.25329	6.21898	12.4388	8.50204	4.49392
ENSDARG00000002791	11.4539	25.2249	13.8094	7.14691	17.96	17.2796	16.1534	14.0269	4.05632
ENSDARG00000002792	13.9258	22.7147	15.9485	4.29079	4.90622	5.79435	6.70016	2.18166	1.89104
ENSDARG00000002798	0.806477	1.26074	1.07435	0.294125	0.992862	0.557861	0.994135	0.357597	0.240017
ENSDARG00000002826	1.75	2.21825	2.44575	1.03628	0.866419	1.33597	2.20312	1.79745	0.84363
ENSDARG00000002830	1.82884	3.22778	2.27281	0.895641	0.948785	1.22909	1.93135	1.11784	0.453569
ENSDARG00000002840	0.381572	0.292628	0.213975	0.126133	0.0558625	0.196225	0.320636	0.0968598	0.0130146
ENSDARG00000002847	0.398412	0.714554	0.2415	0.161982	0.251372	0.457766	1.03829	0.626809	0.254713
ENSDARG00000002877	8.49992	8.53904	6.66866	4.54328	4.46991	4.49604	10.4183	7.1572	4.33603
ENSDARG00000002880	0.943918	0.773739	1.01754	0.4328	0.647425	0.827496	1.28295	1.12966	0.588204
ENSDARG00000002894	6.50068	3.96217	4.95414	1.41742	2.01888	2.93511	3.6634	2.02138	2.22736
ENSDARG00000002909	9.92941	15.7728	10.7689	8.10205	8.07769	7.20023	21.387	11.4785	6.95392
ENSDARG00000002912	2.14426	4.59858	3.76938	1.30036	1.88661	2.08343	3.93596	2.36823	2.8436
ENSDARG00000002916	3.25701	3.86085	3.24404	1.38633	1.87719	2.00697	4.55494	2.42246	1.74141
ENSDARG00000002949	5.17123	4.8447	4.82482	3.24484	3.23875	3.43998	3.05019	1.98141	0.748623
ENSDARG00000002967	2.4312	3.33105	1.58631	0.577397	0.23961	0.894058	1.72311	0.662051	0.106844
ENSDARG00000002970	7.25015	9.75082	7.93062	2.09133	2.81754	2.97062	4.16052	2.82867	1.96137
ENSDARG00000002971	8.28047	9.01222	6.46266	2.43019	2.76777	3.23483	6.56092	3.29279	2.17494
ENSDARG00000002980	1.33872	2.20552	1.83613	0.752767	0.742082	1.06674	2.51391	2.08447	1.68546
ENSDARG00000002991	2.42109	3.20723	2.31133	0.963563	0.694357	1.5372	1.60499	0.826829	0.446411
ENSDARG00000002994	4.45564	4.15654	4.42921	2.15758	1.47135	2.31453	3.84148	1.44425	1.0943
ENSDARG00000003008	0.779201	1.50076	1.35052	0.421694	0.456217	0.797095	0.782407	0.451618	0.360359
ENSDARG00000003016	34.0384	44.7305	33.7224	10.1993	13.5764	13.4901	32.6081	28.1511	19.34
ENSDARG00000003017	11.4403	8.13757	8.51899	5.58471	3.08985	6.9883	5.97322	2.98603	0.597137
ENSDARG00000003021	2.83582	3.80708	2.87793	1.41499	1.62515	1.96158	1.13179	0.819893	0.740379
ENSDARG00000003027	2.51408	5.36057	4.75037	1.60048	2.56642	2.08955	2.14336	0.655752	0.459505
ENSDARG00000003032	2.41043	3.52991	2.73519	1.35693	0.943281	1.39824	1.99215	1.38984	0.842508
ENSDARG00000003035	12.1917	15.4862	13.6835	4.79813	5.59974	7.74266	7.95408	3.7294	2.01487
ENSDARG00000003051	6.9733	5.30352	6.7481	1.87557	1.55008	2.1633	2.28202	0.435683	0.622374
ENSDARG00000003061	1.24229	1.34243	3.61418	0.377525	0.70842	0.425956	1.53614	0.518142	0.650658
ENSDARG00000003068	2.47234	1.57828	1.99497	1.00073	1.13675	0.877117	1.3953	0.827014	0.495426
ENSDARG00000003069	3.38889	3.86776	3.86566	1.65612	2.27574	2.27305	4.0609	2.88842	2.81355
ENSDARG00000003087	1.41809	1.01922	0.255484	0.399509	0.216677	0.434457	0.569606	0	0.196956
ENSDARG00000003091	4.35302	4.27394	5.12742	2.51413	1.93504	2.7148	4.31713	1.86336	2.30111
ENSDARG00000003098	5.83338	9.96536	4.12952	2.14484	2.08782	2.72542	2.59064	2.43355	1.94144
ENSDARG00000003102	0.354063	0.0295171	0.0271534	0.0838477	0.0207936	0.0197087	0.0217128	0	0
ENSDARG00000003109	0.955486	1.01306	0.582639	0.452993	0.409303	0.252876	0.501002	0.271893	0.0798912
ENSDARG00000003127	6.69647	7.13377	5.95208	1.94186	2.33008	3.21619	6.44089	4.41141	2.13417
ENSDARG00000003146	0.4966	0.050138	0	0.144301	0.113914	0	0	0	0
ENSDARG00000003151	36.3304	43.1734	43.6761	8.98126	10.2998	10.3799	11.882	4.81882	2.58855
ENSDARG00000003153	3.33052	2.33717	2.9727	3.20275	2.94812	5.32028	1.52353	0.460212	0.297251
ENSDARG00000003169	6.62424	10.8166	8.13999	3.50272	5.33153	4.92887	8.36758	4.80685	2.90509
ENSDARG00000003189	4.75282	8.27158	5.29944	1.63477	3.58781	3.06846	5.58169	2.74875	2.25776
ENSDARG00000003197	2.48218	2.37326	3.77539	1.57023	2.23149	2.025	3.79632	1.40315	0.817729
ENSDARG00000003200	11.4717	12.3192	10.6525	3.52081	4.02695	3.8281	10.6281	7.17111	4.53317
ENSDARG00000003205	0.793494	0.702888	1.00529	0.258238	0.24615	0.356029	0.58716	0.159807	0.180397
ENSDARG00000003207	0.380988	0.441917	0.555686	0.576355	0.698971	0.30835	1.39171	0.611305	0.223889
ENSDARG00000003213	14.5184	21.8487	18.7866	9.64556	10.9138	13.9297	24.8327	10.5486	7.71432
ENSDARG00000003217	4.48774	2.73498	2.50934	0.969128	1.79443	1.10219	1.73719	1.08073	0.335575
ENSDARG00000003229	3.05034	4.79788	5.31796	0.478078	1.01189	1.83611	2.35894	1.34678	0.563584
ENSDARG00000003235	1.66015	1.58414	1.00397	1.12304	1.54335	1.04343	2.13128	1.05631	0.828881
ENSDARG00000003244	2.80602	3.66947	2.89448	1.20677	1.51592	1.38977	1.33132	0.662684	0.696709
ENSDARG00000003250	1.64284	1.70493	1.54998	0.992133	0.928766	1.05362	1.82551	0.545736	0.139489
ENSDARG00000003251	1.10144	1.04655	0.759989	0.372841	0.369927	0.549288	0.523685	0.242338	0.427112
ENSDARG00000003269	2.53105	3.19683	3.66163	1.73148	1.7902	2.40747	5.47081	3.15215	2.46201
ENSDARG00000003287	3.23448	4.42841	5.85309	1.61602	2.12942	2.34912	2.78093	2.0932	1.28764
ENSDARG00000003308	5.42027	7.22419	7.66757	2.14759	1.83003	1.7578	2.36359	1.39489	1.09037
ENSDARG00000003320	2.72987	3.9269	3.08004	0.897078	1.70866	1.43146	4.51969	2.88306	1.4208
ENSDARG00000003323	0.510128	0.214059	0.552498	0.349877	0.218934	0.373194	0.778884	0.560013	0.502657
ENSDARG00000003328	1.69842	1.79908	1.80192	0.886806	1.71279	1.681	4.06686	1.90664	0.977244
ENSDARG00000003381	0.296483	0.306339	0.371957	0.157102	0.18428	0.223271	0.799072	0.188156	0.172144
ENSDARG00000003382	2.99723	3.9732	2.34101	1.59056	2.18651	2.6334	3.90281	1.60503	1.20017
ENSDARG00000003383	4.60065	6.16122	5.53086	1.6047	2.77628	2.46058	3.75246	3.48697	1.24659
ENSDARG00000003384	4.97296	5.12602	4.10474	2.81531	3.11279	3.22708	6.88109	3.26442	1.69697
ENSDARG00000003391	0.974921	1.79581	0.988431	0.755265	0.586941	0.55109	1.80739	0.841773	0.513199
ENSDARG00000003395	0.343245	0.417458	0.320148	0.0469865	0.0545822	0.123563	0.0121538	0.0324034	0.0585496
ENSDARG00000003398	5.11603	4.82987	4.26446	1.95659	2.23871	2.96242	3.3838	1.73701	1.42009
ENSDARG00000003429	29.6589	28.5521	22.9191	7.55697	8.82952	10.1026	6.37934	4.6252	1.11667
ENSDARG00000003446	7.02029	7.78355	8.22054	3.7032	5.16451	5.50142	7.81035	4.50032	2.81438
ENSDARG00000003462	3.0569	1.40633	0.716061	1.22506	0.610057	0.512257	1.60611	0.913006	0.51731
ENSDARG00000003470	58.4815	49.4002	28.9784	9.70149	9.03349	14.1136	28.8223	10.8233	7.76754
ENSDARG00000003486	12.7691	13.2521	11.1753	4.59699	5.282	5.87587	11.5345	5.14626	2.43468
ENSDARG00000003487	0.892242	0.544562	0.204606	0.575657	0.49851	0.577827	1.03322	1.03349	0.449641
ENSDARG00000003495	6.35831	10.001	5.67925	2.42556	3.02062	3.13421	5.31907	3.20365	1.62491
ENSDARG00000003512	0.448052	0.404442	0.342863	0.17828	0.17692	0.349699	0.453926	0.243404	0.114733
ENSDARG00000003513	10.6483	12.0948	7.6938	4.22907	3.68796	2.89099	5.36936	3.83212	2.7916
ENSDARG00000003519	0.796609	1.37513	0.537602	0.500651	0.389785	0.283898	0.411267	0.107272	0.0963761
ENSDARG00000003520	2.79418	4.69016	3.80278	1.59758	2.64232	4.02602	7.63399	3.75621	2.39611
ENSDARG00000003526	2.49661	1.28765	2.67308	0.991348	0.49958	1.51683	1.42937	0.665643	0.464982
ENSDARG00000003527	3.01734	2.3591	1.42216	1.18593	1.59766	1.2035	1.17906	0.558349	0.130385
ENSDARG00000003531	4.6302	4.64093	3.11587	2.68095	1.7888	3.09564	2.60968	2.32485	1.16238
ENSDARG00000003544	1.67543	2.2586	2.01408	1.67289	1.57164	2.57777	3.39713	2.09786	1.15607
ENSDARG00000003564	2.29505	1.19964	1.5723	1.43778	1.23571	0.937249	1.69593	0.962497	0.280457
ENSDARG00000003570	40.1276	42.1861	42.0764	25.1453	20.911	31.254	30.7394	19.2183	9.6087
ENSDARG00000003582	3.4033	2.58997	1.64714	0.853547	0.822933	0.826653	0.405834	0.26907	0.282626
ENSDARG00000003584	8.37539	9.34886	9.67904	0.907698	1.43156	2.33534	1.68214	0.465314	0.360692
ENSDARG00000003599	6.72213	5.4793	5.63712	4.1184	4.48658	4.41224	6.79456	2.49029	1.66083
ENSDARG00000003607	5.03285	3.43959	3.56141	2.56993	3.74335	4.3564	6.59242	5.1803	2.06057
ENSDARG00000003616	3.45072	4.0136	4.02664	1.44466	1.69306	1.59405	3.70504	1.20217	0.911999
ENSDARG00000003631	13.9275	11.3946	11.1072	5.77086	6.20984	8.95762	14.1227	6.83073	5.36139
ENSDARG00000003641	39.846	55.9635	35.0265	31.2098	46.4675	48.6807	54.2012	36.9459	26.7336
ENSDARG00000003655	1.24131	1.50506	2.04016	0.200937	0.388674	1.37661	1.6221	0.686432	0.999653
ENSDARG00000003681	13.2385	4.03282	3.31802	3.49234	2.96801	2.82254	2.12496	1.07082	0.397592
ENSDARG00000003682	0.332485	0.554651	0.271698	0.254996	0.28838	0.187103	0.388167	0.453466	0.396607
ENSDARG00000003693	2.65747	2.08237	1.53088	1.63102	1.66348	1.39722	1.19247	1.25288	0.235179
ENSDARG00000003695	14.7152	13.6014	12.6403	2.1744	3.62945	3.77488	6.56535	2.56552	2.27832
ENSDARG00000003699	1.57729	1.46961	1.51163	1.35172	1.43856	1.5031	2.46653	1.81694	1.30237
ENSDARG00000003701	28.4273	25.8842	34.2882	27.7851	32.6509	39.6585	41.3912	18.8259	8.04444
ENSDARG00000003705	0.616977	0.195435	0.220516	0.11367	0.136179	0.380764	0.399624	0.208703	0.0428395
ENSDARG00000003749	2.51013	1.35631	0.631809	0.943173	1.16654	1.10109	1.41437	0.29546	0.30723
ENSDARG00000003750	1.02468	2.009	1.84253	0.620759	0.865271	0.982153	0.835878	0.665037	0.377379
ENSDARG00000003751	6.94352	5.13107	5.718	2.71924	2.04143	2.3774	9.20692	5.78502	3.50803
ENSDARG00000003754	6.02992	2.702	0.420307	2.73656	1.09383	0.784449	0.749067	0.453437	0.169295
ENSDARG00000003769	4.76792	4.25143	2.35518	1.98889	2.88246	3.50461	2.61674	1.28264	1.44953
ENSDARG00000003776	3.19777	5.13199	4.98516	2.04363	1.8872	2.78563	3.48011	1.86646	1.09505
ENSDARG00000003789	4.02221	4.72503	4.54213	2.53532	3.41316	3.66227	5.80252	2.90133	2.4902
ENSDARG00000003795	1.69747	1.81418	1.88795	0.563866	1.1647	1.55139	1.61976	1.31163	0.457916
ENSDARG00000003811	7.9693	9.27281	7.34477	4.75457	5.98207	6.71695	9.4505	4.78148	3.46801
ENSDARG00000003813	10.1456	7.38541	3.40674	9.32142	9.00807	9.19065	10.8156	5.33103	2.84515
ENSDARG00000003818	0.370769	0.626407	0.356772	0.335506	0.249299	0.408742	0.651689	0.0625666	0.0181426
ENSDARG00000003829	3.04917	3.94898	4.89481	1.47613	1.67125	2.73515	4.26747	1.864	1.00788
ENSDARG00000003835	0.378826	0.476386	0.723136	0.5954	0.599111	0.55702	1.27919	0.542595	0.435979
ENSDARG00000003836	1.94443	3.17211	2.53258	1.45634	1.83363	1.51456	3.96492	1.4003	1.10708
ENSDARG00000003845	3.04611	4.47835	3.05386	0.915259	1.11023	1.59752	2.08502	0.874242	0.692073
ENSDARG00000003854	0.566547	0.275317	0.626155	0.550473	0.0434556	0.339426	1.5491	0.399924	0.248435
ENSDARG00000003860	52.7204	39.2571	48.9938	24.6758	17.5026	32.5467	26.1664	10.5228	6.21518
ENSDARG00000003866	4.58289	4.62193	4.3173	1.947	1.93892	1.80886	3.04909	0.914253	0.803087
ENSDARG00000003872	3.59488	5.00596	4.92929	1.69168	3.12948	2.90174	7.66143	4.17248	2.0505
ENSDARG00000003877	0.409507	0.533785	0.102185	0.0723397	0.0843576	0.0857699	0.464233	0.0669358	0.0785221
ENSDARG00000003882	0.977172	1.06753	0.387592	0.336857	0.472973	0.50791	0.925942	0.423493	0.402059
ENSDARG00000003904	2.07822	3.39071	2.55759	0.654789	1.29257	1.49757	2.63793	1.68273	0.561568
ENSDARG00000003910	18.6344	24.093	20.5972	5.50593	6.75539	7.72102	16.255	14.8403	9.70924
ENSDARG00000003920	29.3137	28.9828	26.084	18.5294	13.3064	17.3532	15.1234	5.76251	3.76685
ENSDARG00000003927	2.35763	3.42852	2.3964	1.18185	1.12154	1.66829	4.85896	2.43124	1.3912
ENSDARG00000003931	1.85462	1.26849	1.10939	1.30138	1.37077	1.59029	1.61617	0.638669	0.426253
ENSDARG00000003933	12.9257	17.9253	22.9174	5.0694	8.83305	9.97259	20.1825	10.609	5.92688
ENSDARG00000003934	4.48434	4.16352	5.16599	1.65111	1.07528	1.19116	2.70827	1.04036	0.88208
ENSDARG00000003938	4.31094	4.56035	6.4979	1.71191	2.92384	4.17419	3.88826	1.47608	0.916651
ENSDARG00000003940	1.43216	0.817931	0.929153	0.742438	0.561271	0.742733	0.762799	0.327326	0.337829
ENSDARG00000003941	3.47654	2.602	2.35497	1.84289	1.26578	1.41517	3.07472	0.874789	0.585734
ENSDARG00000003952	22.0121	27.8998	22.6348	10.4392	11.9946	14.3766	34.4472	12.1683	6.94547
ENSDARG00000003961	0.633296	0.52615	0.289542	0.402532	0.157592	0.0402624	0.49217	0	0.0264742
ENSDARG00000003968	3.36248	2.71562	8.74888	2.61394	4.12512	1.75144	4.2957	4.34223	3.1026
ENSDARG00000003969	2.487	3.2843	2.9666	1.6321	2.10858	2.32806	2.20045	1.04088	0.677787
ENSDARG00000003973	2.95579	4.54786	2.32731	1.1135	1.39349	1.10813	2.90326	1.26997	1.25202
ENSDARG00000003974	5.1667	5.91977	3.2442	1.09336	2.18398	1.1853	2.09164	0.605444	0.434723
ENSDARG00000003984	2.77673	3.07743	2.67463	1.78679	2.22812	2.26054	4.00274	2.14677	1.28309
ENSDARG00000004037	1.3066	1.79218	1.58266	0.584103	0.952437	0.965585	1.63922	0.974957	0.178477
ENSDARG00000004046	5.26862	6.74508	5.72776	1.56752	0.877062	1.70218	2.16994	0.745196	0.642713
ENSDARG00000004049	4.22583	1.56894	0.855139	1.002	0.351309	0.0882306	0.275909	0.08587	0.081975
ENSDARG00000004055	2.95088	3.48357	3.11679	1.48533	2.04181	1.37559	4.14526	2.78517	1.69116
ENSDARG00000004059	1.67097	1.20741	1.17425	0.560055	0.94354	0.427143	1.01521	0.522263	0.401336
ENSDARG00000004078	1.62543	1.77169	1.85895	0.866114	1.47297	1.29334	2.47398	0.928332	0.34879
ENSDARG00000004094	1.60633	2.74297	2.15364	1.071	1.16153	1.43293	3.78026	1.81841	1.24017
ENSDARG00000004115	1.827	2.07305	2.56858	0.585143	0.555306	0.572695	1.31519	0.729651	0.239783
ENSDARG00000004131	1.74945	1.46578	2.65814	1.53433	1.11438	1.85119	3.29672	2.82581	1.50626
ENSDARG00000004132	8.1637	11.5797	10.4867	3.04565	4.42075	4.66445	7.12832	3.18571	2.15904
ENSDARG00000004151	0.830448	1.03915	0.887915	1.42825	0.944371	1.87496	1.01096	0.297866	0.556394
ENSDARG00000004154	3.26754	2.40831	4.73896	0.944501	1.15608	1.16981	1.15478	0.722128	0.253883
ENSDARG00000004160	17.4491	18.014	14.3823	4.68321	3.86223	5.05361	4.16949	1.63423	1.40431
ENSDARG00000004161	3.15886	4.27577	2.99234	2.04644	2.00615	2.02602	2.29129	0.877213	0.951232
ENSDARG00000004169	6.47594	5.58102	4.11724	2.07205	1.81981	2.21473	3.60069	1.67235	0.967319
ENSDARG00000004171	1.60959	1.32251	0.628735	0.733934	0.419886	0.478004	1.30098	0.528059	0.210452
ENSDARG00000004173	4.23559	5.62296	5.3217	2.27574	1.71054	3.17271	4.03828	2.95644	1.33048
ENSDARG00000004174	14.1555	14.4643	12.652	4.59124	12.1696	9.25745	11.0681	10.7405	7.79327
ENSDARG00000004177	4.4817	5.37592	4.71723	2.57276	2.97172	3.38123	2.61858	1.29122	1.07214
ENSDARG00000004184	1.0407	1.38627	1.41679	0.726895	0.833987	0.994972	1.19674	0.661935	0.334899
ENSDARG00000004189	20.2114	21.8517	19.5347	7.47866	6.70758	11.2013	13.7623	4.74287	2.89136
ENSDARG00000004211	1.5972	0.639063	1.37312	0.590191	1.04422	1.10691	1.35825	0.876011	0.315575
ENSDARG00000004251	1.18365	0.876605	1.49191	0.995056	0.962637	0.922854	1.5154	0.333793	0.178803
ENSDARG00000004256	78.0891	34.3672	1.49298	14.2083	7.24832	0.502666	0.0520951	0.0470392	0.297741
ENSDARG00000004261	6.73139	7.84155	7.58872	2.99858	3.55255	5.10495	5.49831	1.87898	1.3728
ENSDARG00000004270	5.14629	3.59036	7.17547	3.88658	5.42209	5.4325	5.53702	2.75414	0.875594
ENSDARG00000004280	1.71067	1.6834	1.63653	1.06396	0.925704	1.35105	1.49387	0.510927	0.397538
ENSDARG00000004297	0.722706	0.99149	0.59543	0.30084	0.386336	0.528694	0.961703	0.555973	0.207104
ENSDARG00000004306	2.93805	2.44445	3.35049	2.43505	3.03558	3.46503	3.72112	1.89794	1.45966
ENSDARG00000004311	0.755924	1.33749	0.314419	0.437085	0.492167	0.557714	2.12826	1.26349	0.73195
ENSDARG00000004336	0.532809	0.634073	0.308944	0.467234	0.789329	0.532016	0.981607	1.03426	0.52846
ENSDARG00000004342	27.7886	20.2706	13.8629	10.7396	8.12137	6.89595	17.1732	9.84445	4.12762
ENSDARG00000004392	0.658015	1.24602	1.60214	0.365248	0.770508	0.788021	2.13472	0.763915	0.338974
ENSDARG00000004396	1.97504	2.38634	2.37022	0.383435	0.75466	0.984905	1.65631	0.295819	0.40494
ENSDARG00000004405	1.82276	1.70676	1.05061	3.9535	4.25558	5.47423	5.73213	3.08502	2.17848
ENSDARG00000004427	6.06971	11.437	2.73394	0.279783	0.543547	0.796449	1.40928	0.338404	0
ENSDARG00000004452	45.3328	25.0673	14.4031	14.4278	8.8685	5.6463	7.45224	5.51922	2.31946
ENSDARG00000004460	11.1304	15.4006	14.4273	4.41196	4.49225	6.11449	7.762	6.0411	2.94611
ENSDARG00000004470	9.24145	9.60152	9.43593	1.77707	1.76877	2.1614	1.87489	0.855879	0.636581
ENSDARG00000004492	1.25615	2.11597	2.54019	0.267468	0.569594	0.682704	1.55623	0.486853	0.49026
ENSDARG00000004502	2.45217	2.1091	1.75958	2.33099	0.82754	1.49832	5.40364	3.45208	2.43917
ENSDARG00000004517	2.38155	1.30705	1.72584	2.76558	0.63046	1.57494	1.13941	2.69705	0.886546
ENSDARG00000004525	6.67727	5.88625	5.20476	1.59207	0.760439	1.26345	1.51324	0.979068	0.626064
ENSDARG00000004529	22.4183	26.3688	17.3405	7.21765	6.23148	6.81408	9.31228	4.13088	1.95388
ENSDARG00000004537	19.3842	22.9661	17.8471	8.81839	9.77819	11.2634	18.1837	12.5046	7.68119
ENSDARG00000004574	8.79899	12.4724	9.57323	3.8815	2.27588	6.15594	10.1724	3.77036	3.29887
ENSDARG00000004576	3.07331	3.53926	3.35658	1.58372	2.2206	1.87277	4.45187	2.48723	1.578
ENSDARG00000004581	5.68608	6.03249	6.65906	2.95146	2.51559	3.49964	1.87009	0.820916	0.255251
ENSDARG00000004594	3.90497	3.26993	2.39457	1.76517	1.45553	2.01332	3.28757	1.23405	0.988032
ENSDARG00000004632	2.56251	3.28924	3.30548	0.845161	0.974534	1.05234	1.24246	0.659899	0.414202
ENSDARG00000004634	1.47468	1.82128	2.08772	0.752039	0.916684	1.00647	1.61348	1.33051	1.23883
ENSDARG00000004636	38.0496	47.9539	33.4797	7.69575	8.19588	9.61131	14.7662	8.13493	3.78941
ENSDARG00000004647	1.17011	1.14735	0.775404	0.847046	0.792581	1.0371	2.20492	1.06418	0.355757
ENSDARG00000004665	46.8802	50.6685	30.3064	18.3941	21.8012	21.1979	35.9174	24.372	13.8868
ENSDARG00000004672	5.12905	5.36719	10.2707	3.86995	5.8501	7.3428	16.1631	9.82452	8.81336
ENSDARG00000004680	1.2662	1.151	1.25494	1.28131	1.33026	1.56615	1.06862	0.79465	0.19264
ENSDARG00000004692	4.91178	3.94249	4.15463	2.30576	2.17345	3.61844	4.77015	1.94439	0.748508
ENSDARG00000004696	0.896938	0.462883	1.16702	0.166238	0.260094	0.410106	0.90753	0.3535	0.0931227
ENSDARG00000004702	1.14821	1.49483	2.40941	2.02772	1.19748	0.907594	1.0806	1.04811	0.790424
ENSDARG00000004706	34.845	22.7435	12.7203	8.7502	5.09345	2.86789	4.73171	3.13486	1.01735
ENSDARG00000004713	8.24207	5.94456	5.59478	1.70903	2.45936	2.60201	5.57453	2.47888	0.478545
ENSDARG00000004722	1.75673	1.72107	1.40475	0.873916	0.786786	1.30489	1.80397	1.31057	0.755273
ENSDARG00000004726	1.1868	1.46834	1.02471	1.0269	0.736786	0.987108	1.25905	0.366124	0.327077
ENSDARG00000004727	13.7915	11.1939	9.24766	3.06339	2.28635	5.4184	3.55469	1.06239	0.649832
ENSDARG00000004729	2.53087	3.16413	4.41291	0.641266	0.859893	1.18034	3.60024	1.54535	0.355977
ENSDARG00000004735	99.5731	87.1836	53.1667	29.6635	21.3172	21.0736	28.6392	11.159	7.3524
ENSDARG00000004745	5.71095	7.3338	6.75235	2.63374	4.45195	3.21146	9.44978	4.87993	3.46706
ENSDARG00000004754	4.43496	5.38728	5.21821	2.42461	2.7596	2.83845	4.9753	2.65814	1.33875
ENSDARG00000004757	24.6327	9.7882	4.47679	8.85495	4.81771	3.42678	7.1151	5.02107	1.92101
ENSDARG00000004774	2.80985	3.56105	4.0819	1.44841	1.65267	2.84569	2.8382	1.6078	0.746481
ENSDARG00000004780	0.915288	0.297828	0.417029	0.242849	0.196997	0.0971567	0.149815	0.0971328	0.122685
ENSDARG00000004785	1.365	1.69554	1.64975	1.85136	2.19539	1.98113	2.86925	1.58542	0.776523
ENSDARG00000004789	0.141377	0.13923	0.197962	0.13458	0.126622	0.164444	0.11089	0.0405803	0.00950823
ENSDARG00000004796	1.46982	1.71649	2.46552	0.966561	1.21128	1.58802	2.58905	0.991031	0.989808
ENSDARG00000004806	37.9795	37.4167	33.5365	9.49092	7.86097	10.5205	13.9539	6.04933	4.37888
ENSDARG00000004823	2.62558	4.58714	1.78614	1.14379	1.4469	1.64587	1.25655	0.654411	0.549415
ENSDARG00000004836	13.3246	18.2391	14.7571	19.0788	31.1605	36.2053	49.6547	27.4571	29.1017
ENSDARG00000004840	2.14532	0.545862	0.144688	0.717289	4.38169e-08	0	0	0	0
ENSDARG00000004843	6.4339	6.45047	5.00348	1.21049	2.34609	3.82804	13.6485	11.8091	6.12015
ENSDARG00000004851	1.20458	1.9082	1.70898	1.21512	0.708635	1.3049	0.876926	0.555283	0.136614
ENSDARG00000004864	1.24933	3.21703	2.45642	0.200316	0.559549	0.276212	1.28609	1.38844	0.455938
ENSDARG00000004866	1.46765	0.916851	1.87698	0.923739	0.74362	1.12391	1.8058	0.773591	0.277127
ENSDARG00000004870	3.70048	4.45917	5.73951	1.00311	1.0099	1.26663	2.1141	1.25126	0.683612
ENSDARG00000004875	1.01349	0.610166	0.865301	0.326626	0.328944	0.327955	0.668521	0.488719	0.535617
ENSDARG00000004877	5.80679	9.66587	7.53405	3.93302	3.85688	4.99563	8.9172	3.25329	2.22297
ENSDARG00000004880	0.725477	0.113435	0	0.232826	0.0246814	0	0.0227353	0.0196101	0
ENSDARG00000004889	0.887428	0.704454	2.10958	0.181062	0.676883	0.872921	0.731606	0.163272	0.0759711
ENSDARG00000004891	5.41268	3.59118	7.28769	2.13038	1.77531	1.83516	2.98092	1.35064	0.838668
ENSDARG00000004896	1.3151	0.855608	0.941286	0.195395	0.257297	0.19765	0.399874	0.314494	0.0592677
ENSDARG00000004906	13.2022	11.5029	10.4214	4.87364	5.30726	5.38198	14.7936	5.67375	4.17373
ENSDARG00000004909	22.8222	24.4892	14.9813	8.33297	8.45157	9.56442	20.0267	14.9754	7.60183
ENSDARG00000004926	14.7265	8.99063	6.01331	5.23554	6.33308	5.19549	4.86329	2.03359	0.754783
ENSDARG00000004937	4.50642	2.96421	5.83519	4.77534	5.14134	5.56193	7.40191	5.19507	3.04828
ENSDARG00000004939	1.37656	2.07507	1.44162	0.461397	0.846567	0.577109	1.16729	0.673052	0.480544
ENSDARG00000004956	7.29788	8.30956	6.37673	4.36164	3.86513	4.90511	4.06869	1.52265	0.78507
ENSDARG00000004958	1.90501	2.26372	2.16153	1.13646	1.25019	1.34461	1.52416	0.834672	0.592031
ENSDARG00000005015	2.83536	3.70046	3.61849	1.12354	0.885262	1.22402	1.72929	0.950987	0.458098
ENSDARG00000005026	3.44765	4.06615	3.69133	2.22274	2.71707	3.46283	7.13442	3.35255	1.43741
ENSDARG00000005033	1.33156	1.16876	1.35862	0.858489	0.431656	0.929515	0.974134	0.391565	0.19939
ENSDARG00000005039	7.56422	8.40365	12.3939	4.14822	5.16083	5.32852	10.8252	7.15982	1.95596
ENSDARG00000005049	3.03711	3.74703	3.79352	0.896833	1.81219	2.40725	2.94622	1.40517	0.782639
ENSDARG00000005057	2.8669	0.814769	0	1.15386	0.25572	0.0651534	0	0	0
ENSDARG00000005058	53.4206	21.8927	9.5804	16.9569	9.81972	7.24407	10.2834	4.55009	3.27288
ENSDARG00000005078	2.36589	2.46879	2.2103	0.891872	1.12181	1.45017	1.28787	0.788189	0.574468
ENSDARG00000005098	5.48769	5.27821	5.69587	2.26187	2.82434	3.46401	4.28584	3.38088	1.6185
ENSDARG00000005104	1.65004	1.1108	0.749872	0.627566	0.650432	0.810963	1.11076	0.583748	0.454261
ENSDARG00000005108	15.9901	24.0111	23.786	4.86239	5.90134	6.96762	10.2971	5.65648	3.21998
ENSDARG00000005115	5.9265	6.97166	7.4981	2.89045	2.68669	3.50329	6.88582	2.85767	3.60819
ENSDARG00000005122	48.3013	61.6841	51.3502	7.78071	10.018	12.9221	16.4525	8.16515	5.12308
ENSDARG00000005134	4.2495	3.73299	2.84924	2.20499	2.55022	1.58037	2.42112	1.28438	0.739512
ENSDARG00000005162	14.6452	16.928	15.0839	5.58392	7.22773	8.08795	9.38697	4.73066	3.31696
ENSDARG00000005172	11.6694	9.21608	5.54468	5.1685	2.71806	4.77233	3.65072	1.32753	0.989349
ENSDARG00000005191	5.86698	5.49966	6.09121	1.52909	2.309	2.26003	5.70023	2.15283	1.25687
ENSDARG00000005210	0.438286	0.841284	0.754611	0.311265	0.602443	0.417919	0.943913	0.499308	0.476073
ENSDARG00000005230	31.8868	35.3684	28.262	14.7134	15.0596	17.644	20.5587	12.5562	6.12273
ENSDARG00000005236	16.9395	20.6344	15.8374	8.59721	10.9962	11.0332	17.4787	11.843	6.01966
ENSDARG00000005246	1.04236	1.84931	3.31376	1.10677	0.995632	0.821783	1.91716	1.06015	0.270772
ENSDARG00000005254	5.06534	4.85821	4.10749	1.99993	2.95014	3.56264	9.13232	3.00187	1.8863
ENSDARG00000005273	0.38257	0.724509	0.873342	0.395532	0.417284	0.574012	0.937502	0.272104	0.256874
ENSDARG00000005274	1.3567	1.18543	1.13037	1.46188	0.841809	0.368823	2.30835	0.589086	0.853463
ENSDARG00000005315	26.4037	33.5505	29.5979	8.51853	10.3849	11.1871	21.8348	9.12648	5.77016
ENSDARG00000005318	3.6772	4.20278	4.57546	2.23603	2.80557	3.58757	6.20348	1.98423	1.99074
ENSDARG00000005333	3.982	5.05125	5.60095	1.67142	2.93843	3.17441	3.84363	2.6073	1.15315
ENSDARG00000005350	6.95885	9.51592	6.67571	3.49859	4.61078	5.04013	6.01315	3.28549	2.03696
ENSDARG00000005355	6.45247	8.65741	8.81249	2.46452	3.34442	4.13364	10.3877	6.19289	5.04433
ENSDARG00000005359	5.58537	5.29108	5.62548	2.98439	3.32018	3.90709	4.57603	2.88603	1.85216
ENSDARG00000005382	4.20537	3.28098	2.78128	2.28198	3.06073	3.95041	4.81242	3.40292	1.28151
ENSDARG00000005416	0.487503	0.259499	0.547625	0.127494	0.262493	0.334022	0.415175	0.396398	0.109159
ENSDARG00000005423	4.41257	3.72692	8.06379	1.66286	1.63644	3.81655	2.62237	2.56343	0.988852
ENSDARG00000005425	8.08186	8.00445	4.75678	5.16398	4.65701	4.54499	11.8195	6.22672	5.19338
ENSDARG00000005446	16.5799	22.0276	22.0063	11.5537	13.5542	15.4636	26.6469	16.7099	10.4916
ENSDARG00000005448	2.20503	3.30291	1.32855	1.25428	1.38224	1.34506	1.65819	1.1949	0.431092
ENSDARG00000005451	4.12095	3.66453	4.16231	2.41168	2.45719	2.27624	4.16743	2.65136	1.19969
ENSDARG00000005454	14.944	18.6283	12.5102	11.6847	16.0449	18.1908	37.6888	19.7166	10.1313
ENSDARG00000005456	1.89737	1.99703	1.43989	1.1542	1.5823	1.95611	1.70407	1.35857	0.520772
ENSDARG00000005458	5.56851	6.69923	4.84226	3.31284	3.51151	3.66022	6.76749	3.03803	2.31383
ENSDARG00000005462	3.09225	4.9983	3.54644	2.24365	3.26698	3.37219	8.09636	5.08143	3.95745
ENSDARG00000005463	1.12417	0.470709	0.369568	0.141993	0.0334401	0.199588	0.314393	0.154651	0
ENSDARG00000005468	2.76061	2.91371	2.52486	1.07799	1.2643	1.53909	4.08517	2.83106	1.62288
ENSDARG00000005476	1.3138	1.78814	1.38917	0.917579	1.34937	1.25779	3.46347	1.71043	0.769621
ENSDARG00000005482	1.55708	1.46103	1.21045	0.515286	0.838865	0.912249	1.89831	1.42337	0.801691
ENSDARG00000005513	105.347	53.5804	18.3713	17.0099	11.4052	11.4726	10.9886	6.04911	2.76798
ENSDARG00000005526	1.98581	0.709374	0.0837607	0.654634	0.0493823	0.0167095	0.149524	0.0695072	0.0250112
ENSDARG00000005536	5.62096	4.36978	4.24562	2.25381	1.40681	3.28327	3.229	1.15685	0.516524
ENSDARG00000005540	6.55909	8.70837	5.24474	2.74649	3.29093	3.07948	4.28172	2.0841	2.18021
ENSDARG00000005544	1.87633	4.72973	2.62711	0.811184	2.24951	2.78038	6.47348	1.72983	1.31352
ENSDARG00000005547	0.257236	1.03735	0.740085	0.346813	0.550606	0.518908	1.72287	0.949343	0.680702
ENSDARG00000005549	0.792675	0.913227	1.20879	0.384327	0.404331	0.852085	1.34006	0.946654	0.384347
ENSDARG00000005551	22.6025	24.0921	17.4648	6.07281	5.48981	6.61866	6.79208	4.04125	1.89671
ENSDARG00000005560	1.48257	1.74896	1.84402	0.576298	1.25526	1.19867	3.90025	2.15929	0.710003
ENSDARG00000005567	4.05498	6.13408	4.76715	1.04992	0.899747	1.49208	3.52979	2.07753	1.29452
ENSDARG00000005576	44.9228	44.1163	45.3461	14.4181	14.2735	17.0526	22.6085	11.5816	7.92289
ENSDARG00000005578	0.351677	0.401813	0.179708	0.292039	0	0.163808	1.2603	0.888091	0.24577
ENSDARG00000005586	2.13669	2.37525	2.24366	0.743611	2.05459	2.03834	7.63986	4.86246	4.04417
ENSDARG00000005590	4.39135	5.14093	4.65004	3.84027	3.97242	4.22955	7.18248	3.81756	4.45823
ENSDARG00000005600	2.45693	2.71549	2.07675	0.423903	1.1064	1.12105	1.33421	1.18631	0.299032
ENSDARG00000005606	7.21371	9.38064	7.31847	4.33478	4.83023	4.97709	11.4035	6.76622	3.36984
ENSDARG00000005612	54.2629	58.8768	59.5053	26.1131	26.7751	33.5762	15.5605	8.62528	6.20132
ENSDARG00000005619	6.19397	6.19422	6.22909	3.06819	2.39984	3.65142	7.22453	3.27394	1.73259
ENSDARG00000005620	1.83594	1.9672	2.07889	0.430264	0.868236	0.779037	1.16882	0.703489	0.19425
ENSDARG00000005625	5.7752	4.48084	4.2485	2.55438	3.18755	2.94166	4.4182	2.50764	1.44582
ENSDARG00000005640	2.74925	2.36425	3.11497	1.29646	0.701003	0.471236	0.869733	0.417958	0.448508
ENSDARG00000005642	1.96649	2.07692	1.5968	1.02217	1.04882	1.40406	2.4814	1.01007	0.766041
ENSDARG00000005643	2.28111	2.47029	0.658557	0.502615	0.344942	0.23737	1.38714	0.713658	0.392404
ENSDARG00000005645	0.326022	0.502476	0.308328	0.112849	0.229706	0.229431	0.288901	0.214991	0.253412
ENSDARG00000005651	4.08674	2.75314	3.20207	3.21749	2.63439	2.63057	3.07786	0.756336	0.507099
ENSDARG00000005652	1.41882	0.797523	1.22901	0.443223	0.372829	1.17033	1.39784	1.16704	0.836692
ENSDARG00000005670	0.69941	0.749584	0.762716	0.434942	0.624783	0.265419	0.604979	0.864656	0.427978
ENSDARG00000005673	2.09215	2.57648	1.00356	0.248348	0.477553	0.555406	1.84953	0.724409	0.485775
ENSDARG00000005675	42.3447	50.4815	37.2534	16.7141	21.6278	23.2529	32.4668	17.3761	8.66527
ENSDARG00000005679	2.21729	3.38563	2.6218	2.0868	2.05569	2.17569	4.31294	2.67263	1.93776
ENSDARG00000005699	13.7437	11.8769	11.0282	4.51943	3.74538	4.55784	6.76428	2.88906	1.74521
ENSDARG00000005738	2.28357	2.43782	3.30713	0.698236	1.17996	0.570742	1.56873	0.486315	0.360378
ENSDARG00000005772	10.6686	8.20601	8.05131	3.65901	3.73438	3.71285	2.99554	1.54422	0.603007
ENSDARG00000005774	44.9538	53.1666	41.7995	17.3723	22.4807	20.4461	46.7101	34.1216	24.351
ENSDARG00000005785	37.2936	15.2597	9.12337	21.362	13.4412	7.77692	8.68859	9.71001	7.42823
ENSDARG00000005786	1.22144	1.36258	0.555591	0.607888	0.860828	1.59127	1.67628	1.16833	1.63709
ENSDARG00000005791	5.68681	1.93653	1.31887	1.69214	1.25558	2.50102	8.23425	2.38893	1.33218
ENSDARG00000005799	1.90642	2.28496	1.44818	1.51731	2.14957	1.1654	5.79173	3.01069	1.81733
ENSDARG00000005823	2.06249	2.37405	1.57061	1.1658	1.90801	2.1356	2.87186	2.00528	1.57538
ENSDARG00000005827	18.4895	15.1237	13.476	8.29001	9.02992	10.2571	9.06013	3.35588	1.9021
ENSDARG00000005828	2.01195	1.90184	1.75271	0.877498	0.533564	0.660328	0.320415	0.227209	0.620355
ENSDARG00000005834	0.661025	1.0379	0.995636	0.824886	1.11264	1.71323	3.79751	2.87724	5.99183
ENSDARG00000005840	4.02729	4.52583	6.28613	2.70825	3.44938	3.45095	5.33964	2.50309	1.75222
ENSDARG00000005861	2.37027	4.13937	2.89357	1.39407	2.03369	2.34779	3.95844	2.62105	1.74264
ENSDARG00000005867	7.82342	9.70861	7.73584	2.92708	3.32098	3.79183	5.27077	3.79633	2.17441
ENSDARG00000005870	1.02276	1.24681	0.599285	0.148707	0.555486	0.213281	0.65513	0.704238	0
ENSDARG00000005872	1.50823	2.34516	1.14875	0.601816	0.841553	0.858455	1.27382	0.694645	0.491306
ENSDARG00000005891	0.195398	0.31479	0.2352	0.126318	0.242079	0.979341	1.04514	0.291485	0.129733
ENSDARG00000005926	4.47767	3.63155	5.01301	1.54486	1.77208	2.62448	1.40549	1.14108	1.11215
ENSDARG00000005927	1.7722	1.97612	1.82842	0.905122	1.27461	1.5894	1.75749	1.31505	1.17388
ENSDARG00000005941	8.90495	11.7959	10.6329	3.27001	3.65715	4.86455	7.93007	4.31263	2.09247
ENSDARG00000005944	8.1744	10.4271	9.36916	1.97898	3.22804	3.08214	7.92825	4.36267	2.22216
ENSDARG00000005945	9.03863	9.96181	6.58664	4.21289	4.25369	4.50728	6.3362	3.50659	1.47919
ENSDARG00000005948	1.28995	0.237683	1.01925	0.509132	0.470292	0.337877	1.00237	0.247325	0.105209
ENSDARG00000005972	1.26922	4.0982	1.67338	0.470662	0.847804	1.23957	0.971047	0.491086	0.338599
ENSDARG00000005974	0.751729	0.439735	0.562854	0.407944	0.446622	0.521538	1.2132	0.443773	0.256727
ENSDARG00000005980	2.67601	4.69432	4.5893	1.43883	1.55118	2.07421	1.81801	1.46189	1.07695
ENSDARG00000005989	6.80977	7.85898	10.4995	2.81811	4.18732	4.79815	6.34687	5.02056	4.11874
ENSDARG00000006003	964.637	433.166	212.852	246.393	80.0482	66.9025	74.0845	41.3318	31.1619
ENSDARG00000006005	2.41075	1.65255	0.655635	0.936175	0.521225	0.468554	0.624229	0.732837	0.325574
ENSDARG00000006010	4.61444	4.41116	5.78305	2.23844	2.12845	3.71623	7.50788	2.99198	1.45326
ENSDARG00000006017	1.61176	1.31056	1.58986	0.671178	1.21021	1.54463	2.67258	1.07965	1.15791
ENSDARG00000006019	8.01668	10.9333	8.69911	5.37247	5.30653	5.06864	11.6284	7.28759	4.51264
ENSDARG00000006021	0.327558	0.409464	0.775127	0.188916	0.81059	0.515013	1.87841	1.18807	0.634268
ENSDARG00000006025	2.17072	6.68315	8.08558	1.36938	1.66857	2.21219	6.17449	2.37008	2.6633
ENSDARG00000006029	1.67788	1.57052	0.554406	0.680197	0.862959	0.739773	1.29009	0.311644	0.402672
ENSDARG00000006031	3.71651	4.45722	4.0203	1.04044	1.85965	2.33567	5.58604	1.8234	1.79891
ENSDARG00000006038	4.84061	6.74697	5.81868	1.91637	1.81573	2.55661	2.05172	1.25501	0.897722
ENSDARG00000006040	1.62396	1.47772	1.05534	0.439963	1.06681	1.14971	0.659104	0.589971	0.246194
ENSDARG00000006062	11.3785	18.7773	13.404	8.73592	10.7514	11.8415	23.6734	15.6872	11.5214
ENSDARG00000006074	3.68052	3.88014	4.58245	2.457	2.01451	1.58611	4.6477	2.06371	0.555985
ENSDARG00000006092	9.01972	7.05821	8.67015	6.3306	6.07291	6.1128	14.5148	6.22774	2.68156
ENSDARG00000006094	1.73264	1.98434	2.17697	1.41154	1.9719	2.09857	3.36622	1.85196	1.26179
ENSDARG00000006110	4.68294	0.758569	0.0333893	1.69012	0.296651	0	0	0	0.0353176
ENSDARG00000006112	2.14928	3.19786	2.93138	1.26928	1.82129	2.42537	2.03187	0.8789	0.496884
ENSDARG00000006124	10.5738	13.6583	13.3448	4.58277	7.07989	7.31134	10.2926	5.5013	4.28723
ENSDARG00000006125	14.6659	14.5832	16.641	7.14426	9.24356	9.83856	24.5637	12.9043	7.89657
ENSDARG00000006145	7.43588	8.06094	6.56731	4.47695	3.90437	5.9616	10.3957	6.4241	4.45431
ENSDARG00000006169	0.491184	0.501193	0.630796	0.296923	0.191623	0.453382	0.420552	0.364213	0.112757
ENSDARG00000006192	5.3714	6.21725	5.91877	2.9159	2.30925	3.29415	8.79836	7.17699	4.40377
ENSDARG00000006196	7.70446	7.73828	8.71271	2.9479	2.79699	4.15051	8.35788	6.36636	3.92306
ENSDARG00000006200	18.4955	28.2571	19.4418	6.6373	8.2398	5.91908	22.4359	14.8612	11.0885
ENSDARG00000006225	26.2605	35.0882	28.3708	8.09671	8.46018	11.4786	12.16	6.00577	2.6847
ENSDARG00000006235	1.03606	1.50002	1.25275	0.650677	1.06134	1.46803	2.32226	1.01582	0.680235
ENSDARG00000006240	2.01173	1.92986	1.32539	1.29621	0.782484	1.7866	2.34193	1.80152	0.629935
ENSDARG00000006242	11.2029	6.48018	4.82461	4.16943	2.28711	2.29547	4.74419	2.1397	1.52642
ENSDARG00000006251	30.535	40.9637	32.4188	15.0299	26.2203	28.5083	47.6747	25.641	19.3122
ENSDARG00000006253	4.81736	3.13508	4.7759	1.85987	1.70202	2.93924	5.92618	2.82362	2.26354
ENSDARG00000006257	8.44679	10.8602	12.178	3.95012	5.45301	6.97358	10.3811	5.26515	2.67718
ENSDARG00000006260	94.6821	44.6424	34.0541	28.126	13.982	17.8092	33.7155	17.5971	14.5065
ENSDARG00000006266	0.42925	0.412913	0.486499	0.217129	0.166146	0.272176	0.323306	0.108004	0.0962654
ENSDARG00000006272	7.68495	9.21431	7.88975	2.30802	2.97542	3.74862	7.24962	4.79806	3.10939
ENSDARG00000006283	6.37488	8.62259	5.51335	2.23717	3.29546	3.20132	8.36554	3.25375	1.70773
ENSDARG00000006288	0.272389	0.280759	0.238415	0.169701	0.223453	0.168641	0.424229	0.149665	0.204923
ENSDARG00000006290	6.95018	9.73712	6.21143	3.07265	2.95506	6.95122	8.90336	5.46069	4.28611
ENSDARG00000006299	4.36244	5.88547	4.3156	1.76561	2.84282	3.22749	8.82486	4.17328	2.13047
ENSDARG00000006301	5.94089	8.15007	6.14516	2.35716	2.46291	2.47432	7.17579	5.48866	3.48126
ENSDARG00000006314	1.85861	1.62178	1.5032	0.99398	1.32704	1.26181	2.37652	1.03329	0.94523
ENSDARG00000006332	1.22132	1.67138	1.96878	0.630067	0.698186	0.822032	1.41127	0.854172	0.505128
ENSDARG00000006345	4.80672	1.54128	0.616219	2.34065	0.66829	0.609409	0.997665	1.06933	0.425337
ENSDARG00000006353	4.36392	4.20678	4.60327	1.18408	1.70772	1.98575	3.03392	2.01828	0.832788
ENSDARG00000006370	0.807688	1.73536	1.55797	0.253036	0.125184	0.305381	0.551274	0.527883	0.0544658
ENSDARG00000006375	3.97121	4.14839	3.29847	0.942103	0.876096	0.860595	0.928858	0.47963	0.335937
ENSDARG00000006385	3.05266	3.15698	3.25024	1.44821	2.19663	2.60248	2.87506	2.93758	2.26332
ENSDARG00000006389	38.3278	46.5494	46.4714	14.2507	21.5335	18.9794	59.2388	33.884	30.142
ENSDARG00000006392	3.48598	5.31589	2.34459	1.04334	1.90094	1.51582	2.01757	0.53257	0.666334
ENSDARG00000006394	0.422523	1.28322	0.70119	0.310922	0.65648	0.16776	0.498762	0.503596	0.145986
ENSDARG00000006395	15.9097	24.0918	18.8343	6.87982	7.87965	8.17009	18.694	13.6109	8.12373
ENSDARG00000006396	0.326569	0.555104	0.499652	0.302745	0.188359	0.330412	0.760309	0.550308	0.275743
ENSDARG00000006397	11.5167	13.9796	14.6619	5.69775	5.86287	8.91757	10.0368	4.69972	2.15277
ENSDARG00000006399	7.72846	9.51982	8.83779	6.73238	4.0416	5.85688	14.7356	6.83309	4.07391
ENSDARG00000006408	29.8185	31.6511	26.7027	8.78953	7.98944	11.2505	8.88545	2.83568	1.22979
ENSDARG00000006420	2.50906	3.45087	1.88282	1.27309	1.69638	1.91382	3.09193	1.77065	1.1804
ENSDARG00000006422	1.19127	0.956242	1.02396	0.770151	0.640072	0.748532	1.54174	0.52632	0.385356
ENSDARG00000006434	1.63578	3.61175	1.24853	1.30979	1.12157	2.08807	2.02892	1.41269	0.841997
ENSDARG00000006477	6.89184	10.978	7.4729	2.93478	5.41409	5.57207	10.1216	6.73934	4.25727
ENSDARG00000006487	35.8486	12.3168	4.70176	15.4369	4.16921	2.37962	4.28116	1.92065	1.50209
ENSDARG00000006494	0.896645	1.28841	1.21714	0.538825	0.704804	0.767792	1.05319	0.442731	0.723465
ENSDARG00000006508	0.449674	0.40973	0.474134	0.233596	0.295992	0.257979	0.399985	0.754907	0.175194
ENSDARG00000006514	2.65508	0.939651	0	0.812335	0	0	0.373108	0.0842188	0.0777408
ENSDARG00000006518	1.35591	2.35122	2.74277	0.791925	1.0126	0.920994	2.22678	1.34776	0.449503
ENSDARG00000006524	24.706	28.5261	25.0525	8.33671	9.27016	11.3051	10.8867	5.49795	3.49456
ENSDARG00000006527	41.4952	25.4763	17.1165	12.9433	7.11252	5.82311	15.1972	12.0024	4.67802
ENSDARG00000006545	1.51324	2.42221	2.499	0.992025	2.30745	1.42587	1.28759	0.973845	3.22016
ENSDARG00000006553	13.0222	11.2565	11.5857	19.8767	21.6341	26.9728	32.5809	18.5587	6.67174
ENSDARG00000006566	3.1774	5.08006	2.89709	1.33166	1.37246	1.13051	2.47378	0.981029	1.10573
ENSDARG00000006580	43.058	91.6102	89.694	14.3172	24.768	23.7145	53.9961	41.8525	27.3448
ENSDARG00000006584	2.29699	2.50515	2.6903	1.25412	1.56992	1.58492	2.37047	1.70761	1.26752
ENSDARG00000006600	7.08589	10.1727	8.0241	2.79685	4.30186	4.24595	7.37966	3.57207	1.60538
ENSDARG00000006604	7.57443	12.1315	8.98366	5.54508	7.37626	7.80576	18.6831	12.2172	4.60341
ENSDARG00000006609	1.95086	2.62905	2.16501	1.41892	1.70214	1.73017	1.23124	0.862558	0.491624
ENSDARG00000006617	1.6545	0.960632	0.103047	0.761665	0.336206	0.113044	0.177979	0.0732164	0.103325
ENSDARG00000006624	5.97514	5.33082	5.3048	3.88235	3.13919	3.87922	9.82039	5.21232	4.52513
ENSDARG00000006639	1.6773	2.60013	1.88662	0.924852	1.03556	0.823358	1.48467	1.29605	1.02718
ENSDARG00000006640	26.7971	35.048	33.8776	10.7369	15.4368	19.9287	54.6084	29.7967	14.2654
ENSDARG00000006666	1.90418	2.51642	2.29074	1.24135	0.829286	0.986428	1.71156	0.971059	0.337962
ENSDARG00000006672	2.08397	2.01757	1.67729	0.825813	1.15015	1.01017	1.99097	0.514844	0.266883
ENSDARG00000006677	0.541939	0.197328	0	0.26594	0.0495515	0	0	0	0
ENSDARG00000006683	0.857515	0.617003	0.436682	0.289195	0.371588	0.480951	0.586034	0.420359	0.217862
ENSDARG00000006686	3.94596	3.25189	2.61892	1.23444	2.11604	2.33932	2.38458	1.54272	0.882292
ENSDARG00000006691	36.0161	26.4159	23.3259	8.48701	5.91912	6.16489	7.68271	3.13504	2.87073
ENSDARG00000006693	18.1326	25.6282	22.1031	6.82117	7.08749	9.18021	11.7907	4.30055	3.99586
ENSDARG00000006705	5.26261	6.13278	5.91403	2.25728	2.8901	3.56519	4.85885	3.19921	1.68541
ENSDARG00000006712	17.2616	19.3822	18.1746	3.40399	3.30351	5.73442	7.08025	7.22434	6.11858
ENSDARG00000006719	1.24946	1.02717	0.926226	0.784269	1.09684	0.89295	2.51082	0.878626	0.785895
ENSDARG00000006729	2.14602	1.67791	1.59598	1.49455	1.43332	1.55358	1.83614	1.08515	0.578846
ENSDARG00000006754	2.59279	4.33875	2.48514	1.97937	1.79246	2.3062	4.43706	3.46873	2.03106
ENSDARG00000006766	3.53283	4.69709	4.86751	1.14928	1.63527	1.71517	2.46943	1.87007	1.02577
ENSDARG00000006775	0.432489	0.756328	0.387949	0.168992	0.243158	0.476207	1.18046	0.86837	0.310852
ENSDARG00000006782	2.64199	3.038	3.05891	1.82736	2.5937	3.41222	4.4427	3.02876	1.34762
ENSDARG00000006791	1.07932	2.12871	1.80645	1.02638	1.00961	0.916798	3.04195	1.48899	1.03578
ENSDARG00000006812	3.68999	5.62216	4.23194	2.17143	3.49442	2.89864	5.73624	4.545	4.56943
ENSDARG00000006837	5.21033	0.997268	0.103303	1.81523	0.363318	0	0	0	0
ENSDARG00000006840	2.25464	1.80565	3.0971	0.524267	0.501568	0.683646	0.686629	0.558723	0.149742
ENSDARG00000006849	0.354325	0.127947	0.339151	0.143913	0.0548754	0.28272	0.176855	0.11015	0.0374219
ENSDARG00000006859	23.7275	30.1312	26.0537	7.18089	9.89806	13.0907	8.42557	3.60645	2.65758
ENSDARG00000006862	0.866328	0.672379	0.482411	0.227841	0.366772	0.312186	1.04163	0.661768	0.303765
ENSDARG00000006877	1.9604	2.85529	2.13591	1.20455	1.36851	1.41521	3.14172	1.28038	1.28002
ENSDARG00000006889	2.56036	4.82909	1.44795	0.750256	1.8184	1.64541	4.51634	3.4593	2.41686
ENSDARG00000006900	8.10115	10.5888	8.08426	4.49098	5.27298	4.25655	7.29531	3.07372	1.60848
ENSDARG00000006915	2.32428	4.48166	4.63626	1.22439	1.80052	1.58033	4.18462	1.7879	1.02336
ENSDARG00000006921	1.11082	1.164	1.07136	0.94514	0.787126	0.880125	1.41376	1.15953	0.847954
ENSDARG00000006924	2.62065	3.26003	3.72197	1.41799	2.07058	1.79725	3.93634	1.88268	1.099
ENSDARG00000006926	1.40988	1.37204	1.50086	0.174169	0.276057	0.220586	0.631815	0.186714	0.0596166
ENSDARG00000006963	9.49571	11.6802	10.2361	5.30418	8.01446	8.72017	18.0348	13.1827	5.83419
ENSDARG00000006978	0.210553	0.21697	0.120367	0.0835171	0.49951	0.195711	0.741267	0.527722	0.319329
ENSDARG00000007045	13.0363	21.9496	13.8124	5.9333	6.83779	8.79429	16.3517	9.91074	4.99104
ENSDARG00000007065	1.97514	1.88018	1.07771	0.426741	0.508778	0.914601	1.66202	0.513384	0
ENSDARG00000007077	0.808263	1.2106	1.27419	0.85561	0.389947	0.556202	0.895396	0.447403	0.152981
ENSDARG00000007081	5.89897	5.67982	5.19201	4.23565	4.43907	4.58134	8.74311	5.51121	3.46483
ENSDARG00000007092	0.539475	0.917772	0.714343	0.542791	0.475715	0.347077	1.1026	0.303239	0.484485
ENSDARG00000007098	8.88873	9.47643	6.96518	4.43595	4.12232	4.85108	2.33835	1.32771	1.43797
ENSDARG00000007099	47.3942	29.8761	24.5837	32.2687	19.081	27.4889	26.3177	13.143	5.70875
ENSDARG00000007130	2.15256	2.03388	0.36364	0.826254	0.341194	0.260217	1.00465	0.0743165	0.0661882
ENSDARG00000007135	4.90077	3.40028	3.45373	2.06604	1.73898	2.73711	6.74841	3.92946	2.34794
ENSDARG00000007141	22.977	19.1783	25.315	12.534	9.31271	16.2414	8.09942	4.03534	1.93955
ENSDARG00000007169	2.45177	3.69081	2.34607	1.17357	1.76504	1.802	2.92697	0.867034	0.61526
ENSDARG00000007172	4.67699	5.6078	4.53037	2.56319	3.34146	4.16414	4.86146	3.72638	2.36819
ENSDARG00000007175	0.690329	0.813303	0.845531	0.351378	0.207159	0.270638	0.763741	0.213562	0.0648144
ENSDARG00000007179	4.13866	4.41924	1.84688	2.59948	6.0412	5.34525	8.6739	3.63333	1.144
ENSDARG00000007180	18.2647	26.2971	20.6265	5.46906	7.96245	8.34936	11.6224	5.62719	3.33448
ENSDARG00000007196	2.63532	2.27069	2.19711	1.15368	1.70498	2.40502	2.21398	0.763556	0.628939
ENSDARG00000007198	2.13192	2.87059	2.74813	0.956287	1.61486	1.46734	3.30873	2.88862	1.67431
ENSDARG00000007204	7.35268	9.11123	7.16242	3.79199	4.59179	4.67726	9.78762	5.65428	4.73572
ENSDARG00000007216	2.75586	1.60301	1.38021	1.20524	1.21121	1.25278	2.05344	1.02729	0.609514
ENSDARG00000007222	11.0743	9.32811	8.89603	4.94459	4.82381	4.77123	11.4059	6.28676	3.39079
ENSDARG00000007231	2.26819	3.58873	3.18379	1.62663	2.05195	2.48285	2.46014	1.03137	0.50838
ENSDARG00000007241	0.94196	0.567631	0.949901	0.450297	0.471983	0.239401	1.18994	0.153226	0.190445
ENSDARG00000007250	1.90658	2.32718	1.47175	0.605231	0.449183	1.17321	2.23874	1.35395	0.7202
ENSDARG00000007257	3.68217	4.35081	2.87586	1.39548	1.07161	1.85145	1.93125	0.601703	0.695593
ENSDARG00000007264	23.0909	28.1665	23.815	20.086	16.5997	20.6784	22.0882	12.9885	7.88555
ENSDARG00000007271	16.118	16.3527	17.2548	5.61407	6.43967	7.7589	12.9384	7.86457	4.51898
ENSDARG00000007278	7.65727	11.1508	10.8868	4.6138	6.63357	7.0681	13.6342	8.86866	4.98197
ENSDARG00000007279	4.90745	7.13136	7.19419	2.37419	3.5295	4.5507	4.41407	2.28874	2.24984
ENSDARG00000007294	7.51018	9.88305	7.8668	2.42575	4.19777	3.70033	5.02481	2.72058	1.78032
ENSDARG00000007302	2.19966	1.94782	1.7704	0.576879	0.797827	0.618893	2.7068	0.884207	0.376377
ENSDARG00000007315	6.97977	6.66132	7.43028	3.47256	5.21802	5.44221	8.47998	4.19765	3.07767
ENSDARG00000007320	10.9276	10.6813	5.00972	1.51445	1.82503	1.35236	2.33863	0.844321	0.709207
ENSDARG00000007323	3.87699	5.99223	4.44132	1.17752	1.11667	1.72068	2.38492	0.426631	0.646181
ENSDARG00000007329	1.85173	0.0141942	0	0.598703	0.0241802	0	0.0198181	0	0
ENSDARG00000007354	3.6532	4.04874	2.84729	3.38642	3.06481	4.11807	5.52956	2.06693	0.946003
ENSDARG00000007356	16.1889	11.5923	2.89458	11.9618	7.61005	1.9054	0	0	0
ENSDARG00000007359	5.15145	4.38763	3.80799	1.32031	1.08482	2.2361	1.5398	1.8663	0.121471
ENSDARG00000007369	6.45068	6.07437	8.80991	3.70005	3.39457	3.18027	14.3937	8.33177	6.17876
ENSDARG00000007377	26.5579	38.3527	36.2359	2.18705	3.72029	3.86908	4.94114	3.36086	2.64336
ENSDARG00000007383	0.837664	1.39125	1.43824	0.939304	0.8735	1.16533	1.45672	0.854446	0.544195
ENSDARG00000007385	4.16535	3.90684	4.50371	2.47862	2.5497	3.60555	1.84882	1.65421	0.756484
ENSDARG00000007387	4.09872	3.21787	2.4091	2.46825	1.41084	3.11873	6.24293	2.53241	1.2209
ENSDARG00000007398	2.1335	1.23689	1.18715	1.25785	0.884767	0.445364	1.2636	1.14646	0.449781
ENSDARG00000007405	29.6202	37.6822	26.246	4.47528	3.30585	4.65785	6.42614	2.76826	1.48936
ENSDARG00000007413	14.5735	16.3349	15.1504	9.80917	11.1869	12.0037	25.7727	20.7401	14.5338
ENSDARG00000007418	2.07825	2.52198	2.55898	2.10982	2.48505	2.96416	2.03471	1.96882	0.600895
ENSDARG00000007429	0.70884	1.39879	1.17414	0.324263	0.149318	0.35022	0.882703	0.643764	0.186855
ENSDARG00000007438	10.1646	13.7141	16.4578	7.61101	12.0681	17.3038	15.9736	10.3271	8.38332
ENSDARG00000007443	2.36783	2.49332	1.73117	1.16694	1.1382	1.27341	2.50116	1.42832	0.816622
ENSDARG00000007444	2.49792	2.16093	0.825298	0.664363	0.351763	0.44543	0.456589	0.5003	0.267976
ENSDARG00000007449	1.38205	1.56682	1.84949	0.934415	1.82991	2.20872	3.32717	1.54517	1.34429
ENSDARG00000007461	1.19033	1.11939	0.975257	0.293406	0.52976	0.582218	1.52903	0.910175	0.646282
ENSDARG00000007465	6.05407	6.95546	7.14607	1.96943	3.54113	2.9906	2.9486	1.38726	1.18498
ENSDARG00000007477	3.35667	2.58634	2.12678	1.00903	0.832623	1.84057	2.58746	1.54553	0.855151
ENSDARG00000007485	11.7459	11.1921	15.7944	4.86544	7.01962	9.81995	14.37	7.6442	7.59326
ENSDARG00000007494	3.80455	3.85309	3.50119	2.74162	2.89397	3.65081	5.71185	2.06907	1.14806
ENSDARG00000007523	1.87348	3.18662	2.45043	0.781046	1.08463	1.09142	2.77366	1.17585	0.582119
ENSDARG00000007526	3.22439	5.07096	6.25073	1.25555	1.32818	2.81708	2.44027	1.58197	0.513039
ENSDARG00000007531	1.26705	2.37712	0.880203	0.729232	1.67859	1.19492	2.07173	0.427827	0.19939
ENSDARG00000007549	2.53637	3.5834	2.48574	1.07159	1.62975	1.86122	2.45149	1.57392	0.648395
ENSDARG00000007561	0.0291227	0.0576204	0.0829469	0.0639698	0.0690375	0.187265	0.180938	0.062627	0.00941596
ENSDARG00000007566	4.74226	4.09932	5.24098	2.15596	1.93392	2.48859	4.72696	2.27331	1.53456
ENSDARG00000007601	0.757087	0.682514	0.361495	0.382429	0.303827	0.406671	0.727171	0.194671	0.0975954
ENSDARG00000007603	0.934009	0.895138	1.0668	0.388421	0.509449	0.855099	1.30906	0.540615	0.246963
ENSDARG00000007624	8.49075	8.77746	4.44716	3.2676	2.07341	2.50017	2.40537	0.870215	0.829145
ENSDARG00000007628	77.7128	27.1348	11.1464	33.5547	9.24265	7.84802	25.803	15.9057	8.37727
ENSDARG00000007630	8.08826	7.21228	4.98558	3.96738	4.49827	4.8026	6.42963	3.12937	3.01113
ENSDARG00000007639	14.306	17.953	14.2937	5.79224	7.40322	7.7704	22.4554	12.878	6.86766
ENSDARG00000007657	1.52043	3.10708	1.53641	0.257514	0.820783	0.89781	0.928336	0.780818	0.307279
ENSDARG00000007665	0.705549	0.63635	0.722924	0.381214	0.709509	0.797178	0.28875	0.195508	0.0376244
ENSDARG00000007671	4.14921	0.760265	0	0.647315	0.195923	0.0283457	0.0709959	0.0296647	0
ENSDARG00000007678	0.40816	0.776795	0.543171	0.169377	0.254591	0.227293	0.548157	0.218809	0.0400653
ENSDARG00000007682	3.64483	4.11976	1.5452	0.86483	0.419726	0.615035	0.159843	0.270807	0.268425
ENSDARG00000007691	1.54273	1.78333	2.67642	1.04957	1.5836	1.2576	2.00499	1.84769	0.782782
ENSDARG00000007693	5.15194	5.75073	4.31516	1.25656	0.689409	1.45114	2.31918	1.09582	1.30525
ENSDARG00000007708	2.8184	2.61614	1.19529	1.43468	1.16333	1.31277	1.25104	0.327594	0.230618
ENSDARG00000007711	2.4795	2.34642	2.21286	0.478177	0.321032	1.06998	1.14391	0.82961	0.395723
ENSDARG00000007714	2.06353	2.26377	2.35775	0.862722	1.41178	2.04528	1.73599	1.47151	1.36985
ENSDARG00000007720	23.0476	31.5229	26.314	4.40145	4.33542	5.22108	3.85014	1.70415	1.01002
ENSDARG00000007737	3.32944	3.78977	3.66541	1.62548	1.18783	2.85855	4.42388	2.18646	1.17531
ENSDARG00000007744	7.20395	7.46501	3.07011	1.2379	1.17528	1.21906	1.29154	0.623174	0.527681
ENSDARG00000007745	5.15419	2.36812	4.23862	0.701949	0.72823	0.913061	1.99105	0.558346	0.185565
ENSDARG00000007751	7.65067	16.2126	13.3833	3.4262	2.74494	3.84396	4.68089	2.5597	1.61648
ENSDARG00000007764	7.44825	8.19271	10.9444	3.36629	4.81057	4.40559	7.17284	3.32624	2.84703
ENSDARG00000007786	3.5048	3.32839	2.86035	1.67065	1.92138	2.61104	1.82839	0.635973	1.05224
ENSDARG00000007788	1.35463	1.13128	1.01568	0.531542	0.314986	0.550778	0.631024	0.25167	0.235325
ENSDARG00000007791	5.49664	5.37761	4.86343	2.25031	2.53739	3.67501	3.20068	2.37772	1.04138
ENSDARG00000007792	1.19283	0.18626	0.122155	0.135621	0	0.0637226	0.198563	0.127776	0.243718
ENSDARG00000007795	72.635	17.9124	0.350181	24.6773	4.52187	0.824342	0	0.170514	0.264835
ENSDARG00000007804	0.255474	0.670701	0.336653	0.305093	0.245209	0.170322	0.476006	0.321004	0.230549
ENSDARG00000007808	0.384069	0.614404	2.06656	0.551713	0.305871	0.510748	0.1625	0.0920395	0.167555
ENSDARG00000007812	5.20679	6.51892	6.01166	2.27	3.25048	3.23844	6.16254	4.02082	2.83962
ENSDARG00000007813	5.49758	5.78753	5.77207	3.14027	3.28722	3.53817	4.45821	2.19499	1.70712
ENSDARG00000007818	5.14636	4.95701	5.2314	1.10887	1.50858	2.58197	4.22798	2.36455	1.25948
ENSDARG00000007836	157.764	158.684	148.005	57.3648	46.3347	57.8548	42.111	21.9383	9.62368
ENSDARG00000007863	24.4414	14.2251	10.1922	8.83295	3.96853	5.7555	4.4513	2.16393	0.739681
ENSDARG00000007867	9.83789	13.3025	13.7405	2.04196	3.29538	3.42688	6.40879	2.48906	1.94662
ENSDARG00000007886	0.957888	0.826068	0.934815	1.33935	1.23481	1.88601	1.70077	1.61515	1.25746
ENSDARG00000007901	8.17496	4.86717	4.17724	2.28251	1.30211	1.61438	2.00257	0.978705	0.385978
ENSDARG00000007915	1.93609	1.06792	1.23351	1.17998	0.984897	0.734985	0.754698	1.02294	0.276167
ENSDARG00000007916	2.12021	1.09734	1.34572	0.431372	0.323224	0.447916	0.350972	0.162772	0.500757
ENSDARG00000007923	2.87635	3.35101	2.92532	2.99116	2.81161	2.93281	3.50483	1.98723	1.35522
ENSDARG00000007943	5.29981	4.2436	3.93864	2.38198	2.30803	2.74575	4.38166	1.41974	1.32451
ENSDARG00000007955	0.895067	0.607424	0.836073	0.32392	0.311421	0.180274	0.469971	0.277212	0.221102
ENSDARG00000007959	1.37854	2.17191	2.6976	0.386791	0.463237	0.270168	1.29483	0.587069	0.211645
ENSDARG00000007960	223.223	220.309	260.304	66.7874	65.5226	97.0262	94.5172	54.9177	35.3484
ENSDARG00000007971	1.68785	3.18254	1.32309	0.55	0.391391	1.04676	1.13442	1.00448	0.203559
ENSDARG00000007976	6.57053	6.34657	6.01584	3.1308	4.146	3.7859	4.06009	1.69008	1.30216
ENSDARG00000007982	1.14512	0.124163	0.350407	0.057979	0.111339	0.211623	0.235837	0	0.0790648
ENSDARG00000007993	3.40682	3.1192	2.91912	1.19314	1.48103	1.4778	2.26236	1.16307	0.530198
ENSDARG00000007996	7.70934	5.99715	5.0512	4.65013	4.62297	3.9541	13.1389	12.2177	6.65383
ENSDARG00000008014	5.42273	6.80062	6.69506	1.48517	1.41831	1.89812	2.81954	1.67166	1.14918
ENSDARG00000008020	13.7426	9.75819	9.36834	1.75057	0.775133	1.22957	3.76256	0.800657	1.01809
ENSDARG00000008022	3.52406	3.89544	6.4304	3.07937	3.95308	4.08354	3.63091	1.85315	1.0277
ENSDARG00000008026	4.39272	5.701	5.64275	2.31943	2.89535	3.09002	5.64377	3.63736	1.91051
ENSDARG00000008030	0.921648	0.144814	0.0683829	0.297957	0.0958439	0.0975041	0	0	0.0350323
ENSDARG00000008032	13.6095	14.0568	12.2785	5.03215	5.68888	6.29352	6.36255	4.82013	2.13284
ENSDARG00000008049	34.6098	21.5981	17.3216	2.87905	2.85562	4.09951	2.06053	0.886555	0.678129
ENSDARG00000008052	4.14303	4.30924	1.63668	2.33389	1.62544	1.22609	1.92914	1.50107	0.394733
ENSDARG00000008057	3.64258	3.59985	2.35659	1.07667	1.17486	1.07469	1.30798	0.685302	0.334678
ENSDARG00000008064	2.25919	1.8888	2.22808	2.57572	0.554809	0.82049	5.09198	1.49661	0.291358
ENSDARG00000008068	3.04217	0.841281	3.25851	0.409376	0.805707	1.35711	0.416711	0.247744	0.115825
ENSDARG00000008097	8.23762	7.56897	6.99147	1.40492	1.76221	1.38546	2.3859	1.44251	1.03054
ENSDARG00000008105	2.60414	2.03592	2.55026	2.74033	1.08818	1.48893	1.31374	0.445768	0.41446
ENSDARG00000008107	0.952173	1.19632	1.52806	0.424052	0.782692	1.31944	1.95512	1.01578	1.07517
ENSDARG00000008109	6.44203	5.58706	4.89504	1.69964	1.7756	3.23145	4.15876	2.08411	0.948809
ENSDARG00000008119	1.54071	0.544786	2.88557	1.31486	1.72185	2.04152	1.1247	1.00627	0.527744
ENSDARG00000008127	0.106497	0.633316	0.444783	0.171751	0.118581	0.330511	0.511733	0.201086	0.106536
ENSDARG00000008141	2.49306	0.868883	0.392917	0.73519	0.891912	0.243492	0.656061	0.255015	0.272883
ENSDARG00000008142	2.76711	2.90666	3.16148	0.617472	0.763302	0.868933	1.27782	0.653244	0.195013
ENSDARG00000008153	1.52879	1.86896	1.92263	0.782117	0.544094	0.888832	0.842162	0.719846	0.366363
ENSDARG00000008155	8.91821	7.60167	6.04974	3.51245	4.11187	4.0656	2.43933	2.2632	1.28165
ENSDARG00000008184	19.866	27.499	26.8671	6.69034	10.0138	10.6009	16.1141	10.392	4.57539
ENSDARG00000008188	49.2186	57.0222	41.515	14.4001	13.5264	14.2566	30.6776	19.7403	10.8101
ENSDARG00000008192	1.87037	2.6481	2.43366	1.21939	1.77181	1.54512	2.1183	1.24195	0.708122
ENSDARG00000008200	1.21225	1.60867	1.72552	0.976639	1.02369	1.64057	2.79923	1.03347	0.543011
ENSDARG00000008224	9.67201	10.4403	8.43833	3.69008	4.23959	4.3047	9.24529	4.55255	2.10139
ENSDARG00000008237	4.80352	4.66214	3.6087	2.49852	2.1816	2.91411	3.21816	1.31352	0.838496
ENSDARG00000008243	41.4075	50.6747	54.6351	10.7103	10.2022	10.1605	8.03912	3.92072	5.2846
ENSDARG00000008247	9.49558	14.0476	14.7129	2.06175	2.8811	2.71605	6.31272	3.53128	2.73745
ENSDARG00000008255	35.4279	41.9906	37.6451	15.0595	17.7387	16.954	47.4823	30.3153	14.9663
ENSDARG00000008278	6.063	7.05172	4.75139	2.06933	2.12376	2.16537	3.9356	2.4141	1.92232
ENSDARG00000008279	3.92499	4.20493	4.44857	2.15076	1.20292	1.8698	2.56168	1.37257	0.853274
ENSDARG00000008292	6.56124	6.68335	7.03706	3.37935	3.94557	6.44997	6.6634	3.01004	2.41965
ENSDARG00000008310	9.53014	2.52554	3.17352	1.83317	3.60298	1.72048	5.60316	1.9065	1.31114
ENSDARG00000008312	1.48175	1.54197	2.59975	0.816015	0.933032	0.749272	1.21965	1.05461	0.815149
ENSDARG00000008322	5.55768	8.00431	6.87042	3.41288	3.93658	4.42781	6.61269	5.33715	4.89312
ENSDARG00000008333	18.1943	11.6671	3.92385	4.80111	1.20141	1.41547	3.08286	1.82309	1.31859
ENSDARG00000008359	1.01367	1.2307	1.09735	0.548816	1.51224	1.03202	2.83461	0.872301	0.389949
ENSDARG00000008363	8.64333	5.86747	4.68366	4.64787	3.47936	5.06578	2.28676	2.01941	0.68741
ENSDARG00000008366	1.9724	2.27569	2.77392	1.2533	1.13412	1.69374	2.34997	1.11868	0.912774
ENSDARG00000008370	7.81112	9.112	7.64914	3.83445	5.57107	5.51148	16.2629	6.65238	5.35242
ENSDARG00000008372	1.00712	1.03278	1.23539	0.598982	0.417323	0.480136	1.28727	0.73365	0.482142
ENSDARG00000008377	2.69676	2.40315	1.73691	0.912135	0.875401	0.930373	2.29023	1.09223	0.696665
ENSDARG00000008380	1.26074	1.61236	2.53357	1.62423	1.09371	2.3187	2.22256	1.58988	1.41903
ENSDARG00000008383	4.30328	4.88364	2.81143	1.01735	1.13343	1.8889	1.86374	0.659281	0.402268
ENSDARG00000008388	0.129223	0.0640792	0.472902	0.0696721	0.0223557	0.13672	0.122993	0.0355572	0.0160065
ENSDARG00000008395	1.96368	4.31594	4.39068	1.51047	2.31397	3.13097	5.0739	1.83034	1.762
ENSDARG00000008396	0.606433	0.438506	0.299913	0.319725	0.394857	0.302018	1.01863	0.453505	0.0434502
ENSDARG00000008407	0.967599	0.915084	1.01643	0.500647	0.44232	0.743839	1.47212	0.286582	0.340285
ENSDARG00000008434	1.85069	1.38392	0.812996	1.13136	0.43254	1.14354	1.87601	1.32117	0.735714
ENSDARG00000008447	4.60539	6.17771	6.59426	3.64472	2.91092	4.75261	7.46599	3.12791	1.67528
ENSDARG00000008454	13.6122	23.3049	27.6533	4.47663	7.63799	8.44816	16.6106	7.46871	2.84965
ENSDARG00000008461	0.914755	0.950212	1.12221	0.153103	0.381682	0.720521	1.52449	0.3434	0.239585
ENSDARG00000008480	1.47982	2.25769	2.37402	1.70454	1.98794	1.2899	2.7941	1.04349	0.291511
ENSDARG00000008490	3.65893	4.19986	5.08817	1.86546	1.84717	2.84391	4.01713	1.96481	0.852946
ENSDARG00000008494	7.38201	8.59191	9.03026	2.67657	3.47899	4.75733	7.13463	2.7842	1.51101
ENSDARG00000008502	3.19815	3.65854	2.29879	1.65443	0.895651	0.874964	4.51985	1.39809	0.675969
ENSDARG00000008503	1.12713	2.66384	1.43896	0.591671	0.831864	0.912866	2.78734	1.81823	0.839976
ENSDARG00000008541	7.01066	9.99782	8.17199	2.78043	2.35605	3.79418	5.68457	3.1474	0.63346
ENSDARG00000008551	15.493	14.3592	14.6276	5.18286	3.90552	4.78326	4.72044	1.18472	0.609202
ENSDARG00000008560	0.368247	1.00095	1.64758	0.674897	0.658676	0.531148	1.22621	0.984357	0.481525
ENSDARG00000008573	3.7345	5.01639	2.0231	0.943759	1.19277	1.04988	0.781396	1.06256	0.635397
ENSDARG00000008575	1.37606	1.53736	1.27165	0.931595	1.56826	1.81607	10.36021	6.35185	2.05448
ENSDARG00000008592	1.00561	0.598514	0.960588	0.999539	1.18244	0.358165	0.967164	0.436734	0.134638
ENSDARG00000008593	1.28886	3.3259	1.64102	0.830094	1.52648	1.12023	2.86947	1.91219	1.11461
ENSDARG00000008623	3.07933	3.3139	1.37136	1.36861	2.09109	0.938109	5.07189	0.787919	0.381623
ENSDARG00000008660	0.405458	0.836848	0.720854	0.253136	0.457709	0.497188	0.605024	0.213366	0.163186
ENSDARG00000008678	3.38899	3.02753	3.25734	1.96007	2.14812	3.46469	4.71656	1.76091	0.997076
ENSDARG00000008680	22.0154	25.8426	15.9769	6.46948	4.76612	4.02083	16.8842	10.8119	6.34697
ENSDARG00000008703	0.833629	0.313789	0.46371	0.776421	0.728347	1.38827	0.989097	0.918316	0.499485
ENSDARG00000008706	222.532	241.331	260.996	77.0442	66.1967	104.065	85.0392	44.5883	28.3279
ENSDARG00000008727	2.09719	2.19896	2.83576	1.64418	0.650874	1.22271	1.37372	1.14926	0.851355
ENSDARG00000008732	11.7058	14.5601	14.8797	4.59958	5.01072	7.74272	5.61942	3.81392	1.61544
ENSDARG00000008735	1.16502	1.40094	2.72532	2.25655	1.61928	2.92209	2.80911	1.09084	0.709705
ENSDARG00000008740	13.7695	8.18286	9.262	3.822	2.80525	2.66136	5.96885	2.20486	0.839632
ENSDARG00000008748	21.3415	23.5618	18.3948	7.67164	7.97287	9.21128	16.0871	8.30849	4.17394
ENSDARG00000008757	0.953131	1.22837	1.09748	1.32815	1.45867	1.62488	1.92723	1.08639	0.242289
ENSDARG00000008765	4.25143	4.65534	5.56958	3.72901	4.02466	5.14619	10.6258	3.5942	3.55311
ENSDARG00000008784	8.96203	10.0919	7.399	4.89247	5.57078	4.89564	10.4257	4.10639	3.4757
ENSDARG00000008785	6.02875	5.47642	6.30173	1.41891	2.00552	2.30851	2.48813	0.772428	0.472276
ENSDARG00000008796	58.2432	21.2531	0.730261	43.0372	13.6061	0.875561	0.209531	0.179974	0.0554229
ENSDARG00000008803	33.7	39.1918	37.1267	13.3736	13.9093	18.1588	24.6847	8.47269	4.416
ENSDARG00000008805	1.01497	0.831327	1.49816	0.377243	0.625403	0.671446	1.06433	0.519872	0.224981
ENSDARG00000008807	21.032	26.4265	29.4885	6.53194	4.9828	7.06336	5.88305	2.66885	2.22305
ENSDARG00000008808	1.844	2.99897	4.68156	0.412631	0.769668	1.27793	1.54617	0.542354	0.927747
ENSDARG00000008816	0.826689	0.991065	1.01556	0.541827	0.719338	0.817203	0.872627	0.612679	0.316233
ENSDARG00000008818	4.19892	2.97968	1.3086	2.70987	0.739061	1.15605	3.51249	3.19496	2.24193
ENSDARG00000008840	1.66031	0.703564	0.318408	0.173624	0.298077	0.283731	0.520699	0.227884	0.20611
ENSDARG00000008859	39.7923	48.3186	42.5959	13.0594	17.4203	19.6129	31.2038	17.1972	13.0448
ENSDARG00000008867	1.83201	1.31491	1.32013	0.755331	0.846833	0.787084	1.5916	0.441854	0.331787
ENSDARG00000008884	1.59453	1.75815	1.04778	1.31922	0.861892	0.988438	1.60585	0.698369	0.314984
ENSDARG00000008887	4.84783	1.53272	0.32904	1.84587	1.084	0.410975	0.823425	0.495512	0.277078
ENSDARG00000008904	3.90148	5.22316	4.77604	2.14736	2.63728	2.94245	3.6484	2.33629	1.66024
ENSDARG00000008906	0.626207	0.804805	0.223705	0.287306	0.138743	0.407519	0.583314	0.262177	0.151566
ENSDARG00000008936	12.5784	11.368	4.36872	10.5526	9.63122	6.6568	2.62845	1.84497	0.935759
ENSDARG00000008937	2.81625	4.21098	4.11102	1.20878	1.43051	1.49896	3.50875	2.45574	1.29935
ENSDARG00000008947	15.5657	16.8218	15.7805	9.86305	10.2735	13.7785	11.4994	5.8031	3.33822
ENSDARG00000008953	0.442989	1.10503	0.865707	0.460206	0.973981	0.421839	1.35025	0.185379	0.347124
ENSDARG00000008966	9.11426	8.70435	7.23595	4.54308	5.98211	7.34305	8.04137	4.83109	5.83024
ENSDARG00000008976	27.9215	33.1986	22.6055	7.5759	8.87717	8.37372	8.5683	5.18862	3.94263
ENSDARG00000008979	6.23435	7.31024	4.48958	2.96476	3.82567	3.59882	5.09333	3.37622	1.68034
ENSDARG00000009001	30.339	28.8105	29.7155	7.89928	6.9818	7.5131	7.05269	3.66042	2.13519
ENSDARG00000009017	2.42744	2.26935	2.24853	0.675143	0.735391	1.45175	1.48706	0.810691	0.718616
ENSDARG00000009023	3.12235	5.40047	4.35657	3.15248	3.71815	3.76336	5.82759	3.73327	2.45837
ENSDARG00000009031	12.183	15.3776	11.4566	8.60494	10.4188	13.75	15.8243	9.13956	6.10353
ENSDARG00000009040	17.639	1.6225	0	8.81741	1.32106	0.355677	0	0	0
ENSDARG00000009106	1.45922	2.81746	2.55989	1.7406	1.81287	2.89108	2.21697	1.50718	0.39817
ENSDARG00000009133	1.81007	1.54617	1.9912	0.685125	1.02017	1.82558	1.42831	0.824446	0.416401
ENSDARG00000009136	4.59139	3.79059	3.20188	1.83572	1.79155	1.78853	3.96724	2.61785	1.33065
ENSDARG00000009142	10.9415	15.0132	12.9906	5.46534	6.52598	7.53189	13.7435	9.08618	4.20807
ENSDARG00000009169	3.75775	2.87731	2.98549	2.17835	1.09521	2.04985	4.89657	0.96534	0.673269
ENSDARG00000009170	4.44843	5.38035	4.91974	1.09544	2.36669	2.07193	3.13277	1.91212	0.835759
ENSDARG00000009208	7.37627	9.69104	8.56685	3.21054	2.93198	5.22288	6.73214	2.72838	0.996034
ENSDARG00000009212	23.8902	36.1978	29.4615	19.0191	20.3527	22.6643	21.0329	11.4397	7.9448
ENSDARG00000009214	5.2666	5.92346	5.42601	1.28536	1.4356	2.17854	2.47495	1.43963	0.957529
ENSDARG00000009217	15.1621	13.0996	9.23761	7.41094	7.7396	8.31217	11.3128	4.133	4.03007
ENSDARG00000009250	2.20656	2.27179	2.32255	0.926536	1.12195	1.54475	1.05547	0.48303	0.384393
ENSDARG00000009257	0.732613	0.227711	0.0674936	0.257274	0.372923	0.150415	0.325623	0.257998	0.248374
ENSDARG00000009266	1.14648	1.24851	1.59516	0.65733	0.521393	0.632471	0.937676	0.332802	0.190628
ENSDARG00000009273	4.85883	4.03782	4.13691	1.96371	1.64213	1.72359	2.09241	0.898949	0.826681
ENSDARG00000009299	2.19606	1.94133	2.29057	1.02788	0.806114	1.28522	2.73562	1.11783	0.876168
ENSDARG00000009315	1.50384	1.03885	1.52244	0.397671	0.542057	0.689052	0.604748	0.340097	0.182837
ENSDARG00000009336	15.787	19.0564	16.8421	6.24545	7.74099	9.1154	10.3596	4.31902	1.38175
ENSDARG00000009342	6.1291	7.07898	5.80512	2.01608	2.99569	3.87829	4.48089	2.32837	1.3919
ENSDARG00000009346	5.08447	6.1712	4.92484	1.82895	2.359	2.61843	6.92844	3.70581	1.5723
ENSDARG00000009350	6.72467	7.41318	5.11808	3.18263	3.22719	4.30152	3.71965	1.20228	0.928077
ENSDARG00000009436	4.89229	5.66417	4.6994	1.63129	2.95616	2.67828	5.37646	3.89451	2.66969
ENSDARG00000009447	5.4245	3.73576	4.39406	1.62707	3.05758	1.13203	7.63264	2.41992	1.6317
ENSDARG00000009470	1.50916	0.426908	0.186973	0.159398	0.0820002	1.68397e-09	0.0551662	5.80446e-10	1.15695e-08
ENSDARG00000009480	1.24812	1.27001	2.27984	0.40624	1.50956	1.31284	2.36261	1.51616	3.40361
ENSDARG00000009484	4.35855	3.41346	3.53505	1.94549	2.39618	1.7305	3.0221	1.08089	0.729625
ENSDARG00000009488	3.84807	3.39791	2.42447	1.25596	1.5229	0.969445	2.7892	0.753937	0.398449
ENSDARG00000009493	0.588636	0.816977	0.404605	0.306512	0.514885	0.406716	1.04644	0.753769	0.572801
ENSDARG00000009494	4.34527	6.29174	3.96575	3.44952	4.09922	2.51076	4.13254	1.80311	0.904257
ENSDARG00000009499	0.506431	0.212113	0.344673	0.136934	0.182328	0.188208	0.117668	0.055654	0.0298588
ENSDARG00000009505	38.4783	40.1588	31.7982	7.78688	6.9931	8.56197	20.8958	11.47	6.28902
ENSDARG00000009524	2.11683	1.54214	1.7884	1.063	0.848672	1.10152	1.47388	0.828466	0.682085
ENSDARG00000009525	2.60996	1.56711	1.89934	1.08781	1.54666	3.67599	2.19719	0.744569	0.159153
ENSDARG00000009534	2.12031	2.49472	2.8177	1.80238	1.89856	1.35334	2.67575	1.27279	0.504761
ENSDARG00000009549	19.711	27.4507	25.5011	8.15877	13.3489	10.616	13.2844	8.87942	4.98526
ENSDARG00000009557	5.81736	7.47079	10.2324	2.55921	3.02768	5.31568	3.43579	1.18768	0.764745
ENSDARG00000009563	0.357799	0.13287	0.512774	0.228398	0.208523	0.166467	0.407377	0.283722	0.212154
ENSDARG00000009585	1.12509	0.856916	0.443714	0.379892	0.294491	1.13442	0.289525	0.245476	0.120487
ENSDARG00000009607	5.69632	8.10003	7.75668	1.54386	1.80509	2.50015	3.1021	0.986984	0.993993
ENSDARG00000009610	3.63129	1.75588	2.01207	1.35978	1.30781	1.23522	2.354	1.82159	1.52255
ENSDARG00000009629	3.95089	9.48692	5.96434	2.64826	2.64774	3.14821	8.49006	3.8201	2.83135
ENSDARG00000009640	4.2425	5.04001	5.02307	1.158	1.6772	1.58517	2.17069	0.691666	0.650998
ENSDARG00000009657	1.87711	3.33777	1.14836	0.393616	0.193302	0.321094	0.971156	0.114286	0.156867
ENSDARG00000009677	2.2201	2.53211	2.59728	1.86745	2.3137	2.35729	2.79594	2.11666	2.10988
ENSDARG00000009681	6.2456	19.7046	29.3089	2.84848	10.6305	9.84038	12.7688	10.3282	6.81811
ENSDARG00000009693	4.65794	6.32621	6.79473	2.4603	2.29598	3.24314	4.58458	2.54789	2.19832
ENSDARG00000009724	0.846105	1.13043	0.579613	0.639826	0.48257	1.10112	1.25587	0.783324	0.273937
ENSDARG00000009733	1.40224	1.41042	1.26788	0.46994	0.499031	0.79307	1.6634	1.06868	0.501375
ENSDARG00000009735	19.2355	24.5967	19.4103	12.0153	13.9852	13.8642	27.316	13.777	8.50022
ENSDARG00000009737	7.18491	2.56012	0.625544	3.0546	0.56027	0.387206	0.89821	0.245529	0.158353
ENSDARG00000009740	5.89119	7.81886	9.93385	2.74026	4.31659	4.65977	6.5638	3.21939	1.92971
ENSDARG00000009745	5.98057	6.98774	6.12548	2.03251	3.03926	3.2398	4.15603	2.19798	1.49133
ENSDARG00000009753	2.65672	2.59836	1.43719	0.383324	0.948924	0.745049	2.14411	0.174458	0.156601
ENSDARG00000009754	6.59248	7.82643	6.60725	3.2047	3.26165	4.59453	9.31223	5.51973	2.21289
ENSDARG00000009764	1.16273	2.10887	1.50564	0.346571	0.504835	1.06909	1.23016	0.412979	0.428891
ENSDARG00000009771	5.03003	5.52705	7.79845	0.965483	1.34863	1.32006	2.41794	0.809929	0.423478
ENSDARG00000009779	2.70285	4.24275	5.32252	1.01989	1.25496	1.83198	1.95081	1.99626	0.69439
ENSDARG00000009783	6.21904	7.87714	7.074	1.73708	2.57869	3.59282	5.07156	3.10183	0.977988
ENSDARG00000009793	7.9105	5.92168	5.18198	3.19998	3.09079	3.88091	11.3765	9.57172	5.56542
ENSDARG00000009796	2.63123	3.50199	2.50501	0.854395	1.42532	1.12432	2.09825	1.12453	1.00202
ENSDARG00000009802	11.6233	8.4609	6.13058	4.86985	4.52675	4.77405	1.85205	1.59861	2.26297
ENSDARG00000009806	2.56407	2.07717	0.817831	0.194352	0.369206	0.747351	0.753695	0.528568	0.248642
ENSDARG00000009823	0.718369	0.112572	0	0	0	0	0	0	0
ENSDARG00000009830	8.71356	7.62849	6.58797	4.21455	5.09444	5.04318	7.63052	3.62872	2.37125
ENSDARG00000009850	2.72017	4.88801	5.73491	0.978676	1.57849	2.29626	1.7906	1.56416	0.510083
ENSDARG00000009851	2.39791	3.6784	3.63962	0.446074	0.520299	0.733813	0.700146	0.697112	0.142198
ENSDARG00000009862	3.85535	7.84856	8.86318	1.9196	0.698891	1.40701	2.08864	1.35741	0.980651
ENSDARG00000009868	3.52901	4.48014	2.51586	2.00276	1.73388	1.12181	1.81786	1.08104	0.472357
ENSDARG00000009870	5.19232	5.99658	6.42011	1.39378	2.42066	1.57825	3.61957	2.92119	1.42643
ENSDARG00000009871	174.359	229.723	199.297	18.1773	18.5489	21.4427	17.0719	11.7357	5.99782
ENSDARG00000009881	15.1796	4.20552	0.0879032	6.75136	1.32989	0.0723966	0	0	0.0715415
ENSDARG00000009886	0.336419	0.327406	0.103255	0.493697	0.288482	0.471468	2.35248	0.754655	0.839604
ENSDARG00000009905	2.21103	0.347347	0	0.671201	0	0	0	0	0
ENSDARG00000009933	5.15646	3.61379	3.99399	1.80457	1.63905	2.37568	2.55084	1.17299	1.44911
ENSDARG00000009939	3.1697	0.561515	0.388905	0.311887	0.121093	0.0883686	0.107446	0.0949653	0
ENSDARG00000009942	71.5853	53.18	45.2862	18.8027	15.6782	15.7023	22.4649	10.1933	6.68047
ENSDARG00000009946	8.81284	11.29	11.541	3.38739	5.26775	6.2212	13.2643	6.77066	3.42711
ENSDARG00000009950	5.63937	2.23243	1.22074	1.2733	0.998092	0.426276	1.64251	0.24074	0.433079
ENSDARG00000009953	12.0932	15.2572	13.3974	5.9948	8.32086	9.84359	14.3666	8.8861	6.26549
ENSDARG00000009958	9.29471	10.6138	8.96349	4.53566	5.5505	4.85759	16.716	9.18228	6.95028
ENSDARG00000009961	4.09507	3.6582	3.27569	1.02934	1.1012	1.92448	3.00609	2.40605	2.13824
ENSDARG00000009982	0.498099	0.190081	0.354679	0.356411	0.671955	0.469685	1.15189	0.483504	0.727022
ENSDARG00000010002	6.07254	7.62256	8.3476	3.66513	3.93724	4.32562	10.0588	7.41021	3.87146
ENSDARG00000010010	1.37283	0.46128	0.615231	0.227862	0.419838	0.420223	0.398021	0.256029	0.503055
ENSDARG00000010018	1.16679	1.90028	1.70226	0.129901	0.913096	0.779472	2.55399	1.05129	0.546619
ENSDARG00000010025	4.40842	7.38155	6.36352	2.51845	3.69414	3.27908	4.73822	3.73391	1.75425
ENSDARG00000010031	0.573752	1.40506	1.19916	0.541161	0.701559	1.0694	1.62836	0.870026	0.625199
ENSDARG00000010052	7.04641	8.44412	10.0874	3.29883	2.12888	4.32004	4.12862	2.23229	1.27583
ENSDARG00000010098	2.19369	3.94394	2.61628	1.39237	1.61755	2.37788	4.73724	1.5726	0.976647
ENSDARG00000010124	2.44509	0.226305	0	0.9198	0.297469	0	0	0	0
ENSDARG00000010145	1.35734	0.120324	0.057856	0.280197	0.152469	0.0603607	0.310319	0.0794694	0.0493891
ENSDARG00000010149	8.93418	14.1829	11.1842	4.32852	5.48106	4.62016	8.26523	6.43401	5.54742
ENSDARG00000010158	0.486043	0.545361	0.587313	0.275065	0.483506	0.489193	0.791737	0.574382	0.291874
ENSDARG00000010160	4.9537	1.33175	0.936662	1.26071	0	0	1.66899	0.44391	0.252489
ENSDARG00000010181	1.22856	1.6571	1.83462	0.824991	0.816158	1.12135	1.90212	1.42929	0.962737
ENSDARG00000010191	1.06776	2.15735	0.623299	0.520934	0.45283	0.589895	3.22156	0.531014	0.665969
ENSDARG00000010194	7.75625	9.568	8.20399	4.31634	4.14104	3.61609	8.05721	5.37788	2.71639
ENSDARG00000010207	0.360598	0.122788	0.371666	0.322367	0.353015	0.132684	0.817893	0.115399	0.281162
ENSDARG00000010246	132.877	157.586	166.135	22.2999	23.0767	40.28	28.7885	11.4755	4.98972
ENSDARG00000010255	5.11822	6.84606	5.6221	2.55169	3.66627	2.86046	6.44835	2.63254	1.02178
ENSDARG00000010266	28.3558	45.035	36.1545	8.34164	12.1788	13.4778	39.2342	16.9152	12.5652
ENSDARG00000010267	1.94049	1.75087	1.54262	0.698126	1.13174	0.659775	0.985641	0.526825	0.403671
ENSDARG00000010279	1.67082	1.65378	2.12213	0.516772	0.731315	0.915883	1.86055	0.551111	0.296727
ENSDARG00000010280	14.7862	4.82352	4.21483	2.39037	8.489	3.16944	25.2405	12.2119	6.63917
ENSDARG00000010281	5.06217	10.9803	5.66347	2.40921	3.77598	3.70842	5.24632	2.69164	2.07801
ENSDARG00000010290	3.88996	6.03488	0.926536	0.853545	1.22326	1.11058	2.03645	0.758753	0.713011
ENSDARG00000010297	1.19576	1.07692	2.20594	0.740354	0.628128	0.899122	1.23772	1.20549	0.689827
ENSDARG00000010300	8.11937	12.2661	9.83066	3.04378	2.12857	3.33809	6.37904	5.98921	5.23183
ENSDARG00000010301	10.7347	14.2643	13.1411	5.35133	7.79635	8.80361	20.9538	13.7439	8.94848
ENSDARG00000010316	1.91769	2.05196	1.53107	1.17026	0.661196	1.21494	1.50695	0.428143	0.223378
ENSDARG00000010331	0.456708	0.682402	0.364288	0.255809	0.584912	0.906166	1.18077	0.773225	0.558794
ENSDARG00000010332	25.0183	30.194	29.3083	7.0329	8.54622	9.94639	15.3187	7.19655	4.18529
ENSDARG00000010381	5.32986	5.99186	6.18886	3.31045	2.78887	4.80578	6.67607	3.62477	1.1039
ENSDARG00000010385	0.839664	0.35088	1.06672	0.294032	0.594202	0.216485	0.937696	0.43642	0
ENSDARG00000010400	5.85046	11.8465	6.03864	1.69312	2.34019	2.42392	2.91545	1.81599	1.15088
ENSDARG00000010407	0.833339	0.586983	1.23228	0.486075	0.497395	0.419998	0.562709	0.191783	0.0570385
ENSDARG00000010408	1.14003	1.7166	1.42904	0.740792	0.955069	0.983699	1.62627	1.43342	0.526663
ENSDARG00000010411	5.99199	5.24434	2.83732	2.45599	1.78391	2.40419	4.75692	5.14785	1.85883
ENSDARG00000010420	2.38429	2.53093	1.35359	0.521287	0.492194	0.377792	1.9206	0.216469	0
ENSDARG00000010432	1.95056	2.21061	2.91589	3.82058	1.88654	2.7044	3.61431	3.88328	0.954682
ENSDARG00000010437	181.717	230.595	157.9	65.4266	83.9499	82.9591	160.103	69.3956	44.2856
ENSDARG00000010445	1.08008	0.363453	0.600331	0.0525216	0.243223	0.343644	0.395754	0.520763	0.317884
ENSDARG00000010462	1.1883	0.249259	0.061284	0.404143	0.225103	0	0	0	0.128891
ENSDARG00000010481	21.399	20.506	21.8574	11.2506	11.048	14.7933	26.8124	7.35359	3.15091
ENSDARG00000010482	2.69344	5.2164	1.9557	0.311996	0.188519	0.0670551	0.507398	0.0727674	6.19753e-09
ENSDARG00000010487	4.03482	2.62868	1.87888	1.68716	1.22617	1.63039	1.95248	0.40083	0.184401
ENSDARG00000010511	9.71808	14.147	10.9097	5.3166	6.62102	6.63166	12.6872	4.97625	2.89631
ENSDARG00000010516	7.35102	9.25036	3.91172	2.54092	5.0675	2.04485	7.3081	3.63253	1.96686
ENSDARG00000010519	1.82238	1.43073	1.29482	2.32132	2.45855	4.36632	4.37637	4.50525	3.67032
ENSDARG00000010524	2.21495	1.80565	1.02153	0.922469	1.4855	0.849464	2.92929	1.65278	1.36902
ENSDARG00000010553	88.4665	113.71	79.5341	4.84613	4.98132	6.38213	8.48351	4.01166	3.38295
ENSDARG00000010563	2.6948	4.48643	3.31752	0.988684	1.10276	1.81321	1.83445	0.86074	0.408778
ENSDARG00000010571	8.35459	8.36263	8.473	4.4144	5.43742	5.87754	9.94875	3.92981	2.26467
ENSDARG00000010572	15.2659	13.3216	20.2174	10.6992	10.8905	11.2412	9.07541	5.26283	3.08589
ENSDARG00000010583	3.23573	4.73968	4.9902	1.75696	2.50925	2.1882	4.28728	2.91573	2.28793
ENSDARG00000010596	41.8011	39.1595	30.0201	13.0024	14.0913	15.6176	24.0737	12.0155	6.34697
ENSDARG00000010601	0.406139	1.25011	0.591112	0.19893	0.242456	0.425938	0.624791	0.44847	0.18179
ENSDARG00000010640	2.46159	3.23474	3.36228	1.80317	2.61878	3.39708	4.40602	2.74225	2.76448
ENSDARG00000010641	4.41488	2.72972	1.52175	3.82607	2.24527	2.02645	5.54926	1.42244	2.44695
ENSDARG00000010655	0.751856	0.532723	0.44916	0.298328	0.69333	0.453214	1.46818	0.302143	0.545202
ENSDARG00000010658	5.68918	1.11295	0.742368	1.01539	0.707639	0.430603	0.936248	0.275181	0
ENSDARG00000010673	2.21696	2.59716	2.45205	1.25685	0.952531	1.48912	2.86562	1.24685	0.768476
ENSDARG00000010681	6.05114	10.7145	11.3988	2.9051	4.00993	7.55311	7.37972	5.79034	4.79116
ENSDARG00000010721	9.26071	10.8327	10.3604	4.33433	7.21274	5.34414	8.85604	5.52364	2.67429
ENSDARG00000010727	0.68253	1.0011	0.648737	0.548358	1.22747	1.71887	2.30692	1.02057	0.726763
ENSDARG00000010732	2.87348	4.35582	2.35078	1.19797	0.837452	0.419665	1.48341	1.67586	0.48451
ENSDARG00000010745	7.91232	4.84325	6.04237	4.4892	4.38945	5.54401	4.4541	3.59268	1.61342
ENSDARG00000010752	3.89826	4.07854	3.14273	1.60427	1.83543	1.73007	2.09705	1.74291	0.652865
ENSDARG00000010767	0.108483	0.245928	0.247046	0.0973312	0.184012	0.165304	0.148599	0.0814235	0.0478409
ENSDARG00000010770	45.8442	8.29467	0.0964071	9.09871	1.33346	0.0500467	0	0	0.26957
ENSDARG00000010773	72.0381	67.5929	48.0294	17.094	15.9273	17.7396	12.8839	5.78645	2.73473
ENSDARG00000010779	14.8481	17.3988	12.7954	8.22212	10.4122	9.19584	25.9942	13.4683	8.778
ENSDARG00000010782	2.49376	2.39913	2.23057	1.22665	0.868371	1.0347	1.39954	0.373074	0.451499
ENSDARG00000010783	0	0	0	0	0	0	0.40145	0	0
ENSDARG00000010784	8.70121	13.971	11.4986	3.58109	5.26126	5.66881	15.7604	9.11476	5.09091
ENSDARG00000010789	2.40641	2.12664	2.05505	1.86578	1.45327	1.02306	2.80605	1.64378	0.878864
ENSDARG00000010792	50.7793	62.585	56.7414	17.9949	20.7063	22.9346	31.4162	24.4596	23.8629
ENSDARG00000010823	7.85073	5.80248	7.80415	4.43004	3.15291	4.1103	5.31011	2.53049	1.61268
ENSDARG00000010853	1.41196	1.21351	0.454647	0.607033	0.902435	0.767426	0.40957	0.192542	0.0942674
ENSDARG00000010862	1.20568	1.40295	1.03047	0.50994	0.975251	0.771317	0.947168	0.222001	0.23198
ENSDARG00000010873	0.965861	0.572595	1.66478	0.740443	0.924514	1.26932	1.56559	0.948923	0.472798
ENSDARG00000010878	4.47019	0.358592	0.360833	0.901109	0.0705183	0	0	0.127881	0.292404
ENSDARG00000010905	0.984312	0.976714	0.744771	0.530554	0.566073	0.815831	0.776191	0.324714	0.270531
ENSDARG00000010941	0.506066	1.01238	0.516176	0.284014	0.3859	0.252694	0.918372	0.369704	0.38074
ENSDARG00000010946	7.35776	9.59923	6.83017	2.42185	2.07815	2.37326	4.86268	1.75249	0.87702
ENSDARG00000010948	25.9724	25.6761	37.7066	16.2688	15.1333	19.705	24.6505	16.3869	9.92221
ENSDARG00000010965	3.91994	3.89407	3.90844	2.76822	3.00491	3.45567	2.56528	1.7256	0.519522
ENSDARG00000010978	1.7002	0.854654	2.46322	0.613782	0.606514	0.969434	1.14615	0.648961	0.258637
ENSDARG00000010981	0.754341	1.2713	1.29373	0.177532	0.331134	0.486758	0.436089	0.186838	0.128034
ENSDARG00000010995	2.61639	2.56891	2.28149	1.21448	1.38789	0.933963	1.62461	1.29156	0.909058
ENSDARG00000011000	18.1763	22.8566	20.4565	9.82203	12.7086	15.2911	28.3438	12.1346	6.90415
ENSDARG00000011020	215.753	182.986	115.442	93.5958	79.0382	80.1443	99.5073	47.8504	28.5938
ENSDARG00000011027	2.8775	2.83483	2.39061	1.36142	1.02184	1.51966	3.15713	2.50025	1.94626
ENSDARG00000011049	2.39328	2.46292	2.3034	1.56494	2.10766	2.35319	3.89853	3.2408	1.67465
ENSDARG00000011055	1.61949	1.67916	0.982823	0.545701	0.596713	0.894881	1.3152	0.297229	0.694085
ENSDARG00000011072	1.21046	1.5871	1.27927	0.504382	0.670858	0.841346	1.00945	0.628107	0.131982
ENSDARG00000011079	6.18068	4.3148	2.66752	2.70583	3.17345	3.14386	3.43243	2.35687	0.893075
ENSDARG00000011094	38.8853	45.3921	35.7337	21.1515	23.7528	23.2326	22.1277	12.0488	6.08728
ENSDARG00000011122	0.298323	0.0596547	0.106439	0.0841967	0.0612125	0.0836054	0.129852	0	0.013643
ENSDARG00000011125	11.7389	9.77291	7.26711	2.6113	1.82181	1.2575	1.8439	1.75275	1.52584
ENSDARG00000011127	28.256	36.678	28.7589	9.8801	6.5124	10.5907	10.5998	5.11474	2.85558
ENSDARG00000011133	19.4488	17.7209	20.2674	8.27591	10.3233	14.0744	18.2569	10.1895	4.31646
ENSDARG00000011146	4.95935	4.01297	3.55633	1.53701	0.498045	2.93607	2.12946	0.757179	0.196748
ENSDARG00000011157	8.92502	10.9756	11.5632	3.50163	4.52408	7.10435	9.23319	4.85289	2.54242
ENSDARG00000011175	0.871991	0.87651	1.16335	0.493598	0.796313	0.719318	1.04918	0.162893	0.150553
ENSDARG00000011186	0.749833	1.19308	1.02507	0.623351	0.296417	0.800789	0.73959	0.225633	0.371641
ENSDARG00000011188	3.27739	3.54664	3.59618	1.68975	1.68266	3.54406	3.48657	2.83803	1.94875
ENSDARG00000011190	1.28817	2.37378	1.98533	1.55671	1.59997	1.5069	6.29994	4.44476	2.41492
ENSDARG00000011196	5.39455	5.60625	5.32236	2.2435	2.24403	2.87459	2.9301	1.58998	0.659588
ENSDARG00000011201	23.411	29.2161	35.8357	7.59265	2.04973	7.67089	13.8755	4.25179	5.29663
ENSDARG00000011219	7.47384	9.17776	7.91803	3.75754	4.71612	5.99301	11.5338	8.16759	3.97617
ENSDARG00000011233	2.7626	1.5193	2.56245	1.09964	1.01206	1.7309	2.07144	1.07823	0.687953
ENSDARG00000011239	2.67398	2.54437	2.22944	1.22317	1.7995	2.06334	3.0705	0.901209	0.924788
ENSDARG00000011246	2.29114	1.09136	1.37441	0.397624	0.900108	0.907416	1.41942	1.04899	0
ENSDARG00000011262	1.02781	0.825974	0.56237	0.662305	0.435486	0.83149	1.16434	0.514053	0.320337
ENSDARG00000011273	1.71563	0.768745	0	0.269285	0	0	0.329393	0.0609705	0
ENSDARG00000011298	0.683878	0.953114	1.10057	0.529868	0.529352	0.987248	1.06341	1.14818	0.865175
ENSDARG00000011299	10.3953	9.54427	8.37377	4.19524	2.84015	4.02223	8.92938	2.87724	2.07191
ENSDARG00000011301	2.49385	2.25656	3.41394	1.07438	1.67564	2.68037	1.16196	0.789596	0.466841
ENSDARG00000011312	3.22583	3.74281	3.68325	2.701	1.86322	2.53684	4.89087	2.36774	1.59771
ENSDARG00000011333	7.37414	9.25205	6.97017	4.20594	4.7059	5.18366	9.75731	7.04694	5.14441
ENSDARG00000011360	3.14253	2.01225	2.05346	0.976641	0.99465	1.35037	3.97155	1.94042	0.759764
ENSDARG00000011370	1.91217	2.77644	2.79346	0.813057	1.06747	0.97687	2.30854	1.20834	0.533494
ENSDARG00000011373	14.9734	17.9141	9.90478	12.7191	16.7452	14.3607	18.353	14.9427	7.98274
ENSDARG00000011376	0.813035	0	0	0.48886	0.094942	0	0	0	0.0215936
ENSDARG00000011404	4.88007	5.29222	3.28217	3.21812	3.91034	2.90854	6.31679	1.42571	1.36588
ENSDARG00000011405	31.1395	42.1286	34.5716	10.5148	10.6949	11.0046	12.295	5.33068	4.44211
ENSDARG00000011408	13.8589	15.8018	14.0664	4.10572	4.63114	5.55275	10.1209	3.69635	2.52257
ENSDARG00000011410	3.90609	1.7459	0.243385	0.894269	0.62769	0.45158	1.06607	0.544301	0.173141
ENSDARG00000011418	16.8234	15.4526	14.6182	3.83571	2.55606	5.33357	3.79008	1.98851	0.881224
ENSDARG00000011445	0.521273	0.35463	0.862185	0.147629	0.76147	0.391535	1.89979	1.12923	0.502816
ENSDARG00000011493	9.84063	11.4221	11.8711	5.2866	3.77512	5.74979	5.26477	2.82418	1.67549
ENSDARG00000011496	5.85384	8.9123	7.03192	2.42412	3.09436	3.51944	9.70989	4.67616	3.47955
ENSDARG00000011498	1.20573	2.26184	2.177	0.361987	0.80047	1.26676	1.97849	0.748933	0.998474
ENSDARG00000011506	1.61874	1.99115	3.61886	1.27261	1.76518	2.11646	1.58266	0.876504	0.369023
ENSDARG00000011510	5.34379	8.04614	4.75045	3.42693	3.28092	4.28452	6.20954	3.33454	1.55947
ENSDARG00000011515	0.614763	0.768463	0.903691	0.417261	0.477417	0.772388	0.868626	0.305735	0.315864
ENSDARG00000011553	3.49816	4.34232	4.88589	1.92882	1.2864	2.74446	4.21751	2.24679	0.82272
ENSDARG00000011555	5.80879	4.33655	5.24628	2.64988	1.4192	3.21504	2.57313	1.31468	0.674292
ENSDARG00000011564	55.0707	25.6649	18.5893	15.3435	7.37079	6.43097	13.37	8.11673	5.4691
ENSDARG00000011573	0.662375	0.73635	0.65077	0.343237	0.435323	0.352564	0.128207	0.142249	0.0925396
ENSDARG00000011583	1.79161	2.59127	1.99222	1.01262	1.30626	1.97292	2.23327	0.739237	0.697039
ENSDARG00000011594	3.36344	3.7643	4.69238	2.71425	2.55961	2.9017	6.07615	3.41536	2.982
ENSDARG00000011597	28.4874	39.6987	32.5091	11.5955	16.1838	17.2897	51.2905	44.4908	31.3688
ENSDARG00000011605	2.92833	4.81412	3.82929	1.22799	1.9367	2.16775	3.11076	1.60986	0.996261
ENSDARG00000011609	8.98169	12.2723	11.8239	3.01047	3.53181	4.28614	12.106	8.76836	4.92215
ENSDARG00000011611	3.9324	5.63437	3.83915	1.03182	1.80437	1.43389	4.98885	1.13631	1.31528
ENSDARG00000011613	14.5008	9.60553	1.96155	9.25824	3.09806	2.21459	2.91053	1.5204	1.16622
ENSDARG00000011637	10.4127	12.4665	11.3641	4.18717	4.66739	5.03567	9.68032	5.00897	4.19704
ENSDARG00000011648	22.2324	19.0116	18.1448	4.88771	4.00056	5.42003	2.27872	0.824079	0.768183
ENSDARG00000011661	2.46563	2.34729	1.92669	0.691035	1.07119	1.32129	1.37236	1.28524	0.478969
ENSDARG00000011662	2.8449	3.69878	3.1048	1.3629	1.69022	2.35559	2.56295	1.14956	0.888321
ENSDARG00000011665	5.51318	4.52758	5.5636	2.49034	2.97929	4.08481	9.16915	5.08355	3.48188
ENSDARG00000011666	4.59858	8.61636	5.58073	1.95508	1.67744	2.37769	4.51195	1.97727	1.17742
ENSDARG00000011673	1.47151	1.76711	2.53415	1.55847	0.603909	1.37427	0.684355	1.14735	0.197139
ENSDARG00000011683	2.45066	2.26227	2.47773	0.86472	0.769077	1.14579	0.736664	0.444451	0.198464
ENSDARG00000011703	0.404226	0.584027	0.71788	0.446087	0.639352	0.582922	1.72723	1.23421	0.889212
ENSDARG00000011727	1.62069	1.17976	1.47759	0.759419	0.292629	0.153339	0.264453	0.150459	0.138222
ENSDARG00000011740	3.82553	4.37853	4.18327	2.83924	2.80797	4.13782	3.40537	1.4003	0.886463
ENSDARG00000011743	9.0932	12.6455	11.1146	2.76328	3.34466	3.53935	7.38616	4.17999	3.08705
ENSDARG00000011764	6.05399	4.88879	4.31133	1.8126	1.38212	1.83395	2.25456	0.840906	0.718747
ENSDARG00000011777	18.7056	14.6362	10.0628	12.2328	10.0799	10.206	12.2169	6.72868	3.56454
ENSDARG00000011783	4.42492	6.07824	5.52725	1.67078	2.25647	3.14911	3.91005	2.00843	1.03517
ENSDARG00000011809	1.7188	1.99506	1.3022	2.05003	1.86128	2.25597	3.82586	1.50516	1.25465
ENSDARG00000011819	3.27989	5.12363	4.19095	2.38819	2.80398	2.79699	5.02535	3.95949	2.69317
ENSDARG00000011824	3.07083	3.38787	1.92628	0.706979	1.21211	0.545211	0.803065	0.371347	0.138714
ENSDARG00000011825	1.0778	1.25713	0.602622	0.605371	0.412502	0.534518	0.527777	0.199316	0.0341822
ENSDARG00000011830	0.680221	0.739106	0.942008	0.150034	0.150359	0.781443	0.566863	0.0235506	0.019796
ENSDARG00000011841	1.95846	5.53494	3.58624	1.37148	0.783438	1.04599	0.940068	1.18255	0.282404
ENSDARG00000011851	0.460135	0.472604	0.332767	0.0583339	0.291008	0.370098	0.190623	0.0636377	0.0997364
ENSDARG00000011855	1.86694	2.92203	0.990473	1.01637	1.51304	1.51692	3.97896	4.20178	2.7977
ENSDARG00000011863	7.93977	8.4293	7.22849	3.64487	5.09752	4.77671	14.0419	7.01716	4.03248
ENSDARG00000011885	5.99695	8.55824	4.30364	2.08088	2.0088	2.46179	3.38052	1.04448	0.834805
ENSDARG00000011890	1.73754	1.48367	1.48389	1.14147	1.23296	0.608288	1.11881	1.5027	1.36764
ENSDARG00000011897	1.37312	2.32445	1.97992	0.942724	1.111	1.04412	2.57205	0.900379	0.945786
ENSDARG00000011909	2.29154	3.07093	2.7771	1.74332	2.18754	2.70576	3.63377	1.67179	1.07735
ENSDARG00000011921	10.0687	7.44793	4.6425	5.00554	3.79748	3.29132	8.52361	3.67923	1.61583
ENSDARG00000011925	1.99316	3.29907	2.60522	0.543723	1.37252	1.5749	2.08226	1.63138	0.696265
ENSDARG00000011931	2.04506	3.04165	1.8326	0.787886	0.632431	1.10737	0.282978	0.138175	0.130274
ENSDARG00000011932	1.70047	2.1127	1.34629	0.449409	1.09325	0.683367	1.45664	1.4148	0.627721
ENSDARG00000011934	7.07746	7.25886	7.44856	6.05384	6.43252	6.88464	9.32127	4.52999	2.86597
ENSDARG00000011945	8.27381	7.37698	10.5706	2.10662	3.14006	4.06694	5.66306	3.4049	2.0167
ENSDARG00000011948	3.75516	3.93254	4.51638	1.91514	2.29784	2.28407	4.03375	2.6116	1.58606
ENSDARG00000011955	1.18491	2.73845	1.02814	0.861857	0.406522	1.11544	1.14423	0.843985	0.504594
ENSDARG00000011958	1.58564	1.23551	0.95825	0.247857	0.491861	0.778535	0.563405	0.187619	0.175406
ENSDARG00000011973	3.06393	3.2335	3.69438	1.98389	2.06722	2.25448	2.36304	0.920358	1.02129
ENSDARG00000012002	5.25226	5.20133	7.70198	1.86263	2.08946	4.12258	3.34533	2.08611	0.972464
ENSDARG00000012005	0.851087	7.52903	3.15499	0.820549	2.05792	0.762413	1.43973	1.29691	1.21958
ENSDARG00000012021	2.05635	2.09622	2.49382	1.46113	2.05309	1.91758	3.06228	1.55783	1.25231
ENSDARG00000012025	1.3923	0.0884935	0.215537	0.829963	0.295696	0.0425566	0.266275	0.156561	0
ENSDARG00000012039	9.71515	1.30704	1.82328	0.567304	0.711266	0.776946	1.26853	0.366669	0.378727
ENSDARG00000012040	8.28639	8.27658	9.01398	4.10386	4.8166	5.63161	9.09107	5.30114	3.38279
ENSDARG00000012044	6.00084	0.523477	0	1.77194	0.0739057	0	0	0	0.0464578
ENSDARG00000012051	3.58823	1.04635	2.50758	0.120402	0.561755	0.691594	0.463289	0.465438	0.108127
ENSDARG00000012073	4.88938	4.35252	1.97668	2.79056	2.53377	1.8078	3.87708	1.61739	1.05215
ENSDARG00000012081	31.5135	29.3272	23.4677	10.2015	9.67495	9.8809	13.5902	7.92532	5.5981
ENSDARG00000012094	1.15576	0.786198	1.98393	0.297942	0.384402	0.283137	0.498506	0.20414	0.0480381
ENSDARG00000012135	5.70245	6.0525	4.13591	2.74303	2.65109	2.34519	8.20296	3.0908	2.61202
ENSDARG00000012140	36.7032	15.2018	4.64612	19.1779	10.5765	4.88073	5.84776	2.88756	1.98758
ENSDARG00000012141	28.1174	31.1489	25.3235	15.1079	19.95	22.2895	39.2083	19.8477	13.5544
ENSDARG00000012177	0.765966	1.62754	1.04664	0.66348	0.637162	0.41943	1.3075	0.564618	0.503516
ENSDARG00000012184	0.335651	0.39556	0.479215	0.232677	0.378475	0.217616	0.397184	0.22484	0.350071
ENSDARG00000012192	2.71245	3.44184	3.23819	1.05401	1.37174	1.00401	2.13719	1.12826	0.494293
ENSDARG00000012194	0.393154	0.495428	0.154951	0.0832464	0.118889	0.243342	0.776606	0.105407	0.0634379
ENSDARG00000012196	4.14786	7.42728	4.63467	1.84739	1.70483	2.12902	5.37686	2.01008	2.30603
ENSDARG00000012199	10.7626	13.098	15.1315	5.45122	7.17134	8.32884	16.1331	7.28182	4.75757
ENSDARG00000012203	2.32408	3.0329	3.16202	0.658702	1.13781	1.24175	2.16535	1.32522	1.02071
ENSDARG00000012215	3.09679	4.324	4.55878	1.6908	2.67541	2.58842	4.05486	2.12964	0.760654
ENSDARG00000012219	7.27276	3.42731	2.76263	3.10548	1.74767	3.37102	2.0799	0.69625	0.436296
ENSDARG00000012222	5.64531	8.1951	6.62713	1.86894	1.69889	3.02088	4.15181	1.57955	1.37844
ENSDARG00000012234	10.7885	10.9527	13.0752	6.4723	4.98126	6.60587	7.22381	1.87774	1.24938
ENSDARG00000012244	19.4377	32.5036	18.2571	2.61205	4.33587	5.61663	11.9254	9.9092	5.73405
ENSDARG00000012248	2.13204	0.470905	0.458211	0.641387	0.170176	0.0998108	0.153797	0.140454	0.0365294
ENSDARG00000012249	0.449934	3.66656	0.18741	0	0.885506	0.991838	4.08371	1.64388	1.43577
ENSDARG00000012256	19.6724	16.2945	10.266	21.0399	19.8778	19.5134	16.2277	8.11809	3.87399
ENSDARG00000012261	10.3422	8.91064	6.53113	3.73459	4.76625	4.92468	3.50745	2.25841	0.975241
ENSDARG00000012274	13.0262	12.9537	11.5536	7.58813	7.88759	19.0386	11.5631	19.6742	2.78118
ENSDARG00000012281	0.708159	0.382313	0	0.280085	0.0670005	0.0336787	0	0.0299952	0.0576809
ENSDARG00000012294	10.2219	9.26831	9.83535	6.8349	4.13793	6.27849	9.05654	5.00794	3.7273
ENSDARG00000012306	0.483884	1.2498	0.983791	0.438349	0.665389	0.342882	0.729001	1.0703	0.274397
ENSDARG00000012314	3.7268	5.74105	4.96686	1.12451	1.86217	2.25533	3.37622	2.39199	1.71951
ENSDARG00000012336	7.02365	6.56175	4.53172	3.48534	1.84421	2.2926	2.7836	1.02337	0.980449
ENSDARG00000012369	26.2071	21.8311	26.626	12.8407	9.678	11.7524	8.6729	5.6665	3.38689
ENSDARG00000012378	0.551775	0.385481	0.957123	0.79707	0.40212	0.330615	0.966232	0.313079	0.0640074
ENSDARG00000012387	4.39386	6.81686	5.15666	2.81989	4.10522	3.7211	6.07331	3.56839	2.40887
ENSDARG00000012389	13.2164	13.6786	11.5886	4.29347	4.17303	4.33067	6.01457	2.87201	1.9752
ENSDARG00000012390	0.729606	0.319374	0.315561	0.469911	0.773737	0.620264	0.148762	0.131972	0.0594753
ENSDARG00000012399	12.7159	14.5795	10.9731	5.03996	4.77806	5.72925	5.80008	2.85738	1.76215
ENSDARG00000012403	0.605306	0.764642	0.325226	0.3573	0.474153	0.826312	1.40945	0.450911	0.058624
ENSDARG00000012407	7.26522	5.72014	9.62283	1.01795	1.99706	2.12761	3.40416	1.96247	0.451389
ENSDARG00000012422	3.18095	0.995794	0.240473	1.00445	0.260253	0.0994288	0.299901	0.127257	0.014905
ENSDARG00000012432	13.7197	14.9818	15.8126	10.5542	9.36433	12.0462	16.889	7.96666	4.71004
ENSDARG00000012458	23.5849	17.3803	16.8989	20.9631	17.3626	18.0964	35.0131	13.9039	8.72407
ENSDARG00000012467	1.8666	2.55547	2.19429	0.754181	1.33136	1.3323	0.8446	1.16003	0.279404
ENSDARG00000012468	1.13701	1.78265	1.48105	0.962894	1.07588	1.73173	2.0063	0.627956	0.680224
ENSDARG00000012482	0.1277	0.106124	0.546059	0.0722238	0.0345597	0.0407143	0.0896278	0.220299	0.0347548
ENSDARG00000012485	8.38982	11.0292	9.61772	3.70339	5.44979	7.15451	11.3457	9.24646	5.16311
ENSDARG00000012493	3.71288	4.82531	3.47223	1.59374	1.51974	2.11442	3.87208	2.44357	1.30511
ENSDARG00000012495	41.2197	29.4867	18.8931	11.7449	10.3896	10.3081	8.90921	3.49946	2.06483
ENSDARG00000012499	2.80318	1.61147	1.03515	0.929906	0.502503	0.57576	1.27642	0.532224	0.431397
ENSDARG00000012505	19.8162	19.834	15.5509	7.94338	7.00282	7.41538	10.6293	3.97361	1.71136
ENSDARG00000012506	1.46396	2.0842	1.03103	0.583875	0.343579	0.296999	0.796616	0.09867	0.185058
ENSDARG00000012513	2.25693	2.35516	2.11781	0.906549	1.64001	1.9849	5.25732	2.51914	1.28231
ENSDARG00000012519	17.8963	21.9109	20.637	11.5796	9.17804	10.5565	34.3847	27.8561	19.7233
ENSDARG00000012524	2.74432	2.26053	3.12634	1.40004	1.63224	2.15495	3.9534	2.64752	1.72168
ENSDARG00000012552	0.228145	0.272772	0.293234	0.328731	0.274629	0.706381	1.21532	0.296065	0.225494
ENSDARG00000012553	25.753	18.5144	19.5308	5.9395	4.55865	7.1287	8.21638	3.96863	2.30762
ENSDARG00000012563	1.8664	1.55324	1.23491	0.225146	0.416323	0.420951	0.483998	0.124511	0.284523
ENSDARG00000012577	16.7542	20.9421	16.6612	6.95313	8.21236	8.95998	29.5122	15.7208	8.35552
ENSDARG00000012588	13.4309	18.7305	18.9147	4.97366	4.61598	5.84979	9.37638	5.56607	3.83961
ENSDARG00000012591	1.46301	1.78892	0.996944	1.06429	0.923624	1.12062	0.810963	0.577532	0.536769
ENSDARG00000012592	1.36162	2.87711	1.22571	0.727845	1.0593	0.879472	1.74338	0.892062	0.899556
ENSDARG00000012603	30.736	27.4654	20.098	9.13321	9.85417	9.93738	16.9228	8.21238	4.53164
ENSDARG00000012625	2.92187	3.69552	2.11602	1.65154	2.06683	2.58665	2.73242	1.9425	0.750416
ENSDARG00000012627	6.98211	7.2599	8.4078	2.42198	3.30602	4.39768	10.2862	4.73101	2.85968
ENSDARG00000012642	0.485408	0.711765	0.374677	0.611628	0.542106	0.560242	0.925529	0.749153	0.580242
ENSDARG00000012656	1.43153	1.28388	1.18251	1.15258	1.5422	1.30312	4.24886	2.0934	1.18794
ENSDARG00000012672	5.00243	3.94361	4.28955	2.5359	2.53365	2.8129	2.65851	1.52936	0.497785
ENSDARG00000012682	25.9922	21.9316	22.2675	14.7543	14.7574	19.6333	34.6249	14.2361	7.14248
ENSDARG00000012684	37.4174	57.7305	47.0243	12.8989	16.3349	21.0316	31.3859	19.1122	10.9261
ENSDARG00000012688	41.7672	29.1916	28.8981	12.5199	8.20321	13.062	12.8339	6.15076	5.71221
ENSDARG00000012699	1.85678	2.22354	2.52292	1.01733	2.24009	2.23607	3.14219	1.95453	1.82092
ENSDARG00000012718	22.8659	28.9704	32.1709	9.67648	9.49684	14.6155	13.4134	10.1124	4.17412
ENSDARG00000012723	5.90629	4.91018	4.46616	4.15993	2.89201	3.08498	7.17733	2.85811	1.62764
ENSDARG00000012738	1.72209	0.850854	1.92045	0.381879	0.479533	0.830489	1.93092	1.75761	0.515868
ENSDARG00000012741	13.7542	18.2054	16.7134	5.99173	9.44378	8.98022	18.7508	12.5022	7.45263
ENSDARG00000012747	6.15145	5.34918	8.1068	1.10204	0.765054	0.885521	3.03951	0.436052	0.472145
ENSDARG00000012777	20.9321	9.36467	8.6817	6.86992	4.58556	4.10914	6.65467	3.9837	0.578234
ENSDARG00000012788	7.95023	0.387901	0.0422919	1.55933	0.119202	0	0	0	0.0907165
ENSDARG00000012790	3.58153	3.58527	2.27462	1.44675	1.25212	1.79699	4.06697	2.4796	0.834955
ENSDARG00000012796	3.47183	3.35568	2.06526	1.60751	1.18786	1.70699	2.1331	0.877694	1.31269
ENSDARG00000012816	2.10716	2.6478	1.65128	0.854226	0.73173	1.00152	0.758153	0.579299	0.573895
ENSDARG00000012818	2.89051	2.55513	2.87502	0.756475	1.25592	1.31653	2.1909	0.82433	0.454211
ENSDARG00000012820	49.2324	28.8228	29.7324	15.8321	9.86343	10.3708	11.4872	4.68771	2.22142
ENSDARG00000012827	4.03117	4.74978	5.08528	1.85758	1.68985	1.49106	3.22885	0.952614	0.852261
ENSDARG00000012840	1.45507	1.28686	2.55489	0.798115	0.86925	1.1927	1.65057	1.09725	0.46559
ENSDARG00000012848	16.6081	23.4093	22.934	4.83936	6.82693	6.81055	13.3701	5.15406	3.66442
ENSDARG00000012860	4.76442	6.31869	6.19352	2.45152	3.87423	4.49868	6.07003	4.20648	3.03835
ENSDARG00000012866	28.564	35.2626	27.5933	5.0639	6.75482	4.42922	13.5124	10.1983	7.4385
ENSDARG00000012871	6.38783	8.75787	5.1601	4.11919	3.46691	5.32725	2.90959	1.74708	1.16998
ENSDARG00000012874	13.8396	15.9828	9.96554	9.08837	5.82929	11.5812	19.0685	8.31959	4.62809
ENSDARG00000012887	1.68182	2.04721	2.23282	0.752021	1.26765	1.02741	1.41327	1.33572	0.386837
ENSDARG00000012892	1.2548	1.81643	0.947838	0.648898	0.435259	0.760897	1.14057	0.819749	0.767446
ENSDARG00000012899	4.53544	1.69891	1.67828	1.17726	0.539127	0.470441	0.832122	0.371246	0.172735
ENSDARG00000012914	2.90952	3.75454	2.61337	1.55716	2.14454	1.89621	1.93587	1.05949	0.524697
ENSDARG00000012927	1.60782	2.409	2.40302	0.317181	0.299923	0.417223	0.858421	0.135211	0.0381249
ENSDARG00000012929	0.715373	1.84709	1.1934	0.792041	3.09786	1.84783	1.42718	0.615143	0.487333
ENSDARG00000012932	3.77693	2.92289	2.86184	1.10673	1.51107	0.917528	2.27459	1.59352	0.36149
ENSDARG00000012942	3.18318	3.82874	3.88197	1.37248	3.7667	1.83094	2.7958	1.55617	1.18793
ENSDARG00000012946	7.59606	5.07586	4.38426	2.84009	2.03801	1.97848	4.06348	2.04699	0.416515
ENSDARG00000012947	3.75833	3.97493	2.3727	1.02811	1.4156	2.64468	2.10114	0.917821	0.226947
ENSDARG00000012953	20.2288	27.1774	23.8068	3.2403	3.26164	5.74639	7.64146	3.32876	2.01748
ENSDARG00000012972	4.05469	5.6258	3.78185	2.89732	3.12702	3.4711	4.03432	0.891381	0.692488
ENSDARG00000012981	8.97698	13.6389	10.7161	3.2418	4.9759	4.80218	5.54583	3.41571	1.97136
ENSDARG00000012982	3.11578	5.118	3.34811	2.07554	2.81968	2.63079	4.97511	3.44333	1.79332
ENSDARG00000012987	3.51443	4.23751	3.84343	1.86971	3.08534	3.13002	3.98252	2.48293	2.24272
ENSDARG00000012990	2.89193	2.36093	0.613638	0.54535	0.472097	0.983917	0.860444	1.10353	0.480457
ENSDARG00000012995	0.896511	2.22339	2.57168	0.483389	0.392282	0.794146	1.07635	1.17958	1.39952
ENSDARG00000013006	5.39662	2.54924	1.20805	1.17085	2.2525	1.40247	4.49398	1.1072	0.775976
ENSDARG00000013007	6.03034	6.61698	5.87489	2.38025	2.63753	3.66197	9.87527	4.62995	3.42358
ENSDARG00000013012	3.19395	0.387126	1.77054	0.836925	0.479383	0.490575	1.73591	0.534917	0.253134
ENSDARG00000013015	1.96432	2.90894	1.55285	0.676415	0.518637	0.863758	1.61724	0.954074	0.785621
ENSDARG00000013022	1.36428	0.825635	1.71631	0.759712	0.683967	1.49794	0.747721	0.391664	0.271997
ENSDARG00000013025	2.82501	2.41841	2.55725	1.38688	1.73029	2.3738	3.51932	2.05474	0.920006
ENSDARG00000013031	37.711	50.6798	48.0086	16.9007	22.1538	21.2429	40.5219	19.806	14.0712
ENSDARG00000013042	7.81027	8.87404	7.25463	2.64106	2.69698	2.77521	2.64198	1.37877	1.04543
ENSDARG00000013050	0.160652	0.588802	0.267016	0.0207437	0.098321	0.158754	0.232376	0.10772	0.0673741
ENSDARG00000013058	3.94027	2.83619	5.87868	0.837131	1.28582	0.728133	2.05866	1.14308	1.13234
ENSDARG00000013063	2.61418	2.30088	4.3743	1.26639	1.88835	2.89583	4.05385	1.64226	0.626003
ENSDARG00000013075	4.3469	5.2083	6.09278	0.762725	0.509224	1.4319	0.965456	0.490798	0.692101
ENSDARG00000013076	4.13389	2.77373	4.36592	2.77903	3.25627	4.0689	5.58227	2.58074	1.67966
ENSDARG00000013078	15.2508	16.1574	12.7586	9.27336	7.7462	10.6355	28.3337	12.6924	8.76917
ENSDARG00000013079	1.11633	1.15327	1.50107	0.598084	0.859624	0.805496	1.29908	0.569801	0.303124
ENSDARG00000013087	1.02105	0.841302	1.58278	0.848914	1.29746	0.988317	1.113	1.08669	0
ENSDARG00000013095	3.39537	4.13737	3.18218	1.63028	2.17994	2.39882	2.07198	1.58225	0.464507
ENSDARG00000013117	14.8655	14.9524	9.86255	2.57386	2.98692	2.54625	5.28321	1.9429	1.36097
ENSDARG00000013122	3.16346	3.12735	2.08005	1.00141	1.67038	1.38824	2.71929	1.27757	0.989523
ENSDARG00000013125	2.50269	0.299855	0	1.18477	0.171922	0	0	0.176172	0
ENSDARG00000013150	9.69901	11.3038	8.03076	2.6972	2.2367	2.11084	4.3785	3.29226	1.69661
ENSDARG00000013161	30.4813	17.728	21.6496	26.82	14.9782	11.3856	19.6906	10.1836	5.63899
ENSDARG00000013175	1.23172	1.24164	1.65526	0.481656	0.417774	0.42926	0.935515	0.17463	0.257407
ENSDARG00000013184	40.6389	50.8586	38.0985	12.1782	10.4207	13.0955	22.0033	13.9238	7.15301
ENSDARG00000013222	1.91111	2.7161	1.87764	0.645688	1.61973	2.44445	1.13028	1.12113	0.575016
ENSDARG00000013224	0.343611	0.468687	0.473727	0.174016	0.442427	0.321884	0.952578	0.392636	0.15849
ENSDARG00000013245	2.12823	2.07946	0.825232	1.00139	1.31775	0.75991	2.35354	1.13196	1.13808
ENSDARG00000013250	2.83392	4.045	2.50903	1.31088	1.42739	1.28092	1.74892	1.19422	0.449963
ENSDARG00000013269	5.11066	5.41829	5.66297	5.06777	4.55486	6.16797	12.954	4.23243	2.60111
ENSDARG00000013274	4.66577	8.54451	6.57058	5.77983	3.96913	5.86953	6.42095	3.03371	1.74257
ENSDARG00000013279	1.79128	0.897551	1.39789	0.197588	0.418221	0.11695	0.245988	0.472409	0.297367
ENSDARG00000013302	4.22244	3.34957	3.97529	0.626377	0.537266	0.623451	0.199754	0.293899	0.159989
ENSDARG00000013307	17.1196	9.98713	8.4901	3.75193	2.77311	2.00759	4.40159	1.30795	0.604529
ENSDARG00000013312	2.03598	4.05075	5.09628	0.57542	1.00662	2.19631	2.04434	0.987253	0.763122
ENSDARG00000013329	4.02758	4.3065	2.48593	1.69271	1.62202	2.06063	1.71866	0.703866	0.533784
ENSDARG00000013346	6.57865	7.76054	6.1609	4.12202	4.42478	5.23383	7.39386	5.0875	3.09769
ENSDARG00000013351	341.611	188.07	93.7859	164.185	87.6984	55.9332	74.3488	32.3649	20.9712
ENSDARG00000013375	8.40753	10.7451	8.38046	3.70832	3.72663	4.52775	8.27044	5.65276	3.12526
ENSDARG00000013379	13.5292	14.6017	11.8344	6.55218	7.63854	8.74645	13.8107	6.65408	3.91975
ENSDARG00000013382	6.21344	5.01088	5.11453	4.00217	2.29282	3.71977	4.16005	2.44289	1.57498
ENSDARG00000013397	3.52823	3.09697	2.93251	1.27043	1.50848	1.2011	3.39768	1.26319	1.89951
ENSDARG00000013434	8.1871	9.33179	9.44158	1.64216	1.64139	2.15323	3.19516	1.88532	1.32206
ENSDARG00000013441	1.28455	0.492834	0.673848	0.417047	0.341104	0.449941	0.735325	0.791255	0.235058
ENSDARG00000013443	7.6548	10.0312	12.2603	4.06158	5.68105	7.49979	14.3202	5.04045	3.67097
ENSDARG00000013453	1.57771	0.757533	0.877326	0.560215	0.833011	0.776219	1.11517	0.332277	0.328735
ENSDARG00000013457	7.28829	9.17451	8.83624	2.59223	2.98711	3.6297	4.77016	2.26113	1.34722
ENSDARG00000013472	1.25733	2.95392	1.8847	0.799432	1.01658	1.02489	2.20687	1.33951	0.502919
ENSDARG00000013475	1.89987	1.48827	0.748714	1.16528	0.635559	0.964507	1.48307	0.54924	0.760103
ENSDARG00000013476	2.33025	1.90523	2.12715	0.900472	0.85194	2.22202	0.937923	0.511636	0.294395
ENSDARG00000013478	11.3024	7.63114	1.8772	4.61731	1.70134	1.02411	1.39093	0.376912	0.786115
ENSDARG00000013479	1.45433	2.3461	1.976	0.30214	0.289053	0.524209	1.55329	0.753644	0.392953
ENSDARG00000013489	11.5719	9.7151	13.8092	3.09283	3.31848	3.1559	3.94629	2.73202	0.667031
ENSDARG00000013492	2.2848	2.70949	2.8187	1.10698	1.53439	1.61529	2.98423	1.86071	1.68006
ENSDARG00000013505	8.2163	7.04644	6.49788	2.70998	3.16851	4.1073	5.24197	2.13621	1.18013
ENSDARG00000013526	0.396417	0.576835	0.557712	0.220473	0.237346	0.278708	0.227054	0.147235	0.213452
ENSDARG00000013528	0.996765	1.08653	1.7596	1.18639	1.0929	1.53836	1.71405	1.26381	0.466463
ENSDARG00000013542	7.45933	8.0392	7.17569	6.38235	9.19512	7.4749	14.3844	6.13133	5.59023
ENSDARG00000013561	1.86816	3.15109	2.01667	1.09203	0.870346	0.990991	1.93648	0.728004	0.414939
ENSDARG00000013575	4.79567	6.13943	4.47699	2.23572	2.76542	2.52726	3.1128	2.07441	1.6554
ENSDARG00000013576	127.465	64.4991	6.85544	62.8787	24.0019	1.73613	0.13799	0.246775	0.122967
ENSDARG00000013581	1.12634	0.62045	1.01768	0.191198	0.488636	0.452701	0.898178	0.531272	0.375884
ENSDARG00000013582	6.89991	10.341	10.262	4.922	4.86867	5.43714	14.5688	7.10293	4.48918
ENSDARG00000013596	0.467964	0.408814	0.250945	0.446459	0.254695	0.320651	0.43938	0.322505	0.0231474
ENSDARG00000013623	14.9528	14.7819	10.8934	3.33338	4.07316	4.83943	4.36899	2.68425	2.06178
ENSDARG00000013628	1.64493	1.7063	1.99867	0.922003	1.20049	0.874601	1.66749	0.645202	0.537472
ENSDARG00000013655	7.45173	6.1348	8.32254	2.85348	3.89597	4.72341	7.37639	3.3499	2.53973
ENSDARG00000013657	1.91056	2.23009	3.19378	1.16446	1.33201	2.05369	2.56048	1.35188	1.06055
ENSDARG00000013667	1.87419	2.84549	2.28324	0.825786	1.2165	0.878523	3.0029	1.37793	0.585475
ENSDARG00000013670	44.6825	60.4636	54.0407	15.363	23.2759	28.8102	36.7841	18.6142	8.57444
ENSDARG00000013681	0.56195	0.70331	0.917922	0.833541	0.463205	0.692834	1.07257	0.878283	0.283883
ENSDARG00000013694	9.89907	9.5805	12.8964	4.48239	6.25094	7.57108	9.38978	5.15088	2.30113
ENSDARG00000013704	7.05251	7.81533	4.85776	4.81497	5.95154	6.47684	11.0027	5.87732	5.31857
ENSDARG00000013705	0.875446	0.680339	1.40783	1.1039	0.480237	1.29973	1.41324	1.62012	0.69026
ENSDARG00000013708	4.96768	6.17568	5.95146	2.41472	3.19951	3.56766	3.48017	2.22215	1.26236
ENSDARG00000013711	7.65818	9.04123	7.61093	2.93244	2.46491	2.52819	4.50436	2.65384	1.83833
ENSDARG00000013719	14.8229	19.2393	15.273	2.41782	3.7525	4.56232	14.8452	8.35324	5.11465
ENSDARG00000013729	25.1792	27.7084	23.9843	9.47125	8.92043	9.06739	11.6553	6.87399	5.08925
ENSDARG00000013732	8.44512	8.03114	5.69512	6.13161	5.38273	6.66784	13.2513	6.34928	3.58491
ENSDARG00000013763	40.665	57.2057	57.9188	17.1434	21.4761	24.403	51.3315	36.0129	20.6283
ENSDARG00000013776	6.71573	10.0537	14.3251	3.49583	5.02309	6.51367	7.97436	4.34418	2.25886
ENSDARG00000013777	2.0041	2.74353	2.49351	0.400164	0.868108	0.663864	1.08959	0.781415	0.650327
ENSDARG00000013780	0.666578	0.529093	0.860761	0.279698	0.385531	0.492297	0.692438	0.483509	0.240458
ENSDARG00000013782	0.351826	0.407732	0.339704	0.209398	0.24489	0.324364	0.478501	0.159986	0.0394533
ENSDARG00000013784	0.509434	0.707849	0.660561	0.325429	0.303874	0.312104	0.936187	0.793218	0.437188
ENSDARG00000013794	18.1616	7.63247	4.41298	4.34593	2.30752	3.21012	4.99924	4.43882	1.06367
ENSDARG00000013795	1.87555	2.72675	3.92197	0.592376	1.04375	1.49654	2.42366	1.12772	0.957346
ENSDARG00000013800	15.4369	15.128	17.6325	4.09484	4.51139	5.72434	5.89897	2.04357	1.87323
ENSDARG00000013802	4.23194	0.962178	0.16235	1.8669	0.814897	0.255452	0.810753	0.475748	0.273954
ENSDARG00000013804	1.60803	2.4157	1.5113	0.700742	0.646861	1.04999	0.237381	0.26346	0.118424
ENSDARG00000013822	5.86868	3.8057	4.70001	0.97446	1.97484	1.12692	0.467595	1.10079	0.65372
ENSDARG00000013828	2.22544	2.69573	1.23751	1.5588	1.24074	1.20425	4.87337	1.75339	1.74404
ENSDARG00000013830	5.51273	8.64094	6.73791	2.5608	3.69987	5.02067	6.83249	3.43169	1.83228
ENSDARG00000013839	0.940224	0.957011	0.83485	0.360791	0.248432	0.508781	0.941961	0.614844	0.285742
ENSDARG00000013841	5.25819	5.82993	4.0193	2.25973	2.12521	2.38965	4.05357	2.30156	1.51306
ENSDARG00000013845	0.94222	0.852169	0.397369	0.308201	0.460247	0.160736	0.644594	0.272889	0.185671
ENSDARG00000013853	30.9481	9.15582	3.93103	7.00024	3.99346	0.866774	1.52763	1.33662	0.391846
ENSDARG00000013861	6.23742	8.03861	5.29309	1.53923	2.52597	3.12751	8.91282	4.57344	2.72384
ENSDARG00000013863	14.5153	14.0557	11.9821	4.11171	4.1859	4.56697	3.3426	1.35844	0.465668
ENSDARG00000013881	3.8556	5.15836	4.81111	0.786194	0.987627	1.72195	0.811317	0.834621	0.342336
ENSDARG00000013892	0.823189	1.2514	0.923597	0.682252	0.86558	0.828142	1.50967	0.654306	0.420788
ENSDARG00000013921	0.279444	0.63989	0.539025	0.31083	0.394725	0.318434	0.322013	0.272717	0.112935
ENSDARG00000013928	2.77303	3.74844	3.54286	1.31776	1.36777	1.1874	3.14841	1.26071	0.255628
ENSDARG00000013931	2.75281	2.14044	1.50354	1.99434	0.516525	2.13565	1.45354	0.624355	0.515512
ENSDARG00000013938	2.45069	0.860309	1.24994	1.34577	1.35745	1.15607	1.52907	0.93483	0.401824
ENSDARG00000013946	34.381	27.7443	18.901	11.9912	10.2076	13.6944	11.2582	6.16214	3.31286
ENSDARG00000013961	3.24935	3.91971	2.58161	0.985278	0.949714	1.0367	2.04577	0.612058	0.375495
ENSDARG00000013965	0.853878	1.46782	1.2604	0.653113	0.55948	1.00995	2.07062	1.25801	1.22644
ENSDARG00000013966	6.3061	1.0649	0.874697	2.34034	0.446738	0.458895	0.317791	0	0.139316
ENSDARG00000013973	1.13657	0.947824	1.19359	0.245902	0.235378	1.23393	1.3693	0.628148	0.309128
ENSDARG00000013979	1.09255	1.37307	0.675057	0.417094	1.11809	1.66484	2.23656	1.16694	0.423951
ENSDARG00000013990	19.5438	21.4084	20.595	7.60656	7.54117	12.6258	12.6892	7.51826	4.3331
ENSDARG00000013997	2.11325	3.9397	2.40417	1.03214	2.04412	1.65622	3.47097	1.38274	1.85141
ENSDARG00000014003	5.98713	9.03414	8.73518	2.29611	3.77787	4.08774	6.15916	2.90545	1.70444
ENSDARG00000014004	8.74401	7.46833	4.6871	4.62483	1.97662	2.75352	4.50285	1.01927	1.11422
ENSDARG00000014008	6.85468	8.58461	7.25911	3.38956	3.85169	3.95193	5.0673	2.8651	1.39356
ENSDARG00000014013	6.90815	6.99232	5.52736	3.37651	4.88322	4.54063	6.5403	2.81071	1.61973
ENSDARG00000014015	3.74108	3.77799	3.48255	1.876	2.0549	2.76631	3.73728	1.91335	1.28144
ENSDARG00000014017	7.27552	9.21365	9.53025	5.03494	4.88244	5.72789	14.3332	7.90504	5.58134
ENSDARG00000014018	3.14789	3.74011	1.13516	0.737133	0.66745	0.440182	1.3744	0.708123	0.492134
ENSDARG00000014022	2.46816	3.55816	1.57734	0.562733	0.71272	0.729822	1.42471	1.01956	0.509179
ENSDARG00000014039	1.29001	1.22065	1.12726	0.757602	1.01161	0.981072	1.0293	0.410598	0.216048
ENSDARG00000014041	7.36219	5.79566	10.1231	2.83715	3.99561	6.14224	9.94075	3.29545	1.84892
ENSDARG00000014047	53.8648	31.3866	29.4503	13.2382	8.75275	13.3594	14.6602	4.52607	3.03984
ENSDARG00000014068	3.19888	3.64359	3.19519	2.64957	4.42969	4.19526	7.92919	4.63992	3.39699
ENSDARG00000014083	3.38851	2.82151	2.31882	0.870476	0.96341	1.88819	1.34861	0.582543	0.224476
ENSDARG00000014091	2.68121	0.488768	0	1.76085	0.198403	0.129413	0.0739109	0	0
ENSDARG00000014105	0.590275	0.881547	0.28549	0.689616	0.697594	0.597396	1.93293	0.858203	0.378555
ENSDARG00000014113	2.33341	3.67592	2.90547	1.58836	1.76329	2.69141	3.20767	2.28035	1.04853
ENSDARG00000014123	13.4325	18.4583	21.3212	3.89964	4.38622	4.83368	6.3757	4.54247	2.24337
ENSDARG00000014134	25.2919	28.4102	27.4473	6.91906	6.93938	9.78732	24.2695	8.83626	8.33851
ENSDARG00000014139	10.207	11.8509	12.1391	3.24796	4.39959	4.32686	7.62348	6.43214	6.03619
ENSDARG00000014147	6.20945	4.23018	3.16327	2.73037	1.92574	2.05958	3.10434	2.5146	0.968124
ENSDARG00000014159	3.57905	4.63545	3.16336	1.00664	1.27405	1.08936	3.22278	0.985653	0.614713
ENSDARG00000014161	3.22462	4.23657	4.21125	1.33584	2.24229	3.05865	5.72283	2.54877	1.20432
ENSDARG00000014181	2.82987	4.49848	2.98034	0.990997	2.0626	1.3943	2.89665	1.61069	0.891582
ENSDARG00000014208	10.677	10.7004	14.0098	7.56384	11.6777	14.1548	16.8974	6.99958	4.04631
ENSDARG00000014209	10.0206	13.9879	5.87193	0.850522	1.93935	0.395833	1.44531	2.78707	1.38696
ENSDARG00000014222	7.13648	10.138	8.78711	1.51154	1.78935	2.31831	6.05242	3.93672	1.98294
ENSDARG00000014230	2.81605	3.78463	2.19344	1.14514	1.18772	1.15106	2.15121	1.27818	0.786703
ENSDARG00000014244	7.8649	4.38879	2.2455	3.93332	1.45988	1.1593	2.25024	1.42109	0.144256
ENSDARG00000014277	88.383	56.4945	4.31616	51.9298	22.8657	2.04338	0	0.105693	0.295044
ENSDARG00000014292	4.82973	7.79323	5.81621	2.97661	3.4166	4.5499	11.5711	8.75551	7.12362
ENSDARG00000014310	24.8619	20.8977	14.1071	5.42035	3.77633	3.43636	2.03176	1.38374	0.432614
ENSDARG00000014311	0.563018	0.595912	1.24187	0.0911906	0.542593	0.934181	0.772184	0.200035	0.370091
ENSDARG00000014313	5.21007	0.540071	1.43054	0.420233	1.70359	0.739231	1.07183	0.330777	0.320818
ENSDARG00000014324	12.909	22.6418	22.0531	5.25511	7.9416	13.4239	13.5389	5.06138	4.83005
ENSDARG00000014329	76.6548	37.9545	26.0868	57.2816	34.8907	33.9752	48.0005	18.9509	10.6284
ENSDARG00000014340	2.12671	2.38466	3.36991	0.647684	0.607485	0.908881	1.51509	0.503275	0.421277
ENSDARG00000014348	2.12464	1.97704	2.98304	1.19047	1.78521	1.32652	2.93036	1.88825	0.909051
ENSDARG00000014361	3.53499	5.05695	4.68417	1.17256	1.28218	1.3131	2.54498	1.45138	0.601931
ENSDARG00000014366	13.9807	11.9532	9.96241	4.53878	3.34219	4.28184	5.50819	1.53851	2.45668
ENSDARG00000014373	69.4995	70.5677	58.7174	10.609	12.1343	12.7916	7.57842	4.50726	3.11613
ENSDARG00000014385	2.61879	2.35158	2.49876	1.36244	1.74432	1.85187	1.75788	1.09762	0.653652
ENSDARG00000014386	2.53641	3.77973	3.1373	1.38992	2.43321	2.53461	3.32804	2.41796	1.28913
ENSDARG00000014403	0.7956	1.08938	0.457213	0.746302	0.463248	0.752781	1.83589	0.528545	0.440581
ENSDARG00000014428	5.24207	5.94214	5.80481	2.12672	3.50381	4.06855	7.10529	5.19707	3.24281
ENSDARG00000014430	2.03713	2.76363	3.18047	0.951786	1.17304	1.28045	1.7578	2.11555	0.857626
ENSDARG00000014432	1.18421	2.14719	2.71638	0.52593	0.88523	1.03972	0.889657	0.592233	0.208342
ENSDARG00000014433	10.2251	8.49936	10.8681	6.15994	5.10835	6.41306	11.0071	5.19626	2.51597
ENSDARG00000014439	1.83069	0.927104	2.26162	0.346877	1.06923	1.10266	1.58013	0.947587	1.15457
ENSDARG00000014472	20.0097	15.3196	15.7121	6.31419	5.50921	6.25112	5.01513	2.32969	1.94488
ENSDARG00000014474	12.5361	10.2816	7.70096	4.16635	3.93245	3.28864	3.92223	1.3821	0.843767
ENSDARG00000014498	18.6663	15.9532	11.0628	6.49595	6.68753	6.29638	11.2722	5.48924	2.63706
ENSDARG00000014499	15.3063	15.5614	17.2469	4.47749	3.34857	5.4655	11.1871	6.15559	3.65773
ENSDARG00000014500	9.05379	10.2377	4.94778	1.84	1.91013	2.63209	1.96841	0.974304	0.898284
ENSDARG00000014517	3.8673	3.47984	3.0218	2.01237	3.06387	2.89078	5.29596	2.83548	1.65161
ENSDARG00000014532	0.757	1.11798	1.4407	0.904747	1.43541	0.85461	2.23442	1.03648	0.686722
ENSDARG00000014536	7.49066	4.19529	2.15328	4.45455	2.09627	2.51417	4.6369	2.00821	1.09416
ENSDARG00000014545	1.49644	0.0670497	0	0.321812	0.119754	0.0401347	0	0.0334888	0
ENSDARG00000014550	2.25713	3.64181	4.11933	1.05993	1.14309	1.39241	3.08245	3.13304	1.75444
ENSDARG00000014565	1.75976	2.11529	1.31079	0.497988	0.500609	0.377786	0.647588	0.114673	0.41599
ENSDARG00000014569	40.8675	64.556	48.0156	7.38533	5.67956	5.55481	9.95504	5.28226	4.38718
ENSDARG00000014571	26.9275	24.3356	16.2281	7.63311	7.89082	7.02234	12.3126	8.21506	4.61311
ENSDARG00000014577	4.00633	4.35182	3.31757	1.65129	1.51672	1.33915	6.4682	2.56765	1.29957
ENSDARG00000014582	3.22992	4.00501	4.02182	2.20235	2.61802	2.71538	2.22411	0.958841	0.58499
ENSDARG00000014587	2.1597	2.56584	1.36445	0.711664	1.08981	0.827858	1.135	0.837526	0.56885
ENSDARG00000014591	23.3507	24.6283	18.0341	7.43691	7.5437	7.81711	6.19686	3.84149	2.4776
ENSDARG00000014592	7.35629	7.44251	5.33023	5.43934	5.73819	5.87451	9.80967	5.52587	3.25881
ENSDARG00000014599	0.913792	1.69265	0.500781	0.515504	0.601035	0.796923	0.751348	0.699326	0.248129
ENSDARG00000014623	2.96846	1.92549	0.109063	1.27057	0.301767	0	0	0	0.238649
ENSDARG00000014634	1.07121	2.37345	1.70995	0.5651	0.92919	0.941914	1.81946	0.995264	0.269626
ENSDARG00000014651	2.14771	2.94364	3.62806	0.895621	1.20338	1.12802	2.31958	3.1493	1.11348
ENSDARG00000014655	0.310159	0.40531	0.637386	0.288125	0.311968	0.604262	0.217733	0.242376	0.113834
ENSDARG00000014674	3.29778	4.24339	4.40275	1.18107	1.93651	3.06342	3.72685	1.91346	1.19993
ENSDARG00000014676	0.294977	3.03846	0.595723	0.55964	0.208924	0.628559	1.20936	1.21673	0.714568
ENSDARG00000014680	3.85624	2.55575	2.5389	2.12992	2.35425	1.78627	5.59804	2.63704	1.53786
ENSDARG00000014685	4.15668	4.11057	2.23904	2.11548	2.31047	2.29374	3.56036	2.02984	1.21857
ENSDARG00000014690	8.28651	7.82035	7.19568	1.49653	2.23116	2.36982	6.03678	1.94757	1.50051
ENSDARG00000014692	4.03847	3.97699	4.84968	2.36796	2.16762	3.07998	3.85942	2.00964	1.17544
ENSDARG00000014704	0.826074	1.54024	0.522297	0.732157	0.869364	0.787102	1.5514	1.29109	0.59824
ENSDARG00000014717	0.26274	0.244464	0.163183	0.153557	0.143215	0.106355	0.237309	0.264816	0.153682
ENSDARG00000014722	3.44873	2.30299	0.129338	0.768792	0.454435	0	0.34828	0.907042	0
ENSDARG00000014731	2.10529	1.41456	2.06882	0.981883	0.470878	0.952458	0.898949	0.715692	0.443154
ENSDARG00000014763	27.3884	15.8914	14.5886	12.8979	9.08722	11.2784	10.9344	6.35531	5.10187
ENSDARG00000014770	3.60859	4.19164	5.01802	2.32377	3.31799	3.58313	4.49434	3.35874	2.06934
ENSDARG00000014775	2.15886	0.650981	1.45232	1.0863	0.697727	0.614687	1.79447	0.237897	0.121733
ENSDARG00000014790	1.26636	2.1238	1.51602	0.564382	1.17231	1.44288	1.30865	0.947722	0.720022
ENSDARG00000014793	1.63957	3.16935	2.52582	0.821957	1.26802	1.61265	1.87703	0.640251	0.863178
ENSDARG00000014817	18.2198	18.2475	15.9671	5.375	3.63173	5.71634	4.4294	1.11812	0.565459
ENSDARG00000014836	1.55377	3.47026	2.03077	1.61936	3.15985	4.0932	3.06277	0.76639	0.424084
ENSDARG00000014866	3.88602	4.07122	3.2169	1.40745	1.44546	2.44206	2.3916	1.43819	0.778578
ENSDARG00000014867	5.11139	6.67924	9.19076	1.1509	2.00874	2.12465	5.54455	2.12597	2.39624
ENSDARG00000014875	5.20734	5.91201	5.44093	4.23267	6.13312	6.01651	10.0007	6.96575	4.72289
ENSDARG00000014878	11.3425	14.7478	12.3538	5.91194	6.98768	8.73884	13.2176	7.40128	5.12507
ENSDARG00000014898	6.98708	6.47176	7.67247	2.37354	2.10389	1.77831	2.23756	0.653841	0.843157
ENSDARG00000014914	273.418	323.529	243.751	51.1895	69.769	76.4321	187.481	126.82	68.0536
ENSDARG00000014943	14.855	15.8844	18.9235	8.9069	10.8239	14.341	18.8504	10.3456	6.78439
ENSDARG00000014945	4.90192	7.17315	5.13691	2.75652	2.58706	3.20762	7.3735	4.29133	1.83481
ENSDARG00000014954	0.716719	0.556672	0.648946	0.416457	0.416961	0.369537	0.578235	0.192222	0.0991812
ENSDARG00000014956	3.64062	6.29485	2.08084	2.03415	1.78926	3.06536	3.10123	1.0644	0.529925
ENSDARG00000014962	1.20345	1.72667	1.97875	1.44822	1.98123	1.73801	2.60674	1.81331	0.449149
ENSDARG00000014963	7.59253	7.68169	5.79243	1.77416	1.46005	1.87011	1.39808	0.755125	0.528852
ENSDARG00000014966	3.75865	6.08044	6.42099	2.1641	2.71341	3.1615	3.06865	1.93151	0.834538
ENSDARG00000014986	14.1796	13.7418	8.27416	3.67322	3.62128	2.87873	2.6354	1.69525	2.07443
ENSDARG00000014994	14.6252	17.7619	17.9805	6.02991	6.49885	9.60553	13.7049	5.24614	3.56971
ENSDARG00000014995	1.09886	0.362189	1.55187	0.479155	0.319709	0.978422	0.753681	0.353716	0.216568
ENSDARG00000015002	0.250623	0.388214	0.151743	0.0928822	0.065597	0.109709	0.144272	0	0.0161706
ENSDARG00000015003	1.21391	1.41099	1.24391	0.330491	0.376799	0.500755	0.745609	0.302037	0.331134
ENSDARG00000015015	2.76533	1.85545	1.79797	0.976217	0.981107	0.959487	0.365112	0.360837	0.0737726
ENSDARG00000015016	0.414223	0.281301	0.2215	0.137332	0.0463196	0.105134	0.0111823	0.066279	0.1106
ENSDARG00000015050	1.59319	1.56285	0.554967	1.90869	0.706257	1.15575	1.10931	0.71461	0.32224
ENSDARG00000015053	0.315051	0.466324	0.777929	0.249102	0.205445	0.43729	1.79247	0.465736	0.189296
ENSDARG00000015057	1.62895	0.290662	0.578673	0.369692	0.120396	0.661496	1.14171	0.810286	0.379758
ENSDARG00000015059	1.97971	2.44752	2.26407	0.897741	1.78205	1.88807	2.17978	1.32612	0.422288
ENSDARG00000015070	1.35891	1.81462	1.7635	0.805853	0.748879	1.10167	1.8075	1.04406	0.251606
ENSDARG00000015088	12.5398	12.8787	7.25146	7.21709	7.03024	7.97609	10.4419	4.24739	1.77494
ENSDARG00000015091	2.29328	2.98605	2.37016	1.26918	1.32939	1.54533	5.10738	2.21573	0.757815
ENSDARG00000015102	4.18401	3.63087	3.57159	2.20393	2.24604	2.41356	5.1754	3.46853	1.5341
ENSDARG00000015111	29.0717	36.4301	30.2985	10.1674	9.68114	8.36948	12.3035	6.79227	4.91637
ENSDARG00000015126	8.5146	11.4051	9.30782	2.01495	4.12534	4.14277	9.92704	9.74809	5.48421
ENSDARG00000015128	13.5991	6.69098	7.50318	2.80108	1.14633	1.73964	3.49178	3.01319	2.29797
ENSDARG00000015158	0.414208	0.625508	1.01454	0.452224	0.52897	0.625666	1.99497	0.21414	0.200525
ENSDARG00000015164	5.19043	4.6247	2.85044	3.8684	2.87161	2.5722	5.4917	2.99913	1.51902
ENSDARG00000015176	2.07385	3.75725	2.63962	0.956713	1.70612	1.55296	3.24827	2.3649	1.35039
ENSDARG00000015179	3.24183	4.28208	5.27015	1.05148	2.12325	2.71244	3.39686	1.39128	0.669316
ENSDARG00000015199	6.12288	6.42504	6.25173	1.79174	2.22265	3.0745	7.34988	4.35111	2.31513
ENSDARG00000015201	1.13893	0.489004	0.564836	0.247715	0.313265	0.273488	0.152492	0.315972	0.0327842
ENSDARG00000015206	23.441	28.5232	22.6695	8.1667	9.25879	9.33855	9.14132	5.0297	2.9479
ENSDARG00000015208	2.0799	2.46985	1.88051	1.05496	1.22952	1.84094	2.59036	1.40878	0.80741
ENSDARG00000015221	50.8386	30.4573	17.5632	13.8152	8.28854	6.77285	12.4012	5.12269	3.51729
ENSDARG00000015222	11.6944	12.9268	11.2167	4.12465	3.7817	4.36267	12.359	6.69229	4.68725
ENSDARG00000015224	4.16294	6.04003	6.19608	2.12064	2.46862	2.33264	5.94551	2.83858	1.38221
ENSDARG00000015230	6.599	5.84643	4.40007	2.331	2.97965	2.67716	5.78762	2.90825	1.97431
ENSDARG00000015236	0.558681	0.559835	0.888677	0.30243	0.11593	0.579896	2.35997	0.675067	0.131818
ENSDARG00000015239	9.01339	11.2426	8.58268	2.43405	3.52681	5.57006	7.32716	3.95856	2.45331
ENSDARG00000015252	13.2842	10.3614	7.77167	5.16735	4.7196	5.88325	5.6599	2.89553	1.09133
ENSDARG00000015254	4.52008	3.47357	3.92231	2.41476	2.58063	2.22711	6.106	3.05338	1.71176
ENSDARG00000015292	28.9641	28.8822	27.4747	14.4624	14.526	18.3187	25.5754	9.38366	4.06278
ENSDARG00000015293	14.1405	22.4313	19.2357	4.72818	6.91052	9.50416	21.2412	11.611	7.73065
ENSDARG00000015310	2.78447	3.48293	3.35934	1.31648	0.787794	1.05353	1.85353	0.499201	0.202515
ENSDARG00000015312	0.904036	0.923917	1.17651	0.383731	1.09238	0.744531	1.58202	0.788847	0.323793
ENSDARG00000015314	7.38748	5.62574	4.60269	2.70942	2.79021	3.09564	2.41321	2.19786	1.12096
ENSDARG00000015325	4.54737	4.12981	4.87688	4.29608	4.20658	4.67397	2.85257	0.918463	0.773391
ENSDARG00000015343	1.43688	1.231	1.10075	0.458582	0.537273	1.20299	1.35269	0.555399	0.232688
ENSDARG00000015344	21.7681	16.7884	11.317	30.8512	18.662	20.0756	18.0762	12.098	7.73719
ENSDARG00000015352	1.19712	0.837207	0.954358	0.781414	1.40531	1.38654	2.02911	0.805354	0.500846
ENSDARG00000015374	2.45919	3.49686	3.0536	1.32762	1.05469	2.4536	2.4387	1.25673	0.820439
ENSDARG00000015385	1.23427	3.05023	1.50635	1.08524	0.376906	1.2953	1.94022	0.84082	0.474503
ENSDARG00000015392	3.94426	6.89078	3.25803	1.92281	1.89227	2.36802	2.52768	1.58449	0.695761
ENSDARG00000015394	5.7724	6.50937	5.01592	2.61555	3.82513	2.72896	2.16568	0.889492	0.844582
ENSDARG00000015403	13.2381	8.06668	5.26008	4.99189	3.14951	2.89275	5.67487	2.70307	1.47186
ENSDARG00000015422	6.55354	7.47346	6.93609	1.09186	0.438101	1.74086	2.08517	0.57819	0.509455
ENSDARG00000015425	2.76313	2.14177	0.841169	1.1007	1.36795	0.899866	2.95596	1.91969	1.48836
ENSDARG00000015427	35.7154	39.0789	33.4646	21.5354	24.0436	32.1752	38.2905	15.6115	7.60981
ENSDARG00000015429	4.13614	3.45777	4.46222	1.37899	2.23847	2.85802	4.37114	0.747859	0.681879
ENSDARG00000015460	5.95579	8.683	4.51225	4.72655	4.4053	6.36317	14.0523	9.65845	5.57717
ENSDARG00000015471	0.939988	1.62515	1.60519	0.568609	0.672251	0.711072	1.04311	0.7441	0.55914
ENSDARG00000015472	0.584159	1.20456	0.41333	0.665324	0.329011	0	0.729756	0.364517	0.215981
ENSDARG00000015474	5.18301	6.34313	7.32883	2.4657	2.94766	4.30124	7.9581	5.28077	3.67598
ENSDARG00000015482	0.570362	0.494711	0.565477	0.362822	0.246197	0.552338	1.37936	0.649528	0.200631
ENSDARG00000015490	6.16374	6.64142	9.61742	0.313358	1.56957	4.46285	6.395	7.84306	3.77928
ENSDARG00000015502	0.191279	0.349317	0.298517	0.421425	0.33074	0.293423	0.777887	0.355408	0.223597
ENSDARG00000015524	14.0458	14.4189	13.6907	4.96432	5.11521	7.10554	12.7828	6.19779	3.57354
ENSDARG00000015538	22.1479	35.7886	32.2054	5.71693	8.25893	7.61444	16.3062	8.32219	4.82964
ENSDARG00000015543	63.8124	64.5037	51.4525	25.26	16.8766	24.0297	15.0605	6.03185	4.86232
ENSDARG00000015551	39.1121	29.1153	21.9312	20.6371	22.711	29.5244	33.8855	19.9318	13.8299
ENSDARG00000015552	39.1236	54.0997	34.6682	7.81002	7.45687	11.2386	22.2889	16.6804	12.071
ENSDARG00000015554	2.56886	1.19313	0.131861	0.840559	0.143525	0	0.0698608	0.0593426	0.0263259
ENSDARG00000015557	1.74212	2.72221	2.016	0.683319	2.27911	1.36761	2.82584	1.46935	1.47135
ENSDARG00000015563	0.534344	1.1056	0.970073	0.707799	0.803888	0.915615	3.02822	1.02893	1.12252
ENSDARG00000015564	1.17195	1.18626	1.16274	0.269947	0.439894	0.539914	0.813682	0.675928	0.130087
ENSDARG00000015576	3.11697	3.656	4.72719	1.90367	1.93278	2.4289	2.90602	1.54157	0.73414
ENSDARG00000015610	5.98825	7.03952	5.91188	2.50656	2.46379	3.18511	5.86539	2.60808	2.46297
ENSDARG00000015611	13.0314	7.04165	0.54508	4.94896	2.00575	0.266634	0.0638062	0.0536626	0
ENSDARG00000015628	1.56413	0.995215	0.879938	0.468253	1.00719	0.464211	0.321438	0	0.194977
ENSDARG00000015638	2.43754	2.19977	0.884187	0.849489	0.423366	1.21102	1.38444	0.404893	0.530091
ENSDARG00000015649	13.2394	18.7336	12.8288	3.51154	4.09358	5.68895	11.0129	6.02211	3.387
ENSDARG00000015653	0.517362	0.545989	0.158664	0.319437	0.518039	0.259091	0.664925	0.494604	0.225684
ENSDARG00000015657	10.6503	12.0284	10.984	3.85852	6.47399	6.60074	8.70884	7.47255	3.91789
ENSDARG00000015676	0.877878	1.3791	1.25563	0.871826	1.05437	1.69228	2.19675	0.650643	0.868771
ENSDARG00000015681	23.6026	31.6071	25.7729	8.48402	12.8286	12.3044	34.2125	25.3013	14.5109
ENSDARG00000015707	1.47441	1.93551	1.3752	1.13822	0.892327	1.27708	2.09499	1.31711	1.18611
ENSDARG00000015709	20.335	25.4863	29.4595	5.52635	5.35706	7.74409	7.37126	3.17774	1.20182
ENSDARG00000015722	2.0911	1.27488	1.1164	0.566977	0.880698	0.297868	0.541088	0.234339	0.0707791
ENSDARG00000015757	4.81668	4.85764	6.01639	2.03227	5.18183	5.2792	7.20237	4.47251	2.84077
ENSDARG00000015759	3.69716	3.40047	2.17026	2.34026	1.33136	2.876	2.7964	1.13466	0.435302
ENSDARG00000015770	1.16533	1.32205	2.46938	0.731667	0.798806	1.01633	1.63901	1.08392	0.19477
ENSDARG00000015803	0.86678	0.362944	0.506552	0.234548	0.16986	0.280257	0.184113	0.0679533	0.0437531
ENSDARG00000015805	21.3167	15.4902	9.65153	7.03651	4.29406	3.73243	9.66172	5.21284	2.3077
ENSDARG00000015823	1.72673	1.81339	1.28995	1.38005	0.564752	0.518148	1.28298	0.750505	0.213651
ENSDARG00000015824	7.37444	8.8021	7.25118	2.49445	3.62732	3.35149	7.33301	3.56497	2.21168
ENSDARG00000015829	0.737869	0.709747	0.868054	0.67881	0.71741	0.772083	1.76213	0.854857	0.207647
ENSDARG00000015831	1.25841	1.856	1.23527	0.6398	0.727107	1.34288	1.27559	1.03424	0.427665
ENSDARG00000015835	36.4104	26.6459	16.718	9.30482	6.08745	6.35921	15.8313	7.08173	2.77063
ENSDARG00000015851	141.302	149.637	120.284	42.9973	46.818	55.7987	67.2848	34.0434	16.4386
ENSDARG00000015853	18.8996	24.4887	18.612	7.66913	6.09592	6.61	7.88583	4.76308	2.99593
ENSDARG00000015860	0.584451	0.98588	0	0.215954	0.659151	0.598362	1.62837	0.48963	0.537141
ENSDARG00000015862	5.36405	9.34523	6.56947	4.1951	3.81284	3.64808	9.39147	3.96411	2.32943
ENSDARG00000015863	3.34111	4.36525	4.09404	1.3003	2.01264	2.2271	3.21346	0.894362	0.427458
ENSDARG00000015889	30.3191	25.66	18.0999	7.69329	6.2225	8.14679	7.496	3.22605	1.35933
ENSDARG00000015905	4.65831	4.29356	4.22717	1.91136	2.5893	3.30651	3.37475	1.99643	1.15188
ENSDARG00000015906	574.021	229.396	10.0225	84.9269	27.7164	2.08128	0.183022	0.0864141	0.414657
ENSDARG00000015907	5.62138	8.29826	6.3495	4.04173	8.17004	6.33905	16.9898	5.5233	9.54034
ENSDARG00000015911	7.36683	7.85942	8.51157	2.6195	2.45518	3.84439	4.35895	2.0786	1.2108
ENSDARG00000015915	1.70938	1.95739	1.50545	0.414814	1.61154	0.547672	2.3333	2.69509	1.16848
ENSDARG00000015917	0.829319	0.922743	1.81899	0.819216	1.0789	0.615217	1.30036	0.489136	0.730119
ENSDARG00000015918	1.88546	1.65706	2.18071	1.80645	1.2558	1.59517	3.22311	1.50031	0.785202
ENSDARG00000015921	5.76456	6.94128	5.12974	1.7982	1.54379	4.46007	4.11518	1.57228	0.840465
ENSDARG00000015922	8.4423	7.08419	6.0766	4.43313	3.75656	4.12832	4.93805	3.18655	1.40875
ENSDARG00000015930	4.7793	4.48232	3.6615	0.785604	1.78247	1.7952	1.91755	0.468335	0.480553
ENSDARG00000015937	2.82282	1.40341	1.14947	0.850487	0.369923	0.298875	1.1007	0.139722	0.0662629
ENSDARG00000015946	2.00931	1.76205	2.12622	1.49101	1.79134	1.24597	3.09717	2.13491	2.07783
ENSDARG00000015959	1.04374	1.23306	1.7943	0.660286	0.636298	1.18643	2.58607	0.879336	0.299026
ENSDARG00000015968	3.41259	2.22581	2.37701	3.6783	3.04742	3.0547	3.48678	2.77841	1.4717
ENSDARG00000015971	5.79516	8.74021	4.58763	2.25671	3.99062	2.82935	10.1632	4.60387	4.95517
ENSDARG00000015978	8.82306	5.31506	0.936667	2.72668	2.41859	0.610089	1.14648	1.15758	1.11535
ENSDARG00000015989	1.18943	1.5786	1.55829	0.961589	0.836483	1.69633	1.94574	1.13801	0.733472
ENSDARG00000015990	25.086	36.0547	30.5217	9.30696	14.8418	15.6533	29.1291	15.1536	8.31419
ENSDARG00000015997	1.06346	2.7958	3.75339	0.337958	0.877787	1.47341	4.26372	1.9766	1.16808
ENSDARG00000016010	1.69712	2.88142	2.66954	1.34503	1.12713	1.77596	2.21032	1.02982	0.572143
ENSDARG00000016011	1.02639	1.06724	0.69196	0.732984	0.664742	0.66221	2.26751	0.631194	0.542293
ENSDARG00000016015	21.1588	16.0617	12.2104	5.85384	3.9266	3.1509	4.89577	3.88558	2.5144
ENSDARG00000016016	6.20872	6.3675	4.23318	2.59378	1.88077	3.51402	8.09524	3.48501	3.83298
ENSDARG00000016022	1.82905	1.02903	0.430109	0.212806	0.296031	0.298509	0.541842	0.307927	0.195293
ENSDARG00000016058	1.4852	1.6437	1.31282	0.716732	0.479149	0.701084	0.533289	0.932745	0.297589
ENSDARG00000016059	4.92776	6.38077	5.36236	1.43837	1.37813	2.36181	1.20929	1.70008	1.64775
ENSDARG00000016062	1.13525	1.21941	1.19914	0.810745	0.747713	0.978812	1.22603	0.653236	0.417331
ENSDARG00000016080	2.94355	2.41617	1.05223	1.03906	1.22745	1.55246	1.79406	0.979188	0.215506
ENSDARG00000016084	4.30913	4.63452	2.88303	1.148	1.93202	1.87915	2.37887	1.23394	0.744458
ENSDARG00000016086	7.45117	9.63711	8.59999	3.78947	4.53596	5.44655	9.92838	5.0871	2.87261
ENSDARG00000016093	0.696354	1.04684	1.74985	0.595538	0.695803	0.803219	1.78921	1.01811	0.448515
ENSDARG00000016112	1.1043	0.225904	0.224627	0.278796	0.13306	0.268775	0.574804	0	0.0358837
ENSDARG00000016116	0.359607	0.556762	0.391436	0.187099	0.237262	0.272417	0.91328	0.547897	0.710109
ENSDARG00000016117	6.0074	8.50406	6.48353	3.92871	4.26826	5.99951	5.30886	3.28503	3.45824
ENSDARG00000016143	1.02177	1.04488	1.07279	0.549498	0.955191	1.0246	1.68804	0.685134	0.579847
ENSDARG00000016153	17.5481	18.7203	18.5752	8.68774	11.8304	12.4523	31.0873	16.6405	13.1137
ENSDARG00000016154	11.4455	11.3385	8.28482	4.11652	4.18071	5.729	22.3463	15.1085	4.86922
ENSDARG00000016156	8.91886	6.61587	7.24527	3.43225	2.84889	5.21874	5.09209	2.08025	1.03087
ENSDARG00000016163	2.72122	3.4563	3.32971	1.2799	1.84138	2.4124	2.93664	1.37718	0.879858
ENSDARG00000016173	11.142	8.43438	7.81481	5.00966	3.24319	5.06012	5.10701	1.8226	1.32009
ENSDARG00000016177	17.7591	24.465	19.617	6.52153	7.12237	10.1467	16.8524	8.65858	5.54063
ENSDARG00000016181	12.7393	15.9672	11.3101	5.05301	5.49325	6.44258	15.5462	10.0625	5.60599
ENSDARG00000016187	0.905432	2.73323	1.64606	0.308666	0.616141	0.482457	1.12181	0.758322	0.285468
ENSDARG00000016188	0.614352	1.15319	0.720977	0.514445	0.65927	0.33928	1.59924	1.11329	0.40623
ENSDARG00000016200	16.6281	7.73367	5.08907	4.53761	1.74849	2.32408	2.72163	1.53602	0.779149
ENSDARG00000016212	38.6958	49.3596	34.8945	6.34658	6.80713	6.6769	25.4529	19.5772	16.4196
ENSDARG00000016231	1.56967	0.793414	0.767153	0.540069	0.143228	0.577305	1.51261	0.667442	0.864615
ENSDARG00000016238	1.9503	1.35216	0.877106	0.909536	0.384387	0.722797	0.738699	0.191352	0.118234
ENSDARG00000016239	2.93128	5.66834	6.69745	2.91044	2.98552	7.7094	6.52321	2.85406	1.3038
ENSDARG00000016253	12.4763	3.06248	0.0725261	4.47216	1.82341	0	0	0.0281399	0.153875
ENSDARG00000016255	7.78507	7.60051	7.64121	3.24783	3.0169	4.61152	4.32226	2.46128	0.740046
ENSDARG00000016256	5.42573	4.27435	4.72277	1.90941	1.81305	2.56877	1.17538	0.786371	0.416979
ENSDARG00000016260	7.95444	9.10956	7.49734	3.80999	5.3908	6.00466	6.24724	5.39449	3.59735
ENSDARG00000016263	15.534	19.6741	14.4504	5.7567	6.62558	5.74879	15.4995	10.1637	6.91247
ENSDARG00000016302	5.11362	7.23832	5.43754	2.20063	2.41683	2.13342	2.84503	1.56228	1.02697
ENSDARG00000016304	8.7153	9.66817	10.3291	4.91973	4.2325	5.94486	1.54312	1.31727	1.72245
ENSDARG00000016307	2.8024	1.40854	2.78874	0.857923	1.01201	0.919953	1.18512	0.102926	0.688326
ENSDARG00000016311	0.34019	0.527428	0.31989	0.267356	0.0776128	0.224239	0.202856	0.0789988	0.0717394
ENSDARG00000016318	3.35562	1.77071	0.851645	1.54413	1.72697	2.06647	1.90987	1.09019	0.33332
ENSDARG00000016345	6.05046	3.95885	2.30956	1.82893	2.09673	0.949568	3.12049	2.4326	2.85873
ENSDARG00000016350	6.31629	10.2973	7.81947	3.28412	3.64959	2.6582	5.05364	5.23982	2.32598
ENSDARG00000016357	1.87938	0.783506	1.67458	0.43322	0.651506	0.866253	1.83878	0.825515	0.288797
ENSDARG00000016375	0.342856	0.30305	0.49246	0.155339	0.29414	0.65889	0.584271	0.330231	0.083282
ENSDARG00000016393	6.40554	6.98583	5.9698	9.80222	10.1328	6.91548	10.1404	4.80631	4.19142
ENSDARG00000016399	7.89938	8.09092	6.43329	2.48233	2.69017	3.09891	3.15117	1.73431	1.44765
ENSDARG00000016405	4.24043	4.47512	4.38071	2.12969	2.72569	4.051	5.21057	1.57668	0.962192
ENSDARG00000016427	0.78471	1.11163	1.76854	0.250468	0.292289	0.584197	0.942369	0.467264	0.542978
ENSDARG00000016429	3.90716	4.30708	4.01629	2.19601	1.99095	2.1152	4.3149	2.25817	1.66224
ENSDARG00000016443	11.0716	9.5775	8.10786	3.50754	4.45428	3.89104	6.79554	3.46074	2.201
ENSDARG00000016447	8.90103	9.93878	9.66072	2.82314	3.64964	4.87369	10.1536	4.66032	2.71266
ENSDARG00000016464	3.87165	3.4245	4.51514	1.37119	1.9151	2.34759	3.68304	1.85151	1.74604
ENSDARG00000016465	2.02301	3.23068	3.45411	1.3635	1.79475	1.17905	2.41001	1.75408	1.22809
ENSDARG00000016470	1.44492	1.0358	1.48983	1.24161	0.967512	1.45567	2.10802	0.682049	0.414299
ENSDARG00000016474	3.09633	3.35435	4.21028	0.916483	1.11512	1.72102	2.25523	0.813952	0.332716
ENSDARG00000016476	19.0699	10.9612	8.06272	13.0775	7.60865	9.62032	6.27571	3.59119	2.55766
ENSDARG00000016484	30.2154	36.4493	34.3361	10.0376	8.84303	13.0346	13.7716	4.69896	2.49638
ENSDARG00000016496	15.4835	15.0106	11.5159	4.39679	3.6762	4.96102	10.0356	5.55585	2.48641
ENSDARG00000016513	1.00115	1.71168	1.29297	0.691961	0.615013	1.3252	1.77584	0.641791	0.223751
ENSDARG00000016516	40.7457	33.2838	29.3968	18.0677	12.8273	17.7047	7.82933	3.33362	1.76747
ENSDARG00000016519	3.27677	4.50237	6.42634	1.83829	1.78255	3.15538	2.21367	1.20315	0.69513
ENSDARG00000016526	63.1182	30.5162	0.709799	29.984	13.5504	0.501586	0	0.63079	1.82949
ENSDARG00000016532	21.086	27.4069	19.1166	6.71944	8.95243	11.0064	19.5586	13.0783	8.73927
ENSDARG00000016548	120.194	144.119	100.445	21.9931	20.0723	25.3949	37.1304	18.0136	8.19658
ENSDARG00000016551	3.2913	4.09974	3.07925	1.36512	1.48915	1.45442	3.25433	2.19767	1.13813
ENSDARG00000016573	1.69788	1.81314	2.20481	0.455603	1.43842	0.971612	1.00754	0.382289	0.247749
ENSDARG00000016584	0.657587	1.37098	1.39992	0.551089	1.05591	1.4071	1.28032	0.344388	0.0917485
ENSDARG00000016594	2.95332	2.81446	2.1684	1.25264	1.21285	1.15547	3.27818	0.671934	0.365639
ENSDARG00000016608	9.31035	7.30661	2.1925	3.43495	1.66879	2.00337	1.86512	1.00746	0.350725
ENSDARG00000016630	33.2409	37.387	25.7324	14.3259	16.4663	16.4881	25.4614	15.8432	9.65251
ENSDARG00000016636	1.15619	1.58571	1.04219	0.643987	0.842763	0.52879	3.05002	1.49615	1.6067
ENSDARG00000016651	5.42247	5.55595	4.43556	2.29934	3.17345	4.03988	5.8851	2.41934	1.62093
ENSDARG00000016664	8.96316	8.99181	7.50582	3.27272	3.18642	4.95592	5.1953	2.14963	1.27112
ENSDARG00000016674	0.44506	0.153414	0.858417	0.353238	0.556984	0.506958	1.24641	0.868989	0.823031
ENSDARG00000016676	4.96116	5.41249	5.56307	1.49399	2.38033	2.86244	5.53946	3.28288	2.4353
ENSDARG00000016687	2.0728	2.53785	2.46341	0.680027	0.985424	0.952387	1.02543	0.518119	0.358798
ENSDARG00000016691	8.89037	6.9771	8.77686	2.00182	3.07486	4.0433	5.28986	2.38436	1.17607
ENSDARG00000016706	4.65196	5.38853	5.87554	4.2872	5.30851	4.14853	5.00053	2.6341	1.05178
ENSDARG00000016717	2.91813	0.773813	2.11905	0.627539	0.666627	0.557829	1.01537	0.476851	0.467274
ENSDARG00000016721	18.3161	23.8371	23.5605	4.28141	6.12081	3.67886	7.87859	5.22666	4.22216
ENSDARG00000016724	12.2388	10.8519	7.71022	6.38983	4.67666	6.91954	5.25683	3.65603	1.19643
ENSDARG00000016733	1.89406	1.22673	1.69486	0.555851	0.929804	1.60694	0.519467	0.329869	0.301135
ENSDARG00000016743	2.36659	2.95987	3.45541	1.9688	0.986045	1.16808	3.04936	1.56871	1.78962
ENSDARG00000016745	2.89648	3.23523	5.22315	0.642212	0.869936	2.43423	1.82818	0.710248	0.532434
ENSDARG00000016753	3.69231	4.93775	3.48207	1.37873	1.58088	2.05608	2.87299	1.14628	0.544502
ENSDARG00000016754	7.01476	3.64901	3.86011	3.05553	2.10757	3.77636	3.72679	1.93145	0.628532
ENSDARG00000016763	1.14838	1.278	1.16973	0.709454	0.936686	1.05987	1.54271	0.704137	0.39469
ENSDARG00000016765	1.63451	2.26526	2.12169	0.815873	0.893044	1.60541	2.51428	1.71262	0.493927
ENSDARG00000016769	0.491143	0.825611	0.823805	0.476028	0.356095	0.361574	0.406071	0.371619	0.16533
ENSDARG00000016774	2.01135	1.93402	1.82765	1.30394	0.838403	2.18625	2.89127	1.09811	0.762097
ENSDARG00000016775	4.47256	5.30787	4.53911	2.69603	1.52803	1.53185	4.71652	1.8719	1.58616
ENSDARG00000016782	14.2492	18.5651	15.3261	5.82838	7.66431	7.85759	12.4717	9.44169	7.3536
ENSDARG00000016783	21.5659	7.89598	4.83563	7.17214	3.11893	4.17894	3.58888	1.59665	0.975232
ENSDARG00000016788	1.63611	1.14385	0.994005	0.85286	0.609435	0.420207	1.00183	0.950461	0.340216
ENSDARG00000016789	0.615478	0.478921	0.402885	0.571977	0.151766	0.508823	0.50201	0.278638	0.170026
ENSDARG00000016794	2.21133	2.11076	2.49299	1.31103	1.42746	1.68955	1.47749	0.848642	0.429675
ENSDARG00000016809	0.784857	0.533533	0.67511	0.297886	0.201122	0.162157	0.824325	0.471653	0.268631
ENSDARG00000016811	5.14993	6.92045	5.53355	4.53941	6.29586	8.14134	9.39635	5.74042	3.65644
ENSDARG00000016830	4.62214	7.66186	6.32605	3.66908	3.43684	4.37484	7.11877	4.59516	2.6767
ENSDARG00000016837	3.01279	4.48762	3.13658	1.85541	1.50686	2.18361	2.20773	1.14059	0.376856
ENSDARG00000016864	2.94335	3.18327	3.9267	1.73726	2.03212	1.8348	4.96178	3.96727	1.24181
ENSDARG00000016866	3.45794	3.34458	2.42621	1.77522	1.58791	2.38189	3.87585	2.1205	1.86933
ENSDARG00000016867	4.47458	5.54059	5.27273	2.65308	2.12216	3.74273	5.56456	2.35925	2.00054
ENSDARG00000016868	0.916464	0.297757	0.516056	0.361418	0.653778	0.267585	0.26308	0.44712	0.349002
ENSDARG00000016871	17.244	19.7428	15.9992	5.94261	5.63674	6.42275	15.4459	11.1704	5.72809
ENSDARG00000016875	2.10283	2.31571	1.81737	1.62393	1.26658	1.97512	3.13957	2.66296	3.30959
ENSDARG00000016903	10.3229	11.1907	9.64833	4.49896	4.05565	5.54334	9.61161	3.00965	0.965303
ENSDARG00000016904	17.1369	18.3456	22.4414	5.45684	5.85106	8.92892	7.30356	3.39028	2.4934
ENSDARG00000016908	2.70494	3.59113	5.553	3.2365	1.79476	4.10382	3.86145	1.5462	0.708431
ENSDARG00000016968	5.44128	6.60596	5.60767	2.04407	1.97415	3.32416	4.43466	1.90052	1.57186
ENSDARG00000016977	3.04701	5.00795	3.88352	2.19553	3.62282	2.98285	5.61107	3.72513	2.1627
ENSDARG00000016999	8.10362	3.80639	3.26003	3.64495	6.60416	9.43363	14.7045	8.14184	8.64068
ENSDARG00000017004	3.8537	6.00701	6.58138	2.36494	3.43092	5.82744	4.61312	3.62714	1.21098
ENSDARG00000017006	0.437465	0.423979	0.368594	0.220125	0.148375	0.36018	0.447332	0.318907	0.166639
ENSDARG00000017010	3.5734	5.37747	4.59893	1.21458	2.07118	1.66332	5.44231	2.60346	1.21203
ENSDARG00000017037	7.49236	6.10428	6.36346	2.3089	3.08372	3.44353	4.82468	3.46175	2.72857
ENSDARG00000017046	2.73255	0.989039	0.849303	2.9329	0.879131	0.537776	0.848478	0.473311	0.713035
ENSDARG00000017047	0.780423	0.934675	0.770227	0.168882	0.31748	0.360431	1.16606	0.339682	0.560058
ENSDARG00000017049	1.0462	1.5234	0.840446	0.518456	0.845209	0.7364	0.903696	0.475801	0.11498
ENSDARG00000017067	0.926663	0.9805	1.43196	0.343636	0.728027	0.500515	0.438922	0.184424	0.110017
ENSDARG00000017084	7.54957	5.48551	5.32221	3.68514	2.1016	4.2719	2.33438	1.07034	0.477874
ENSDARG00000017093	2.1981	1.80653	1.23601	0.924439	0.548885	1.04773	1.11779	0.252373	0.130863
ENSDARG00000017105	5.19378	5.1284	3.28373	2.46013	2.64514	3.24064	5.53133	2.66014	1.48851
ENSDARG00000017115	7.28687	8.68627	5.75638	2.96102	3.67902	3.74392	10.4244	4.78045	3.2782
ENSDARG00000017119	1.21303	1.49572	2.05876	0.60112	0.729058	0.391941	0.850996	0.62748	0.213895
ENSDARG00000017126	2.01478	2.01783	1.49333	0.86227	1.09537	1.43008	1.62089	0.962448	0.819484
ENSDARG00000017140	1.34232	1.3645	1.65333	1.01714	0.631909	1.27193	3.4322	1.25129	0.631502
ENSDARG00000017143	1.36555	2.27593	1.08027	0.574752	0.424362	0.50395	0.818091	0.488188	0.218259
ENSDARG00000017164	6.24063	3.14794	0.243516	2.37626	1.01352	0.148823	0.0320479	0	0.0979489
ENSDARG00000017173	0.967939	0.362825	0.332159	0.424434	0.352198	0.616625	0.879424	0.373179	0.0882903
ENSDARG00000017180	10.1758	13.7476	12.198	4.09693	6.01614	6.18998	10.2618	6.86164	4.01521
ENSDARG00000017188	0.507502	0.786868	0.586017	0.599253	0.662592	0.875569	1.54202	0.678909	0.347297
ENSDARG00000017190	1.03534	1.2617	1.24623	0.669254	0.836316	1.40373	3.09347	1.35609	1.06626
ENSDARG00000017199	1.04747	1.8156	1.74733	0.472588	0.640907	0.858989	0.807979	0.310665	0.326693
ENSDARG00000017211	1.78328	2.27523	1.95069	1.22392	1.50239	1.60886	1.15985	0.686189	0.635312
ENSDARG00000017217	0.277455	0.537932	0.652467	0.914051	2.03416	1.0414	4.86672	1.67949	1.74476
ENSDARG00000017219	36.6033	24.7677	19.0043	13.4665	10.697	6.44877	29.0051	21.845	12.8207
ENSDARG00000017220	1.3217	2.85232	2.48302	0.587561	0.791141	1.23704	1.92168	1.36957	1.12122
ENSDARG00000017230	16.3696	16.3105	23.1729	6.71904	8.16945	8.28583	12.5705	6.90379	4.09028
ENSDARG00000017235	38.043	40.6232	40.5187	12.2142	15.114	16.7847	27.5915	14.6205	8.41586
ENSDARG00000017242	0.532846	0.679611	0.327323	0.308196	0.514466	0.321357	0.896878	0.3172	0.294961
ENSDARG00000017244	8.48508	7.37967	8.83245	2.94884	2.98088	3.77457	5.28105	3.11869	2.23855
ENSDARG00000017255	3.27205	4.56133	2.1647	0.255221	0.420256	0.344489	0.217231	2.21753	0.629089
ENSDARG00000017266	0.422469	0.773061	0.577026	0.235933	0.450407	0.398351	1.62502	0.620368	0.69476
ENSDARG00000017272	6.66712	5.84774	3.98631	2.64334	3.18581	2.93081	1.87607	1.19445	1.00075
ENSDARG00000017294	6.25869	8.36422	7.20976	2.48192	3.69854	2.76245	10.1837	4.1056	1.67506
ENSDARG00000017311	7.29869	7.51224	5.62558	2.89593	2.86722	4.98199	4.31754	2.88319	4.07176
ENSDARG00000017312	0.688903	0.296382	0.89819	0.314225	0.465733	0.503481	0.92952	0.519269	0.248592
ENSDARG00000017315	4.34839	4.54914	2.5115	1.98427	1.98677	2.74806	2.97142	1.04055	0.385503
ENSDARG00000017316	1.99179	2.15686	1.73959	1.22239	1.71315	1.69089	2.57312	1.33034	0.849219
ENSDARG00000017320	12.0554	7.96779	7.2036	11.0052	8.07488	7.38636	10.2277	9.51703	4.25924
ENSDARG00000017337	0.967224	1.84665	0.771702	0.328812	0.318701	0.244625	0.742162	0.243399	0.112413
ENSDARG00000017339	19.5098	9.09591	7.9859	8.96461	5.61814	8.28438	5.30675	4.3619	1.82101
ENSDARG00000017359	0.842697	1.8254	1.67016	0.377633	0.346043	0.214198	0.294427	0.273636	0.201617
ENSDARG00000017365	2.23236	2.54291	2.35894	0.836108	1.46761	0.896366	4.86107	2.7446	2.04185
ENSDARG00000017385	2.24617	5.07289	2.30807	1.46113	1.37052	1.01926	2.76915	0.500938	0.689218
ENSDARG00000017386	6.98168	6.64142	7.55953	4.75397	4.72287	6.29762	16.8052	6.55599	4.89468
ENSDARG00000017397	16.3038	22.8606	20.3076	6.31418	7.77459	8.95136	19.7498	12.528	7.86281
ENSDARG00000017422	4.69757	6.26167	6.18862	1.73917	1.47742	2.38345	2.43464	1.08178	0.701517
ENSDARG00000017423	7.57972	8.07899	8.27618	2.48995	3.8406	3.85695	6.25523	3.65627	2.24688
ENSDARG00000017425	0.536748	0.88718	0.328897	0.136732	0.191144	0.128371	0.0893323	0.070838	0
ENSDARG00000017427	4.17253	3.48114	3.64379	2.50213	1.95044	2.35436	5.47766	2.62536	2.14088
ENSDARG00000017439	5.01262	4.94807	4.08687	1.15818	1.90305	1.31899	2.8938	1.17981	1.47996
ENSDARG00000017445	6.7863	7.85405	8.06096	3.15874	2.98253	4.19758	5.54665	2.36912	2.28102
ENSDARG00000017454	22.6149	46.6378	32.4875	7.18074	7.77733	10.4825	9.47292	5.67698	3.8585
ENSDARG00000017500	4.20272	5.73026	4.22655	3.06554	3.08013	3.46798	3.64335	2.47493	1.34666
ENSDARG00000017522	11.3739	12.1658	11.1912	3.48174	4.76923	4.85055	11.8778	6.60199	4.04833
ENSDARG00000017525	5.40465	5.23695	4.00572	3.49356	2.94869	2.80063	7.60787	5.38646	3.20031
ENSDARG00000017554	3.61796	4.87188	4.88157	2.08788	4.47751	4.71707	9.18378	3.2095	2.99759
ENSDARG00000017562	0.610572	1.13814	0.582397	0.280001	0.347207	0.480861	0.40575	0.122919	0.266233
ENSDARG00000017568	128.113	114.987	108.049	50.3195	47.0897	69.3042	62.9804	32.41	21.6139
ENSDARG00000017571	4.75865	5.95345	5.2968	1.48044	2.3745	4.42077	2.30526	2.18074	0.958023
ENSDARG00000017595	5.53186	5.43119	5.36428	2.45697	2.4416	3.52171	6.44425	2.69999	1.69202
ENSDARG00000017602	1.59555	0.443845	0.44935	0.574107	0.27677	0.0551779	0.472368	0.380481	0.174837
ENSDARG00000017606	15.3019	14.498	17.0129	3.01668	3.53052	6.70246	5.63664	2.57426	1.21226
ENSDARG00000017615	0.992796	0.350765	0	0.421008	0.0905026	0	0	0	0
ENSDARG00000017617	2.65873	1.13714	1.88778	0.81759	1.81433	0.996585	0.845557	1.05721	0.619753
ENSDARG00000017636	3.8709	4.85891	4.1319	2.35981	1.92893	2.07861	8.36577	5.49283	6.20531
ENSDARG00000017658	0.539103	1.15468	1.07896	0.520775	1.33164	0.652115	1.92071	0.766541	0.223876
ENSDARG00000017659	4.08822	6.38992	5.41253	1.37239	2.17022	2.1846	4.71649	2.42241	1.43559
ENSDARG00000017661	1.85784	1.52136	1.21562	0.770706	1.15497	1.14903	3.0377	1.79602	1.83623
ENSDARG00000017675	3.39272	3.63653	1.26117	2.42939	2.39883	1.75994	1.72108	1.23317	0.878071
ENSDARG00000017696	5.38783	6.9902	6.23217	2.35568	2.21316	2.44125	4.9742	1.44793	0.898445
ENSDARG00000017703	4.74443	6.17441	6.37279	0.782421	1.34093	1.51907	3.09185	0.481051	0.397404
ENSDARG00000017708	1.50515	1.03685	1.28285	0.460311	2.59272	2.03953	1.54453	1.41952	0.156856
ENSDARG00000017728	1.00608	0.595327	0.310228	0.647286	1.02071	0.565629	0.724345	0.425787	0.0652789
ENSDARG00000017730	2.52504	2.71026	3.21496	1.67013	1.10262	1.26905	1.21318	1.00723	0.365014
ENSDARG00000017738	1.04548	1.60412	0.762133	0.784761	0.773687	0.844151	1.87083	0.719397	0.293137
ENSDARG00000017740	6.40487	5.84033	3.57581	5.73057	5.2003	4.56501	13.7708	5.72068	3.504
ENSDARG00000017741	7.40864	8.67329	7.22006	3.53918	3.50344	5.22881	6.16967	8.39073	4.68977
ENSDARG00000017744	9.74575	11.1115	10.8741	3.60422	4.70343	4.48645	6.25065	3.38428	1.97073
ENSDARG00000017748	0.377886	0.42292	0.760494	0.213727	0.503856	0.375986	0.52791	0.357257	0.336464
ENSDARG00000017757	0.17694	0.316226	0.409793	0	0.0682893	0.207882	0.0816669	0.0654762	0.0143001
ENSDARG00000017762	12.3089	16.6208	12.9645	3.76099	5.04334	5.94717	7.7839	4.72947	2.28567
ENSDARG00000017771	1.6381	1.08305	0.516793	0.432274	0.133292	0.271425	0.846417	0.439635	0.139526
ENSDARG00000017772	8.39125	13.292	10.085	8.16349	12.2956	10.1162	4.53116	4.69918	2.63611
ENSDARG00000017775	22.1253	24.6333	12.1437	8.77437	8.22776	6.00479	7.82268	5.9984	6.12165
ENSDARG00000017781	14.3172	10.9481	10.4909	4.04888	2.64062	3.81642	4.87826	2.15401	0.602476
ENSDARG00000017798	8.54947	10.832	9.46911	3.38215	4.57635	4.6922	13.6843	10.9211	7.3299
ENSDARG00000017809	3.62344	4.49116	3.66688	1.08448	1.70277	2.09043	3.29228	2.03304	1.26787
ENSDARG00000017813	1.60668	1.74628	1.49378	0.775805	1.25887	1.56547	1.49346	1.12374	0.382003
ENSDARG00000017820	0.799826	1.37777	1.26001	0.871971	0.966096	0.700765	1.18904	0.557016	0.353788
ENSDARG00000017821	1.12804	0	0.15759	0.396841	0.188316	0	0	0	0
ENSDARG00000017834	9.07431	10.6154	11.0524	6.13612	7.78287	10.7967	15.8232	5.84015	3.36383
ENSDARG00000017835	3.70877	3.88347	2.49265	1.40302	1.19853	1.29587	2.43963	1.29452	1.58897
ENSDARG00000017841	6.83712	6.30581	6.1531	3.13165	3.50257	3.16126	4.12143	2.59736	1.78997
ENSDARG00000017842	34.2725	46.0809	33.6164	6.24035	9.17626	8.9828	15.7833	10.0334	6.39329
ENSDARG00000017843	5.98207	7.08666	6.14566	2.36926	3.32826	3.74142	3.65255	1.29588	1.60693
ENSDARG00000017844	2.95501	1.79118	1.08293	2.01709	2.32228	1.95466	2.1036	0.483208	0.378656
ENSDARG00000017864	5.89268	8.85957	6.72021	2.21847	3.00744	3.51037	5.58038	2.13583	0.951628
ENSDARG00000017886	0.973906	1.14551	0.673464	0.776658	0.631804	0.737637	0.919074	0.65863	0.520694
ENSDARG00000017891	6.98881	9.81609	8.53425	3.33129	4.24248	5.06063	3.65862	2.29392	2.45106
ENSDARG00000017901	22.5203	24.4026	24.6995	5.3463	9.41937	9.4458	8.37051	4.09355	3.36572
ENSDARG00000017905	4.64551	5.20915	4.81126	2.56813	3.40335	3.72896	2.34925	2.80087	1.37149
ENSDARG00000017917	13.7993	6.92443	1.37921	4.65197	3.31948	0.380513	0.957277	0.407252	0.449425
ENSDARG00000017929	3.995	5.84526	4.00636	2.0632	2.69773	2.49084	5.49318	3.801	3.18803
ENSDARG00000017931	0.669817	0.718318	0.703025	0.32754	0.337621	0.275942	1.13202	0.897701	0.598499
ENSDARG00000017960	2.00547	1.71632	1.81495	0.907302	1.55306	1.33597	2.63077	0.504158	0.632592
ENSDARG00000017985	6.58813	5.20633	7.5689	3.04444	3.20975	2.28988	2.67848	0.935712	0.903492
ENSDARG00000017986	7.82181	7.64192	3.94139	3.18324	3.36875	2.4977	3.27506	2.17862	1.46809
ENSDARG00000018000	0.736649	0.608637	0.89542	0.453217	0.373538	0.246079	1.71984	0.922096	0.800953
ENSDARG00000018020	0.710719	0.517773	0.130978	0.194824	0.293262	0.550788	1.44709	0.359918	0.221584
ENSDARG00000018022	2.98338	2.98113	2.93878	1.24718	1.51659	1.79779	2.13199	0.97773	0.45516
ENSDARG00000018030	2.97093	4.60398	1.63005	1.62714	0	1.62148	2.35191	0	2.07137
ENSDARG00000018032	0.149703	0.0651318	0.474935	0.069483	0.128867	0.0667719	0.13927	0.0273394	0.037983
ENSDARG00000018047	7.31729	5.38232	5.76542	1.40282	1.75546	1.10635	1.9747	1.80831	0.900647
ENSDARG00000018049	9.84094	13.7262	9.71348	5.26447	6.19316	5.50754	9.53632	6.39236	4.4229
ENSDARG00000018060	1.7159	1.67462	1.69687	0.830668	1.29837	1.36959	2.62199	1.03714	0.735299
ENSDARG00000018077	3.11329	2.07954	4.60264	0.486807	0.678625	0.720233	1.20748	0.741006	0.508229
ENSDARG00000018096	1.11183	2.10468	1.18264	0.880597	1.04244	0.670276	1.98517	2.07768	1.13569
ENSDARG00000018107	15.121	9.74967	11.6206	4.17447	3.67029	6.59956	16.8031	8.30047	6.14171
ENSDARG00000018110	11.8407	12.7941	11.0084	7.52236	8.92412	10.9564	14.8126	6.99601	5.2394
ENSDARG00000018111	0.525944	1.69312	0.553094	0.432215	0.403318	0.942755	1.3691	0.76007	0.814116
ENSDARG00000018118	1.82146	2.09855	1.00297	2.05507	0.475233	0.864585	4.4315	2.35486	1.14756
ENSDARG00000018119	7.96656	11.1152	5.72456	1.2716	1.20342	0.70887	0.95424	1.0235	0.354031
ENSDARG00000018121	0.986126	1.90367	1.77181	0.460664	0.904098	0.864184	1.17948	1.21394	0.568188
ENSDARG00000018124	3.37537	3.91498	3.15207	2.99852	2.07745	2.86933	5.47086	1.20284	1.39556
ENSDARG00000018130	2.60204	2.57423	2.54839	1.61925	2.77446	2.97432	6.03551	2.28359	1.25799
ENSDARG00000018145	35.1096	32.2367	28.3453	20.1713	21.7496	22.2396	19.2483	11.1729	5.04297
ENSDARG00000018159	1.3389	1.02286	2.97163	0.578401	0.464057	0.54805	0.866803	0.298085	0.212645
ENSDARG00000018162	0.784663	0.974122	0.503403	0.220317	0.398351	0.817897	1.93028	0.930386	0.964708
ENSDARG00000018165	6.65608	9.41928	8.23916	3.38541	4.29033	4.00753	13.9157	6.06009	2.84687
ENSDARG00000018174	1.805	2.4215	3.07503	1.17296	1.35754	1.79142	5.88649	1.75053	0.750727
ENSDARG00000018190	4.87508	7.82891	7.56211	2.02782	2.3548	4.34513	5.71338	2.19274	1.95762
ENSDARG00000018192	11.1147	13.057	14.5797	7.33813	9.03854	8.03625	10.3603	8.3236	10.5763
ENSDARG00000018206	1.76402	2.48938	1.85699	1.12323	1.34435	1.40812	2.33483	0.756647	0.766386
ENSDARG00000018241	46.6471	51.4011	26.9326	12.0186	12.0685	10.0909	6.53085	4.70363	1.31037
ENSDARG00000018257	3.34969	7.76894	5.61006	1.03151	0.965903	1.23944	4.29522	7.17693	3.46751
ENSDARG00000018258	2.62253	2.52093	2.66764	0.498346	0.341019	0.737403	0.848395	0.456153	0.426719
ENSDARG00000018272	10.9796	10.4883	8.79323	3.2274	3.55773	3.17202	4.12846	2.95336	1.8149
ENSDARG00000018285	41.3001	44.9398	47.7441	12.6484	17.9278	17.4256	25.4417	15.1772	11.1422
ENSDARG00000018296	7.40679	9.3413	5.4273	2.2768	3.42739	3.23184	6.89712	3.78964	2.79165
ENSDARG00000018303	1.68062	1.90765	1.37369	0.60337	1.44851	1.37622	2.10999	1.19634	0.983074
ENSDARG00000018306	2.24131	5.27983	3.96335	1.04982	1.16494	0.708866	2.00203	1.01058	0.287227
ENSDARG00000018308	6.4032	2.35095	2.15506	2.50829	2.57399	0.686627	1.17832	1.43817	1.08915
ENSDARG00000018312	4.41982	6.78065	5.74032	2.81711	2.25464	3.4501	9.77255	4.34744	2.77937
ENSDARG00000018319	9.41127	7.97522	7.0817	2.08171	1.99571	2.88413	2.74679	1.29229	0.964788
ENSDARG00000018325	4.45878	4.55002	4.48195	1.12918	1.88143	1.6607	2.96306	1.84114	1.35054
ENSDARG00000018328	6.04778	5.17202	5.62685	3.33787	3.25443	2.76992	6.48508	3.26399	1.80215
ENSDARG00000018334	17.3781	15.0638	9.0589	4.73172	7.04648	3.16855	8.13026	5.03232	2.89483
ENSDARG00000018382	0.947277	1.74182	1.15394	1.08156	0.882879	0.843267	1.52772	0.594237	0.386324
ENSDARG00000018411	9.00546	9.89301	9.25419	2.83066	2.49222	2.51292	4.34587	2.19424	1.15984
ENSDARG00000018423	0.672789	1.10704	1.68736	0.402575	0.794533	1.44156	0.811882	1.10493	0.871969
ENSDARG00000018425	4.56575	3.97783	2.81521	1.28638	1.05402	1.16058	1.81591	1.01759	0.391446
ENSDARG00000018426	4.10904	6.6533	7.95939	1.53894	2.94409	3.44589	4.14633	1.20895	0.859271
ENSDARG00000018430	1.43336	0.791079	1.07351	0.482016	0.597404	1.07259	0.583961	0.316936	0.16027
ENSDARG00000018432	1.30857	2.13138	2.34652	1.0043	1.20392	0.790295	2.2714	0.624371	0.470522
ENSDARG00000018434	11.5643	16.5035	15.947	10.6471	12.233	15.0656	18.7349	15.1579	12.737
ENSDARG00000018461	10.8957	12.6325	15.4478	9.95496	10.5177	12.7127	35.3443	13.6401	4.44883
ENSDARG00000018476	8.09998	7.28969	6.30139	1.96577	2.30536	2.12206	5.21844	4.14626	1.67822
ENSDARG00000018491	9.28067	10.2842	9.12156	3.80199	4.91592	6.4579	8.28383	3.97559	1.50102
ENSDARG00000018492	2.72641	1.34785	1.35907	0.926699	0.833279	1.10795	1.76618	1.16467	0.700334
ENSDARG00000018494	0.795124	2.13636	0.935379	0.561003	0.538578	0.532232	1.19318	0.579088	0.773759
ENSDARG00000018508	0.852137	1.20152	1.44934	0.754681	0.651895	0.770847	1.5357	0.707646	0.409369
ENSDARG00000018516	1.3079	1.67756	2.43427	0.457134	0.990075	0.857053	0.881583	1.04091	0.405235
ENSDARG00000018524	26.6605	14.0592	8.36611	7.76715	5.30355	4.45828	12.1398	5.72155	2.86136
ENSDARG00000018542	2.97251	3.10754	2.20977	2.01171	1.25155	2.03826	4.03772	1.20662	0.246753
ENSDARG00000018559	3.61271	5.10318	3.85319	1.76481	2.49336	2.5636	3.35286	1.82007	1.04644
ENSDARG00000018562	2.71116	2.48875	3.4334	1.56189	0.637042	2.94435	3.74743	1.15857	0.629868
ENSDARG00000018566	0.522602	0.18593	0	0.18321	0.0634519	0	0.0106589	0	0.00825821
ENSDARG00000018574	4.9208	8.04742	6.46136	1.22331	2.38282	1.84302	5.51829	4.15545	3.13299
ENSDARG00000018600	0.670276	0.596191	0.570967	0.386476	0.315913	0.70793	0.782306	0.213202	0.240906
ENSDARG00000018602	8.24611	10.481	14.5741	3.47792	4.94107	4.35873	12.0053	6.84047	3.28252
ENSDARG00000018618	9.85592	14.9779	13.3952	7.06035	6.67444	8.58864	19.2272	8.28595	5.8833
ENSDARG00000018623	1.13676	1.047	1.13721	0.531226	0.664523	1.02825	1.15185	0.566261	0.460023
ENSDARG00000018637	28.6817	1.64188	1.19765	9.62716	0.729782	1.5381	0.523291	0.433768	0.756379
ENSDARG00000018681	0.939372	1.34068	0.705662	0.203207	0.357851	0.43261	0.463325	0.383059	0.315366
ENSDARG00000018691	0.615463	1.0415	1.10654	0.586664	0.481576	0.693154	1.39662	1.08402	0.375669
ENSDARG00000018693	8.34506	1.43445	0.494976	0.883636	0.161831	0.305083	0.57625	0.283325	0.320868
ENSDARG00000018698	5.11838	5.47439	5.62935	2.34713	2.77305	3.35579	8.34577	4.08113	2.07882
ENSDARG00000018722	1.00996	0.436755	1.15982	0.857605	0.689015	1.10194	0.844567	0.227239	0.321972
ENSDARG00000018738	2.3027	2.93117	1.24193	1.61983	1.58184	2.00023	2.95992	1.06355	0.717715
ENSDARG00000018742	9.81904	12.0936	11.9675	5.01875	6.41243	9.73161	10.2113	3.42259	2.34805
ENSDARG00000018745	1.43958	1.39533	1.44043	0.358353	0.503879	0.813481	0.655851	0.374254	0.144775
ENSDARG00000018757	0.715599	1.04217	0.741676	0.271992	0.0879359	0.0860695	1.16338	0.637092	0.0879641
ENSDARG00000018782	5.86774	5.86806	3.91509	2.17996	2.61808	2.93366	4.16506	2.66664	1.62914
ENSDARG00000018787	3.59234	0.708069	0.361346	1.4692	0.53641	0.180188	0.185342	0.18192	0.229652
ENSDARG00000018788	3.85298	3.45409	4.30596	1.3475	1.58774	1.97996	3.40493	1.76049	0.856365
ENSDARG00000018806	4.55903	5.69106	4.83628	2.04643	2.96528	2.95717	6.68405	3.27025	2.36598
ENSDARG00000018814	6.43961	10.5893	10.277	2.59543	3.89463	3.42728	6.21161	3.78029	2.51133
ENSDARG00000018825	1.09495	1.0853	0.551349	0.707722	1.29366	1.62268	3.41251	1.40913	1.03382
ENSDARG00000018840	19.5078	21.2404	19.4145	8.01054	7.28486	11.1619	13.5198	7.55146	3.90555
ENSDARG00000018847	1.11792	1.44731	1.11057	0.869885	0.736826	0.951063	0.962082	0.298914	0.31445
ENSDARG00000018853	9.92892	11.1531	8.72607	4.09366	4.93109	5.54737	10.9883	4.61573	3.14869
ENSDARG00000018854	4.2584	2.06913	1.52925	2.24871	2.59599	1.67111	2.24849	2.23037	1.52876
ENSDARG00000018871	1.76887	0.718232	1.49082	0.333005	0.314597	0.320867	1.11065	0.776107	0.074846
ENSDARG00000018882	1.17466	1.63058	1.77741	0.726032	0.766764	1.24988	1.52335	0.978041	0.366957
ENSDARG00000018889	11.0113	12.6401	12.0743	5.24766	6.70076	6.60871	15.7255	11.1989	6.72109
ENSDARG00000018890	5.33893	9.55986	5.25528	3.18197	4.25756	3.91761	5.58417	4.94734	1.31998
ENSDARG00000018891	1.64302	2.01957	0.915309	1.50617	1.23476	2.5254	2.44614	1.43061	0.597746
ENSDARG00000018898	22.7126	14.51	9.18182	7.96445	5.03166	4.86849	7.52971	4.92329	2.92435
ENSDARG00000018903	32.4869	30.6439	21.5777	4.46304	3.47368	3.7513	5.36015	3.72192	2.83021
ENSDARG00000018904	29.818	19.6946	13.6573	7.87736	6.80827	6.99639	9.76063	5.68756	2.43053
ENSDARG00000018907	6.13483	8.35187	6.47539	4.38822	5.95382	6.61179	11.3093	6.60429	4.09374
ENSDARG00000018914	36.9553	35.474	30.2052	10.8874	7.14255	7.5353	13.5435	7.48186	4.68636
ENSDARG00000018918	1.65775	1.99516	1.46892	0.808662	0.971845	0.972612	1.17926	0.531543	0.376156
ENSDARG00000018936	6.45954	7.11416	3.99914	2.73052	2.82731	2.91879	3.6304	1.6385	0.388802
ENSDARG00000018953	1.54176	2.23229	0.945302	1.17246	0.897323	0.710059	1.07063	0.485109	0.174397
ENSDARG00000018961	2.54962	2.04584	1.34682	1.22751	1.27068	1.53091	3.44	0.700413	0.489471
ENSDARG00000018968	6.22804	8.02465	7.4972	4.37686	4.51507	5.47628	7.42955	4.37931	3.51326
ENSDARG00000018973	0.902219	1.2158	0.72915	0.675842	1.29889	0.505787	2.19316	1.08664	0.292846
ENSDARG00000018976	7.70365	4.9106	8.11164	6.28339	4.7016	6.51589	6.10861	4.57105	1.73675
ENSDARG00000018985	23.6894	36.4504	32.9255	8.46325	8.44909	12.7085	15.7444	6.39513	4.3949
ENSDARG00000018989	6.13808	7.75227	7.08327	2.87615	4.41038	5.27509	5.41264	2.27991	1.59905
ENSDARG00000019000	9.78466	14.4562	14.4636	3.71761	6.35576	7.65272	11.4022	4.90289	3.28941
ENSDARG00000019004	6.65005	8.5931	5.08452	2.93081	3.15324	2.92163	6.52447	4.25092	1.82346
ENSDARG00000019008	6.48871	6.09158	6.22043	2.69046	2.78465	2.46202	4.27433	1.52765	1.3387
ENSDARG00000019033	2.90017	3.7832	3.79649	0.596897	0.397124	0.727004	0.583751	0.348857	0.18493
ENSDARG00000019038	1.17614	1.07953	0.796474	0.826798	0.716686	0.861589	1.33615	0.710533	0.444023
ENSDARG00000019045	567.903	511.63	233.948	152.667	106.333	95.3024	53.7125	35.0688	18.2531
ENSDARG00000019060	1.73903	0.898715	0.963986	0.383667	0.538867	0.518874	1.00174	0.327152	0.248483
ENSDARG00000019062	2.36999	2.85716	3.71229	0.827898	0.929825	1.14244	2.02458	0.826235	0.299414
ENSDARG00000019103	12.0521	12.9376	15.3624	11.2383	12.928	19.9312	11.2535	5.92118	4.15118
ENSDARG00000019113	4.01814	5.1199	3.52161	2.41313	3.29641	2.90539	5.7221	3.05198	2.18347
ENSDARG00000019128	1.00411	2.1358	1.24753	0.810165	0.782525	0.639522	0.609967	0.321034	0.526776
ENSDARG00000019137	6.67941	8.0159	6.97224	3.34058	4.65333	7.11775	7.51382	3.86972	1.75408
ENSDARG00000019156	5.29387	5.44992	4.5159	2.35677	2.10845	1.91554	4.11349	1.38245	1.00307
ENSDARG00000019160	7.6054	9.70106	8.57011	3.1714	3.93333	5.07858	4.27128	3.33449	1.78876
ENSDARG00000019181	25.9705	28.3325	21.4142	12.5913	8.4692	13.6901	5.11416	3.44615	2.83029
ENSDARG00000019188	14.9489	10.7931	9.88238	6.00682	6.22358	4.73763	5.82914	4.47338	2.85589
ENSDARG00000019191	1.13313	1.00906	0.897749	0.61903	0.790139	0.882458	1.5267	0.62387	0.317977
ENSDARG00000019195	14.6447	17.5649	13.3575	6.26028	6.5718	9.53738	22.711	13.7758	3.6143
ENSDARG00000019205	11.1229	10.7184	9.3189	4.27443	4.40079	4.83156	6.80385	3.51593	2.54602
ENSDARG00000019208	6.25145	8.78063	6.32736	3.87674	3.66004	4.03304	8.6787	6.07287	3.17008
ENSDARG00000019223	10.0359	7.7816	7.59091	3.07757	2.79411	2.39026	2.7658	2.2801	0.919463
ENSDARG00000019228	1.69235	1.72404	1.2131	0.835934	0.496399	0.190368	0.502328	0.323488	0.366963
ENSDARG00000019230	9.09158	6.45028	2.49887	3.67071	2.31811	0.966751	3.579	0.687414	0.659904
ENSDARG00000019231	12.5265	10.3445	6.91191	5.42957	5.16517	4.9848	2.981	4.26484	2.59737
ENSDARG00000019233	3.06641	4.13871	3.84657	1.43787	1.35766	1.01254	1.36941	0.759978	0.354099
ENSDARG00000019235	0.313355	0.333745	0.0831994	0.10712	0.142206	0.0815908	0.285129	0.16865	0.0861291
ENSDARG00000019239	3.67709	6.10775	4.66954	2.18331	2.65654	2.24865	6.04472	2.59131	1.78978
ENSDARG00000019250	1.51822	1.41559	0.957323	1.06993	0.84183	1.02436	2.39122	0.620508	0.433619
ENSDARG00000019258	4.38577	4.92548	4.47764	1.60507	2.14301	1.99297	3.98046	1.845	0.92782
ENSDARG00000019265	1.48155	2.15657	2.29209	0.687949	0.895483	1.14723	2.51448	1.91557	1.11933
ENSDARG00000019280	1.6216	1.57379	1.79244	0.629226	0.757409	0.551748	1.46899	0.485551	0.298272
ENSDARG00000019293	10.2748	15.2645	16.1675	4.14364	7.06321	4.98932	6.95067	3.82174	2.76877
ENSDARG00000019299	2.50736	3.25872	2.70971	1.32407	1.49938	1.98907	4.83248	3.34342	1.69715
ENSDARG00000019300	1.08698	2.2675	1.1475	0.41488	0.569729	0.618605	1.40193	0.365278	0.481688
ENSDARG00000019301	1.38802	2.14819	1.16749	1.77751	1.74926	2.44545	5.00114	2.32143	2.70635
ENSDARG00000019302	0.769632	0.311596	0.0408292	0.307976	0.122744	0.306031	0.179831	0.153037	0
ENSDARG00000019311	2.5223	3.16457	3.9735	1.40197	1.88956	2.16801	3.47998	2.23818	1.94256
ENSDARG00000019326	2.66401	3.60449	3.13391	0.490168	1.05186	0.882125	1.17901	0.605742	0.094415
ENSDARG00000019335	9.56507	1.80928	0.488345	0.426574	0.204089	0.101236	0	0.19247	0.235891
ENSDARG00000019345	5.72382	5.58121	4.99733	2.73579	2.92372	4.40637	6.48825	4.07585	1.69065
ENSDARG00000019360	3.59272	4.57074	5.21135	2.04946	4.28007	2.27617	12.0533	11.259	4.64691
ENSDARG00000019362	13.0067	3.20812	0.347394	2.28623	0.649119	0.15457	0.136417	0.144648	0.153759
ENSDARG00000019364	2.05138	0.758038	1.51275	0.732825	0.786905	1.40356	1.19527	0.447697	0.0690743
ENSDARG00000019383	2.63936	4.33647	4.05603	1.78515	2.40531	2.06786	3.98336	2.85429	1.55494
ENSDARG00000019398	5.84303	5.78658	5.23559	1.45122	0.666955	1.63272	3.71205	0.785655	0.714956
ENSDARG00000019405	0.503456	0.411885	0.29941	0.286149	0.225727	0.220473	0.543736	0.122953	0.148353
ENSDARG00000019406	1.89171	1.16962	1.14773	0.949674	1.05262	1.29539	2.14379	0.523411	1.45168
ENSDARG00000019417	10.2625	5.48485	0	2.6135	1.04969	0.0985027	0	0	0
ENSDARG00000019426	1.5268	1.86639	1.94433	1.20992	1.19715	1.23268	3.73087	2.03318	1.5299
ENSDARG00000019442	1.37154	1.52731	2.25721	0.568007	1.03198	0.750039	1.03818	1.21396	0.477201
ENSDARG00000019444	1.34294	3.36932	1.96943	2.37763	2.81058	1.77721	2.49179	0.849711	0.441326
ENSDARG00000019459	0.723168	0.964389	0.550504	0.214678	0.0803607	0.203371	0.620501	0.134691	0.0307887
ENSDARG00000019478	8.64504	8.45093	8.50808	4.94028	4.82817	4.73814	5.89336	2.68428	1.54343
ENSDARG00000019484	1.06444	0.781909	0.748764	0.768492	0.258174	0.924517	1.38205	0.508283	0.542176
ENSDARG00000019487	2.93259	2.34452	1.69795	1.59025	1.50886	2.12649	2.22611	0.987591	0.685879
ENSDARG00000019489	15.3024	16.4895	11.5967	5.01096	5.46725	7.52762	5.05847	2.44974	1.44275
ENSDARG00000019496	1.36628	2.97394	2.95676	1.71754	1.35324	1.41758	1.57014	1.15692	0.673089
ENSDARG00000019498	1.56422	0.35501	0.82054	0.375891	0.079362	0.039865	0.56813	0.147176	0.171011
ENSDARG00000019501	15.556	14.7082	12.3637	5.91418	5.5148	6.0999	15.4194	9.92064	6.15247
ENSDARG00000019507	9.61942	8.047	6.7104	5.45544	3.81412	4.2328	5.93073	2.91452	1.97538
ENSDARG00000019529	2.73927	3.46838	4.09356	1.16703	1.44345	2.10553	2.22511	0.90487	0.385061
ENSDARG00000019530	4.5968	6.32436	4.70875	3.10064	3.50261	4.31783	11.5916	4.58679	2.44682
ENSDARG00000019547	2.46632	1.78362	0.550469	0.724168	1.06049	0.193467	0.954092	0.834273	0.889599
ENSDARG00000019556	1.56296	1.90249	1.55731	0.834347	1.1529	2.04753	3.72529	1.88027	2.15464
ENSDARG00000019579	0.937347	2.9558	2.21817	0.911945	1.33404	1.28597	3.57415	2.5182	0.89035
ENSDARG00000019581	2.44012	3.31653	1.85273	0.76252	2.12288	1.82927	2.16867	1.35268	0.997717
ENSDARG00000019588	0.695699	0.372898	0.51357	0.899144	0.555197	1.55958	2.15689	1.04846	0.579295
ENSDARG00000019596	3.72451	6.86216	5.55338	1.3973	1.54323	3.38516	2.52596	2.42844	1.17569
ENSDARG00000019613	1.39367	0.186743	0.0381412	0.387588	0.118865	0.121879	0.197988	0.0761676	0
ENSDARG00000019614	9.09249	10.334	9.71589	4.85499	7.19766	7.16095	5.81981	3.71869	2.20046
ENSDARG00000019636	5.213	7.92867	7.41763	2.83676	2.38901	2.98635	1.40917	0.611194	0.70271
ENSDARG00000019644	110.337	105.444	105.517	13.6315	13.4123	18.645	23.2138	10.6631	9.11589
ENSDARG00000019649	9.97744	13.6868	14.3767	2.38306	3.35839	5.25457	8.08889	3.23782	1.45857
ENSDARG00000019659	19.0631	4.01341	0.0568517	10.0282	0.993621	0.207403	0	0.154897	0
ENSDARG00000019693	0.506794	0.488071	0.304078	0.275501	0.197451	0.21793	0.941819	0.759116	0.336731
ENSDARG00000019699	18.9685	24.7713	23.1665	6.51846	7.59126	7.59974	12.805	6.49275	3.7112
ENSDARG00000019702	1.82891	2.40683	0.535242	0.635009	0.818168	1.31962	1.01868	0.485847	0.182677
ENSDARG00000019707	3.04777	1.18632	1.14821	0.680187	0.791827	0.748673	2.29514	0.823091	0.109544
ENSDARG00000019717	1.06334	1.59758	0.435857	0.263111	0.559162	0.714267	0.601928	0.402365	0.562688
ENSDARG00000019728	6.60392	3.37071	4.62084	3.36326	1.63205	1.68548	3.40792	1.84055	1.38886
ENSDARG00000019732	15.1372	16.9046	17.8167	4.48037	4.73853	7.61294	8.23652	3.42852	1.78322
ENSDARG00000019743	1.03996	1.71242	1.39795	0.711586	0.921674	0.652282	1.6153	1.17105	0.628904
ENSDARG00000019746	3.46068	4.81774	4.78758	1.90535	3.15577	3.87436	6.13846	2.94653	2.33792
ENSDARG00000019747	6.0106	1.67107	1.10173	3.61304	1.03728	1.53291	2.1784	1.47746	1.47168
ENSDARG00000019763	30.8559	46.9971	46.7401	26.8228	35.4386	40.5017	53.6259	29.0373	21.8666
ENSDARG00000019765	17.5968	13.8109	7.9724	15.0524	11.3349	10.3348	7.6621	3.83976	2.70075
ENSDARG00000019774	3.43684	3.81673	3.47333	1.46255	1.87016	1.17588	2.30201	0.988932	0.552098
ENSDARG00000019778	3.88892	1.28353	3.00859	0.492093	1.31074	0.593555	1.32417	1.45838	0.700778
ENSDARG00000019791	1.05227	0.574387	1.38776	0.693608	0.771743	0.829219	2.40123	0.331112	0.0875649
ENSDARG00000019797	8.13771	11.2912	11.9801	5.06838	6.1266	7.0106	11.2098	6.42197	2.74448
ENSDARG00000019800	0.063725	0.120618	0.141174	0.0974229	0.163442	0.110484	0.312532	0.10507	0.0522879
ENSDARG00000019810	43.8145	26.0244	15.9001	15.6423	11.8894	10.2066	14.7973	7.6764	3.69229
ENSDARG00000019815	2.17156	3.13317	2.06489	1.20985	2.03876	2.21344	3.36588	2.06854	1.53421
ENSDARG00000019834	2.19735	2.67431	2.18299	0.96709	1.26897	1.44097	1.3493	0.619421	0.471018
ENSDARG00000019838	0.868287	0.720657	0.772459	1.02894	0.847925	1.02971	1.35896	0.949345	0.768637
ENSDARG00000019842	14.9869	15.6204	13.0857	6.88994	7.65379	7.61418	16.6793	9.80912	7.74105
ENSDARG00000019881	18.4051	24.1989	24.3331	3.37676	4.51276	6.76808	11.3689	4.9656	1.58574
ENSDARG00000019897	1.86633	2.2629	0.882124	0.767506	0.376192	0.435609	1.28456	0.390624	0.398209
ENSDARG00000019920	20.3744	12.005	0.0796204	3.44199	1.69603	0.370891	0	0	0
ENSDARG00000019924	12.8619	14.9721	16.2819	7.08193	9.42787	12.2212	9.9244	6.40603	4.3974
ENSDARG00000019950	2.35065	0.309161	0.94382	0.20001	0.245793	0.283752	0.481458	0.445442	0.192698
ENSDARG00000019951	8.15671	4.16844	8.07339	1.47275	2.37414	2.76443	2.81198	1.80524	1.0526
ENSDARG00000019962	20.4201	12.3235	3.7823	7.59332	4.76704	2.62825	3.84658	1.57761	1.39163
ENSDARG00000019963	15.5359	10.1937	3.20362	6.35292	3.56894	3.68981	3.08004	2.45305	1.94966
ENSDARG00000019969	0.932252	0	0.0533888	0.10369	0.0489756	0	0.252918	0.358703	0.0428412
ENSDARG00000019973	2.0081	2.751	3.04724	1.51239	1.79576	2.30849	1.99205	1.22893	0.645183
ENSDARG00000019976	0.380125	0.464987	0.311309	0.297147	0.249639	0.224397	0.774107	0.238874	0.0860973
ENSDARG00000019998	13.835	15.236	12.7954	3.07338	4.52185	4.92527	7.60151	3.07795	1.82988
ENSDARG00000020008	15.8586	15.617	14.9924	9.38975	11.6102	6.9927	10.2714	5.26344	1.3929
ENSDARG00000020009	3.98856	5.13959	5.41078	2.97412	2.93025	4.45452	8.7893	5.44369	2.8725
ENSDARG00000020039	3.40553	2.46902	1.28577	1.18357	0.868671	1.21113	0.716654	0.416539	0.558029
ENSDARG00000020041	0.555899	1.19776	1.39784	0.471028	0.554949	0.567685	1.28822	0.538141	0.397227
ENSDARG00000020043	34.4932	49.6506	48.4518	7.18031	8.16241	11.2064	9.31251	4.23257	2.47431
ENSDARG00000020048	5.74756	6.55763	3.43493	2.48279	1.79978	2.1764	4.03775	1.41004	1.35941
ENSDARG00000020076	25.8808	23.6235	14.6635	10.7438	10.3029	9.24518	25.1338	11.3055	5.43928
ENSDARG00000020077	0.873833	1.2883	0.695809	0.388647	0.472652	0.683546	1.19128	0.913096	0.586279
ENSDARG00000020079	2.48751	3.43217	2.69096	1.41677	2.20111	2.07243	3.38028	1.91824	1.03825
ENSDARG00000020080	1.71128	2.46083	2.58636	0.343186	0.870294	1.11706	1.4656	1.95768	1.10722
ENSDARG00000020084	0.148687	0.225992	0.178137	0.161395	0.134643	0.205653	0.362608	0.121297	0
ENSDARG00000020101	3.72834	2.64333	1.2605	1.00463	1.12532	1.5739	3.02471	0.866812	0.674144
ENSDARG00000020103	4.37871	5.95065	4.46249	3.38426	4.62506	5.14812	17.2538	5.98018	4.44647
ENSDARG00000020123	6.52186	7.68184	8.74186	3.1636	4.38794	5.2385	6.79516	2.88407	1.92805
ENSDARG00000020131	12.6521	10.3492	13.6603	6.97071	9.69907	8.36171	13.4126	6.6882	5.14786
ENSDARG00000020134	9.48799	11.0113	10.0631	4.01425	5.29559	5.84112	12.6814	7.53307	4.11542
ENSDARG00000020145	2.22552	3.0412	3.47189	1.25864	1.59766	2.39735	2.7761	0.939226	0.498581
ENSDARG00000020153	12.663	9.35867	18.0091	4.52502	4.85573	5.57727	7.11023	4.28252	2.84891
ENSDARG00000020178	2.08822	1.01337	0.770883	0.224501	0.508154	0.284142	1.14642	0.672284	0.403896
ENSDARG00000020191	0.0906814	0.19605	0.269523	0.169457	0.162419	0.418962	0.58495	0.260941	0.0793045
ENSDARG00000020192	19.2162	17.482	22.4432	8.33732	8.12237	9.0286	16.0266	6.85412	3.82631
ENSDARG00000020197	3.04496	2.73933	1.12034	1.61646	1.52083	2.06783	2.11934	0.472143	0.907654
ENSDARG00000020201	2.27365	3.56937	3.89252	2.68048	4.10036	4.09325	5.6471	3.06927	1.48282
ENSDARG00000020204	1.29725	1.73763	1.65465	1.12704	1.11361	1.14759	0.670646	0.783287	0.470382
ENSDARG00000020217	4.18236	3.31255	2.95909	1.2863	1.86321	2.34597	4.23808	1.56629	1.22058
ENSDARG00000020218	3.51276	3.91801	3.06552	1.26157	1.40839	1.79982	1.55162	0.914927	0.677907
ENSDARG00000020219	6.74299	1.20928	0.0578345	1.61546	0.242415	0.0298264	0.0314593	0	0.0250714
ENSDARG00000020228	16.6091	20.0316	18.8847	13.3339	15.4691	16.4961	30.2414	17.6524	13.4495
ENSDARG00000020232	12.9273	13.9265	10.3268	2.72493	3.40032	3.40483	4.60271	2.40729	1.23624
ENSDARG00000020235	14.1882	23.7987	16.5591	6.04898	7.65067	7.93563	18.4016	10.5006	4.82425
ENSDARG00000020236	1.73949	2.97084	2.52947	0.633281	0.984727	1.05624	1.92318	1.58469	0.986399
ENSDARG00000020241	1.59874	1.55752	1.54781	0.592209	0.771254	1.15763	1.34833	0.67905	0.129702
ENSDARG00000020242	2.93574	5.0714	4.11138	1.02807	2.50583	1.18889	3.66139	1.50095	1.82963
ENSDARG00000020252	6.81039	13.5618	13.4895	1.99928	2.39116	3.76581	7.44717	4.19565	3.46428
ENSDARG00000020258	5.05431	4.80122	2.93683	0.939757	1.19126	1.33965	1.54841	1.15125	1.207
ENSDARG00000020261	6.057	7.0847	5.57931	2.04461	2.28312	2.43759	8.44078	3.25802	1.39305
ENSDARG00000020270	1.81081	1.52869	0.578088	1.45571	1.00912	0.635394	1.44134	1.13099	0.507645
ENSDARG00000020278	0.902599	1.8595	1.46216	0.964688	0.863326	0.89412	2.4888	1.69521	0.499878
ENSDARG00000020289	9.39945	10.0947	12.4718	5.71593	8.07895	6.90468	5.54452	3.30403	2.33066
ENSDARG00000020298	13.4053	13.2292	9.70717	5.04456	5.15338	5.04918	9.70572	5.63058	3.86255
ENSDARG00000020301	3.34487	4.11092	2.89523	1.13274	1.42089	2.17061	2.41669	1.25623	0.494031
ENSDARG00000020311	15.5405	18.8818	20.5638	7.9981	9.30071	11.7499	18.384	6.66883	4.18116
ENSDARG00000020323	50.6498	65.4977	65.0455	56.4974	77.6319	84.6523	149.902	97.9596	58.1675
ENSDARG00000020328	0.637043	0.695165	0.474012	0.389763	0.463322	0.401321	0.614917	0.494689	0.250801
ENSDARG00000020334	3.68442	3.76223	3.66572	1.50122	2.48615	2.14522	3.98489	2.4189	1.43307
ENSDARG00000020345	4.60966	6.39951	5.94135	2.63685	3.99118	3.84919	5.7946	3.86967	3.13997
ENSDARG00000020354	7.35992	8.43528	5.2838	4.95206	4.45034	4.46438	5.14677	3.48093	2.00268
ENSDARG00000020373	2.08316	2.06533	2.25695	0.850287	1.6638	1.83325	2.6202	1.82108	1.01824
ENSDARG00000020377	10.8645	13.8753	11.0465	4.48287	6.21675	6.09496	17.1918	7.94175	5.9554
ENSDARG00000020395	0.866329	1.18868	1.18205	0.834894	0.917868	1.26612	1.78742	1.75223	0.957837
ENSDARG00000020397	8.81973	5.69716	4.72982	6.8768	5.17228	6.01184	10.377	5.00487	4.03296
ENSDARG00000020405	5.78365	5.21546	6.51345	3.77214	3.8018	7.21723	7.3978	3.49181	1.30925
ENSDARG00000020435	3.92223	5.04403	5.45121	2.67804	3.28449	5.32873	6.06404	1.91304	1.40535
ENSDARG00000020442	3.01525	3.80229	2.12525	2.18318	1.21744	2.26784	2.39197	1.32624	0.818087
ENSDARG00000020448	0.775004	0.303905	1.2312	0.245358	0.0796463	0.813356	1.41497	1.03428	0.119584
ENSDARG00000020449	2.35985	1.65986	2.19068	0.473873	0.499263	0.74881	0.357999	0.19188	0.0460004
ENSDARG00000020454	3.6158	4.04377	2.82178	0.932816	1.20222	1.97597	1.85653	0.817351	0.170122
ENSDARG00000020465	90.3336	62.9591	59.6749	16.8674	12.3576	14.5616	42.9583	18.9961	14.3949
ENSDARG00000020467	51.3956	38.8416	28.6468	13.979	13.7558	11.1277	12.094	8.82846	4.42923
ENSDARG00000020469	12.9802	19.3481	13.3349	5.59141	6.08336	8.27571	24.0157	10.0344	7.68381
ENSDARG00000020482	19.827	20.9316	27.274	8.62599	7.19711	10.8801	17.7954	8.59459	6.57711
ENSDARG00000020488	5.71924	7.36642	4.30629	2.29402	1.68069	2.02076	8.11496	5.78593	3.93909
ENSDARG00000020493	4.4723	6.01403	3.52554	0.75364	1.12403	1.09296	1.52776	1.08922	0.729193
ENSDARG00000020494	8.86163	6.36224	6.94472	4.12653	3.56449	3.55343	3.74484	2.34415	0.499268
ENSDARG00000020497	8.96412	11.3816	19.0325	3.14568	5.35129	6.11404	14.6528	5.75769	4.69945
ENSDARG00000020504	355.493	121.893	49.6201	114.409	30.1576	20.2314	12.0734	5.34355	2.55355
ENSDARG00000020527	10.3617	11.8114	7.1993	2.10603	2.92915	2.74373	4.28967	2.49989	2.17672
ENSDARG00000020544	0.503487	0.267759	0.367886	0.0944364	0.267448	0.414942	0.859173	0.156101	0.0712635
ENSDARG00000020573	7.94535	8.3616	8.12845	3.47784	4.36679	4.41556	7.55862	3.1551	2.57445
ENSDARG00000020595	0.631593	0.136803	0.61592	0.345313	0.42922	0.383586	0.967684	0.193185	0.269758
ENSDARG00000020596	1.71977	2.26076	1.00763	0.867337	0.497903	0.306054	0.209038	0.222059	0.0675607
ENSDARG00000020606	46.633	24.215	2.33164	10.9769	5.18571	0.637648	0.12342	0.189785	0.468484
ENSDARG00000020607	1.24207	0.759769	1.24758	0.526116	0.461087	0.240622	0.807191	0.213471	0.226697
ENSDARG00000020608	4.05236	3.23119	3.59436	1.13759	2.21553	2.47937	3.55092	1.49883	1.52503
ENSDARG00000020611	2.84876	8.07179	5.36851	1.50422	3.32527	3.61295	3.25438	1.49061	1.25653
ENSDARG00000020618	1.04797	1.33583	0.878261	1.14888	0.89685	0.786459	1.27707	0.511452	0.568943
ENSDARG00000020621	12.7635	14.6867	12.7024	4.37817	5.04422	5.51809	11.1799	5.79386	2.75826
ENSDARG00000020623	3.07627	4.28606	2.92137	1.44369	1.2555	1.90492	1.17898	0.637438	0.425879
ENSDARG00000020625	2.47389	2.9986	3.06493	1.57511	2.34193	2.26018	5.62647	2.10524	0.919894
ENSDARG00000020642	0.512794	0.944657	0.768645	0.81633	0.960388	0.74158	2.01011	1.28686	0.954821
ENSDARG00000020645	1.00236	0.746576	0.310896	0.352123	0.239877	0.417463	0.439356	0.528141	0.200841
ENSDARG00000020656	0.652234	1.16023	0.943216	0.45844	0.614397	0.44325	0.437587	0.514998	0.166596
ENSDARG00000020671	1.22047	1.51255	1.10288	0.795805	1.17599	0.794291	1.65209	1.19495	0.627867
ENSDARG00000020676	3.35806	4.87982	4.83369	0.987267	1.55747	1.32417	2.81654	1.36247	0.888115
ENSDARG00000020693	3.40248	1.41701	0.845334	0.728429	0.519349	0.552632	0.626424	0.276108	0.14696
ENSDARG00000020699	2.84508	1.44667	3.83478	0.677563	0.506737	1.2563	1.05704	1.18868	0.648692
ENSDARG00000020711	17.662	10.2678	13.318	8.16374	5.66657	7.88442	9.11057	4.57614	1.39964
ENSDARG00000020730	8.48405	6.24006	6.49168	7.658	6.14496	3.915	8.90099	6.15204	1.10761
ENSDARG00000020749	122.317	174.157	126.246	20.3264	27.6086	29.9745	71.0039	33.6117	17.2613
ENSDARG00000020759	0.501904	0.665522	0.475163	0.315271	0.253374	0.396122	1.15918	0.549547	0.279396
ENSDARG00000020761	2.50908	1.21688	0.0495612	0.63455	0.383704	0	0.225376	0	0
ENSDARG00000020764	30.1134	28.1594	19.6334	8.8015	8.64032	8.55053	8.30045	6.0442	2.50594
ENSDARG00000020771	2.49251	0.494694	2.00979	0.0967849	0.43444	0.181767	0.687291	0.45214	0.645182
ENSDARG00000020777	0.746851	0.916211	1.5627	0.377685	1.03341	0.992547	1.4374	1.28351	0.558825
ENSDARG00000020781	0.771483	0.674326	0.60912	0.271454	0.397356	0.217472	0.205283	0.092796	0.238824
ENSDARG00000020798	1.93165	0.482471	0.944568	0.847895	0.670639	0.526515	1.14799	1.16237	0.233272
ENSDARG00000020820	3.96796	3.1571	4.73836	1.14504	2.6612	2.58149	3.05996	1.60834	1.40707
ENSDARG00000020834	65.8129	57.6266	23.9239	16.0039	11.2363	14.2366	6.86818	3.64955	4.73487
ENSDARG00000020838	0.662322	1.32593	1.305	0.69741	1.43776	1.02363	3.88616	1.25161	1.54273
ENSDARG00000020840	6.77293	7.35364	5.42953	2.5438	1.43179	3.68393	4.76657	1.1508	1.00211
ENSDARG00000020841	12.2591	12.4261	10.505	4.57357	5.51088	6.92357	3.71009	1.7264	1.17269
ENSDARG00000020845	2.41787	3.48316	2.93696	0.668229	0.906989	0.586923	2.22384	1.27094	0.369001
ENSDARG00000020847	2.62133	1.97083	2.48034	1.59262	1.65351	2.00182	3.04386	1.20894	1.16852
ENSDARG00000020850	320.261	87.555	49.2796	84.7589	19.8577	13.479	32.6401	18.014	11.9012
ENSDARG00000020857	1.13521	1.02718	0.730786	0.373442	0.554121	0.643829	1.36748	0.286362	0.363315
ENSDARG00000020871	1.45835	1.4075	0.776111	0.422183	0.732666	0.979569	3.25599	0.866265	0.36327
ENSDARG00000020872	5.04299	5.45894	4.75934	2.05084	2.28703	2.17656	5.42534	3.52325	1.88738
ENSDARG00000020884	0.796504	0.611795	0.956302	0.477724	0.50941	0.647673	2.18124	1.49524	0.807722
ENSDARG00000020891	1.50644	4.62952	1.59336	0.913497	2.21379	2.23067	3.13821	2.69448	0.887625
ENSDARG00000020893	68.8129	22.516	0.172557	25.9953	5.17887	0.362568	0	0.171987	0.631257
ENSDARG00000020895	1.64187	1.83737	1.29156	0.36408	0.0861364	0.352064	0.392687	0.195792	0.173829
ENSDARG00000020898	1.69728	1.90826	1.11983	0.639132	0.476757	0.787428	0.831792	0.336902	0.188127
ENSDARG00000020913	7.72322	7.38111	4.69064	2.48417	2.51879	3.99589	5.23823	2.1914	0.889249
ENSDARG00000020926	1.05472	1.30548	1.3032	0.895482	0.997462	1.24245	1.35759	0.593462	0.326487
ENSDARG00000020948	1.63962	1.22612	2.09557	0.931191	0.7184	1.06366	0.958417	0.392324	0.431455
ENSDARG00000020953	1.64916	0.54668	1.2936	0.947085	0.794916	1.30682	3.43691	1.29395	0.761655
ENSDARG00000020964	0.592132	0.932043	0.486644	0.653498	0.650253	0.9047	0.672085	0.511808	0.373449
ENSDARG00000020978	1.65164	1.63066	2.10606	1.2235	2.08544	1.74541	2.98055	1.30436	1.9354
ENSDARG00000020979	2.40354	3.77794	4.95837	1.31583	1.51405	2.1524	3.73854	2.45359	0.819009
ENSDARG00000020982	1.2653	1.48051	1.15102	0.488109	0.698936	0.823693	1.64318	1.39412	1.03068
ENSDARG00000020986	2.85704	2.95475	3.22084	1.50587	1.34883	2.52914	3.04137	1.78047	1.26409
ENSDARG00000020994	0.594853	0.435177	0.541412	0.219432	0.385222	0.257676	1.38651	0.468076	0.296961
ENSDARG00000021021	2.71381	2.82399	2.82293	2.18007	2.00593	2.65688	4.8249	1.59229	1.05182
ENSDARG00000021022	1.66537	1.21723	0.624036	0.835819	0.499736	0.523784	0.812301	0.625356	0.371145
ENSDARG00000021032	2.56115	2.13839	0	0.000229465	0.00024021	0	0	0	0.000208289
ENSDARG00000021033	0.438052	0.234023	1.13613	0.346481	0.330769	0.440175	1.08342	0.727327	0.530459
ENSDARG00000021046	1.45503	1.08214	1.47993	0.429686	0.546879	0.970883	0.898119	0.615257	0.355227
ENSDARG00000021047	3.92678	4.90598	5.57305	3.40782	3.60184	4.15073	4.42743	2.80093	1.03194
ENSDARG00000021048	3.60138	4.75148	5.29966	1.76946	2.03167	1.84369	2.19288	0.844702	0.562354
ENSDARG00000021059	14.528	7.99911	5.18943	4.32073	2.65949	3.0214	4.84999	6.47382	5.14234
ENSDARG00000021082	1.83255	1.50461	1.15718	0.970073	0.862927	1.00612	1.90926	1.73856	0.763135
ENSDARG00000021086	3.1328	3.09781	2.05366	1.21183	1.66503	1.29778	3.53863	2.15772	1.07572
ENSDARG00000021097	1.66751	1.42703	1.33919	0.309095	0.42308	0.770938	0.898568	0.338668	0.246521
ENSDARG00000021107	5.32498	8.98016	10.284	1.61406	2.79772	2.45658	4.06173	2.16458	1.75178
ENSDARG00000021110	3.24225	4.29775	3.636	0.892831	1.29667	2.10952	3.32563	1.4616	0.315532
ENSDARG00000021112	1.05964	2.06635	1.56315	0.452659	0.592085	0.899597	2.74297	0	0.221172
ENSDARG00000021113	3.7699	1.42891	0.646104	1.10715	0.201079	0.658923	0.137046	0.0730269	0.0653291
ENSDARG00000021120	7.93936	9.35638	7.67987	3.66255	4.34724	6.51202	7.93913	2.55101	1.38643
ENSDARG00000021124	17.3986	21.6943	17.7771	7.70705	8.46261	10.0228	20.8198	7.62218	2.78809
ENSDARG00000021141	1.58352	2.3614	2.05956	1.22773	1.85998	2.47276	4.60282	2.5773	2.73532
ENSDARG00000021177	0.775072	1.87862	1.32055	1.23305	0.737454	1.27918	4.97339	2.10045	2.00188
ENSDARG00000021201	42.9273	11.7619	0.18898	13.7821	2.40571	0.250595	0	0	0.117706
ENSDARG00000021209	1.43277	2.65247	1.44874	0.703098	1.99458	1.70251	3.9843	1.11048	0.889589
ENSDARG00000021220	2.91059	6.39562	6.7221	2.22559	2.77287	4.84134	3.77684	2.37561	1.14777
ENSDARG00000021225	4.7844	4.6925	5.49649	2.9449	3.04098	3.31948	7.32243	3.15782	2.63411
ENSDARG00000021239	9.38489	12.4537	11.2176	3.01605	3.08954	3.14469	3.61249	2.31126	1.65425
ENSDARG00000021242	0.898076	0.683595	0.916591	0.537971	0.535163	0.45879	0.679633	0.493102	0.31343
ENSDARG00000021252	16.0721	15.339	18.9214	9.55285	10.0969	14.7467	6.89378	5.82243	5.01179
ENSDARG00000021257	7.08994	9.77142	3.34494	1.27362	0.83663	1.40879	2.27982	0.87906	0.292254
ENSDARG00000021288	11.511	11.2816	12.5553	7.30252	9.01585	10.8872	14.6605	6.65651	7.60715
ENSDARG00000021309	5.82454	4.64839	3.62902	2.00147	2.41113	2.54365	5.01604	2.4545	1.01576
ENSDARG00000021318	1.95146	3.5026	1.85421	0.210376	0.73132	0.956105	0.648864	0.5888	0.106962
ENSDARG00000021324	1.07939	2.07141	2.14614	0.426387	1.2492	0.469472	0.775333	0.208423	0.260013
ENSDARG00000021343	4.60095	4.49862	3.43752	2.45846	1.20452	2.25665	4.44526	2.66108	1.47083
ENSDARG00000021346	2.67426	0.949137	1.24288	0.682457	0.50305	0.43131	0.582306	0.810669	0.544818
ENSDARG00000021372	12.5946	9.96296	6.21163	2.18985	2.07303	2.0857	3.29896	1.95714	1.0504
ENSDARG00000021374	2.34254	2.24523	2.01323	1.32574	1.33363	1.92318	2.35814	1.1492	0.768695
ENSDARG00000021377	4.96	6.3756	5.39255	2.37062	2.64615	3.87597	9.1067	4.21296	1.85531
ENSDARG00000021378	3.53078	2.38928	2.29665	0.847608	1.43958	1.51676	4.57391	3.48906	1.92173
ENSDARG00000021380	0.828355	1.04185	0.561459	0.323481	0.724903	0.395909	1.19816	0.827917	0.735949
ENSDARG00000021389	1.40919	1.89393	1.89881	0.568039	1.02172	0.802814	1.19465	0.899607	0.625131
ENSDARG00000021398	0.691169	0.560689	0.532229	0.301475	0.173703	0.391636	0.352788	0.126091	0.112004
ENSDARG00000021402	3.91211	4.74333	4.18419	2.18459	2.94928	3.75191	4.46283	2.27776	1.18202
ENSDARG00000021404	2.34102	1.02971	1.17187	1.47549	0.74087	2.02003	3.18983	1.11278	0.545733
ENSDARG00000021408	0.95013	1.00633	0.949278	0.444168	0.42861	0.472575	1.82737	0.493715	0.0696274
ENSDARG00000021433	0.709735	1.10373	0.719317	0.820347	1.04856	0.616672	1.59586	0.525143	0
ENSDARG00000021439	12.1693	12.5645	12.5196	3.94895	5.00249	5.57082	12.1546	7.58792	3.24749
ENSDARG00000021455	3.44377	3.35638	4.52231	1.19299	1.59986	1.32286	2.81629	1.22671	2.15261
ENSDARG00000021466	2.54709	4.55251	3.14062	1.34529	2.01986	2.10019	3.19053	2.32514	1.41634
ENSDARG00000021483	5.16668	6.35363	6.07411	4.27768	5.25505	6.43688	7.64078	5.8101	2.1538
ENSDARG00000021509	32.8957	32.7563	25.2859	14.5041	14.8556	14.1712	36.4109	27.6401	17.6768
ENSDARG00000021521	11.7402	11.2872	9.95239	6.18976	5.90524	8.99726	7.26027	3.35174	2.87013
ENSDARG00000021539	3.77554	3.64776	3.4283	2.05434	2.25071	2.42778	4.5631	2.3304	1.71726
ENSDARG00000021550	16.6704	19.8402	16.4416	4.3624	2.92945	3.36872	4.91662	2.92677	1.86564
ENSDARG00000021556	79.8964	83.9743	70.6212	35.1387	35.3095	35.8791	56.7806	36.7914	19.6148
ENSDARG00000021557	5.96303	6.93052	6.78678	8.99687	9.47084	11.7935	10.5628	5.57214	5.06023
ENSDARG00000021569	6.32637	7.3043	7.53593	6.10489	6.41675	8.45399	13.4772	5.34951	3.36088
ENSDARG00000021584	1.09081	1.84952	1.89706	0.34877	0.475358	0.454376	0.369443	0.37467	0.0811669
ENSDARG00000021607	0.654582	0.441411	0.65545	0.455394	0.60743	0.483286	0.577356	0.468931	0.228328
ENSDARG00000021611	11.6182	36.16320	28.37950	4.9913	7.37181	6.33462	21.10153	24.61290	6.67653
ENSDARG00000021669	13.9785	13.7911	11.6646	8.91796	10.0646	14.4314	20.4933	7.54905	5.93684
ENSDARG00000021681	2.0559	1.07657	2.75038	0.879355	1.20836	1.93773	1.15488	0.604674	0.30042
ENSDARG00000021702	2.08434	2.13464	2.3912	1.53364	0.975246	1.88346	2.1763	1.0993	0.508242
ENSDARG00000021720	0.276114	0.65599	0.726978	0.0209936	0.0373406	0.0192927	0.0755268	0	0
ENSDARG00000021739	1.95619	1.46333	1.53198	1.07224	0.967312	1.01845	0.857748	0.380068	0.352923
ENSDARG00000021787	0.955083	1.13346	1.08066	0.298174	0.738299	1.06777	0.986013	0.512406	0.533461
ENSDARG00000021794	28.2581	36.7204	29.7435	10.6786	12.5517	14.9878	24.5009	14.11	5.95856
ENSDARG00000021805	10.7319	8.42819	7.40189	0.703119	1.13553	1.44208	4.23376	2.25245	1.07495
ENSDARG00000021806	12.6921	17.6269	15.7527	4.22229	4.6774	5.01717	16.9481	10.3753	5.61813
ENSDARG00000021808	6.69924	3.72286	2.62577	2.09209	2.17608	2.66608	2.79385	1.24883	0.806887
ENSDARG00000021811	31.4695	37.4905	30.1855	11.496	13.4441	18.7547	19.0654	9.75226	3.64992
ENSDARG00000021812	10.3887	14.7476	13.2935	3.19338	3.94465	4.6078	10.7986	7.41254	4.78826
ENSDARG00000021820	0.28685	0.814737	0.197332	0.141752	0.353889	0.405186	0.889359	0.307162	0.540185
ENSDARG00000021827	1.6249	2.01555	1.37975	1.08506	1.57466	1.60858	3.22624	0.597897	0.495372
ENSDARG00000021833	0.6288	0.590418	0.926163	0.425907	0.478337	0.480537	0.818425	0.416998	0.177286
ENSDARG00000021838	17.7601	16.2481	14.1556	3.72453	2.03054	2.30182	3.35874	1.61148	1.93551
ENSDARG00000021849	8.72685	11.1625	7.657	3.73192	4.99747	6.42371	4.53452	2.32795	1.53784
ENSDARG00000021855	1.78481	1.71645	0.398529	1.67299	1.53987	1.3289	3.24637	2.20452	1.71469
ENSDARG00000021859	2.3809	1.73895	2.24249	0.961564	2.74514	2.56161	5.54137	1.87633	0.666119
ENSDARG00000021864	8.85812	3.34952	2.49498	3.7764	1.37256	1.79789	3.75805	1.15292	1.88077
ENSDARG00000021882	10.4369	9.97436	4.75496	2.03994	4.00725	3.59828	8.7399	8.07134	1.46196
ENSDARG00000021885	4.87168	4.92192	4.2794	1.56116	1.84097	1.40279	2.06179	0.697287	0.594597
ENSDARG00000021891	0.843396	1.08553	0.954249	0.654181	0.659449	0.90566	0.882152	0.902059	0.479607
ENSDARG00000021895	0.451954	0.640784	0.761472	0.529826	0.499293	0.403172	0.675655	0.323568	0.164537
ENSDARG00000021896	1.46399	1.13444	1.74814	0.836832	1.13506	1.45538	2.05443	0.735817	0.53219
ENSDARG00000021899	0.734212	1.3701	1.31879	0.92814	1.08559	1.23935	0.934995	0.680267	0.343353
ENSDARG00000021905	8.60758	2.81488	2.83248	1.04043	1.31735	1.69325	2.18067	0.585276	0.646298
ENSDARG00000021907	0.756738	0.352463	0.573048	0.325893	0.420072	0.347908	1.28095	0.86472	1.03893
ENSDARG00000021945	8.64872	9.84656	8.86164	2.14561	2.67945	3.0618	2.55941	1.29204	0.86744
ENSDARG00000021973	6.66797	7.48078	8.49328	4.29406	4.05378	6.08355	5.9174	3.41545	1.51004
ENSDARG00000021975	2.25305	0.879672	1.87213	0.463224	0.27178	0.448733	0.320563	0.249569	0.248425
ENSDARG00000021979	1.4359	1.68402	2.19489	1.82916	1.09817	1.25509	2.55537	2.22835	1.40675
ENSDARG00000021985	1.53361	1.66431	3.087	1.5753	1.17502	1.39003	2.48892	1.35785	0.583264
ENSDARG00000021987	0.245501	0.7466	0.126352	0.279016	0.269312	0.115655	0.0564078	0.0381938	0.0118122
ENSDARG00000021991	5.59648	6.48529	4.61058	2.03736	3.12385	3.2236	4.65339	2.26473	1.85131
ENSDARG00000022000	3.84265	4.28611	4.30919	1.94173	2.33684	1.97006	4.22591	1.5749	1.62049
ENSDARG00000022001	16.3865	16.1404	11.6132	4.99097	4.29424	4.04518	10.563	4.5811	4.88226
ENSDARG00000022013	1.90873	0.812487	0.243203	0.299204	0.0225713	0.144293	0.146868	0.124174	0.121439
ENSDARG00000022020	0.506211	0.475858	0.667965	0.279188	0.344975	0.275998	0.363187	0.277743	0.268321
ENSDARG00000022129	151.183	81.2053	64.8891	30.9165	17.5558	14.3334	28.9791	13.5947	9.12786
ENSDARG00000022161	1.96756	2.18582	1.30155	0.854515	1.2517	1.06687	1.78931	0.95813	1.07543
ENSDARG00000022213	7.68652	6.69094	6.43788	6.64999	4.60643	7.68931	5.74818	2.34473	1.3516
ENSDARG00000022232	29.0473	32.1931	24.7619	6.84255	7.50728	8.53387	12.1732	5.48891	2.42915
ENSDARG00000022254	5.27534	7.14395	5.69645	2.57534	2.96097	3.16306	4.57072	3.08699	1.89929
ENSDARG00000022260	1.41938	1.96246	1.46802	0.940052	1.44539	1.23876	3.81118	1.6285	2.70124
ENSDARG00000022280	130.944	75.744	8.61793	61.2235	25.6085	7.03682	13.5872	9.59128	7.50179
ENSDARG00000022303	27.9079	17.3034	14.1779	15.2017	7.64727	10.1983	7.7279	3.37907	2.16449
ENSDARG00000022315	6.54272	4.76846	4.81718	1.08058	1.15969	1.19176	1.73906	0.765256	0.502944
ENSDARG00000022350	3.12537	4.6439	3.25219	1.04308	1.20147	1.35707	1.74752	1.16266	0.584626
ENSDARG00000022399	0.7024	0.338171	0.790985	0.16817	0.372134	0.651145	0.637441	0.155323	0.0345694
ENSDARG00000022410	16.8029	24.6251	14.5937	4.79907	2.87339	5.65967	9.20212	4.07824	1.34303
ENSDARG00000022415	1.5109	1.11581	0.79292	1.06282	0.462499	0.780857	0.736327	0.718694	0.407429
ENSDARG00000022418	5.47988	5.22524	4.20705	2.00106	3.04953	2.83392	7.40341	2.66978	1.94569
ENSDARG00000022424	3.50877	4.07123	3.70992	1.14619	1.47697	2.41615	3.03303	1.1288	0.535933
ENSDARG00000022430	4.61866	6.87811	4.65907	1.79695	3.00711	2.3674	5.16018	2.52463	2.94283
ENSDARG00000022438	4.63042	5.81091	6.4117	0.48161	2.43583	1.99273	5.54992	2.96785	1.74357
ENSDARG00000022456	2.34253	3.70806	3.39217	0.470508	0.542255	1.73613	2.15562	0.307148	0.5727
ENSDARG00000022466	5.62136	7.41811	7.70465	2.96309	3.89107	4.3962	6.2954	3.51654	2.02021
ENSDARG00000022564	21.6801	19.3563	18.7129	2.51629	2.43704	1.583	4.24732	2.00154	1.37268
ENSDARG00000022579	25.844	22.9107	25.7686	12.7395	14.2537	21.1461	42.7017	15.7296	8.62083
ENSDARG00000022599	1.32528	2.67899	2.20754	0.957305	0.53427	0.920491	2.39016	0.920248	0.444069
ENSDARG00000022614	17.3008	21.4437	20.3197	10.2309	8.97944	11.0117	8.46209	3.19379	2.00475
ENSDARG00000022648	4.50432	7.06033	3.87678	2.03637	2.53462	2.5221	3.47449	1.89729	1.50416
ENSDARG00000022652	1.10285	1.29902	1.81746	0.707043	0.478677	0.761321	1.32418	1.06522	0.322937
ENSDARG00000022659	3.9398	4.93655	4.10831	1.51056	1.94555	1.95801	1.94293	0.917397	1.1889
ENSDARG00000022675	4.02918	1.36239	0.509474	1.55462	0.572735	0.275782	0.619541	0.387364	0.212559
ENSDARG00000022682	2.88291	4.33256	3.32176	2.04492	3.37055	2.82562	4.16243	3.20217	3.63957
ENSDARG00000022684	6.50286	3.19743	5.04998	0.870633	1.01688	0.178735	0.956149	0.587169	0
ENSDARG00000022690	8.1699	6.96802	4.96032	3.8744	3.6786	4.53524	5.59865	4.14399	1.7705
ENSDARG00000022712	1.04721	2.05875	1.66074	0.453246	0.764683	1.18777	1.24599	0.55747	0.416067
ENSDARG00000022718	25.2641	26.4629	21.6987	9.06593	6.71099	11.9592	19.7029	7.68297	4.83765
ENSDARG00000022728	1.07542	1.85109	1.08849	0.122336	0.27705	0.479327	0.65869	0.258397	0.120053
ENSDARG00000022763	0.62501	0.885686	0.914794	0.333487	0.251453	0.891363	0.138926	0.203722	0
ENSDARG00000022788	1.32039	1.95703	1.278	0.808405	1.46116	1.04492	1.6478	1.17396	0.830379
ENSDARG00000022813	5.50711	8.98876	7.83895	1.19854	1.11699	1.7961	2.10926	1.21844	0.853329
ENSDARG00000022893	0.688157	1.96799	1.27004	0.911754	1.13571	0.981316	2.8874	0.699447	0.632128
ENSDARG00000022918	0.324844	0.330751	0.643672	0.531124	0.30604	0.611015	2.31361	1.13796	0.0975994
ENSDARG00000022934	2.31391	2.39212	2.58752	0.761022	1.05539	0.315749	2.28433	1.19919	0.203797
ENSDARG00000022939	2.29376	1.38395	0.835681	0.553946	0.516266	0.616763	0.682045	0.269456	0.248444
ENSDARG00000022944	4.42656	4.7211	5.41883	1.91787	2.24787	2.77559	4.09333	2.29182	1.474
ENSDARG00000022952	4.11714	4.38406	3.63402	1.84121	1.69928	2.57569	4.86045	2.0891	1.07346
ENSDARG00000022968	8.81913	6.43268	8.43955	3.00202	4.18285	6.39806	8.4045	3.92229	1.65418
ENSDARG00000022970	4.12417	2.61725	0.187845	1.53588	0.793694	0.869438	0.603037	0.231544	0.216653
ENSDARG00000022978	7.43307	6.64383	6.96156	2.31692	3.43122	2.98842	6.29885	3.49935	1.67848
ENSDARG00000022995	2.9512	3.79755	4.22373	2.26034	2.53523	3.26535	2.33882	1.15924	1.84194
ENSDARG00000022996	21.1117	24.9693	20.6044	9.68093	10.5318	13.7481	19.0787	12.8544	5.44586
ENSDARG00000023002	5.27991	5.47859	8.34598	4.93563	6.67421	7.50568	18.1058	9.01793	5.88715
ENSDARG00000023003	15.6702	8.56569	5.99732	2.22206	2.5832	1.38584	1.81501	1.12282	0.125486
ENSDARG00000023028	7.03018	7.40123	4.30903	3.39036	2.38961	2.84076	5.92841	3.71913	1.99823
ENSDARG00000023040	3.89909	6.2091	4.25376	2.518	2.05596	3.13234	5.88058	2.58554	1.94507
ENSDARG00000023058	5.77353	6.82088	9.21617	1.88651	3.41171	4.52762	4.37067	2.54184	1.64944
ENSDARG00000023062	1.28757	0.205682	0.551584	1.24832	0.307957	0.229226	1.34977	0.596332	0.211441
ENSDARG00000023104	1.55312	1.51184	0.884818	0.493499	0.439394	0.38505	1.22015	0.531925	0.167286
ENSDARG00000023110	2.56997	3.33524	3.16718	1.109	1.51677	1.1079	4.31489	2.66839	1.11752
ENSDARG00000023113	3.97386	5.39865	5.33716	1.85356	2.45812	2.29366	1.80706	1.69237	1.09224
ENSDARG00000023117	7.58673	5.72673	5.99171	6.73913	4.11641	5.31719	6.68452	3.63177	1.98034
ENSDARG00000023145	14.0886	19.7155	14.2695	8.04933	10.8093	9.33261	12.4497	12.3091	7.0644
ENSDARG00000023160	116.433	113.957	110.246	68.5312	51.6874	68.8008	55.0027	29.7782	19.1691
ENSDARG00000023190	55.6159	56.6075	48.3342	21.594	18.521	22.5622	42.4793	24.6161	12.7728
ENSDARG00000023214	5.13928	2.17223	1.36828	1.49669	0.753183	0.762211	1.03378	0.267809	0.231322
ENSDARG00000023220	5.66681	7.8188	6.87894	1.90612	1.41533	3.80867	2.01851	1.78037	1.25629
ENSDARG00000023237	3.07113	3.62063	3.33277	1.13017	1.50907	1.65051	3.54677	1.80927	2.50138
ENSDARG00000023267	1.70423	0.768209	0.977636	0.77365	1.13384	0.95375	1.35859	0.508474	0.297496
ENSDARG00000023290	7.58277	14.4028	16.1545	3.91524	5.30315	6.00827	11.6086	5.16568	2.46397
ENSDARG00000023298	10.7629	10.3486	7.28751	3.23391	4.0497	2.6965	6.6244	3.60184	3.55449
ENSDARG00000023299	13.3547	9.57649	7.58991	5.92604	6.31655	6.72162	4.42278	1.25462	0.599626
ENSDARG00000023303	4.08523	4.91674	4.61214	1.85242	2.67833	2.50827	4.13929	1.62293	1.27064
ENSDARG00000023323	0.905301	0.785222	0.702622	0.600773	0.651601	0.782862	2.67029	0.103243	0.192246
ENSDARG00000023330	34.5983	30.5693	34.9755	28.3085	26.5262	35.817	28.9491	13.5847	7.45849
ENSDARG00000023394	44.4796	40.4221	37.8071	14.1594	12.3133	14.1383	14.7873	7.86803	4.85723
ENSDARG00000023396	3.88701	5.9064	3.87684	2.22884	2.27531	2.83001	4.85457	2.25587	0.801212
ENSDARG00000023472	4.56979	7.32093	4.65455	2.36188	2.79885	3.09754	7.90371	7.58003	4.10237
ENSDARG00000023479	4.77452	4.36248	6.11855	1.86304	2.64154	4.31882	5.35565	0.592583	1.62514
ENSDARG00000023495	0.557402	0.720772	0.378109	0.411202	0.296684	0.190331	0.340602	0.144991	0.140976
ENSDARG00000023498	0.573109	1.26039	0.686224	0.156651	0.353971	0.307507	0.421937	0.0838608	0.15601
ENSDARG00000023499	0.913294	2.76227	1.77668	0.743512	1.19498	1.67089	1.15711	0.868813	0.722207
ENSDARG00000023516	7.11376	8.87186	6.79393	0.902443	1.18049	2.08597	5.81656	4.15207	1.74877
ENSDARG00000023532	25.2182	26.2685	19.2851	6.02076	7.04799	6.83198	11.0945	4.16135	2.60278
ENSDARG00000023536	18.1186	24.669	18.2757	6.42372	8.49901	8.91377	16.9666	7.95857	6.55498
ENSDARG00000023578	3.28088	3.17761	2.75071	1.70999	2.63977	3.06278	5.4246	3.69589	2.64257
ENSDARG00000023583	1.28184	1.08668	0.517963	0.934526	0.31776	0.237934	2.29378	0	0.0704625
ENSDARG00000023584	1.84801	1.72789	0.775064	1.45519	1.76614	2.16948	3.24191	1.9325	0.389288
ENSDARG00000023591	6.34131	4.33563	7.10502	2.95797	4.40278	4.28457	2.68037	1.8711	1.06613
ENSDARG00000023600	2.07778	1.89437	0.876536	0.383305	0.311997	0.570902	0.686774	0.334284	0.0842066
ENSDARG00000023609	0.565027	0.168153	0.242343	0.20595	0.042694	0.0862594	0.3811	0.131576	0
ENSDARG00000023627	86.6598	104.762	86.6362	17.1478	19.9208	21.8223	23.2218	15.1263	8.51036
ENSDARG00000023648	3.92296	3.7743	4.0553	1.49966	2.66806	2.23188	4.33586	2.12377	1.15296
ENSDARG00000023659	3.38263	2.73863	2.27587	2.06958	1.64691	1.14055	3.46684	2.0524	2.41757
ENSDARG00000023673	3.71273	3.12984	3.68959	2.27755	2.76592	2.50373	4.60526	1.49714	0.815429
ENSDARG00000023678	1.74859	1.28037	0.783866	0.783876	1.05236	0.901458	1.44526	0.744408	0.502738
ENSDARG00000023701	3.01547	4.17985	3.86667	0.999928	1.55016	1.77799	2.41795	1.38296	0.659207
ENSDARG00000023724	12.8644	16.8021	9.23214	6.16882	7.63004	6.88114	13.9693	5.21429	4.15738
ENSDARG00000023766	0.826908	0.426467	0.557674	0.133226	0.082048	0.125413	0.284574	0.13875	0.0949592
ENSDARG00000023814	3.91978	4.66949	4.31055	2.44333	2.92761	3.56485	8.14546	4.913	2.50117
ENSDARG00000023815	2.18544	2.47766	2.49606	1.8912	1.67944	2.49318	3.33186	4.59144	3.01492
ENSDARG00000023820	1.04286	0.111598	0	0.593157	0.0456723	0	0	0.0487558	0.0914821
ENSDARG00000023821	0.690943	0.7404	0.765952	0.368317	0.324254	0.328483	0.747464	0.45735	0.371681
ENSDARG00000023822	0.567833	1.06913	1.25215	0.633966	0.526669	0.537316	0.628695	0.590802	0.519896
ENSDARG00000023840	0.52445	0.402677	0.605838	0.239894	0.346994	0.1162	1.38291	0.750745	0.250771
ENSDARG00000023852	9.67106	12.8957	11.1934	4.04806	3.52034	5.60899	3.55888	2.5043	0.524646
ENSDARG00000023858	4.4206	4.9486	3.47309	1.86119	2.4732	1.59589	1.67528	0.748633	0.762763
ENSDARG00000023878	11.7403	15.3749	12.8001	8.26868	8.12501	10.7711	9.47566	5.37747	3.45935
ENSDARG00000023900	5.12799	8.32669	10.7032	2.93612	4.62305	6.08353	8.4098	4.65171	2.64878
ENSDARG00000023914	1.40597	1.19137	1.44753	1.38683	0.859082	0.953165	3.59159	2.08038	0.956828
ENSDARG00000023916	0.611053	0.785927	0.728099	0.551149	0.0646719	0.266076	0.711261	0.587032	0.350847
ENSDARG00000023920	18.1003	22.8007	18.1477	14.3133	14.6518	18.1673	23.2202	12.2037	6.46914
ENSDARG00000023921	16.2079	19.8613	24.7162	5.63669	6.94713	7.64889	10.2285	5.3438	3.23047
ENSDARG00000023967	0.788609	1.34716	1.91074	2.82427	0.780181	1.09654	6.49121	1.16129	0.417473
ENSDARG00000023988	20.3997	12.4424	6.82408	5.25754	5.17296	5.97489	10.1289	8.02583	3.31457
ENSDARG00000023999	1.89149	3.19657	1.9499	1.0538	0.863419	0.881234	1.5784	1.16477	1.09062
ENSDARG00000024004	0.345442	0.503175	0.830496	0.129934	0.54015	0.549017	0.623022	0.413383	0.13701
ENSDARG00000024026	1.01721	0.631853	0.53024	0.169176	0.662454	0.679356	1.15994	0.395517	0.375714
ENSDARG00000024037	1.51613	1.94347	1.24024	0.731701	0.780465	1.34482	1.53931	1.46668	0.869389
ENSDARG00000024049	5.97463	6.45726	7.00325	2.1887	3.07646	2.81764	7.37607	2.78385	2.26811
ENSDARG00000024092	0.241576	0.616665	0.456019	0.0449334	0.237478	0.156069	0.353326	0.159089	0.156841
ENSDARG00000024109	6.84377	7.57383	7.83056	5.58216	7.0988	6.65775	8.40349	6.18335	3.37129
ENSDARG00000024116	1.99819	1.21598	1.09575	1.20921	0.859787	0.65175	0.646269	0.413418	0.328251
ENSDARG00000024124	3.78064	6.04724	5.5094	2.50669	2.32019	2.85451	4.0515	1.94529	1.52458
ENSDARG00000024184	0.764758	0.718962	1.20681	0.379422	0.358762	0.549224	1.34398	0.474995	0.168899
ENSDARG00000024195	1.83269	3.1849	3.39322	0.669185	1.0119	1.42723	2.67823	1.25378	0.556101
ENSDARG00000024204	0.866314	0.178776	0.0208166	0.234499	0.413906	0.0168575	0.0172641	0.0482964	0.0292417
ENSDARG00000024209	37.7355	41.1374	30.489	25.9849	24.8075	34.0007	43.3772	27.8353	19.444
ENSDARG00000024219	9.25509	9.97189	10.9771	4.56651	6.26544	8.06685	10.3341	4.44297	2.72341
ENSDARG00000024277	2.65928	3.0968	2.25125	0.886115	1.522	1.64817	2.33441	3.10944	2.36687
ENSDARG00000024278	1.08807	1.0357	1.44628	0.415308	0.525692	0.735464	1.1401	0.669253	0.481859
ENSDARG00000024295	1.0652	1.06915	0.639024	1.45392	1.4995	1.32873	2.47478	2.10667	3.42654
ENSDARG00000024306	1.91956	1.53152	2.0008	1.57726	1.09315	1.4956	1.77739	1.04786	0.520112
ENSDARG00000024311	1.02162	1.79106	0.96657	1.64863	0.907233	1.44232	1.47661	0.783319	0.0554921
ENSDARG00000024314	11.653	11.5601	12.1764	4.30651	3.89775	5.23289	13.6332	10.4481	3.84403
ENSDARG00000024324	3.10144	3.20637	3.05531	2.15607	1.9066	3.12842	5.22689	2.0566	1.73672
ENSDARG00000024325	6.86437	8.21542	3.65538	2.59952	3.49668	6.39041	6.36151	3.61028	6.14984
ENSDARG00000024371	11.8996	15.5388	15.3212	7.31912	7.68258	10.3285	11.2275	5.15897	2.76555
ENSDARG00000024381	1.51102	0.782263	0.137481	0.828711	0.202893	0.0896865	0.0836314	0.0769267	0
ENSDARG00000024398	17.5096	13.0924	11.152	5.3544	5.88485	7.9214	5.23258	1.76629	1.37969
ENSDARG00000024416	3.01904	3.46974	2.49885	0.925681	1.17651	1.40777	2.58328	0.9316	0.550798
ENSDARG00000024431	1.72415	3.03651	2.86361	1.81984	2.45186	2.29171	4.02065	3.3422	2.50018
ENSDARG00000024443	1.55103	2.90932	1.78072	1.75275	2.32929	1.93097	9.03962	3.14645	1.54191
ENSDARG00000024452	12	8.2018	6.35354	5.77287	5.19961	3.71007	5.50673	5.71068	2.18105
ENSDARG00000024488	7.11744	9.29019	9.13935	3.74361	4.71772	5.02587	9.7287	6.18968	2.19578
ENSDARG00000024511	10.9463	8.28658	6.55131	4.99457	4.40477	4.60453	9.09472	5.95654	4.76514
ENSDARG00000024540	2.3023	1.65552	1.56825	1.49031	1.09577	0.833879	3.11697	1.60573	0.667903
ENSDARG00000024546	0.197548	0.615851	0.150093	0.223275	0.212141	0.106092	0.104887	0.314459	0.195498
ENSDARG00000024561	35.5603	40.3687	30.6253	9.19852	13.3013	11.1742	22.828	18.1498	12.8473
ENSDARG00000024598	1.42535	1.40381	1.78701	1.39182	1.27996	1.30027	2.94414	1.20536	1.00846
ENSDARG00000024602	1.32508	1.40283	0.994871	0.0591717	0.408522	0.580084	0.853612	0.289998	0.334349
ENSDARG00000024642	2.59403	3.20023	3.1303	0.9076	1.64316	2.31384	3.08369	1.99462	1.64921
ENSDARG00000024651	40.5056	34.782	34.9545	22.691	18.7613	23.7256	29.9067	12.2785	6.56747
ENSDARG00000024669	5.27713	4.65573	4.74521	4.20571	2.85193	3.00092	5.81045	2.72894	1.46044
ENSDARG00000024681	2.56269	4.10413	3.86981	1.17746	1.29699	1.70016	3.89825	2.39631	0.902793
ENSDARG00000024687	3.30047	1.57632	1.42634	0.70196	0.677452	0.830583	0.471062	0.0974268	0
ENSDARG00000024693	3.29504	3.24834	3.306	2.70165	2.27918	2.80249	2.8836	0.869427	0.544169
ENSDARG00000024702	25.1855	33.4643	26.7647	26.9707	30.7583	33.6382	41.9619	24.5777	15.2518
ENSDARG00000024708	2.75841	0.246789	0	1.17525	0.486774	0	0	0	0.0749284
ENSDARG00000024746	0.303414	0.483017	0.686551	0.0373179	0	0.177889	0.134374	0.0565919	0.0511797
ENSDARG00000024775	1.77744	1.84131	2.27815	1.15982	1.63323	2.43127	3.73136	1.66201	0.894091
ENSDARG00000024815	1.83596	1.79631	0.232284	0.33936	0.574664	0.474502	0.49374	0.168182	0.0798373
ENSDARG00000024818	1.46913	2.25982	1.43651	0.54505	0.209723	0.483299	0.386181	0.256607	0.117813
ENSDARG00000024828	6.81769	5.13282	4.05281	1.69588	1.94731	2.77486	3.52964	1.73923	1.39991
ENSDARG00000024844	11.6844	12.9754	12.0866	7.53236	7.83001	8.25522	15.926	7.73671	4.86098
ENSDARG00000024874	1.97173	1.87617	1.70207	0.769664	0.90297	1.10657	2.67461	1.18597	0.746535
ENSDARG00000024877	3.53113	3.95141	1.47912	1.11079	2.03843	1.80566	1.15792	0.908677	0.0646
ENSDARG00000024895	11.5377	5.86304	13.272	3.1268	1.26039	1.63164	1.53207	0.590623	0.33243
ENSDARG00000024904	6.02137	6.43903	6.24309	3.01591	5.10423	6.54906	12.2785	7.38864	3.44062
ENSDARG00000024920	0.573266	0.210572	0.175624	0.312042	0.341746	0.283176	0.428449	0.0992931	0.0447091
ENSDARG00000024933	3.05322	3.58848	3.48296	1.06641	1.54275	2.13016	2.01989	0.911182	0.442785
ENSDARG00000024964	1.38556	3.23064	1.87546	1.42275	1.93874	2.57228	3.56563	2.41172	1.56421
ENSDARG00000024966	0.225545	0.277306	0.696849	0.18681	0.356948	0.205306	0.987585	0.548068	0.300626
ENSDARG00000024967	1.81343	1.74697	1.2334	0.963057	1.26879	1.46945	1.65675	0.556368	0.318195
ENSDARG00000024979	1.1554	1.8277	2.20927	1.14876	1.5705	0.934181	3.79906	1.79188	0.996647
ENSDARG00000025011	2.039	2.3687	2.28166	0.980929	0.990411	1.39814	2.79183	1.57918	0.858064
ENSDARG00000025012	3.86795	3.95688	2.96331	2.32232	2.4905	1.88721	3.32495	1.63691	1.1114
ENSDARG00000025027	5.30732	3.84223	7.53195	2.69757	2.82897	2.28909	14.295	7.15814	7.67046
ENSDARG00000025032	0.383503	0.392421	0.666619	0.532419	0.392767	0.631016	1.29081	1.01159	0.424141
ENSDARG00000025033	14.5462	10.5513	7.75683	2.86275	3.79515	4.12872	7.57155	3.91021	4.41288
ENSDARG00000025071	22.867	23.331	18.7987	4.41682	6.71376	5.16035	7.71174	6.5688	2.78266
ENSDARG00000025073	24.0586	18.12	10.9918	6.76027	6.82021	5.1036	10.2727	7.21756	6.16872
ENSDARG00000025074	5.61342	6.33629	7.12838	1.53825	1.65115	2.43383	3.54999	1.33873	1.24813
ENSDARG00000025076	2.54471	2.89791	2.09812	0.731547	1.20657	1.30391	1.89412	0.910914	0.405387
ENSDARG00000025081	5.08008	6.95659	4.81646	2.83114	3.01006	4.49162	5.99187	3.42347	3.03321
ENSDARG00000025091	21.1929	23.2331	20.3991	11.7364	12.7202	15.4643	36.6	16.5376	9.94861
ENSDARG00000025094	5.04865	4.88965	5.83122	1.57935	1.74351	2.79631	3.75459	1.80498	0.994755
ENSDARG00000025108	0.577733	0.867101	0.721823	0.156143	0.0910863	0.261859	1.13426	0.321848	0.0463246
ENSDARG00000025174	12.5562	16.3293	16.34	6.22184	5.90011	9.02117	6.00957	2.3461	1.57256
ENSDARG00000025200	1.13509	1.59744	0.584371	0.928785	1.20119	0.968009	1.21299	0.28095	0.251717
ENSDARG00000025218	4.0824	5.40992	4.21286	1.58074	2.16589	2.41737	3.49668	1.97191	1.36471
ENSDARG00000025220	77.2991	92.4473	71.9708	22.5754	28.8774	29.8765	62.9378	48.7823	40.1417
ENSDARG00000025226	1.32099	0.80545	1.88856	1.29765	1.20015	1.40375	1.76357	1.1799	0.837764
ENSDARG00000025241	3.19648	4.81153	3.62152	1.89281	3.29452	3.08967	11.8036	6.63798	3.3113
ENSDARG00000025269	3.75904	6.49225	4.62261	2.52963	3.1218	4.51605	6.04264	4.28889	2.47025
ENSDARG00000025314	4.14945	5.20946	4.45171	1.87982	1.50562	1.80308	2.86879	2.09771	1.682
ENSDARG00000025326	9.9633	9.89395	7.56872	3.51138	3.9402	3.87652	5.31756	2.29433	1.20697
ENSDARG00000025332	2.98903	2.72593	2.13165	1.26638	1.00112	0.795494	1.7706	0.590355	0.26015
ENSDARG00000025340	2.69517	1.49992	1.617	0.866264	0.416873	0.858562	1.36442	1.51756	0.298491
ENSDARG00000025346	0.993362	0.827541	0.408596	0.526802	0.419691	0.357065	1.29655	0.298792	0.167418
ENSDARG00000025350	7.68895	9.94207	7.20867	3.31004	4.81679	5.06781	5.71072	2.82835	2.89915
ENSDARG00000025364	3.21992	2.78049	3.21375	1.2899	3.43	2.98313	4.37678	2.18779	2.20902
ENSDARG00000025372	41.7318	8.68957	0.11176	13.8172	2.5875	0.360822	0	0.0601725	0.114077
ENSDARG00000025375	3.07993	2.87107	5.50814	1.74806	2.63026	3.56184	6.45239	3.16111	1.46413
ENSDARG00000025383	1.31251	1.44989	0.522738	0.34068	0.905021	0.256929	0.336737	0.580677	0.0456827
ENSDARG00000025386	21.4622	29.4502	17.1732	15.1676	15.5405	17.178	14.6149	12.3336	9.34953
ENSDARG00000025391	2.57564	1.82904	1.2088	0.396856	0.575354	0.84765	1.62911	0.469704	0.211163
ENSDARG00000025397	50.9998	36.4496	29.5988	16.7246	9.08617	10.5517	5.24866	1.61662	0.875981
ENSDARG00000025404	1.11947	1.19789	1.99704	0.924482	0.690341	0.833494	1.89465	1.28764	1.00657
ENSDARG00000025420	1.57138	1.55023	1.27583	1.10391	2.05797	1.26736	2.65581	2.32506	1.08143
ENSDARG00000025421	3.83078	3.7192	3.35772	1.99565	2.3472	2.19628	5.31742	2.99826	1.93747
ENSDARG00000025467	12.4071	10.6198	12.6688	4.44712	3.72085	3.97715	2.05591	1.8284	0.722668
ENSDARG00000025468	1.07409	1.6168	1.46688	0.460854	0.527845	0.647719	3.87041	1.77853	1.69069
ENSDARG00000025493	10.7043	9.42423	5.66378	8.32514	5.97428	9.23008	15.2169	6.34496	1.87996
ENSDARG00000025500	7.3626	11.2026	7.18661	2.58159	2.36811	2.80235	4.38445	2.0601	1.1025
ENSDARG00000025507	0.4486	0.444281	0.726951	0.201228	0.246011	0.467725	0.428062	0.397043	0.171327
ENSDARG00000025513	7.37846	13.4151	13.0279	3.23772	4.34093	6.32389	12.2897	5.68225	3.86375
ENSDARG00000025522	8.71275	4.12765	6.206	3.72364	2.53208	1.96597	4.80744	2.96488	2.09176
ENSDARG00000025555	1.94295	2.27334	1.49725	1.11146	1.96788	1.8538	2.66488	1.54879	0.624976
ENSDARG00000025566	25.9468	26.3018	24.0653	5.78738	5.23398	5.93177	13.8345	9.0524	6.45791
ENSDARG00000025567	1.61336	2.50402	2.00779	0.446575	0.985231	1.25432	2.06839	1.0247	0.679814
ENSDARG00000025576	4.33026	5.20734	4.41059	2.83035	2.86652	4.37213	6.08892	3.11577	2.26899
ENSDARG00000025581	11.2993	10.8894	8.99144	3.02479	2.69388	1.80083	3.8588	1.73109	2.07209
ENSDARG00000025605	3.13757	1.33353	1.62466	0.896039	0.617015	0.479365	1.01	1.37292	0.73984
ENSDARG00000025612	1.95343	1.70595	3.60559	1.36247	1.11191	2.71917	4.26053	1.79561	1.2152
ENSDARG00000025641	0.812569	0.392016	0.586509	0.138103	0.391256	0.324096	0.811085	0.498928	0.33221
ENSDARG00000025667	0.284128	1.07117	1.10439	0.2614	0.410682	0.616791	0.994288	0.854299	0.30545
ENSDARG00000025693	1.64597	1.35411	0.584794	0.475565	1.06498	0.934755	1.09526	0.602844	0.341302
ENSDARG00000025699	12.7694	16.5873	7.90719	3.04531	3.20999	3.65261	4.36881	2.24523	1.30771
ENSDARG00000025718	8.12124	11.2569	7.55105	3.1875	2.49752	3.93726	4.78985	3.26249	1.88614
ENSDARG00000025754	4.99934	3.51027	4.00587	4.41955	2.97956	4.65891	3.92111	1.39935	1.36159
ENSDARG00000025766	2.28667	3.89597	6.87947	1.50466	2.11723	1.68865	3.9379	2.28326	1.72725
ENSDARG00000025789	8.70652	10.6404	9.55616	4.60857	5.48035	6.14102	5.39579	3.13085	1.41399
ENSDARG00000025797	2.58854	3.26143	2.5487	2.15456	2.05097	2.44412	6.34745	2.77864	3.1616
ENSDARG00000025808	2.55216	2.81147	1.94703	0.871602	0.95537	1.21408	3.17107	2.57496	1.3618
ENSDARG00000025820	1.23369	1.51234	1.81276	0.810099	1.00978	1.16905	1.71691	0.881975	0.71722
ENSDARG00000025824	0.727876	0.70302	1.04371	0.490775	0.709681	0.532943	1.17294	0.678013	0.588334
ENSDARG00000025846	1.19506	1.40867	0.96431	1.51497	1.4154	1.22651	3.38757	2.34421	2.00398
ENSDARG00000025850	21.9621	14.2961	14.1388	4.2728	4.54876	2.22018	4.45823	0.694707	0.857491
ENSDARG00000025854	3.93524	5.40143	3.58973	2.70517	2.55605	3.22862	6.35664	3.60533	1.37167
ENSDARG00000025858	3.28263	7.18918	4.85559	1.91286	1.68223	2.27645	1.94281	1.10844	1.20749
ENSDARG00000025859	1.96342	2.26345	2.9694	1.22861	1.68052	1.09894	4.03072	2.16698	1.45015
ENSDARG00000025868	0.896079	1.53558	1.43986	0.971408	1.03036	1.9505	2.04875	2.21058	1.47991
ENSDARG00000025882	2.96477	4.57554	1.50776	0.261796	0.791866	0.79288	4.27405	1.08986	0.501874
ENSDARG00000025889	2.86785	3.41394	3.39261	1.76386	1.82828	2.47166	2.88662	1.54747	0.682822
ENSDARG00000025902	0.475085	1.03095	1.00536	0.572331	0.861385	0.945438	1.30042	0.924312	0.22137
ENSDARG00000025904	9.29416	9.51	5.82511	3.60021	2.92662	2.99806	8.11576	6.42443	3.12128
ENSDARG00000025953	2.92586	3.47622	2.93454	1.12456	1.97415	2.13767	3.77212	2.04408	0.311605
ENSDARG00000025972	2.21236	0.881269	2.36155	1.34493	1.84611	1.58015	1.63326	1.43948	0.620746
ENSDARG00000025977	1.22525	0.982895	1.01678	0.489444	0.395585	0.459241	0.630087	0.263134	0.464818
ENSDARG00000026011	2.24841	1.67467	1.75202	0.956272	0.560085	0.647163	2.1589	1.01118	0.494367
ENSDARG00000026028	0.815379	1.25283	0.647249	0.65076	0.732862	0.671255	1.37866	0.749871	0.562956
ENSDARG00000026035	0.500205	0.377348	0.303587	0.363076	0.110468	0.333558	0.318422	0.0423478	0
ENSDARG00000026048	3.7291	4.73052	4.87906	3.96129	4.98253	5.1151	8.18795	5.22632	3.44978
ENSDARG00000026070	12.291	14.0494	10.1609	5.07088	7.20746	7.72274	26.2772	9.68021	8.05047
ENSDARG00000026072	4.64012	3.36145	2.01822	1.46852	1.41467	1.06236	2.13563	0.409299	0.364219
ENSDARG00000026090	5.86961	1.37294	0.385486	1.44249	0.268939	0.134522	0.322508	0.151121	0
ENSDARG00000026109	2.74816	3.68138	4.5912	2.003	2.30832	2.90653	2.58249	1.69587	1.43374
ENSDARG00000026149	2.06543	2.92993	2.60683	0.766458	1.30938	1.46265	2.12344	1.37688	0.924912
ENSDARG00000026166	1.81219	1.76981	2.49846	1.23881	0.960677	1.31494	1.40927	0.595757	0.221151
ENSDARG00000026180	12.5542	13.7038	11.5036	5.54537	8.07673	9.29889	8.84804	4.31733	2.59854
ENSDARG00000026185	8.64716	9.27644	10.0524	3.54069	3.48288	5.20923	6.89723	3.00945	2.50374
ENSDARG00000026198	2.35127	1.79739	1.47644	0.924949	0.691045	1.04308	0.778683	0.272315	0.178085
ENSDARG00000026224	3.90522	2.84742	2.79404	1.65947	1.79872	1.54219	3.18337	1.1061	0.811208
ENSDARG00000026225	8.56435	11.9829	10.1848	6.79135	7.39691	8.78999	14.5343	9.03696	4.86614
ENSDARG00000026376	0.754668	0.210262	0.311235	0.431979	0.215613	0.215782	0.821388	0.542704	0.370902
ENSDARG00000026453	5.16588	5.34787	6.32442	2.35626	1.8082	3.00855	3.02743	0.992465	0.597331
ENSDARG00000026454	4.35301	2.86896	4.35977	1.60002	1.71823	1.92295	1.71493	0.933834	0.226209
ENSDARG00000026476	14.8761	16.5233	12.1828	8.71448	8.97887	12.468	16.1148	7.33488	5.37842
ENSDARG00000026482	2.95193	2.48821	1.84572	1.02861	1.27464	0.924222	1.99306	1.03908	0.758607
ENSDARG00000026484	1.91058	2.15324	1.25953	0.307526	0.29411	0.790288	1.05533	0.0454871	0.0826922
ENSDARG00000026489	56.0244	86.2068	81.4526	13.701	18.9172	24.7954	65.795	22.8706	10.4831
ENSDARG00000026519	2.16072	2.41646	2.0226	1.05765	1.64098	2.04046	4.39912	2.45175	2.75747
ENSDARG00000026534	9.01839	12.3476	10.0284	4.27811	4.91698	5.95459	9.17744	6.36425	3.21229
ENSDARG00000026540	3.78978	4.49207	4.47042	3.38289	3.23593	4.44069	4.78466	2.37934	1.27796
ENSDARG00000026561	11.9213	9.67527	3.90978	3.58844	2.334	1.94511	4.71859	2.80204	1.88745
ENSDARG00000026577	2.64094	3.45502	2.58484	1.73909	2.28546	2.11612	2.26161	1.50862	0.640899
ENSDARG00000026595	13.9616	16.8502	15.9443	8.15636	10.0972	11.7935	22.3324	12.1275	8.26512
ENSDARG00000026629	3.4588	2.57694	1.19903	2.06606	1.79563	0.73874	0.765293	0.750634	0.341834
ENSDARG00000026630	5.71873	5.79716	5.21405	4.18932	6.15858	3.58589	10.9787	4.63235	2.994
ENSDARG00000026634	22.7718	17.8021	14.1392	7.45388	10.9673	8.36746	17.5314	8.07254	6.20355
ENSDARG00000026654	8.72124	9.73056	9.71316	2.65995	2.7459	2.77597	3.87083	2.48195	1.18438
ENSDARG00000026664	3.2671	4.1651	4.24938	1.56675	1.94735	2.01571	3.00407	1.60278	0.607953
ENSDARG00000026680	1.507	1.45616	0.90264	0.596026	0.809095	0.683601	1.41615	0.31323	0.423915
ENSDARG00000026701	1.50047	2.14019	1.27142	0.589249	0.801502	1.07361	2.12639	1.00035	0.70145
ENSDARG00000026709	5.63146	9.79696	10.7938	1.48217	2.18499	3.02861	4.19556	1.42541	0.833445
ENSDARG00000026712	9.54593	9.96041	6.9433	3.75132	3.92839	4.48467	8.53426	3.72582	1.82318
ENSDARG00000026723	14.0999	17.9996	17.2824	5.42373	6.62084	7.86997	19.6015	11.3823	6.97894
ENSDARG00000026736	0.110704	0.275556	0.21888	0	0.182055	0.506313	1.19619	0.207164	0
ENSDARG00000026753	0.226495	0.701686	0.434121	0.0751024	0.188589	0.167609	0.220551	0.280305	0.0219102
ENSDARG00000026757	8.03678	11.0586	6.18902	2.20872	2.93776	3.65046	4.82769	2.30351	2.34811
ENSDARG00000026759	2.9423	2.83017	2.66063	3.62089	4.25301	3.65083	5.33677	3.55606	2.48679
ENSDARG00000026762	0.885165	1.52185	2.48278	0.715154	0.654451	2.05515	0.853111	1.08284	0.438782
ENSDARG00000026766	15.0839	13.4824	14.954	3.61838	3.34993	4.44102	8.16649	4.35478	2.32125
ENSDARG00000026767	1.20673	1.71489	3.99432	0.86466	0.934821	2.05071	1.65698	0.989921	0.68822
ENSDARG00000026784	0.223211	0.402927	0.40276	0.358648	0.331741	0.218548	0.486093	0.856449	0.420332
ENSDARG00000026799	1.84188	1.37664	1.07447	0.790771	0.83125	0.633606	1.06273	0.368714	0.0547757
ENSDARG00000026801	2.3799	2.45355	2.97517	0.743103	1.79663	1.81884	3.15442	1.52706	1.38021
ENSDARG00000026804	11.6219	2.16312	1.55344	1.17608	1.20449	1.22481	4.44348	1.71141	2.32089
ENSDARG00000026806	2.07554	3.49292	3.22438	1.05533	1.33272	1.78514	3.9197	2.84853	1.16469
ENSDARG00000026811	2.51014	3.1857	2.46735	2.28183	2.65869	3.06364	5.10025	2.59347	2.40267
ENSDARG00000026821	1.9037	1.07633	0.0448483	0.549776	0.593805	0.259065	0.344721	0.452561	0.320994
ENSDARG00000026829	4.1506	4.4683	3.12473	1.41387	0.863753	1.73391	2.14807	0.637168	0.396814
ENSDARG00000026842	44.2143	24.9338	14.0335	20.2585	11.186	6.26181	20.2417	10.3964	6.71578
ENSDARG00000026845	4.48885	1.36112	0.179896	1.07235	0.300011	0	0.0979096	0.0394866	0
ENSDARG00000026862	10.015	11.5501	10.8546	5.61851	8.39458	7.99521	19.0088	10.0835	6.18793
ENSDARG00000026865	3.42604	6.90135	5.4679	4.42833	3.91703	5.44581	6.70784	2.74435	1.59514
ENSDARG00000026871	15.3764	19.2185	16.9977	9.11314	10.9897	11.7311	20.8115	10.5738	6.86268
ENSDARG00000026875	1.45488	1.82642	1.70247	1.4744	1.67623	1.907	4.72198	2.05977	1.23843
ENSDARG00000026892	4.66307	4.94409	3.00848	1.96289	0.89135	1.27281	1.67195	0.510103	0.64681
ENSDARG00000026908	17.9887	21.2683	18.5741	6.52086	6.02608	8.64005	16.6839	5.90633	4.82954
ENSDARG00000026941	1.60235	2.51531	1.60899	1.00003	1.69052	1.81167	4.14632	2.37181	1.06545
ENSDARG00000026964	6.88549	6.199	4.87034	2.29563	2.2335	2.33156	3.5281	1.42915	0.745543
ENSDARG00000026967	0.592757	0.782016	0.486847	0.402041	0.595444	0.735383	1.46715	0.839991	0.189769
ENSDARG00000026972	1.32677	0.905562	1.16587	1.11847	1.17967	1.67515	2.04676	0.650089	0.17775
ENSDARG00000026985	1.40436	1.80258	1.28011	0.955526	1.30246	1.48712	2.25637	1.10255	0.524215
ENSDARG00000026986	2.73619	3.47548	2.08061	1.22187	1.52376	1.11976	1.61789	0.896232	0.560028
ENSDARG00000027016	3.65695	2.03634	1.75844	1.45517	1.32366	0.980486	9.17195	5.98865	3.43669
ENSDARG00000027046	5.17205	4.73613	4.88324	3.58051	3.39593	4.21751	8.35672	4.00205	1.98063
ENSDARG00000027075	1.07451	1.28904	1.22378	0.789089	0.719603	0.931219	1.46111	0.640574	0.344018
ENSDARG00000027078	18.2061	19.4654	15.8382	9.39719	7.42539	10.8074	19.6379	10.2432	6.37067
ENSDARG00000027082	6.70865	7.96666	5.6029	1.45703	2.46973	2.49469	5.12304	2.89701	2.86652
ENSDARG00000027109	11.4822	13.2276	6.58105	2.20708	3.52471	3.6651	12.6857	4.68148	2.92795
ENSDARG00000027112	3.77516	1.30644	0.178399	1.17454	0.650305	0.182428	0.103863	0.295486	0.144639
ENSDARG00000027131	0.308044	0.193003	0.23494	0.0190984	0.056992	0.0977574	0.125119	0.0655609	0.0348004
ENSDARG00000027140	2.16712	1.96481	1.62785	0.561943	1.22305	1.23426	1.50397	1.1714	0.694367
ENSDARG00000027141	44.1742	46.6996	43.8189	8.47112	9.75789	11.108	26.507	12.2058	10.9479
ENSDARG00000027154	0.83652	2.15065	3.14276	1.21802	1.75016	2.7297	3.11472	1.83537	0.190757
ENSDARG00000027159	1.31847	1.21119	0.633093	0.262901	0.537911	0.446444	1.2226	1.07549	0.875715
ENSDARG00000027169	16.2881	24.1665	19.6765	13.218	16.9758	21.5947	15.7876	10.0305	5.15302
ENSDARG00000027172	2.79771	2.49326	3.19034	1.28126	2.03488	1.42544	5.99143	2.31395	1.89308
ENSDARG00000027182	8.02804	10.1611	8.20396	6.2537	2.54495	3.94237	6.11565	3.80515	2.20737
ENSDARG00000027183	1.69078	1.54018	1.57503	0.744376	1.10528	1.28726	1.99942	0.937178	0.764122
ENSDARG00000027187	10.9496	8.03063	7.11668	2.34072	2.88433	3.7121	4.83285	2.82751	1.69998
ENSDARG00000027249	16.5794	5.97849	0.92304	4.71279	1.52913	0.389885	0.770318	0.294919	0.126306
ENSDARG00000027279	1.78275	1.77797	1.76807	0.78217	1.2147	1.12989	3.2388	2.74218	2.40014
ENSDARG00000027316	1.06048	2.29964	0.909768	0.867925	0.59082	0.31794	0.882857	0.624048	0.294342
ENSDARG00000027322	2.34214	2.0727	2.40338	0.972712	1.23115	1.14798	2.86333	0.847392	0.940676
ENSDARG00000027353	12.7711	13.5637	13.7532	4.84774	5.59182	6.29236	12.4628	7.44471	4.52368
ENSDARG00000027357	214.288	212.438	116.206	54.0831	36.3722	35.8546	26.6725	12.5927	7.64299
ENSDARG00000027381	0.921485	1.92374	0.994903	0.454395	0.572435	0.246805	1.19315	0.572589	0.137288
ENSDARG00000027397	3.43247	3.21209	1.94582	1.02335	1.25884	1.40722	4.67742	2.98944	1.93458
ENSDARG00000027403	0.374608	0.528422	0.90443	0.350672	0.262463	0.0563983	0.472333	0.253463	0
ENSDARG00000027418	2.62598	1.49407	1.68497	0.945224	1.1603	2.09153	1.55384	0.293945	0.137627
ENSDARG00000027423	1.23707	1.95045	1.51536	0.713032	0.790946	0.932454	1.44748	0.974278	0.575764
ENSDARG00000027464	1.1971	2.14746	1.21547	1.1305	1.72869	1.55054	4.94349	3.4694	1.32131
ENSDARG00000027491	3.6265	4.96844	2.19622	1.35558	0.506714	1.23539	1.23479	0.245846	1.00316
ENSDARG00000027495	0.250557	1.47845	0.30782	0.200559	0.479006	0.240964	0.510216	0.198742	0.144866
ENSDARG00000027497	0.178163	0.215789	0.403501	0.019313	0.0889801	0.106098	0.481379	0.253719	0.0668358
ENSDARG00000027500	3.14403	2.67829	2.32929	1.51351	1.52601	1.83248	2.38274	1.07779	0.558337
ENSDARG00000027501	2.76085	2.36847	3.17609	1.1686	1.10426	1.44261	1.89019	1.20604	0.763907
ENSDARG00000027515	22.9587	20.5183	14.5711	9.6539	7.97495	9.29926	18.2972	9.32463	6.06736
ENSDARG00000027552	6.01355	9.42812	4.706	1.3094	2.24101	2.44602	6.33354	4.18058	1.62936
ENSDARG00000027586	0.842803	0.68208	1.1572	0.57588	1.11064	1.3918	2.07327	1.15052	0.714525
ENSDARG00000027589	7.32748	9.03476	8.63353	3.12515	3.7736	5.02728	6.33687	3.12877	1.90394
ENSDARG00000027590	3.99506	4.55634	4.32396	2.0111	2.10021	3.4976	3.71887	2.09428	1.86439
ENSDARG00000027600	0.361246	0.724724	0.460199	0.541679	0.834815	0.44689	1.40841	1.00608	0.43708
ENSDARG00000027602	1.18838	0.662528	0.328518	0.410069	0.261443	0.3016	1.74061	1.05126	0.332645
ENSDARG00000027639	20.2918	25.6613	19.6627	13.2654	17.7931	19.5042	38.2526	23.7748	8.36609
ENSDARG00000027649	3.47416	2.44201	2.35236	1.65612	1.18299	1.65471	2.13133	0.677365	0.405678
ENSDARG00000027676	1.04253	1.88017	1.52397	0.639238	1.86322	1.13893	2.84714	1.07698	1.313
ENSDARG00000027689	1.81213	2.52189	3.27688	1.536	2.26867	2.24818	2.28349	1.61083	0.922849
ENSDARG00000027734	9.18863	12.5029	11.7981	3.2103	4.16226	5.09866	7.3613	2.95315	1.83997
ENSDARG00000027738	8.32389	8.61027	7.38595	3.34833	3.13044	3.21606	6.42953	3.36386	2.2727
ENSDARG00000027744	16.501	5.69937	0.40725	4.041	1.19666	0.171643	0.164464	0	0.243516
ENSDARG00000027749	72.2341	60.692	50.2291	27.169	19.52	25.9006	30.9115	14.3819	6.32852
ENSDARG00000027797	0.429598	0.479405	1.05078	0.390574	0.57353	0.599893	0.528717	0.275882	0.250393
ENSDARG00000027803	3.86265	4.93067	5.28854	1.61648	1.20455	2.77273	3.0497	1.20344	0.275195
ENSDARG00000027813	2.2294	2.82307	2.77551	2.57303	1.95739	2.14211	6.64549	4.1406	3.72129
ENSDARG00000027824	1.56813	3.27145	0.179505	0.156125	0.142747	1.13862	0.747608	0.511566	0
ENSDARG00000027825	1.33777	3.57881	5.47848	2.95499	4.93222	6.92009	10.0433	5.65997	2.93255
ENSDARG00000027851	1.48216	1.19408	1.69781	0.527288	0.260427	0.726484	0.95184	0.504209	0.150158
ENSDARG00000027853	2.61909	1.23182	0.698098	1.61274	1.08653	0.642059	0.425064	0.428296	0.217196
ENSDARG00000027857	14.5336	19.1959	19.4544	5.52357	7.71444	8.25606	16.2921	15.89	13.9574
ENSDARG00000027887	2.77124	2.99419	2.14332	0.837453	0.793951	1.53481	0.952579	0.662929	0.603135
ENSDARG00000027899	11.1166	5.06849	2.96678	2.98327	2.23106	1.99866	2.27749	0.901152	1.00555
ENSDARG00000027903	0.337379	0.187367	0.0796471	0.174281	0.0954112	0.176058	0.2998	0.218732	0.159657
ENSDARG00000027916	7.91587	8.53061	7.38119	2.14803	0.865783	2.10147	2.09621	0.58577	0.395928
ENSDARG00000027918	5.66648	1.04645	0.234847	4.321	0.779972	0.321965	0.491249	0	0.103195
ENSDARG00000027938	6.53828	8.10479	6.21292	2.9388	2.88406	4.12209	4.46064	2.03373	1.17117
ENSDARG00000027966	2.8724	2.90961	3.06353	0.460393	1.3193	1.70437	3.24678	0.782015	0.740554
ENSDARG00000027978	14.9946	16.0284	18.2063	8.04089	9.17225	10.1739	9.89867	6.9409	6.41878
ENSDARG00000028017	3.25526	0.904533	0.0904301	3.66587	0.905627	0.208467	0.46756	0.0781021	0.22597
ENSDARG00000028056	2.53926	3.46636	2.82639	2.1306	3.25554	3.74621	4.53117	1.82343	0.522837
ENSDARG00000028058	1.55382	1.16501	1.17539	0.461525	1.00808	0.725198	1.01737	0.915233	0.865297
ENSDARG00000028067	2.07715	2.67203	2.69816	0.906101	1.34535	1.63065	2.6063	1.12672	0.581603
ENSDARG00000028071	1.03077	2.18483	1.52738	0.475953	1.05946	1.06838	1.78479	1.17059	0.519222
ENSDARG00000028082	1.58456	1.49846	1.51481	0.927181	0.900257	1.14278	1.74143	0.514747	0.603981
ENSDARG00000028086	3.56669	2.11083	2.82731	1.52668	0.993371	1.84141	4.06076	1.72219	1.11619
ENSDARG00000028087	2.0839	1.00458	2.15259	0.206287	0.300716	0.345676	0.466678	0.330498	0.103748
ENSDARG00000028088	0.8161	1.21273	2.13735	0.249386	0.382363	0.23884	0.386744	0.284435	0.26536
ENSDARG00000028106	1.22756	1.6802	1.92664	0.718561	0.683341	1.81959	2.09738	0.774218	0.201009
ENSDARG00000028118	0.492898	0.524783	0.520097	0.180282	0.270832	0.317814	1.09918	0.77281	0.288026
ENSDARG00000028119	48.9687	49.9851	47.5695	23.1371	28.1063	41.6635	74.8865	55.1261	22.6311
ENSDARG00000028163	4.51764	7.72827	3.62035	1.853	9.62725e-07	0.926315	2.46722e-05	0.194334	0.000216247
ENSDARG00000028198	7.96341	7.03687	8.3397	12.7465	9.56429	15.5417	11.0527	6.02392	2.13095
ENSDARG00000028213	0.137986	0.0249777	0.0362316	0.0402974	0.013259	0.0215836	0.0113269	0.00104602	0
ENSDARG00000028228	2.69602	3.11907	3.09567	0.782174	1.38623	1.3009	2.81521	1.32106	1.23913
ENSDARG00000028252	4.33998	3.76887	4.56756	1.0985	1.2934	1.80937	4.56546	3.16737	1.27881
ENSDARG00000028295	72.424	72.1541	81.1165	44.9301	49.7957	60.5309	38.8755	29.4442	23.319
ENSDARG00000028321	6.08342	9.40719	6.75973	1.89931	2.82128	3.99379	3.49501	2.13473	1.84171
ENSDARG00000028322	0.41269	0.604917	0.619124	0.407157	0.352854	0.343459	0.896341	0.213907	0.164053
ENSDARG00000028323	5.27106	6.32976	3.37229	1.38648	1.23571	1.38816	1.60433	0.914458	0.490665
ENSDARG00000028327	4.54908	3.94082	4.0266	2.22268	2.19344	3.07723	2.21497	1.02782	0.662546
ENSDARG00000028335	356.846	149.863	66.5834	132.059	54.4027	38.2398	69.4365	41.1372	20.6495
ENSDARG00000028367	0.752781	1.03508	0.900809	0.250378	0.0837414	0.128446	0.392699	0	0
ENSDARG00000028379	1.60563	1.07211	1.78069	0.604681	1.24795	2.08582	2.8983	0.644507	0.418797
ENSDARG00000028387	1.22063	0.183553	0.0466173	0.213395	0.0399915	0	0	0	0
ENSDARG00000028389	1.14761	0.336753	0	0.16352	0.0708893	0.0144688	0	0.0108936	0
ENSDARG00000028396	1.29837	1.47271	1.23628	0.153761	0.292511	0.777763	0.820633	0.199971	0.0908161
ENSDARG00000028401	8.97346	8.66823	7.65342	6.39257	4.96197	7.42679	6.80402	4.20347	2.35431
ENSDARG00000028415	4.08838	2.58389	3.46918	2.39356	2.59708	1.53979	2.56855	1.26263	1.13541
ENSDARG00000028431	12.6002	11.1459	12.005	6.58816	8.21744	9.36192	15.4915	9.86148	4.27111
ENSDARG00000028475	0.967679	1.2505	0.862399	0.525901	0.481539	0.81856	1.22227	0.679039	0.218939
ENSDARG00000028476	0.290467	0.255115	0.227422	1.03431	1.2085	1.53048	0.592875	0.343319	0.55368
ENSDARG00000028514	89.7253	21.4319	3.86534	60.9565	16.7409	4.42173	15.2965	7.83498	5.64277
ENSDARG00000028517	1.08552	1.32299	0.827252	0.0711503	0.520905	0.462846	0.625319	0.257863	0
ENSDARG00000028523	4.53787	8.309	5.80968	3.50978	1.34481	3.65258	2.94526	2.1062	0.894159
ENSDARG00000028533	8.56013	9.71932	9.57737	5.3559	3.6743	6.10138	8.49451	4.35021	2.36582
ENSDARG00000028539	6.2625	8.34562	7.02918	3.79879	4.61209	6.17583	8.44414	4.48015	2.87562
ENSDARG00000028542	15.3951	11.214	8.62192	4.32395	2.34634	2.44928	3.99928	1.87383	1.59779
ENSDARG00000028543	3.57963	4.12956	5.3969	2.78111	3.53269	4.02209	12.0947	4.59437	2.35487
ENSDARG00000028546	1.29436	1.48217	1.42381	0.743001	0.523455	1.23371	1.07111	0.551715	0.380382
ENSDARG00000028559	2.37826	2.28691	0.799503	0.973844	0.633404	1.00905	1.9535	0.954039	0.24924
ENSDARG00000028581	1.5696	1.27518	1.93883	0.333271	0.580892	0.395316	0.83538	0.722915	0.501579
ENSDARG00000028614	9.96803	9.64114	7.12909	2.33953	2.09811	2.9786	2.44932	0.85041	0.659956
ENSDARG00000028657	3.68217	3.97049	3.37374	1.15828	1.38123	1.16793	5.20017	2.25189	1.92075
ENSDARG00000028688	5.07478	4.55116	2.76543	1.46022	1.17625	1.11846	1.00536	0.186031	0.77159
ENSDARG00000028699	4.72584	5.64714	7.03505	2.20448	2.694	2.90784	4.56022	2.68531	1.7725
ENSDARG00000028715	3.49761	4.23429	4.25902	1.80358	1.77146	3.33004	3.17654	1.66356	0.887066
ENSDARG00000028721	4.55025	5.2532	3.60429	2.33303	1.78541	1.90356	3.42316	1.67658	1.54755
ENSDARG00000028748	6.7318	6.68982	5.91019	3.42218	3.0384	4.26282	5.53519	2.50182	1.28839
ENSDARG00000028784	3.8664	4.48715	6.85831	1.53269	1.36752	2.5799	2.01179	2.02892	1.11888
ENSDARG00000028800	4.03903	3.94231	4.36729	1.98922	2.97101	3.65802	4.73799	3.69699	2.40994
ENSDARG00000028842	1.42384	1.95457	1.08265	0.802511	0.910711	0.763683	1.53378	1.03363	0.693085
ENSDARG00000028848	5.35276	4.80005	3.81251	1.9453	2.6508	2.03881	2.63251	0.903561	1.10595
ENSDARG00000028889	4.1005	2.00519	1.95968	0.167511	0.156386	0.318783	1.58078	0.417467	0
ENSDARG00000028894	11.3323	10.5776	9.95365	3.73833	3.22596	4.74164	1.70362	1.34991	0.489751
ENSDARG00000028896	2.14307	2.85217	2.03097	0.712398	1.05007	0.911829	1.18095	0.629066	0.636193
ENSDARG00000028900	2.5777	1.03611	0.237482	0.976921	0.273821	0	0.148532	0.035262	0.0670919
ENSDARG00000028937	0.964272	0.280376	1.1198	0.193275	0.344921	0.535549	0.923872	0.0866087	0.166729
ENSDARG00000028957	1.38785	1.07314	1.11665	0.730125	0.22637	0.234752	0.669882	0.402396	0.372702
ENSDARG00000028971	10.8965	14.5929	12.0452	3.84231	3.88519	4.99892	6.7432	3.79844	1.87687
ENSDARG00000028976	2.28625	3.74734	2.14054	0.907472	1.7358	2.08291	1.46504	1.38023	1.06572
ENSDARG00000028982	4.48146	4.23742	3.1431	3.72277	2.00521	3.36946	2.53134	0.819982	0.474307
ENSDARG00000029003	20.9059	19.059	14.3309	6.44214	5.67836	7.44279	10.1345	2.44722	2.06584
ENSDARG00000029011	1.48185	1.3843	2.33687	0.696928	0.925358	0.856745	1.29154	0.421266	1.00514
ENSDARG00000029019	0.410432	0.390691	0.19301	0.195958	0.223917	0.109269	0.0406047	0	0.0752768
ENSDARG00000029036	5.67742	3.58957	3.97037	2.40414	3.56682	2.90192	2.24495	0.899814	0.523174
ENSDARG00000029043	2.15297	2.0908	0.957827	1.49728	0.178796	0.531678	0.490817	0.31228	0.205998
ENSDARG00000029045	2.04992	2.65393	2.68093	1.8264	1.94103	3.22316	4.72902	3.77944	2.89111
ENSDARG00000029058	5.12562	4.30044	3.47001	2.78054	3.19083	2.58659	5.67582	3.58897	1.57355
ENSDARG00000029063	1.69585	2.97427	4.13126	1.26664	1.40689	0.842375	2.35696	0.77349	0.284847
ENSDARG00000029071	2.11515	2.98824	2.91331	1.47453	2.59686	4.87013	1.84264	1.30926	0.348758
ENSDARG00000029072	1.4869	1.51469	1.13203	1.00444	0.783467	1.06099	1.76945	1.25835	0.483216
ENSDARG00000029075	3.20035	2.11552	1.88995	3.02542	1.84165	2.33052	2.23731	1.37346	0.476756
ENSDARG00000029100	1.69077	1.71581	2.18664	0.573015	0.77718	0.927723	0.777359	0.284694	0.0521072
ENSDARG00000029107	2.67204	3.05429	3.04291	1.85144	2.58545	2.63332	5.48328	2.7728	1.08495
ENSDARG00000029117	1.2267	2.05205	0.28457	0.300062	0.373747	0.358648	0.237308	0.828609	0.11684
ENSDARG00000029133	2.51488	3.30084	2.76683	1.10442	1.65889	1.64191	2.55549	1.95405	1.46194
ENSDARG00000029135	0.711158	1.44307	0.64493	1.27891	0.83502	0.779584	1.81212	1.13428	0.351569
ENSDARG00000029146	7.16319	9.13827	9.60217	4.31927	5.59191	6.66766	6.13396	4.30878	3.44558
ENSDARG00000029150	28.7815	36.0529	29.5189	13.2418	18.5072	18.5278	34.1056	20.9849	12.5773
ENSDARG00000029157	2.44346	2.5124	1.96175	1.18441	1.55799	1.61029	3.71222	2.45876	1.89287
ENSDARG00000029168	3.14489	3.7653	2.81571	1.32709	3.33658	2.39203	6.10375	2.91912	1.85209
ENSDARG00000029170	5.5678	8.37947	5.34613	3.67314	4.12532	5.19747	12.3827	5.22169	5.55546
ENSDARG00000029172	7.60659	8.95147	7.87601	2.90772	3.2719	3.62258	5.58243	3.00106	1.20458
ENSDARG00000029215	2.06588	3.15689	5.44116	1.25615	1.27075	1.66993	5.20738	2.24187	1.68181
ENSDARG00000029218	3.99319	6.56891	6.83187	1.5477	2.80968	1.97374	6.09984	4.74238	3.33694
ENSDARG00000029234	0.424935	0.286771	0.592432	0.289932	0.275056	0.300105	0.522054	0.295728	0.314088
ENSDARG00000029241	7.79454	6.15434	5.186	1.77997	2.98846	4.03905	4.30004	2.18368	2.01003
ENSDARG00000029248	18.9183	11.6637	8.96404	6.75518	4.93495	5.70469	7.9923	4.07407	1.99092
ENSDARG00000029250	0.447448	0.476301	0.237986	0.460878	0.277148	0.197617	0.926081	0.383805	0.196185
ENSDARG00000029252	11.5573	11.485	11.5915	4.79738	5.24708	7.78043	8.95978	4.93861	1.66385
ENSDARG00000029291	3.02844	2.85209	2.5273	0.791625	0.753081	0.752824	1.04584	0.354336	0.428088
ENSDARG00000029292	2.50636	3.39971	4.66293	1.85975	2.19664	1.43643	2.29049	1.93301	1.1123
ENSDARG00000029296	0.33669	0.55415	0.194347	0.0829739	0.0269532	0.214207	0.402272	0.189318	0.150332
ENSDARG00000029305	33.7484	37.4575	35.0567	23.1421	15.2823	28.8715	46.5316	20.6229	15.6941
ENSDARG00000029331	0.882841	0.568135	0.455714	0.457416	0.428422	0.955859	0.806398	0.723408	0.441685
ENSDARG00000029353	5.08679	6.36669	4.5343	2.38555	3.21737	2.86214	5.01929	2.95346	1.45168
ENSDARG00000029356	9.73829	11.1266	9.65895	3.56635	3.4702	7.26387	9.31456	3.90586	2.40391
ENSDARG00000029358	3.34491	2.30603	3.4053	1.44455	1.24715	1.38607	2.72715	1.20999	0.881448
ENSDARG00000029374	1.27543	0.97221	0.713892	0.615081	0.967952	1.12229	2.17191	1.39033	0.734931
ENSDARG00000029394	22.8543	28.765	23.9301	10.0589	12.7454	10.4802	27.4401	17.1898	7.77918
ENSDARG00000029402	0.860889	0.791137	0.794206	0.798385	0.777611	0.787664	1.66198	0.517898	0.514518
ENSDARG00000029406	8.66627	1.20505	0	2.33599	0.854509	0	0.307317	0.963337	0.324143
ENSDARG00000029419	34.6586	33.2196	20.9444	4.70464	4.54225	4.39793	7.82021	4.24623	2.28466
ENSDARG00000029439	32.0458	41.5122	37.0625	10.0953	14.3723	18.5276	19.7376	12.2732	10.2712
ENSDARG00000029445	96.3529	107.045	114.488	38.996	36.5747	58.4535	24.1004	10.2331	5.35631
ENSDARG00000029472	2.74636	2.51076	2.7603	1.86434	2.3327	1.90581	9.32916	5.65365	4.20569
ENSDARG00000029474	0.196709	0.264933	0.278735	0.0901862	0.0687014	0.11573	0.355745	0.137938	0.14421
ENSDARG00000029479	0.979516	1.36848	1.07136	0.350009	0.45247	0.22732	2.01553	0.638816	0.250696
ENSDARG00000029480	1.95489	1.90878	1.98642	0.742331	0.936118	1.1994	1.423	0.699462	0.577663
ENSDARG00000029482	0.601603	0.539277	0.638195	0.304478	0.378203	0.430949	0.970015	0.53904	0.417516
ENSDARG00000029500	9.16955	12.8372	10.1236	0.868112	2.66872	3.692	5.11131	2.10796	2.02928
ENSDARG00000029501	1.57769	3.20705	2.99627	1.11646	1.43099	1.4809	1.7112	1.22386	0.63098
ENSDARG00000029510	4.52565	5.65664	4.02285	1.94338	2.82239	2.67876	2.63228	1.8005	0.568023
ENSDARG00000029533	16.8213	23.0998	17.0543	2.49637	3.80173	2.93078	5.07155	3.37151	0.894425
ENSDARG00000029556	2.41157	3.63875	5.06001	1.58047	2.30037	2.87809	4.4909	1.88624	1.44611
ENSDARG00000029569	0.707391	1.4085	0.761411	0.819406	0.232331	0.631086	0.914015	0.129685	0.118835
ENSDARG00000029581	5.77734	3.95048	2.19914	1.80835	0.588176	0.601152	1.50875	0.710446	0.476991
ENSDARG00000029600	3.95225	3.85634	2.88042	2.97045	3.57011	2.52419	5.64956	3.10033	2.19011
ENSDARG00000029612	22.1733	26.4483	27.7121	5.45289	5.12139	7.47308	12.9385	4.86224	2.5393
ENSDARG00000029615	4.86893	3.32889	1.80681	1.19802	1.11159	0.787844	0.812412	0.235895	0.158496
ENSDARG00000029621	2.52156	2.40685	4.43362	0.228889	0.743006	0.467565	1.86271	0.990902	0.476119
ENSDARG00000029639	2.38208	3.07349	1.98886	1.59227	1.69282	2.09293	3.95408	1.76376	1.36916
ENSDARG00000029671	2.89734	3.07679	3.49352	2.89987	3.47836	4.91642	4.07565	3.30876	1.76926
ENSDARG00000029692	3.09493	2.70326	3.11897	1.18676	0.77599	1.27218	1.80745	1.68088	0.743543
ENSDARG00000029695	0.745819	2.00313	1.26236	0.232219	0.651719	0.663687	1.61001	0.619844	0.390959
ENSDARG00000029722	89.135	53.1126	64.3835	28.3425	19.0759	25.1929	21.9405	6.63334	3.25866
ENSDARG00000029724	18.1531	22.9032	11.6514	5.55573	3.87545	6.4575	7.57954	4.09854	3.56154
ENSDARG00000029751	0.991262	1.21266	1.00437	0.822303	0.769558	0.597599	0.818248	0.922136	0.377794
ENSDARG00000029761	3.19369	2.40733	1.90942	2.07235	1.32759	2.00602	2.07358	1.1045	0.563476
ENSDARG00000029768	5.67102	6.86837	4.96246	2.83482	3.84161	3.96538	6.37604	3.39854	2.05219
ENSDARG00000029783	10.6455	10.6459	12.3504	3.91869	5.04443	5.64875	8.41572	2.54373	2.06497
ENSDARG00000029795	5.31222	6.00614	3.87205	2.69145	2.52202	2.10446	5.07052	2.00233	1.56207
ENSDARG00000029805	4.01305	5.2022	3.90656	3.29317	3.96156	3.9232	12.912	10.4398	7.24166
ENSDARG00000029818	294.166	73.4055	22.9354	107.478	20.3557	9.43003	4.50021	1.62619	2.56915
ENSDARG00000029856	3.0865	5.59919	4.53109	1.50114	1.80587	2.91764	3.77816	2.46847	1.30333
ENSDARG00000029885	3.48574	2.94938	2.59507	1.37093	1.5494	1.98134	5.637	2.74573	1.3956
ENSDARG00000029905	0.84829	1.4301	1.15709	1.1122	2.48434	0.776496	4.03002	3.53492	2.0179
ENSDARG00000029911	10.9869	13.0624	13.1516	4.97024	5.69382	6.14916	13.4993	9.42614	5.77761
ENSDARG00000029925	1.83756	2.02428	2.90553	1.15316	0.930448	1.10343	2.16598	1.6027	1.10537
ENSDARG00000029931	4.7424	11.3297	7.17098	1.35	1.6252	1.61429	2.3401	1.48545	1.20408
ENSDARG00000029944	4.91026	5.53141	6.47903	2.61354	2.45655	4.36051	4.06976	2.41099	1.47539
ENSDARG00000029975	1.70597	1.25436	2.50404	1.20636	1.36669	1.3461	1.04451	1.47662	0.49781
ENSDARG00000030004	1.33699	0.809292	0.78659	0.692943	0.383834	0.688627	1.92283	1.18738	0.802609
ENSDARG00000030012	4.57062	4.53462	3.57137	1.4979	1.32094	2.24766	3.02116	0.973725	0.625874
ENSDARG00000030020	4.27693	4.6661	7.00588	1.60217	2.19542	3.01031	5.77362	4.22803	3.53491
ENSDARG00000030022	2.31035	3.31078	3.48005	1.48269	1.77905	2.07339	2.59519	1.52817	1.45704
ENSDARG00000030038	0.807619	1.50941	1.21385	0.898331	0.306265	1.01912	1.52935	0.599643	0.158207
ENSDARG00000030053	1.02967	0.271966	0.759385	0.219534	0.697399	1.92042	2.21657	1.14715	0.383252
ENSDARG00000030064	2.6909	2.30079	3.10631	0.832889	1.07921	1.71224	2.52299	1.20663	0.280904
ENSDARG00000030087	1.08135	0.615464	1.24594	0.402876	0.732067	0.765799	1.02941	0.50696	0.471516
ENSDARG00000030092	2.35573	1.27056	3.39491	3.03028	1.57818	1.9707	4.25346	1.18187	1.19977
ENSDARG00000030107	2.94672	3.2871	1.40317	2.07538	2.05316	1.58024	0.93918	1.02388	0.816099
ENSDARG00000030114	2.46776	4.13485	1.32856	0.90827	0.142552	0.987508	5.3775	3.86147	1.95497
ENSDARG00000030116	2.6568	2.07838	1.96132	1.32905	1.42602	1.36872	3.08232	1.98574	1.43284
ENSDARG00000030129	1.73224	1.07791	0.367397	0.636873	0.496294	0.361186	1.62867	0.891333	0.854199
ENSDARG00000030139	1.48942	2.05627	0.675341	0.184501	0.452673	0.373186	0.720161	0.265073	0.118421
ENSDARG00000030146	0.298999	0.642713	0.543355	0.177507	0.740225	0.595087	1.53093	1.20348	0.410928
ENSDARG00000030153	3.84353	4.92765	3.87094	1.43919	1.91335	2.62546	3.31988	3.19594	1.28522
ENSDARG00000030154	0.137022	0.094244	0.00475534	0.229048	0.135126	0.113213	0.101709	0.0685384	0.0397074
ENSDARG00000030155	10.9833	14.2804	11.8347	4.74255	4.82434	6.83466	9.33724	4.48525	3.01566
ENSDARG00000030161	1.52086	0.775071	0.413951	0.688298	0.394234	0.485277	0.602294	0.349093	0.211087
ENSDARG00000030173	1.00349	0.483307	1.02765	0.508335	0.766175	0.84483	1.30214	0.618097	0.316265
ENSDARG00000030213	3.63487	4.12671	2.08625	3.25783	2.86354	2.74464	3.56614	3.01648	3.01864
ENSDARG00000030236	0.30734	0.340029	0.274502	0.26348	0.234909	0.383328	0.722019	0.278271	0.24289
ENSDARG00000030237	93.6273	135.397	107.751	28.4721	38.1611	50.5682	112.824	44.8761	27.5284
ENSDARG00000030241	0.494924	1.69271	2.11247	0.264856	0.342857	0.602275	0.818488	0.42489	0.128218
ENSDARG00000030250	1.94105	0.924761	1.74138	0.677421	0.676216	0.404682	1.64536	0.714153	0.415344
ENSDARG00000030267	2.15167	2.18662	2.60816	0.668	0.443577	1.15573	3.7227	1.88645	1.06355
ENSDARG00000030289	0.23152	0.318206	0.352128	0.0484683	0.0616254	0.168667	0.269659	0.129869	0.163325
ENSDARG00000030297	3.65786	3.73126	4.66782	1.53741	2.09569	2.47692	5.0878	2.22543	1.31714
ENSDARG00000030326	1.10666	0.600577	0.0299418	0.601929	0.0725451	0	0	0	0
ENSDARG00000030335	1.75999	0.936576	1.41892	0.638964	0.617423	0.423944	1.1646	0.395461	0.124564
ENSDARG00000030367	0.685344	0.16919	0	0.181709	0.0345633	0.0694232	0.0335842	0.11857	0
ENSDARG00000030368	7.03985	9.67693	8.91536	2.77034	2.96677	3.9761	8.06032	3.82355	2.37902
ENSDARG00000030376	0.140248	0.148872	0.19493	0.102548	0.170841	0.0899285	0.225246	0.172292	0.0455232
ENSDARG00000030408	21.3233	9.82433	5.39805	2.04906	0.744562	1.87367	3.72889	2.42231	0.278876
ENSDARG00000030417	0.165687	0.265568	0.193001	0.124955	0.105207	0.135268	0.159085	0.113644	0.0406104
ENSDARG00000030440	12.9247	6.44463	1.71697	5.23904	1.332	1.27972	2.81776	2.15302	0.934845
ENSDARG00000030441	9.10974	7.89402	4.53099	0.997796	2.03028	2.38475	1.73173	0.685629	1.16855
ENSDARG00000030448	1.75617	2.00399	1.62984	1.0271	1.09947	1.61569	1.09033	0.562571	0.474903
ENSDARG00000030465	2.60608	2.65421	2.83056	0.994383	1.06686	2.20506	2.31248	1.00672	0.466277
ENSDARG00000030479	6.19078	5.60002	6.6899	3.18104	2.39243	4.6735	2.87533	0.811992	0.264196
ENSDARG00000030508	4.65638	1.19157	0.288284	0.298748	0.139995	0.139541	0.665914	0.740733	0
ENSDARG00000030532	4.95218	6.7512	5.12629	1.86732	3.07504	3.01403	5.15132	3.40541	2.43679
ENSDARG00000030548	2.72621	2.58268	3.34869	1.61864	1.65036	2.48707	1.20925	0.712761	0
ENSDARG00000030560	2.18378	2.40061	2.96153	1.04719	1.05026	0.731458	2.93517	2.60658	2.63638
ENSDARG00000030563	2.63598	2.79915	2.50578	1.90109	1.26754	2.76309	1.61345	0.797509	0.283023
ENSDARG00000030583	12.7008	20.2626	18.822	2.59443	3.17135	4.85971	6.76382	5.94552	3.76788
ENSDARG00000030585	6.58964	9.98083	6.10855	0.59404	1.32575	1.87848	3.48925	4.38655	2.58609
ENSDARG00000030591	1.36348	0.954018	0.772593	0.5266	1.48761	2.02736	2.73362	1.02831	0.785375
ENSDARG00000030608	1.60039	1.71079	1.2926	0.908488	1.01632	1.95012	1.5035	1.43257	1.47322
ENSDARG00000030630	1.37219	0.905379	1.42662	0.84418	0.681897	0.707301	1.76918	0.924391	0.219608
ENSDARG00000030633	0.672361	1.32116	0.504849	0.421108	0.446503	0.486209	1.91578	0.830564	1.29412
ENSDARG00000030634	6.96199	0.268272	0.182065	1.23849	0.0840327	0	0	0	0.0193817
ENSDARG00000030638	0.485341	1.14478	1.28197	0.816096	0.700667	0.884497	2.24683	1.75123	1.71655
ENSDARG00000030641	1.70577	3.57421	5.79722	1.1098	1.11774	1.63661	4.25038	1.79138	1.72164
ENSDARG00000030665	9.34689	11.766	12.9508	5.94035	5.27496	5.61081	9.46425	7.37387	5.67703
ENSDARG00000030694	0.558742	1.28568	0.822493	0.67501	0.551144	1.49331	1.38395	0.249482	0.077727
ENSDARG00000030700	5.8262	3.5553	3.43023	3.14492	1.83213	1.69802	1.04007	0.689167	0.259175
ENSDARG00000030703	6.47204	1.06516	0	1.78713	0.207255	0	0.15673	0.077374	0.0766203
ENSDARG00000030716	3.01704	1.9758	2.40774	1.12373	0.448786	1.69075	1.01138	0.445169	0.234008
ENSDARG00000030737	5.81635	6.64232	3.31583	2.21419	2.05997	1.95495	1.53545	0.755757	0.390979
ENSDARG00000030753	3.75409	4.21048	3.73379	0.997516	2.06219	1.29052	2.1294	0.760983	0.461909
ENSDARG00000030756	34.9741	53.7826	55.2213	18.3224	23.59	28.9312	38.921	21.9115	13.3004
ENSDARG00000030759	6.0245	6.83435	5.67309	3.2829	3.79523	2.98388	7.61997	4.83784	2.18469
ENSDARG00000030781	3.08509	4.32035	2.77268	0.979803	0.755969	1.86464	2.1159	1.58461	0.829645
ENSDARG00000030789	2.47115	2.09504	1.86265	0.700279	0.840902	0.926158	1.09691	0.728367	0.208555
ENSDARG00000030790	1.28943	2.07197	1.461	0.977115	1.13207	1.43928	3.44359	1.38201	1.71505
ENSDARG00000030804	0.24629	0.492418	0.419644	0.268384	0.650182	0.562101	0.359089	0.754841	0.2659
ENSDARG00000030805	4.05962	3.37405	1.86448	1.85588	0.542	0.660279	1.26538	0.255432	0.0485364
ENSDARG00000030824	0.895203	1.99234	1.45086	1.68473	1.00117	1.61746	6.63001	2.0059	1.14293
ENSDARG00000030830	3.57402	5.31449	2.445	1.2062	1.95153	2.16869	1.45091	0.989697	0.846893
ENSDARG00000030844	2.88356	4.38087	4.52118	0.700018	1.79153	1.80384	3.34125	4.34992	1.36356
ENSDARG00000030871	4.2405	3.94319	3.53566	1.40012	2.3939	2.75193	5.92619	2.84121	1.35613
ENSDARG00000030887	3.97286	2.26426	2.6541	0.977986	1.00165	1.39988	1.62782	1.25441	0.452063
ENSDARG00000030905	41.4218	10.2918	2.12618	12.5078	3.77417	1.30142	1.39816	0.655915	0.668625
ENSDARG00000030913	11.1415	13.9709	11.9752	3.82949	4.99673	5.77792	8.69137	6.02032	4.05512
ENSDARG00000030933	2.05736	3.88648	4.19696	0.969293	1.67559	1.58161	4.36114	2.26444	1.24174
ENSDARG00000030945	4.6632	5.95889	4.7965	2.84088	4.17571	4.32627	4.58306	2.90907	1.66986
ENSDARG00000030949	6.83195	5.90159	8.91047	2.96943	3.89435	4.86951	6.56751	2.17156	1.79697
ENSDARG00000030957	13.1321	14.9465	11.6686	4.6926	4.52055	5.03652	4.7621	1.99238	1.53156
ENSDARG00000030964	1.49387	2.80057	1.33813	0.96447	1.53621	1.46654	3.24403	1.71912	0.469441
ENSDARG00000030972	1.65328	1.96128	1.69441	0.610928	0.847224	0.712896	0.830849	0.508287	0.225832
ENSDARG00000030981	2.70929	0.930541	0.787991	0.806007	0.685091	0.533721	1.0037	0.397909	0.318265
ENSDARG00000030999	0.672885	0.312346	0.47449	0.215116	0.191467	0.227736	0.518093	0.276897	0.312046
ENSDARG00000031001	0.791928	0.852248	0.387005	0.218587	0.117762	0.59923	0.61214	0.309244	0.113047
ENSDARG00000031020	1.94048	2.34726	1.72396	1.10352	0.953449	1.51084	2.58259	1.48833	0.503446
ENSDARG00000031044	39.7837	39.8684	45.4399	9.20254	9.52561	14.6608	22.7909	8.98383	5.05948
ENSDARG00000031064	1.701	3.30549	2.57057	0.593299	1.13472	0.7356	2.58726	1.75653	2.14665
ENSDARG00000031098	2.04656	1.40668	2.83192	0.244145	0.444897	0.626463	1.36266	0.354971	0.283814
ENSDARG00000031108	8.05407	10.2013	8.82273	2.83457	3.58814	4.21117	4.70704	2.36479	1.54752
ENSDARG00000031116	3.79765	2.35151	2.72717	1.3293	0.522652	1.53385	1.1451	0.324811	0.15026
ENSDARG00000031119	7.85911	10.0508	9.95366	4.6471	5.31284	4.72577	14.7234	8.05089	4.21462
ENSDARG00000031138	19.3908	6.52834	0.223302	5.46379	1.33903	0.1098	0	0	0.116621
ENSDARG00000031153	0.575506	0.697084	0.730128	0.572578	0.759945	0.698684	0.819185	0.158101	0.0591946
ENSDARG00000031198	7.94085	10.0829	11.1455	1.12371	0.567675	1.92157	1.81816	0.674237	0.700188
ENSDARG00000031200	15.8643	20.5978	17.0227	5.73078	6.69734	8.40759	30.0283	15.4091	8.22043
ENSDARG00000031202	0.859547	1.31439	0.76042	0.49331	0.397061	0.44893	1.38172	0.606418	0.496894
ENSDARG00000031203	13.404	10.6388	6.43845	10.5894	6.63889	8.15167	9.9859	3.06029	1.4162
ENSDARG00000031214	2.72583	2.68974	2.8147	1.10778	1.66974	2.2057	3.12183	0.954511	0.54405
ENSDARG00000031216	17.8817	10.8963	8.84954	3.19439	1.9687	2.79066	2.26053	1.60482	1.32302
ENSDARG00000031240	1.27586	1.47514	0.997367	0.486366	0.642675	0.542808	1.41845	1.08055	0.691891
ENSDARG00000031246	1.77658	1.5485	0.74381	0.346843	0.198026	0.367233	0.906153	0.555103	0
ENSDARG00000031261	6.45682	5.93235	5.60251	3.32182	3.21386	4.62787	4.78417	1.49744	1.02415
ENSDARG00000031269	10.1066	9.19377	9.57965	3.22364	2.74091	3.11991	6.92784	3.09305	1.47375
ENSDARG00000031283	4.01444	1.40646	0	0.747778	0.168262	0	0.0455692	0.0366725	0.0642691
ENSDARG00000031293	3.34367	2.76129	2.20421	0.802792	2.13753	1.44037	2.86961	1.24331	0.407157
ENSDARG00000031302	1.26648	1.27334	1.34209	0.501183	1.44262	1.34834	2.47863	2.7636	0.689176
ENSDARG00000031317	47.5267	56.2567	50.7476	18.2472	17.424	21.7715	13.7752	7.71312	5.78932
ENSDARG00000031325	3.59235	5.23111	5.69332	1.09932	1.14965	1.16869	2.65561	1.06942	0.144205
ENSDARG00000031346	7.84021	8.25092	5.84301	5.51193	7.98537	6.01882	3.06706	1.84428	1.0974
ENSDARG00000031372	0.664224	0.508532	0.305627	0.284621	0.270235	0.0396192	0.102992	0.18805	0.0582284
ENSDARG00000031382	7.52545	10.1022	10.8631	3.42061	5.10395	5.54929	10.6109	3.04918	2.79948
ENSDARG00000031427	14.6822	17.2802	17.2732	5.90529	6.83062	8.01064	7.87781	4.34905	1.9007
ENSDARG00000031434	28.9295	35.7097	24.966	6.54696	7.10079	8.01698	16.0552	6.42461	4.38793
ENSDARG00000031435	8.00315	10.2939	10.9079	5.31676	3.59878	6.20675	7.67757	1.99305	1.21317
ENSDARG00000031439	1.38283	2.07854	1.86807	0.452374	0.922821	1.73062	1.98184	1.04018	0.58522
ENSDARG00000031455	4.30475	1.45498	0.42015	1.93751	0.0648212	0.337615	0	0.203582	0.0649138
ENSDARG00000031494	6.6348	7.30764	5.90126	3.61395	4.07276	3.52626	8.08982	4.55731	2.56397
ENSDARG00000031495	36.1378	30.4871	21.2473	14.9777	11.0458	12.7578	12.4359	4.4137	2.12098
ENSDARG00000031496	0.243383	0.259015	0.265762	0.175845	0.108176	0.13785	0.549612	0.174109	0.102183
ENSDARG00000031506	1.70472	1.46012	1.49096	0.446688	0.565932	0.475088	2.05861	0.825422	0.277699
ENSDARG00000031511	10.2332	7.85139	5.66793	3.03466	2.53412	1.84738	1.75457	0.851555	0.673771
ENSDARG00000031560	5.73736	9.12851	6.1975	1.86689	2.26561	2.447	7.09505	3.20588	2.28787
ENSDARG00000031562	1.41451	0.774299	1.30968	0.273613	0.385302	0.739088	1.20974	0.30652	0.498722
ENSDARG00000031565	2.097	0.960805	1.72545	0.641893	0.839189	1.62745	3.52905	2.04572	1.16033
ENSDARG00000031637	9.79069	8.8432	13.213	5.08451	6.45684	6.79577	19.1131	11.6357	7.11352
ENSDARG00000031651	2.77047	4.1253	3.36184	1.89273	2.4586	2.32887	6.2127	2.74573	3.3324
ENSDARG00000031658	0.467641	0.554563	0.295612	0.121307	0.0471627	0.331244	0.399583	0.318134	1.04095
ENSDARG00000031681	1.27979	1.47048	1.0991	1.04202	0.973986	0.879361	1.17571	0.538578	0.477489
ENSDARG00000031683	36.4718	12.7583	0.65125	6.75428	4.46457	0.307997	0.371997	1.069	0
ENSDARG00000031720	6.37385	9.23613	7.53671	4.09697	5.66525	6.79009	20.363	8.40476	4.9145
ENSDARG00000031761	21.292	34.2434	28.6188	17.2169	20.8025	26.6908	79.095	43.8715	22.6196
ENSDARG00000031768	1.17585	0.672543	1.31389	0.195694	0.348612	0.166185	0.487242	0.380976	0.0501798
ENSDARG00000031770	11.631	11.1843	10.1437	6.22116	7.58498	8.18018	10.3864	4.85747	4.55312
ENSDARG00000031774	2.59533	1.81646	0.821369	1.22018	0.72411	0.888294	0.908119	0.75378	0.359432
ENSDARG00000031775	5.14856	5.46625	5.60556	2.54398	3.1406	3.21792	6.20169	2.66624	2.83818
ENSDARG00000031776	21.7912	11.3887	7.72157	7.23273	4.05239	6.49539	6.79414	5.11845	1.68266
ENSDARG00000031783	0.85377	0.413614	1.98293	0.234949	0.340328	1.80029	4.37068	1.38843	0
ENSDARG00000031795	17.0782	20.5655	16.8555	6.21209	4.94966	6.00623	7.75307	3.09071	1.53121
ENSDARG00000031819	6.08098	6.80847	5.98843	2.73123	3.46603	5.66875	8.57584	3.82234	2.66671
ENSDARG00000031836	0.862973	1.6281	1.3119	0.591117	0.595593	0.673098	1.67747	1.11637	0.784597
ENSDARG00000031845	6.81284	5.41606	4.14293	2.36222	3.05955	2.35724	5.90863	2.01988	1.4872
ENSDARG00000031848	3.18405	2.08252	5.4445	1.86507	1.23386	1.4777	5.44527	1.86677	1.33473
ENSDARG00000031886	1.2907	0.941782	0.621466	0.812766	0.430138	0.644916	0.821853	0.653916	0.0968503
ENSDARG00000031888	3.79668	3.42605	4.07631	1.63532	1.51464	1.15663	3.25179	2.3006	1.62421
ENSDARG00000031890	1.47913	1.76348	1.37063	0.581354	0.718616	0.764954	0.996426	0.352811	0.230941
ENSDARG00000031894	2.59178	4.19627	4.62405	2.2778	2.99816	3.56233	5.69375	3.18152	2.20108
ENSDARG00000031907	27.0085	11.2421	7.21533	7.66359	8.27534	4.17996	14.937	9.74104	6.089
ENSDARG00000031915	5.37156	8.01798	7.8317	4.68491	5.58651	5.91371	6.34484	3.72203	1.6838
ENSDARG00000031929	17.6925	6.40439	3.79278	5.85683	2.22816	2.52208	3.2338	1.58527	0.648073
ENSDARG00000031930	1.12174	1.64986	2.57917	0.750893	0.926371	0.666748	2.34376	0.945663	1.79604
ENSDARG00000031956	1.63704	2.59968	3.3416	1.6145	1.83189	2.34869	2.39609	1.80926	0.958371
ENSDARG00000031981	5.63379	3.54633	4.70026	1.75022	1.72815	2.48693	2.34791	1.35525	1.73413
ENSDARG00000031985	9.24549	11.4942	11.0226	2.37287	2.21084	4.72791	4.03006	2.12825	1.41256
ENSDARG00000032010	0.775557	0.885329	0.472116	0.271004	0.4099	0.399349	0.370074	0.198607	0.0727571
ENSDARG00000032013	9.65514	12.169	10.775	5.5098	5.71713	7.2974	13.132	7.69649	5.98472
ENSDARG00000032037	5.23706	4.37251	3.07672	1.84165	0.842469	2.44738	1.0976	0.787551	1.17437
ENSDARG00000032039	1.63741	0.690797	1.07042	0.62884	0.25747	0.259985	1.15487	0.834585	0.134629
ENSDARG00000032049	0.94199	1.6594	0.979399	0.410479	0.590003	0.470131	1.3444	1.13996	0.974002
ENSDARG00000032056	1.79439	1.28838	1.13887	0.284385	0.894233	0.423063	0.461877	0.118252	0.132122
ENSDARG00000032072	0.898089	1.36066	1.9003	0.842078	1.12213	1.04259	2.68078	1.64967	1.14529
ENSDARG00000032087	0.788702	0.508976	0.986542	0.218149	0.204445	0.40913	0.380267	0.199231	0.226565
ENSDARG00000032103	10.4235	9.22704	10.6129	4.72645	6.50908	6.0632	18.7351	7.17091	4.98578
ENSDARG00000032114	5.37479	7.26562	5.64301	3.96695	3.93024	4.1127	11.067	8.1258	5.686
ENSDARG00000032116	1.81912	1.72473	1.54615	0.638827	1.39492	2.1836	2.07335	0.539356	0.786466
ENSDARG00000032117	0.217982	0.349337	0.482671	0.325295	0.355761	0.491072	0.28073	0.142086	0.0742429
ENSDARG00000032129	33.6201	42.6347	30.1539	8.99608	8.50672	8.33938	10.4946	4.68557	1.3007
ENSDARG00000032155	12.8848	12.3256	9.82971	4.73395	3.8548	5.28686	12.1584	6.14344	4.50071
ENSDARG00000032156	9.02182	10.1373	5.63481	6.26052	8.53506	5.97457	3.29717	2.79345	2.75925
ENSDARG00000032157	2.54035	2.16432	2.60606	0.779582	1.29459	1.34648	3.76034	1.3244	1.36435
ENSDARG00000032175	13.6312	14.8305	15.9588	5.73384	5.36748	8.04996	6.45794	4.40141	2.94567
ENSDARG00000032188	5.42056	6.3765	5.96171	3.13168	3.2347	3.01512	11.1513	6.47138	3.39044
ENSDARG00000032211	0.812995	0.502033	0.928771	0.596476	0.151423	1.10089	0.629014	0.754061	0.146007
ENSDARG00000032218	0.683965	0.641452	0.398195	0.206618	0.230265	0.219394	0.165441	0.329208	0.336202
ENSDARG00000032221	5.08354	7.29363	6.83616	1.55165	2.98139	2.95282	5.68385	5.30653	4.5549
ENSDARG00000032237	3.69976	3.71686	4.29677	0.925826	1.31936	1.67904	2.89787	1.00658	0.465918
ENSDARG00000032261	0.675589	0.334929	0.618624	0.279663	0.625024	0.40851	0.292551	0.154688	0.401611
ENSDARG00000032263	1.54764	2.13165	2.27967	0.728658	0.855895	1.46865	2.03303	0.700885	0.447942
ENSDARG00000032264	3.28232	5.08919	4.86322	2.18927	3.08303	2.59114	6.37383	3.14166	1.45254
ENSDARG00000032296	4.79545	3.43784	3.61268	0.203689	0.365234	0.556576	1.05577	0.199633	0.76561
ENSDARG00000032318	1.39896	0.361098	0.20104	0.128156	0	0.0804889	0.969792	0.215641	0.0412143
ENSDARG00000032324	9.96196	12.6253	12.7007	4.1123	6.22892	8.3654	12.9776	8.55332	4.76173
ENSDARG00000032327	10.669	13.8923	10.2614	3.61595	4.68687	4.67641	10.3482	6.41297	4.6788
ENSDARG00000032353	9.00315	11.3599	7.56299	2.73755	2.55281	2.80332	6.18585	4.84103	3.28338
ENSDARG00000032373	4.80406	5.59523	4.85468	2.10148	2.05392	2.26781	3.37916	1.53281	0.660054
ENSDARG00000032426	1.86608	1.43091	1.68866	0.393544	0.514215	1.07733	1.29507	0.142112	0.311761
ENSDARG00000032430	8.0025	8.01021	8.94378	2.34219	1.80226	3.58368	3.04362	1.44326	1.27141
ENSDARG00000032458	2.54555	3.57297	2.2257	1.63215	1.32414	1.60643	3.10114	1.89323	1.25905
ENSDARG00000032459	1.56345	1.74783	1.32962	0.694227	1.02433	1.21991	0.805677	0.961198	0.424637
ENSDARG00000032493	4.48403	8.01065	5.84294	3.63967	5.04226	5.79231	7.91537	2.72752	2.31916
ENSDARG00000032505	10.843	4.6583	3.88276	8.22678	4.35875	5.04277	2.41921	1.75516	0.345533
ENSDARG00000032516	5.37671	5.82919	4.15552	3.12081	3.04035	2.7718	3.85367	0.615939	0.687627
ENSDARG00000032532	0.265442	0.381246	0.470014	0.249871	0.196738	0.274926	0.273913	0.0558984	0.117536
ENSDARG00000032552	0.927148	2.30775	1.68409	0.423598	0.8767	1.3635	3.37173	1.94336	1.74939
ENSDARG00000032575	16.8872	20.2038	18.8902	10.6995	9.93456	10.3405	11.7682	6.67777	3.06525
ENSDARG00000032577	1.77015	2.45897	2.23961	1.13318	1.55887	1.89614	2.4369	1.74801	0.997479
ENSDARG00000032601	4.34268	5.69567	5.38665	0.95609	1.54134	1.56132	4.24313	1.41476	0.747399
ENSDARG00000032603	0.777417	1.21844	0.372932	0.132466	0.427849	0.124558	0.968645	0.497535	0.236541
ENSDARG00000032606	9.70652	14.566	13.9893	6.15489	6.00891	9.11439	7.72963	3.14708	2.04779
ENSDARG00000032619	20.5579	14.8627	10.1855	5.67429	4.11478	4.67181	7.97403	4.24518	3.19043
ENSDARG00000032627	2.34895	3.79402	3.71163	1.12048	1.68794	1.29081	4.74019	2.04074	1.34104
ENSDARG00000032637	7.32582	2.491	0.359401	4.89932	0.837759	0.238424	0	0.628743	0.907556
ENSDARG00000032651	18.1789	8.49997	5.0692	11.9678	7.05421	6.91114	11.7748	7.8018	5.35136
ENSDARG00000032708	2.17851	0.658686	0.0941992	1.0233	0.305084	0.231573	0.0751122	0.0658202	0.0597692
ENSDARG00000032725	12.9935	8.68661	9.08395	3.69551	3.48597	4.34718	3.64823	4.45356	1.49191
ENSDARG00000032738	0.691892	0.161675	0.23736	0.430004	0.201466	0.222132	0.503822	0.294604	0.108014
ENSDARG00000032750	0.285905	0.558763	0.512327	0.325272	0.345072	0.252317	1.31303	0.981055	0.428821
ENSDARG00000032765	54.4524	5.88696	0.228749	13.8286	1.10105	0.229512	0.0610793	0	0.201818
ENSDARG00000032769	0.366663	0.58251	0.502633	0.345283	0.813081	0.492726	2.432	1.0281	0.596544
ENSDARG00000032795	0.171125	0.60564	0.78073	0.178743	0.305317	0.26912	0.926635	0.786818	0.236617
ENSDARG00000032802	7.00784	10.498	7.73643	3.89973	4.64233	3.66104	6.14044	4.62611	2.43855
ENSDARG00000032808	20.3615	33.891	28.4802	9.5513	11.7474	12.0706	19.7234	10.3748	7.44015
ENSDARG00000032820	0.579255	0.618059	0.964123	0.442396	0.424016	0.368502	1.0759	0.297744	0.277995
ENSDARG00000032849	55.9195	46.5959	36.802	11.9664	11.4102	13.5422	24.431	7.82882	3.32671
ENSDARG00000032856	0.840246	0.71624	0.636538	0.265483	0.426593	0.368508	1.184	1.18693	0.927864
ENSDARG00000032859	2.01711	2.90373	3.48954	1.12523	0.975813	1.08529	1.69256	0.639762	0.24965
ENSDARG00000032866	15.8915	16.0563	16.2493	7.15707	5.1868	6.09921	6.22906	2.18728	1.3809
ENSDARG00000032868	0.92873	1.41438	0.881844	0.296602	0.322793	0.677603	0.751965	0.38423	0.226737
ENSDARG00000032876	1.52088	1.91225	1.22977	1.25408	0.678478	0.810062	1.86508	0.948738	0.1829
ENSDARG00000032919	1.28596	1.86643	1.37606	0.428806	1.01382	1.43111	1.87526	0.850707	0.193094
ENSDARG00000032932	0.934501	0.585407	0.840942	0.277424	0.940292	0.956247	0.893371	0.629492	0.15619
ENSDARG00000032933	1.75592	1.93031	1.87004	0.642975	0.803903	0.968906	3.05311	1.88104	0.913448
ENSDARG00000032951	4.02162	5.40575	4.82744	1.38347	2.71292	3.26478	3.97449	2.72737	2.52527
ENSDARG00000032970	8.57545	6.00422	7.79284	3.6337	4.76045	5.15773	4.95306	2.1185	1.21587
ENSDARG00000032990	0.516918	0.856842	0.588072	0.86332	0.892012	0.826012	1.0598	1.13713	1.05038
ENSDARG00000032997	7.5026	6.02643	4.47277	4.40844	3.9839	2.50688	3.13588	1.42195	1.35881
ENSDARG00000033009	3.6922	4.93133	2.92278	1.36343	2.1361	2.07662	9.71596	7.42027	4.50901
ENSDARG00000033012	30.9633	27.6737	24.1835	13.868	17.2599	17.2485	17.3389	10.5913	5.6293
ENSDARG00000033046	1.60616	1.89318	1.29768	1.39633	1.31509	1.44805	7.74253	1.98541	3.67708
ENSDARG00000033099	2.05675	2.47167	1.97244	1.77445	1.65627	2.49879	3.06287	1.64591	1.54024
ENSDARG00000033126	14.5595	16.4134	12.5139	4.54953	3.98402	5.39323	7.98073	2.65849	1.06054
ENSDARG00000033143	14.5197	4.2319	1.84105	2.68646	1.96206	2.24675	1.34903	1.1884	0.282313
ENSDARG00000033175	7.67111	8.64494	4.78952	6.35874	3.91397	3.70959	4.97305	2.88709	0.809478
ENSDARG00000033182	5.38578	1.66247	0.0570317	3.70888	0.828846	0.0533423	0	0	0
ENSDARG00000033184	4.62679	6.24049	4.2248	5.55222	4.62194	5.35007	7.00279	4.11604	2.04002
ENSDARG00000033231	4.1678	3.20122	4.48429	1.51933	1.45554	2.39033	2.93552	1.68625	0.808005
ENSDARG00000033251	1.63709	2.17291	1.86624	1.00375	1.06811	1.7335	2.02261	0.829185	0.591822
ENSDARG00000033259	4.92802	6.77809	6.20707	3.38945	4.18883	5.63426	8.73795	6.54163	4.71468
ENSDARG00000033285	4.70338	3.69294	8.63793	2.38567	3.56371	2.88427	3.61759	2.92208	0.63648
ENSDARG00000033345	1.12908	1.56326	3.82565	0.662355	0.829113	0.908433	1.49361	1.35942	0.637091
ENSDARG00000033361	3.19302	2.85493	2.36358	0.503899	0.565875	0.775698	0.804452	0.613737	0.314599
ENSDARG00000033364	2.49561	1.18344	1.00239	1.11545	0.990551	0.977215	1.55448	0.308353	0.383964
ENSDARG00000033376	18.9612	14.4794	11.655	4.3591	3.16091	3.98026	4.89784	2.29369	0.885556
ENSDARG00000033418	1.87955	1.75611	2.24685	1.41167	0.870035	0.724876	5.69207	2.49522	1.39994
ENSDARG00000033428	0.496084	0.74957	0.577718	0.354465	0.27696	0.398643	0.884216	0.566523	0.250007
ENSDARG00000033436	1.50193	0.960949	1.06929	0.866431	0.209841	0.845126	0.907515	0.433573	0.192812
ENSDARG00000033437	2.05001	2.65975	2.13108	1.09236	1.32997	1.69772	2.1898	1.09188	0.741263
ENSDARG00000033440	15.0366	11.5677	8.00204	7.48729	5.00561	5.56092	6.50504	3.70944	2.08072
ENSDARG00000033443	30.237	20.2081	19.0439	17.5881	11.2762	11.0052	18.7837	14.0803	5.22124
ENSDARG00000033444	0.214643	0.323074	0.156053	0.0924792	0.372699	0.145859	0.52403	0.17817	0.283654
ENSDARG00000033450	6.5311	6.94454	6.60225	3.84025	2.25339	2.25341	2.45852	1.47392	0.240966
ENSDARG00000033489	3.2415	2.09815	1.63681	1.5392	1.32152	1.44446	4.64167	3.02443	2.20212
ENSDARG00000033539	7.89517	2.58596	0.746462	2.70128	0.693421	0.448568	0.976759	0.345632	0.32459
ENSDARG00000033548	1.33107	1.22213	0.346195	0.720869	0.498475	0.646034	0.730281	0.147563	0.178806
ENSDARG00000033556	0.929588	1.24343	0.824307	0.33838	0.508661	0.766307	1.56194	0.316693	0.157267
ENSDARG00000033566	2.78386	2.40378	3.73281	1.13991	2.016	2.08747	3.11775	1.79753	0.673305
ENSDARG00000033567	1.59453	5.37965	1.1004	0	0	0.757348	0.242854	0.217161	0.394298
ENSDARG00000033597	24.552	26.5518	27.0316	6.53147	7.721	9.9442	12.2013	5.28316	3.27916
ENSDARG00000033604	1.3543	2.82433	1.70514	0.782803	1.05003	0.824382	1.4924	0.566523	0.225106
ENSDARG00000033614	6.10963	5.03773	7.15385	3.48981	3.857	4.64243	6.04432	3.11226	2.80133
ENSDARG00000033647	2.03798	2.31769	3.01642	2.57439	1.4489	3.06898	6.29615	2.37117	1.67616
ENSDARG00000033666	3.20863	3.98157	3.5135	1.22576	1.56406	1.85054	4.56531	1.7263	2.02874
ENSDARG00000033680	0.192587	0.517794	0.137229	0.0888039	0.219659	0.135122	0.334797	0.0955488	0.326662
ENSDARG00000033706	2.70705	0	0	0.392254	0.0566768	0	0	0	0.0626591
ENSDARG00000033707	3.72098	3.86597	2.9128	1.36094	1.60791	1.86811	1.96739	1.50898	1.81712
ENSDARG00000033713	3.16219	3.00845	3.67696	1.36247	1.54022	2.20577	5.65085	2.39279	1.9461
ENSDARG00000033738	8.24337	10.6679	10.7504	4.616	5.03738	6.1631	11.9236	4.57191	1.9449
ENSDARG00000033754	1.85984	2.39038	1.49526	0.727899	0.706824	0.599995	3.17756	0.417599	0.198099
ENSDARG00000033757	0.998773	0.80994	0.960707	0.422156	0.866683	1.34666	1.04879	0.376431	0.188774
ENSDARG00000033768	0.930097	2.4887	1.72471	1.14656	1.42515	1.13684	1.85956	1.57859	1.19664
ENSDARG00000033804	4.40319	6.53889	3.6082	1.80751	1.65614	1.57437	3.33978	2.11468	3.26098
ENSDARG00000033811	5.45894	4.46139	5.83676	2.23201	3.6797	2.94741	7.35703	2.8289	0.83031
ENSDARG00000033840	0.537363	0.695223	0.834665	0.370847	0.503389	0.700864	0.61645	0.404149	0.12881
ENSDARG00000033852	8.20449	11.5333	10.1037	3.34608	3.1061	3.77104	6.3368	3.64707	2.65086
ENSDARG00000033855	9.67279	10.7539	9.53983	2.46022	4.24551	3.99727	3.86809	2.30965	0.374055
ENSDARG00000033861	1.82879	3.53305	2.94188	1.41279	1.27512	1.99263	3.13625	2.21587	1.20529
ENSDARG00000033872	2.67461	3.14371	2.4457	1.07381	1.95213	1.53653	6.45756	3.7387	3.00056
ENSDARG00000033889	8.1707	13.9626	8.12662	3.97412	2.79998	4.07251	5.92507	2.56782	1.67265
ENSDARG00000033899	1.23339	1.39131	1.41688	1.48039	2.20447	2.08503	6.1513	2.38802	1.48713
ENSDARG00000033945	1.39454	0.690308	0.581846	2.95933	1.49205	1.36662	1.61855	1.27087	0.570539
ENSDARG00000033957	1.71177	1.70923	1.48962	1.06929	0.911977	1.21919	1.61819	0.831874	0.321723
ENSDARG00000033965	6.26097	7.01802	5.58714	3.86277	5.87079	5.98298	11.2543	9.47464	5.07664
ENSDARG00000033973	2.23574	3.66301	2.13368	0.580254	1.01651	1.16874	2.27099	0.765517	0.41028
ENSDARG00000033978	1.71274	2.31507	3.14618	0.517213	0.852233	0.851038	1.21929	0.826734	0.217525
ENSDARG00000033999	22.1842	5.3442	3.64283	9.26744	1.71264	2.06229	1.45036	0.657525	0.566187
ENSDARG00000034001	1.19212	1.6426	1.26737	0.477863	0.404349	0.440709	1.17064	0.677439	0.525337
ENSDARG00000034013	3.01511	0.829913	1.71219	1.62017	0.903566	1.41013	1.07963	0.688959	0.241599
ENSDARG00000034025	1.65383	0.284444	0	0.954445	0.106773	0	0	0.0700754	0.0907683
ENSDARG00000034056	15.4648	14.8323	18.0835	5.5788	7.16334	9.37259	15.2181	6.59833	5.00918
ENSDARG00000034060	20.3433	28.3152	25.0008	4.4733	4.97144	6.47754	5.9612	3.06984	2.07301
ENSDARG00000034062	1.23824	1.11179	0.766843	0.474292	0.622207	0.298807	0.606532	0.506024	0.196625
ENSDARG00000034080	11.5727	13.0641	6.41413	8.10723	9.59192	9.3966	11.5549	7.65159	5.52153
ENSDARG00000034105	1.29492	1.29257	1.32375	0.612831	0.71166	0.856751	1.2756	0.719636	0.410832
ENSDARG00000034117	1.43231	2.95478	2.61726	0.36209	0.676597	0.952264	2.9588	1.49945	0.36942
ENSDARG00000034138	99.7205	15.3067	3.22017	31.4578	3.64364	1.39249	2.21935	2.36837	0.966564
ENSDARG00000034146	14.016	20.6517	15.5538	2.55717	4.57548	4.9807	7.46708	5.81449	4.88497
ENSDARG00000034160	4.1186	3.96597	2.21288	1.91736	1.7219	1.50948	2.74965	1.58023	1.01764
ENSDARG00000034178	2.30453	2.09224	2.74218	1.46174	1.10762	1.36065	1.10394	0.949423	1.00502
ENSDARG00000034189	8.98861	11.3106	7.90004	3.68527	5.34912	4.48564	8.28209	3.67266	5.29858
ENSDARG00000034203	75.1592	65.5676	74.1782	24.5423	14.5752	15.307	56.576	48.1617	34.5746
ENSDARG00000034227	0.748214	1.23799	0.768368	0.29582	0.690715	0.818348	1.87098	1.28965	1.14504
ENSDARG00000034240	6.13737	6.58282	7.12878	3.14473	3.16325	3.60968	5.52454	2.9004	2.12676
ENSDARG00000034262	0.448362	0.30272	0.384795	0.123307	0.0820037	0.168918	0.289159	0.166244	0.0184449
ENSDARG00000034264	0.964646	1.05387	0.950812	0.50093	0.692802	0.782928	1.10891	0.590543	0.579993
ENSDARG00000034270	1.72681	2.81952	3.33414	0.763041	0.795388	1.24786	2.17586	1.40101	0.850439
ENSDARG00000034293	8.47438	11.3751	8.63755	4.36536	4.69624	5.58557	10.0222	7.54099	4.67929
ENSDARG00000034313	4.03379	5.02579	6.34669	1.18352	2.01906	2.68028	4.86437	2.6113	3.02736
ENSDARG00000034326	31.5293	36.2289	29.1872	10.4039	12.8441	13.1519	24.3915	13.6206	7.21584
ENSDARG00000034358	12.1433	11.2556	15.8122	4.0836	3.60569	4.02354	11.807	6.50487	7.12846
ENSDARG00000034373	0.292346	0.310609	0.366018	0.0910145	0.150892	0.164353	0.281637	0.28671	0.0671868
ENSDARG00000034396	2.09735	3.03177	2.07009	0.960206	1.00471	1.06477	2.21504	1.30114	1.08074
ENSDARG00000034409	7.36903	6.09549	4.12719	4.03505	3.44437	3.99921	7.20019	2.01576	1.97194
ENSDARG00000034427	31.1906	38.0103	37.6104	9.39824	10.8721	13.2953	27.7482	14.7439	6.84664
ENSDARG00000034434	1.64585	1.9751	1.60115	1.28368	1.52449	1.72136	3.15305	1.97621	1.25684
ENSDARG00000034443	1.01595	0.729393	0.817237	0.608069	0.623877	0.666929	1.35931	0.491803	0.334771
ENSDARG00000034457	13.8873	2.31021	0.696486	3.06048	0.774156	0.474124	0	0	0
ENSDARG00000034473	1.33851	1.16853	1.22842	0.985687	1.24962	1.36937	1.38756	0.758959	0.416697
ENSDARG00000034497	3.25124	2.89784	3.3871	1.90986	2.07945	2.08417	5.78405	2.61882	1.78549
ENSDARG00000034503	1.42093	2.44834	2.05536	0.899705	1.16868	1.15499	2.45753	2.35384	1.24637
ENSDARG00000034534	5.51648	6.88863	6.4907	1.82261	2.87907	2.99922	4.16402	2.7311	1.78312
ENSDARG00000034541	1.27869	0.117736	0.882535	0.138126	0.214563	1.24641	0.679965	1.19026	0.157174
ENSDARG00000034600	5.62079	4.92636	5.51098	1.56624	1.19222	0.735877	2.11604	0.903191	0.784264
ENSDARG00000034616	5.3273	7.29812	3.39361	4.06456	3.41372	3.20873	4.69885	2.30635	1.69304
ENSDARG00000034624	6.44956	5.20734	4.29893	1.7974	1.74	1.26619	4.63192	2.39715	0.635028
ENSDARG00000034662	5.37217	5.97179	2.5004	1.58083	2.2253	2.82916	1.70873	0.505457	0.2713
ENSDARG00000034668	2.21993	3.76202	3.29558	1.35624	0.922982	1.69184	4.71308	2.6948	1.47289
ENSDARG00000034685	2.42458	3.19682	1.69302	1.82819	1.66641	1.66209	3.88062	2.9453	1.05678
ENSDARG00000034693	3.20323	4.5208	4.45357	1.59578	1.64603	1.65409	3.48043	1.34609	0.373504
ENSDARG00000034710	9.1675	8.631	9.48606	3.82466	4.86714	5.60389	10.1104	5.41969	3.14817
ENSDARG00000034714	1.15036	0.897326	0.229621	0.437302	0.180613	0.0737458	0.219755	0.0857078	0.0261375
ENSDARG00000034734	4.70344	3.97169	2.07596	2.26167	1.44325	1.82069	2.20381	0.654121	0.470886
ENSDARG00000034753	5.17334	6.8964	4.37373	2.84234	4.32105	3.24178	4.29127	1.65256	1.03624
ENSDARG00000034763	1.03373	0.325487	0.291106	0.361943	0.119738	0.151743	0.0933308	0.0579334	0.0542615
ENSDARG00000034768	10.5431	10.0159	7.04194	4.84927	5.23989	4.5945	6.89186	3.26972	2.02476
ENSDARG00000034771	7.72418	6.7948	5.77974	2.50398	1.86502	3.79418	2.35355	1.0315	0.728066
ENSDARG00000034773	1.10946	1.43548	1.03525	0.634322	1.03571	0.743559	1.75979	0.481114	0.432761
ENSDARG00000034777	0.543695	0.586835	1.21624	0.450123	0.462878	0.218058	0.453858	0.292372	0.272841
ENSDARG00000034785	1.82051	3.38242	2.68226	1.40835	1.65534	2.66427	6.93255	2.30467	0.26956
ENSDARG00000034823	4.05224	5.32184	3.23254	2.08794	2.64969	2.97643	4.63007	2.28277	1.34568
ENSDARG00000034825	6.34615	5.68549	5.99876	3.53683	3.40246	3.11264	7.54788	3.82483	1.46999
ENSDARG00000034826	3.06286	3.32597	4.30724	0.184175	2.11119	2.09636	1.2894	1.12665	0.317964
ENSDARG00000034855	2.69385	1.66868	1.23633	0.454559	0.719465	1.46241	1.02678	0.431634	0.999956
ENSDARG00000034871	0.995874	0.890598	1.12566	0.365526	0.542362	0.606485	0.893693	0.308722	0.12739
ENSDARG00000034883	3.79546	3.39827	4.21363	0.995423	1.10227	1.42349	1.02213	0.697154	0.397685
ENSDARG00000034885	5.86779	5.14828	9.15605	3.10365	2.95672	4.72704	6.20751	2.77412	1.95313
ENSDARG00000034893	6.40107	7.23554	5.70077	3.53843	4.34045	4.26773	8.6828	4.70261	3.3926
ENSDARG00000034916	4.81817	6.12582	3.88624	2.57148	1.94923	1.86052	3.53639	2.0997	1.02753
ENSDARG00000034956	5.20738	7.00692	6.15593	2.0112	3.13935	2.96629	9.71814	5.71159	3.01309
ENSDARG00000034957	2.45869	1.53261	1.56668	0.265142	1.23192	2.0191	2.26332	0.358398	0.461595
ENSDARG00000034961	68.6996	71.0453	63.8838	24.3872	17.5082	25.2792	18.0042	7.2541	5.19453
ENSDARG00000034982	3.11567	5.1004	5.58595	2.19866	2.06843	3.03755	3.74059	3.00189	1.92937
ENSDARG00000034989	3.47066	3.95469	3.80867	1.32366	1.91462	2.19536	2.77534	1.30503	0.673058
ENSDARG00000035018	11.3267	14.133	10.8122	5.78081	6.16119	5.62877	9.15142	13.692	7.26891
ENSDARG00000035023	3.38316	1.08291	1.72684	1.476	0.848283	0.277507	1.5638	1.95427	1.08005
ENSDARG00000035028	5.0595	4.64285	5.47339	1.40626	1.98449	3.24257	4.80387	5.11036	3.52025
ENSDARG00000035054	3.796	4.5941	2.44598	0.850717	1.10544	1.2822	1.60562	0.996303	0.498455
ENSDARG00000035066	6.93807	8.74983	6.69087	4.51755	5.32098	5.4415	5.38039	3.24898	2.37748
ENSDARG00000035074	1.07232	1.52331	1.60381	0.785625	1.076	1.27464	1.6586	0.595945	0.400342
ENSDARG00000035084	2.80253	2.68982	2.08932	1.21784	1.08534	1.45251	2.00834	0.730619	0.334047
ENSDARG00000035095	35.2248	12.5327	8.31296	14.7412	4.23551	4.48438	2.54134	2.08579	1.16611
ENSDARG00000035120	2.19664	1.61378	1.376	1.00632	1.82184	1.67236	2.65095	1.50458	1.07117
ENSDARG00000035122	6.24441	7.57727	6.61484	3.44692	4.04177	5.04936	7.65642	4.7075	2.90111
ENSDARG00000035126	7.27404	7.39159	7.25435	2.74538	4.61935	3.90052	9.10079	6.28176	4.30254
ENSDARG00000035131	3.32852	4.59975	3.52804	1.54013	3.24777	2.74784	5.21368	2.46036	3.32283
ENSDARG00000035133	11.3158	9.6798	5.52451	5.27662	5.03956	4.23011	5.06956	1.54037	1.47784
ENSDARG00000035136	5.74944	5.27323	2.62934	0.851916	0.979947	0.652933	0.683185	0.534131	0.132444
ENSDARG00000035147	27.6838	7.43256	0.0267828	19.1575	6.77316	0.222361	0.211775	0	0.122229
ENSDARG00000035149	6.63365	3.75269	0.694791	1.46364	1.09938	0.869924	1.39219	0.715729	0.784084
ENSDARG00000035150	6.81187	1.12846	1.35081e-24	0.849583	0.180008	7.11537e-27	0	9.82725e-15	0.00872276
ENSDARG00000035151	56.4589	13.5208	0.156977	13.3244	2.80515	0.123597	0.0843449	0.0201924	0.0762605
ENSDARG00000035152	4.01936	4.44099	3.50294	1.0262	2.30457	1.93222	4.24072	2.1431	1.11432
ENSDARG00000035171	4.24107	5.66008	4.19712	2.89845	2.35131	2.67566	4.62119	2.79602	1.38302
ENSDARG00000035181	0.822196	1.42125	1.84201	0.414027	0.618384	0.794373	0.996862	0.479207	0.168539
ENSDARG00000035187	1.54503	1.50198	1.40168	0.947619	1.00135	1.23492	2.75286	2.25472	0.907303
ENSDARG00000035221	2.98104	1.00236	1.05903	2.52405	0.559917	0.978096	1.80806	0.896775	0.186266
ENSDARG00000035227	1.20776	3.56566	1.51084	0.973828	1.61159	1.69334	2.86406	1.10726	1.0587
ENSDARG00000035264	4.34271	3.92397	1.26233	2.14626	0.631566	1.51564	1.59581	0.911975	0.0911262
ENSDARG00000035273	1.17761	1.04946	1.06415	0.508806	0.767137	1.01325	2.80822	0.756328	0.898319
ENSDARG00000035282	122.126	169.121	148.148	21.4083	18.9805	30.148	30.235	13.4745	10.2914
ENSDARG00000035285	13.2898	16.729	15.0954	8.35082	9.81956	10.8746	18.8823	15.3468	11.2626
ENSDARG00000035324	26.4049	14.2506	7.18749	16.1269	11.8045	6.42642	4.85662	2.01353	1.89654
ENSDARG00000035325	237.98	252.875	197.756	42.2657	37.8509	45.1567	76.523	35.6361	21.0481
ENSDARG00000035329	9.4659	12.333	9.67548	0.86325	1.60836	1.51995	0.798518	0.517796	0.399811
ENSDARG00000035330	9.22113	9.79927	10.6958	4.57313	6.77054	10.6505	8.1867	4.77317	3.03147
ENSDARG00000035332	2.26927	1.68056	1.57816	0.864584	0.442951	1.06994	1.11928	0.495268	0.289161
ENSDARG00000035333	2.09242	0.517799	0.088869	0.192355	0.286281	0.488163	0.251532	0.0766015	0.348324
ENSDARG00000035360	55.5564	70.6777	68.9024	13.9603	17.8797	23.2061	37.5924	24.2037	15.5851
ENSDARG00000035379	1.51916	2.71866	1.54371	0.646299	0.918157	1.3551	2.13835	1.26028	1.03773
ENSDARG00000035390	2.15694	3.71958	4.83907	1.34255	1.70023	1.76015	2.32975	2.13988	1.1867
ENSDARG00000035400	5.71175	3.58369	4.1049	2.14692	1.0326	1.46716	2.80839	1.15365	0.810056
ENSDARG00000035406	1.87227	2.45584	1.90002	1.33345	1.46561	1.38525	0.947125	0.706526	0.495129
ENSDARG00000035423	46.2134	13.1761	11.237	16.5838	6.64675	5.3302	10.0424	8.19666	4.52393
ENSDARG00000035427	17.3671	14.6661	13.3792	4.73292	3.70774	3.66236	5.21798	1.97533	0.642362
ENSDARG00000035433	4.31556	5.30337	5.66973	1.75436	2.27506	3.22592	2.95834	1.89538	1.23804
ENSDARG00000035452	0.222335	0.286398	0.492176	0.372678	0.262345	0.239447	0.872131	0.435269	0.192124
ENSDARG00000035468	1.21113	1.49987	3.54264	1.08875	1.07433	0.798099	1.79461	0.7619	0.551249
ENSDARG00000035470	7.17226	8.07037	7.58825	1.77455	1.85224	2.33029	3.12557	1.89207	1.12097
ENSDARG00000035471	1.2915	1.43977	2.60474	0.759799	1.20595	1.24275	2.84897	1.09527	1.30811
ENSDARG00000035505	2.99257	4.03507	3.86932	1.11418	1.18677	1.50497	0.867567	0.563219	0.238577
ENSDARG00000035507	1.39198	1.21536	1.29042	0.816543	0.664064	0.91913	2.25569	0.982271	0.472392
ENSDARG00000035519	3.17673	1.63094	0	1.39938	0.515671	0.0736125	0.165523	0	0
ENSDARG00000035532	2.07811	2.47588	2.23185	0.620863	1.16453	0.873393	3.26844	1.35804	1.97464
ENSDARG00000035535	5.4098	8.90447	6.23034	2.38712	3.0046	3.49215	5.77201	3.02805	2.45822
ENSDARG00000035540	15.6507	17.3836	13.3921	5.46667	8.21533	8.63425	10.042	4.71385	2.85079
ENSDARG00000035556	2.88131	2.75093	3.55326	1.4849	2.00751	2.50189	2.26303	1.47168	0.810937
ENSDARG00000035557	5.13638	4.62193	5.06748	1.61344	1.06314	1.7026	3.97742	0.518734	0.28258
ENSDARG00000035558	15.124	22.3705	24.0214	6.95476	6.02599	9.08668	13.4514	8.49314	4.27294
ENSDARG00000035559	5.17057	4.02247	4.27655	3.08981	2.43802	3.53727	3.77255	1.68624	0.98362
ENSDARG00000035563	1.08134	2.17799	0.155079	0.191321	0.108918	0.209177	0.29178	0.0384723	0.0717152
ENSDARG00000035564	7.42561	9.57509	7.94542	2.55274	4.06321	3.98616	6.84847	4.15208	2.47923
ENSDARG00000035565	7.99027	12.3941	8.64881	4.59728	4.43271	5.73046	5.98062	3.39128	2.04304
ENSDARG00000035570	1.08662	0.328556	0.501094	0.333235	0.251423	0.552372	0.785249	0.392301	0.298895
ENSDARG00000035571	2.15624	1.37481	0.408305	0.583416	1.2173	1.51478	1.93342	1.4813	1.15237
ENSDARG00000035573	1.36867	1.69614	0.20964	0.934592	1.21764	0.414622	1.16179	0.49998	0.195355
ENSDARG00000035577	2.6375	2.92313	2.61454	0.496881	0.901224	0.901579	2.70318	1.26101	0.996738
ENSDARG00000035596	2.21897	1.67319	2.5145	1.37691	0.960138	1.07668	1.08729	0.326253	0.0747016
ENSDARG00000035598	3.61305	4.30986	3.01627	2.47719	2.14616	2.44465	4.57785	1.69355	1.49836
ENSDARG00000035605	9.69258	10.0575	7.79928	1.94087	1.93921	2.70157	2.22979	2.13331	0.659171
ENSDARG00000035607	3.43225	3.9532	4.66812	1.393	2.30212	1.94249	7.08544	3.20349	2.36123
ENSDARG00000035608	4.03576	4.86538	4.48829	1.39326	1.74142	2.08222	3.64846	1.43183	1.26808
ENSDARG00000035622	12.4201	8.85701	10.9817	4.66846	4.17789	7.9523	5.29501	4.47302	3.43957
ENSDARG00000035625	3.90177	2.54071	3.02575	0.896739	1.27971	1.45243	0.642805	0.673415	0.0761581
ENSDARG00000035630	6.75221	4.47959	4.99951	4.39948	4.0279	4.03192	13.5279	7.10636	4.47119
ENSDARG00000035631	1.64723	1.32164	0.924017	1.01762	0.537803	2.37055	1.73032	1.72099	0.646884
ENSDARG00000035633	0.69414	1.56753	0.931706	0.391366	0.466553	1.24503	0.992946	0.590178	0.187489
ENSDARG00000035660	1.87559	3.01096	2.97039	1.10199	1.35106	1.8079	5.08176	2.05995	1.4401
ENSDARG00000035676	9.18832	11.5209	11.1068	3.92563	4.40964	5.84776	15.9363	8.6344	5.82379
ENSDARG00000035678	20.3839	14.7213	14.033	4.48921	1.90022	4.38941	4.44116	3.88735	3.0282
ENSDARG00000035679	2.67034	3.3139	2.40863	0.812176	1.29217	1.56775	0.66599	1.53944	0.335713
ENSDARG00000035680	191.718	74.0274	13.4051	147.631	41.9741	9.6731	7.7993	3.16131	1.50678
ENSDARG00000035682	0.476559	0.726296	0.451955	0.183177	0.355306	0.421295	0.497573	0.593623	0.235831
ENSDARG00000035683	0.153848	0.219392	0.0298777	0.0567217	0.148357	0.294036	0.176303	0.143595	0.0309408
ENSDARG00000035692	12.0424	7.63612	5.4206	3.50277	3.14475	4.7832	4.02195	2.59177	1.0465
ENSDARG00000035694	7.24595	0	0	0.383919	0	0	0	0	0
ENSDARG00000035697	1.19518	0.702081	1.48816	0.582507	0.667832	1.13979	1.27355	0.546837	0.375236
ENSDARG00000035699	3.99985	2.72883	2.32845	0.967311	0.860821	0.684973	0.622694	0.0814009	0
ENSDARG00000035700	1.12924	0.349917	0.273801	0.28589	0.128614	0.0651592	0.147486	0.0303727	0.0132145
ENSDARG00000035706	3.53118	5.16671	5.0704	1.83589	1.93827	3.3123	4.61081	3.0451	2.19501
ENSDARG00000035715	164.134	37.5852	1.65057	60.3285	11.3954	1.48086	1.36609	0.542922	0.481899
ENSDARG00000035719	1.97421	0.513602	0.361707	1.32645	0.383142	0.67474	0.399153	0.268737	0.121591
ENSDARG00000035725	4.0155	3.72776	4.59847	2.17219	2.14272	1.41539	1.25401	1.20647	0.709838
ENSDARG00000035730	2.12669	2.09254	2.13444	1.3911	1.20142	1.62253	1.33042	0.859867	0.25578
ENSDARG00000035734	44.792	57.2713	32.5652	11.1247	13.455	13.2259	15.9054	8.06341	3.99453
ENSDARG00000035741	2.75661	3.53767	2.20709	1.85964	1.56756	2.16353	2.54475	2.13816	1.49756
ENSDARG00000035747	3.85346	3.06057	1.83588	1.53401	1.40418	1.29689	1.04058	0.639881	0.0972167
ENSDARG00000035750	23.3895	1.4316	0.171635	9.87388	0.755143	0.315786	0	0	0.0320559
ENSDARG00000035751	9.23659	12.0862	8.92432	2.74274	3.43855	4.10981	6.60463	4.10433	1.41161
ENSDARG00000035761	4.6178	5.43966	3.65195	1.88396	1.92972	1.81886	3.91334	3.13193	2.73057
ENSDARG00000035763	7.31298	9.62831	3.64067	3.69558	2.40962	2.19335	1.48406	1.00115	0.791646
ENSDARG00000035770	8.21558	4.26665	5.9599	2.96289	3.00811	3.22823	5.84665	2.67624	1.26605
ENSDARG00000035771	14.6462	18.4183	14.8531	9.98575	11.7937	13.0589	16.3086	13.5059	10.2022
ENSDARG00000035776	3.99459	2.90628	2.68603	3.04283	1.80317	2.3707	1.14988	0.953837	0.706988
ENSDARG00000035781	5.92906	8.74224	9.85734	3.94262	5.61872	6.88744	6.13596	3.55953	1.42772
ENSDARG00000035819	1.2743	0.847612	1.06217	0.327455	0.304008	0.125367	0.443624	0.196768	0.131872
ENSDARG00000035821	4.64548	6.15476	7.58602	2.68279	4.23156	5.2038	9.0932	5.6665	2.44598
ENSDARG00000035823	4.62436	5.87599	7.10026	4.77691	5.68943	6.63761	13.4495	5.96205	4.27029
ENSDARG00000035838	15.5723	7.07605	7.70654	1.74112	1.74426	2.09577	1.85733	0.603	0.139404
ENSDARG00000035853	1.66083	1.50091	1.42217	0.348043	0.458268	1.09022	0.938393	0.301344	0.178548
ENSDARG00000035858	1.32673	0.359694	0.821709	0.652391	0.140313	0.0478793	0.218019	0.0372873	0.123198
ENSDARG00000035860	26.5052	23.2542	18.8021	3.36857	4.79742	4.39111	7.45719	3.02106	3.17076
ENSDARG00000035868	9.71031	7.55131	3.8432	3.13696	2.43678	2.13277	5.23531	3.12722	1.63135
ENSDARG00000035869	2.58282	3.08462	4.41762	4.22192	4.06231	4.76957	8.53439	3.01357	1.96846
ENSDARG00000035870	2.75393	2.25127	1.99345	1.23443	1.86067	1.6817	2.02211	1.00325	0.476931
ENSDARG00000035871	19.9118	8.22119	4.79979	3.66035	1.64779	1.38006	2.04318	1.16136	0.179914
ENSDARG00000035872	2.52706	2.06214	2.68093	0.998343	1.59027	1.6191	2.33263	0.819624	0.251199
ENSDARG00000035880	0.65138	1.2164	0.383256	0.506704	0.584364	0.716165	0.528895	0.775523	0.184353
ENSDARG00000035890	2.15662	2.36787	2.21895	0.838468	0.524478	0.504711	0.945143	0.694539	0.179142
ENSDARG00000035905	2.13567	2.8871	2.21545	1.50947	1.12274	1.82802	2.06193	1.24605	1.09839
ENSDARG00000035909	4.4868	3.81566	2.69883	0.740402	1.02813	1.19613	2.04225	0.51908	0.770686
ENSDARG00000035910	12.3775	15.242	12.8495	6.20071	6.56412	6.6433	12.9778	5.85961	3.34335
ENSDARG00000035913	3.45968	3.16188	1.68092	1.35495	0.859232	2.13675	2.22146	0.924934	1.88975
ENSDARG00000035918	1.36658	1.53274	0.235723	0.129192	0.594101	0.425737	1.26749	0.628036	0.219188
ENSDARG00000035924	3.25073	2.79033	2.73954	1.02428	1.59255	1.43186	2.3504	1.1077	0.670827
ENSDARG00000035952	2.325	2.15991	0.238536	1.03161	0.254482	0.608736	0.596638	0.884726	0.668299
ENSDARG00000035954	2.79781	1.73394	2.05917	1.91746	1.22364	1.96879	2.69903	1.03731	0.309491
ENSDARG00000035957	177.005	186.335	136.345	61.1019	55.1458	58.7967	41.7364	16.4739	10.2197
ENSDARG00000035978	2.73563	2.51168	2.93562	1.92456	2.72423	3.11814	3.69938	1.24337	1.04896
ENSDARG00000035985	0.91885	2.65968	0.782939	0.676964	0.822597	1.71904	2.48934	2.30387	0.238867
ENSDARG00000035986	1.36608	2.06266	1.5606	0.975856	1.5146	1.65452	2.43206	0.498911	0.46108
ENSDARG00000035993	81.4772	87.3492	77.4222	14.4427	15.7186	21.9707	12.5739	4.15905	2.37283
ENSDARG00000035997	1.52236	1.94332	0.540497	0.279656	0.565687	0.601172	3.00338	1.38922	0.380997
ENSDARG00000036005	1.6515	1.58611	1.30376	0.910422	0.912226	1.39094	1.5964	0.697487	0.930366
ENSDARG00000036008	2.17112	1.80731	1.87515	0.849722	0.940129	0.830068	2.61775	1.05125	1.27057
ENSDARG00000036012	6.38053	5.5256	4.99154	4.03016	3.49245	5.00352	4.52355	2.82003	1.38663
ENSDARG00000036016	4.78549	4.24466	3.05244	1.81519	2.42003	2.32152	4.77554	2.64583	1.04722
ENSDARG00000036028	1.03774	0.349084	0.207825	0.467575	0	0.0741706	0.150739	0.0680071	0
ENSDARG00000036038	2.18765	1.10228	1.13322	0.913765	0.973018	0.987577	0.57777	0.567744	0.529966
ENSDARG00000036043	0.99354	0.446257	0.62085	0.592943	0.476982	0.395687	0.777398	0.355169	0.293474
ENSDARG00000036044	42.987	31.1858	31.0482	8.96566	4.00469	5.38052	11.0381	4.30735	3.21083
ENSDARG00000036055	3.0034	1.61127	1.84857	1.28791	1.05172	0.721693	2.71097	1.0946	0.8951
ENSDARG00000036056	4.16786	5.54342	5.75092	1.1355	2.68511	2.24665	2.0677	1.00868	0.587028
ENSDARG00000036057	11.4921	10.408	5.7349	5.50792	3.08741	4.25145	5.10899	2.43314	0.806352
ENSDARG00000036060	4.55654	5.9093	4.82322	1.08102	1.78049	0.510885	2.70808	0.796401	1.1923
ENSDARG00000036061	1.21882	0.270204	0.750663	0.626866	0.641756	0.913313	1.06413	0.980542	0.696687
ENSDARG00000036063	0.881221	0.851296	0.652306	0.324401	0.559497	0.411669	0.944446	0.667518	0.195196
ENSDARG00000036064	5.46375	6.64675	4.31996	4.13176	2.79061	4.59365	5.7026	2.03557	1.63129
ENSDARG00000036065	3.67139	1.70228	1.75169	1.04815	0.724254	1.07979	0.539985	0.368069	0.561933
ENSDARG00000036069	1.12618	0.697755	0.722688	0.117387	0.259666	0.386272	0.433524	0.106136	0.153616
ENSDARG00000036071	1.5133	0.34598	1.19658	0.553889	0.560264	0.51294	0.579068	0.262462	0.0493731
ENSDARG00000036073	5.41526	2.62834	3.56281	1.58019	2.01839	2.63808	3.51553	2.23598	0.785135
ENSDARG00000036076	0.90318	1.80656	1.02285	0.351829	0.821104	0.702058	1.29216	0.411079	0.427706
ENSDARG00000036082	0.996547	0.0537063	0.0506801	0.2038	0.0480599	0.237735	0.38017	0.0887315	0.0824167
ENSDARG00000036090	4.22353	3.86031	3.13811	1.42497	1.45071	2.16728	3.82628	2.48418	0.721062
ENSDARG00000036100	7.85249	9.66987	9.17896	3.26314	4.45052	4.32181	8.8817	4.42183	2.75613
ENSDARG00000036118	4.01508	6.08251	4.5209	1.71682	2.48821	2.66626	3.43292	1.26328	0.943806
ENSDARG00000036136	3.77099	3.87147	3.34597	2.1703	2.57557	2.57296	3.98115	1.80645	0.987066
ENSDARG00000036144	3.87774	4.65959	4.19078	0.980242	2.01097	1.37025	2.04509	2.07524	0.387317
ENSDARG00000036147	0.827331	0.732238	0.677433	0.848587	1.47722	1.59505	1.87022	0.812095	0.32584
ENSDARG00000036158	1.43863	0.985575	0.920824	0.499914	0.738341	0.787618	1.61386	0.38417	0.510118
ENSDARG00000036161	335.816	204.163	146.132	103.53	59.2868	52.6236	51.9074	31.4067	13.2018
ENSDARG00000036162	314.881	110.21	22.2932	86.0023	25.2726	10.287	10.5922	6.11471	3.58004
ENSDARG00000036164	2.45052	2.26792	2.17311	0.53533	0.945825	0.830535	0.915252	0.278926	0.192958
ENSDARG00000036174	14.1035	7.2825	3.02005	3.11222	1.92764	1.73209	2.05812	0.600051	0.474365
ENSDARG00000036175	10.9149	2.68318	0.205712	4.89895	0.920769	0.243656	0.161917	0.169895	0.15331
ENSDARG00000036179	1.2881	0.188065	0.367712	0.16611	0.202472	0.363042	0.518945	0.0963547	0.0175642
ENSDARG00000036180	24.5842	18.5531	20.633	8.05344	6.94624	8.59656	12.0682	4.48683	3.21691
ENSDARG00000036190	5.25904	3.79908	4.1152	1.08649	1.7478	1.63085	2.36539	0.260428	0.748355
ENSDARG00000036212	9.15763	14.0838	10.167	2.60002	3.51022	3.12418	6.98794	3.70858	1.87232
ENSDARG00000036214	14.2888	15.9327	22.4624	7.95551	10.6423	12.5397	16.1473	8.3133	5.46918
ENSDARG00000036232	2.16524	3.09766	3.12856	0.986418	1.5064	1.93787	3.01503	3.02659	1.5339
ENSDARG00000036235	2.0302	2.40482	3.80378	0.636821	1.31869	0.783894	2.90681	1.4319	1.08329
ENSDARG00000036239	1.02731	2.3498	0.536714	0.43964	0.199333	0.100734	0.617145	0.484971	0.232166
ENSDARG00000036245	2.63149	4.08232	2.60757	1.06683	0.694833	0.505661	0.803275	0.741648	0.680862
ENSDARG00000036247	7.80354	8.8674	7.09477	4.13934	3.78865	6.45615	3.8721	1.1704	0.887066
ENSDARG00000036251	7.00383	11.041	10.5812	2.7602	3.70089	2.94026	5.68897	3.40551	2.47855
ENSDARG00000036252	0.513589	0.418073	0.517459	0.420442	0.378582	0.320116	0.481483	0.245291	0.0953072
ENSDARG00000036257	13.4611	17.9726	16.3818	5.68167	7.27896	10.0517	16.2327	13.3553	7.81321
ENSDARG00000036279	5.06894	6.55611	7.15207	3.54858	4.7005	5.07929	7.18528	4.51967	2.6242
ENSDARG00000036281	5.97261	5.15865	4.87824	1.66573	1.8806	2.01781	4.2329	3.14874	2.32635
ENSDARG00000036291	2.4118	2.4137	3.36663	1.11293	2.01373	2.12932	2.175	1.72858	0.450343
ENSDARG00000036292	9.01113	3.3301	0.148218	2.27869	0.910293	0.111118	0	0	0
ENSDARG00000036298	6.16309	4.07797	1.06957	1.39653	1.84133	2.08911	3.89175	1.55292	1.50928
ENSDARG00000036305	5.53522	7.74551	5.78752	2.5839	2.87048	3.71481	4.10214	1.88299	1.64654
ENSDARG00000036316	14.7909	5.19869	0.557816	4.6507	0.856417	1.02431	3.30487	3.73967	2.38954
ENSDARG00000036338	1.12503	1.11997	1.13233	0.669429	0.80242	0.662823	0.946835	0.616201	0.293749
ENSDARG00000036345	1.90181	2.11356	2.11525	0.538332	0.543687	0.580556	1.04074	0.578282	0.376257
ENSDARG00000036359	4.8208	2.19238	1.2537	2.23481	1.66463	1.43934	1.90043	2.19169	1.72433
ENSDARG00000036364	2.63298	2.51814	1.71159	1.3961	1.45825	1.34444	1.15306	0.591047	0.282045
ENSDARG00000036385	9.55213	4.61457	3.74578	2.01034	0.919618	0.983782	3.70693	1.14738	0.388203
ENSDARG00000036386	3.07396	1.79986	0.71152	1.17384	0.870169	0.506671	0.229275	0.20479	0.212844
ENSDARG00000036387	1.21073	2.70478	1.65988	1.97558	1.94586	2.01274	2.72	1.61549	1.21517
ENSDARG00000036388	1.94141	1.40118	0.799846	1.10864	0.856115	1.35797	0.844872	0.551712	0.286937
ENSDARG00000036402	3.41632	3.68324	2.69257	2.16972	2.65418	2.41022	7.25779	4.15739	3.66976
ENSDARG00000036426	0.928045	0.356625	0.453761	0.275411	0.217554	0	0.471297	0.0852046	0.0768972
ENSDARG00000036438	2.53342	2.77648	2.83636	0.894458	0.662144	0.969227	1.24511	0.688774	0.408729
ENSDARG00000036442	4.58045	5.75083	5.18612	1.18373	2.11009	1.64763	3.25633	1.88048	1.47947
ENSDARG00000036451	0.493665	0.350962	0.559422	0.412454	0.492805	0.970825	0.542966	0.372654	0.359457
ENSDARG00000036462	106.469	73.325	59.3925	23.5642	17.9282	21.3599	40.0283	13.1728	8.60605
ENSDARG00000036473	2.83552	2.48994	1.93056	0.763283	1.15412	1.13484	2.73353	1.56505	0.523111
ENSDARG00000036482	3.31187	3.4115	2.86176	1.8482	0.908461	1.3022	1.4712	1.08578	0.797793
ENSDARG00000036489	13.1441	14.6069	12.7785	6.92912	7.78044	12.3494	9.27464	3.92199	4.19715
ENSDARG00000036493	5.46502	5.51768	5.13194	1.54018	1.92842	1.2121	2.3499	1.30083	0.812268
ENSDARG00000036494	0.999256	0.7709	1.34295	0.410524	1.03683	0.444325	1.6612	1.48205	0.691456
ENSDARG00000036496	17.2965	2.76818	2.33741	3.44343	1.4714	0.936913	2.24821	0.721262	0.944801
ENSDARG00000036500	6.05032	6.10637	6.37983	3.23735	4.36993	3.43984	6.96591	5.23549	2.76127
ENSDARG00000036510	10.9075	12.06	8.22404	2.93449	4.41479	4.46878	7.11394	4.30879	2.30926
ENSDARG00000036541	2.63839	2.05996	1.26068	0.643165	0.978708	0.632912	1.45479	1.10385	0.831458
ENSDARG00000036549	1.82741	1.17129	1.45069	3.27102	1.98775	1.82686	3.05014	2.61272	0.983039
ENSDARG00000036558	0.378593	0.61786	0.4635	0.205436	0.269337	0.204964	0.222643	0.121874	0.0681982
ENSDARG00000036569	3.38121	4.33391	3.85582	1.45247	2.7263	2.79014	14.3759	7.2291	6.85047
ENSDARG00000036570	12.3597	8.76508	2.37794	6.58813	4.81247	4.93188	3.92432	0.907679	1.38181
ENSDARG00000036571	0.829845	1.60701	1.94753	0.647069	0.540939	0.715228	1.2419	0.372577	0.694398
ENSDARG00000036587	0.544812	0.365225	0.830672	0.469401	0.201739	0.498751	0.909482	0.510633	0.28299
ENSDARG00000036592	3.84262	5.5115	5.94078	1.62786	2.23181	4.07235	6.39524	3.20886	0.525757
ENSDARG00000036593	0.596755	0.644478	0.415751	0.211143	0.335105	0.305894	0.348081	0.117971	0.164566
ENSDARG00000036595	3.78651	6.03484	5.0434	2.39852	3.62228	3.07551	8.73063	6.22707	4.04948
ENSDARG00000036612	4.98644	2.01919	0.696613	3.17049	1.89839	0.613174	0.23433	0.304895	0.091062
ENSDARG00000036625	11.1601	7.15697	3.8679	6.48865	5.71275	3.7213	2.74406	1.41928	0.850412
ENSDARG00000036629	4.94048	5.96603	7.38421	3.89497	3.81938	4.27094	10.5455	5.84252	4.77677
ENSDARG00000036645	1.35001	1.40802	1.10516	0.572285	0.601432	1.20231	1.19996	0.445634	0.259817
ENSDARG00000036658	11.7302	9.52123	8.47284	6.46011	6.29982	7.18783	11.8328	5.19551	3.2194
ENSDARG00000036670	253.414	52.1765	3.68442	48.9806	9.19918	0.879085	0.236718	0.158031	0.382856
ENSDARG00000036675	1376.57	944.328	499	542.281	339.93	275.113	256.443	131.07	62.2894
ENSDARG00000036678	1.78081	1.83821	0.944615	1.46843	1.55585	1.70657	1.28372	0.542217	0.665027
ENSDARG00000036685	0.915553	0.796919	1.13063	0.333095	0.728151	0.603958	1.31958	0.466724	0.384411
ENSDARG00000036687	20.5578	26.3568	16.7441	9.2077	12.0062	13.6402	22.1008	16.8738	11.618
ENSDARG00000036695	0.405151	0.564293	0.360195	0.332532	0.275997	0.207268	0.18349	0.175356	0.0613521
ENSDARG00000036698	19.4699	21.3155	15.6619	9.83127	11.0807	11.0278	26.2424	15.7599	9.74525
ENSDARG00000036700	3.85052	3.63222	1.73016	1.39346	0.7432	0.407105	4.14062	0.770842	0.635964
ENSDARG00000036707	2.52649	3.11277	2.60479	1.42533	1.56208	1.3992	2.32698	1.28183	0.644055
ENSDARG00000036772	9.19951	15.3653	9.17696	7.80088	7.07687	6.35239	23.5304	16.4211	9.34439
ENSDARG00000036773	2.23423	0.571769	0.456453	1.0291	0.51148	0.305524	0.566209	0.223448	0
ENSDARG00000036774	7.17693	0.546768	0.304593	1.06989	0.160166	0.339652	0.255503	0.260483	0.172252
ENSDARG00000036778	12.9044	15.9703	10.2053	6.10288	8.69618	7.91409	33.4212	15.4502	6.71995
ENSDARG00000036791	0.628399	0.929406	0.817508	0.382829	0.51681	0.500549	0.758249	0.715799	0.529159
ENSDARG00000036811	4.07276	3.50699	2.41304	1.61411	2.39449	3.64232	2.31905	1.96025	1.27393
ENSDARG00000036815	0	0.702632	0	0	0.0197236	0	0	0	0
ENSDARG00000036816	0.603191	1.26086	1.10676	0.537382	0.36329	0.435229	2.2464	1.69856	1.18809
ENSDARG00000036826	2.22071	4.7803	3.62818	1.51641	1.69769	1.53842	4.40207	3.6039	2.87097
ENSDARG00000036831	1.33987	1.91923	1.78239	0.893218	1.21163	1.31825	3.89961	1.49864	1.40301
ENSDARG00000036844	1.77629	0.850466	1.66447	1.05954	1.03501	0.593088	2.24302	0.778917	1.15902
ENSDARG00000036851	5.12132	1.92361	0.0171084	0.468115	0.120719	0	0.0861747	0.025435	0
ENSDARG00000036852	3.33724	3.78739	1.44342	1.28349	1.59412	1.88435	7.32932	4.02745	2.35118
ENSDARG00000036853	12.0212	7.86815	6.64896	7.50212	4.47867	5.24532	9.62853	4.36466	2.58426
ENSDARG00000036855	1.42464	1.12004	0.351837	0.541488	0.158073	0.112604	0.260168	0.206866	0.120488
ENSDARG00000036863	0.734247	1.13322	1.14292	0.690836	0.857798	0.709786	0.853085	0.389178	0.338402
ENSDARG00000036865	1.63905	1.05663	0.254814	0.501819	0.12485	0.214713	0.389411	0	0.203239
ENSDARG00000036870	2.43083	3.03343	1.81677	1.50606	1.36577	1.69151	3.51423	1.14178	1.26761
ENSDARG00000036875	25.6268	23.9535	23.2802	3.06692	4.63681	5.94268	11.4296	5.27723	3.95296
ENSDARG00000036911	3.8075	4.68448	4.17526	2.99611	2.13089	2.96174	5.5488	4.74439	2.86118
ENSDARG00000036915	21.6732	21.6637	15.1246	6.36857	6.79223	8.40238	23.003	8.88847	6.22966
ENSDARG00000036924	1.25392	1.96911	0.747726	1.46513	0.351342	0.715438	1.73903	1.15763	0.527312
ENSDARG00000036929	4.42731	6.02815	5.32615	1.52263	1.75372	2.40307	3.06667	2.55884	1.56204
ENSDARG00000036943	1.45086	1.3186	1.20068	1.25022	1.33272	0.683722	1.72073	1.28789	0.311833
ENSDARG00000036944	8.82389	5.71371	3.46943	1.57629	2.22782	2.66995	2.68452	3.28876	1.08501
ENSDARG00000036956	14.0548	17.1326	14.1907	10.0185	11.9706	13.1676	32.0407	17.8905	10.1024
ENSDARG00000036966	1.06123	1.62626	1.2144	0.731936	1.30646	1.1689	2.58081	0.65584	0.23844
ENSDARG00000036985	0.609587	1.29229	1.22078	0.492913	0.481607	0.661966	1.01306	0.83994	0.299701
ENSDARG00000036987	1.62566	0.0418712	0.0395696	0.535492	0.0264865	0	0.0201214	0	0
ENSDARG00000036990	0.725408	1.70971	1.0246	0.282613	0.0955182	0.676517	0.334068	0.138177	0
ENSDARG00000036994	2.50742	3.42016	2.38871	0.838282	1.04654	1.20066	2.38077	1.61627	0.819914
ENSDARG00000037002	2.07415	4.94518	5.51461	1.5457	2.77501	2.24049	3.30782	1.96474	1.34793
ENSDARG00000037009	6.78954	6.5474	5.91977	8.14935	6.8715	11.1198	8.29946	3.68055	1.98073
ENSDARG00000037017	2.41582	3.98108	3.25795	1.62112	2.39079	2.92849	4.20165	2.46311	1.38796
ENSDARG00000037018	3.09262	5.03552	4.60553	1.12904	1.37776	1.38016	3.34877	2.58962	1.7668
ENSDARG00000037020	4.68506	4.24536	4.49839	2.08607	2.29579	2.97379	4.61635	2.57175	1.53907
ENSDARG00000037038	2.93087	1.71233	2.70637	1.00692	1.27597	1.46487	2.17852	0.689718	0.396298
ENSDARG00000037046	4.35349	3.17085	4.39393	0.780279	1.20049	1.91843	1.77552	1.1131	0.704029
ENSDARG00000037057	1.66288	0.759907	0.410638	0.38713	0.295488	0.906623	0.813508	0.50093	0.153
ENSDARG00000037060	19.3291	20.2955	17.8686	9.57719	10.8459	10.0043	14.7964	9.06345	5.90575
ENSDARG00000037061	0.891252	1.78441	0.985999	1.11898	0.329477	0.825503	0.629057	0.511332	0.201544
ENSDARG00000037064	1.52598	2.35544	2.08057	0.729008	0.691654	1.12448	1.04665	0.770897	0.790415
ENSDARG00000037091	3.02045	2.7735	3.34193	1.0477	1.00547	2.09089	2.48572	0.966277	0.328466
ENSDARG00000037099	0.650868	0.667101	0.622517	0.371759	0.49181	0.377698	1.33022	0.315227	0.143596
ENSDARG00000037100	2.37677	2.36999	1.75588	0.918368	1.5005	0.970464	1.84885	0.606442	0.0440471
ENSDARG00000037101	0.810495	0.412722	0.237502	0.230242	0.254589	0.224391	0.162481	0.111261	0.101626
ENSDARG00000037108	2.40208	0.772075	0.113483	0.86668	0.235755	0.490083	0.599318	0.25979	0.0785913
ENSDARG00000037109	3.30589	4.1189	3.27658	2.01508	2.17892	2.99113	1.70433	0.544333	0.434953
ENSDARG00000037116	1.1767	0.0531811	0	0.299062	0.11248	0.0373059	0	0	0
ENSDARG00000037122	0.31794	0.531496	0.561452	0.205654	0.223241	0.396258	0.515262	0.402707	0.18198
ENSDARG00000037140	1.1285	2.12932	1.08598	0.576029	0.782359	0.917611	1.52372	0.640522	0.334643
ENSDARG00000037154	10.7715	13.6285	10.9673	4.99145	6.01961	6.88976	12.1455	7.1235	3.23568
ENSDARG00000037158	35.5922	46.2556	51.5721	11.5542	13.2619	19.4996	16.5773	8.8026	3.48727
ENSDARG00000037172	4.54371	7.82435	4.75432	2.23704	1.04248	1.62435	3.25443	0.520358	0.525179
ENSDARG00000037177	33.7921	39.884	31.3859	8.59786	8.61874	9.91672	17.584	9.63419	5.60961
ENSDARG00000037178	11.706	1.23171	0	3.44212	0.356519	0	0	0	0.101379
ENSDARG00000037182	2.14533	1.85164	2.40638	0.463417	0.287501	0.737514	1.02106	0.588879	0.111052
ENSDARG00000037199	4.3411	3.24103	4.96849	2.99425	3.25118	3.76449	1.48232	0.822587	0.928642
ENSDARG00000037229	15.0739	12.2894	9.67192	7.54186	5.75714	8.15807	9.25367	5.62144	3.21287
ENSDARG00000037238	56.3947	68.7629	63.5616	16.3031	22.496	25.7069	46.5321	26.3463	19.6095
ENSDARG00000037260	2.34688	3.70308	3.13535	1.12895	1.48139	1.60322	1.6959	1.25236	0.44448
ENSDARG00000037261	0.720363	1.00166	0.985034	0.89313	0.779502	1.03246	1.331	0.491661	0.617269
ENSDARG00000037276	0.986885	1.48873	1.56475	0.351441	0.530581	0.487031	0.896332	0.441799	0.159404
ENSDARG00000037283	8.22737	6.06859	8.11094	2.11164	3.12121	4.11256	3.41639	2.1035	1.53937
ENSDARG00000037284	2.00582	1.67206	0.923471	1.56632	1.43445	1.03313	1.40312	0.355033	0.510835
ENSDARG00000037291	2.08509	2.41398	1.86073	1.33586	1.2474	1.51351	2.58051	1.26372	0.649351
ENSDARG00000037309	2.49183	2.64458	2.83411	2.70551	1.98151	3.58563	3.59292	2.18556	2.53201
ENSDARG00000037318	3.87992	4.76721	4.24969	2.16204	4.76303	3.82955	4.92023	3.00979	1.91512
ENSDARG00000037324	0.539926	0.440102	0.345419	0.217688	0.285015	0.293414	0.921167	0.228974	0.0966915
ENSDARG00000037350	5.03485	4.2394	3.7101	1.134	1.22775	1.13482	1.61035	0.865499	0.863372
ENSDARG00000037353	5.09084	5.62649	5.36413	3.69854	5.7029	5.54768	7.28666	6.05097	5.25767
ENSDARG00000037356	1.40222	1.76468	6.01948	2.05817	0.733721	1.46541	5.18452	3.20541	1.51647
ENSDARG00000037358	3.76038	4.98925	3.77906	0.811234	1.6405	1.40816	3.25198	1.79033	1.28797
ENSDARG00000037361	2.43489	2.75306	0.534854	0.487844	0.277264	0.641317	1.87982	0.399222	0.379012
ENSDARG00000037362	0.355775	0.739333	0.216913	0.250558	0.239405	0.144362	0.197635	0.247963	0.100117
ENSDARG00000037371	5.08807	8.10914	4.71368	3.49642	4.58202	5.17027	8.26339	2.31903	1.53278
ENSDARG00000037388	10.0765	11.7033	11.0486	5.1473	5.92443	7.93599	7.60806	4.22497	2.38241
ENSDARG00000037392	3.58913	4.13787	3.28702	2.01273	1.69436	2.08137	4.67439	1.61957	1.94249
ENSDARG00000037393	9.1633	5.84453	5.76097	3.64164	3.74937	3.45092	6.66305	3.40519	1.5749
ENSDARG00000037397	19.4311	22.6533	18.9617	6.83603	6.12574	7.7293	7.82744	3.31581	1.59952
ENSDARG00000037405	2.88643	3.9597	3.57792	2.9451	2.9308	3.38244	5.7035	1.94627	1.59286
ENSDARG00000037410	4.85124	10.0418	5.61569	0.759277	1.79272	1.56039	2.40664	0.887183	0.944399
ENSDARG00000037422	2.41323	1.29988	0.793135	1.51424	0.682182	1.02587	2.02486	1.04739	0.696671
ENSDARG00000037423	4.406	4.24804	2.42331	2.19112	0.883682	1.30548	1.71815	0.555896	0.671758
ENSDARG00000037429	0.377474	0.0660458	0	0.0610804	0	0.0195823	0	0	0.0154208
ENSDARG00000037433	3.4866	6.07188	4.08135	2.68078	2.98871	5.14919	6.36592	3.77763	2.18546
ENSDARG00000037476	3.74573	4.08158	5.31809	0	2.93285	3.15439	5.60322	2.95664	0
ENSDARG00000037484	5.28969	2.17139	1.81668	1.6412	0.256975	1.78004	1.24992	0.999587	0.548254
ENSDARG00000037488	10.6707	14.8324	10.7869	3.10492	4.27933	4.30396	12.6958	5.72787	3.85459
ENSDARG00000037491	7.83967	8.77859	7.13608	2.25516	2.70004	2.32466	5.03182	2.66364	1.31562
ENSDARG00000037503	17.0978	20.618	21.113	12.1776	17.5903	10.9104	18.6286	7.13497	6.66058
ENSDARG00000037506	1.99769	1.66098	2.57681	0.79585	0.566252	1.72671	1.18375	0.690855	0.367357
ENSDARG00000037514	2.48726	2.6926	1.62077	1.82314	1.01087	2.90486	1.30876	0.858859	0.516037
ENSDARG00000037517	2.76811	4.30212	2.97878	1.78789	1.70005	2.02376	3.41311	1.92922	0.855368
ENSDARG00000037528	3.39048	3.06475	3.68095	1.22734	1.21377	1.65827	2.52198	0.733393	0.885108
ENSDARG00000037532	3.71158	4.91574	5.76326	1.28805	2.96547	2.84114	3.00456	1.32345	0.53357
ENSDARG00000037537	2.85015	3.42659	1.90916	0.68526	1.21824	1.99629	2.03597	0.96854	0.656315
ENSDARG00000037551	1.95272	6.58147	1.20546	0.539585	1.61894	1.46535	2.36799	0.574393	0.951473
ENSDARG00000037553	0.138294	0.158837	0.499071	0.0508331	0.0464517	0.238845	0.294732	0.133054	0.0400817
ENSDARG00000037556	5.51893	3.85065	5.22595	3.04376	3.85129	2.1663	4.24561	1.62466	1.22594
ENSDARG00000037559	14.3448	15.756	22.9133	6.10249	11.6067	12.1643	13.5699	11.2131	5.65451
ENSDARG00000037560	4.44679	6.95765	9.20991	3.27572	3.63929	4.46971	7.13544	2.40344	1.60961
ENSDARG00000037570	1.9414	0.925964	3.87997	0.758428	0.705198	0.732897	0.799901	0.134672	0
ENSDARG00000037574	4.44486	8.34115	4.48142	2.37945	3.25977	2.87539	4.25404	2.46416	1.52771
ENSDARG00000037589	6.44834	8.31058	9.4644	2.98316	3.46421	6.30951	3.72808	1.29471	1.72176
ENSDARG00000037593	0.799215	1.12199	1.79008	0.544628	0.572215	0.640135	1.80978	1.01671	0.347655
ENSDARG00000037618	73.4605	47.8383	44.8781	28.0851	17.7284	29.3232	11.0062	6.16547	3.14775
ENSDARG00000037633	12.4272	9.0278	7.20265	2.47394	1.6257	2.10707	1.75397	1.23749	0.913345
ENSDARG00000037634	0.347382	0.483665	0.378478	0.402186	0.180685	0.254578	0.471345	0.458324	0.222333
ENSDARG00000037640	17.3385	14.0506	14.4771	4.73216	4.17071	6.06688	10.1111	8.26429	5.2831
ENSDARG00000037645	1.06335	1.1901	0.960096	0.345581	0.313992	0.196087	0.418763	0.119385	0.137965
ENSDARG00000037647	1.78598	1.90624	1.76966	0.279787	0.462021	0.273467	0.720358	0.591546	0.297136
ENSDARG00000037652	5.79974	5.15979	3.96921	1.27319	1.90237	1.79222	4.23196	3.07358	2.52415
ENSDARG00000037665	1.55235	2.02489	1.63262	1.22541	0.658077	1.53089	1.41589	1.32782	0.578045
ENSDARG00000037675	0.738728	0.883981	0.750387	1.33837	1.04895	1.11765	1.63306	0.504884	0.746823
ENSDARG00000037706	1.66457	2.02857	1.41264	0.919475	0.797467	0.86182	0.865791	0.423214	0.0997181
ENSDARG00000037708	7.62843	8.56233	8.22002	3.93119	5.28165	6.17415	12.3288	6.49974	4.22117
ENSDARG00000037734	5.62099	6.05005	5.89197	4.73014	3.96805	5.55413	11.3199	9.43367	6.04128
ENSDARG00000037739	6.67704	6.00955	4.17232	4.52025	2.10138	3.10081	4.87842	1.89902	0.803482
ENSDARG00000037746	39.3733	41.9711	38.5979	15.5579	17.1594	15.5266	34.2321	23.1771	13.3315
ENSDARG00000037773	5.5458	5.40912	5.70245	2.23427	2.49121	3.33406	7.09678	3.79532	2.07105
ENSDARG00000037777	0.716398	0.142445	1.34181	0.205022	0	0.195466	0.197893	0.320699	0
ENSDARG00000037781	2.4657	3.40975	3.34743	2.33153	2.65195	4.02892	4.77511	1.76879	1.28779
ENSDARG00000037782	0.577885	1.1673	0.694719	0.0702457	0.610214	0.132935	1.59248	0.496566	0.646166
ENSDARG00000037813	1.71887	1.91721	1.30819	0.910528	0.962691	1.56917	1.1343	0.454254	0.366112
ENSDARG00000037838	2.7142	1.15892	0.221838	1.41794	0.271379	0.264568	0.381545	0.460491	0.570602
ENSDARG00000037843	0.936723	0	0.0563441	0.164364	0.154186	0	0.107303	0.0799992	0.0497513
ENSDARG00000037846	18.5432	21.1905	18.8429	7.52545	8.93391	10.092	7.4231	3.95449	5.00334
ENSDARG00000037852	0.947678	1.02603	2.28478	0.352203	0.706994	0.764746	1.19933	0.286897	0.649857
ENSDARG00000037857	4.61812	5.89302	5.05539	1.92087	2.43408	2.27697	4.18143	2.10758	0.954116
ENSDARG00000037860	10.7636	7.05814	8.014	4.15409	4.0252	3.04452	4.29061	1.87708	1.35499
ENSDARG00000037865	1.77818	1.31096	1.53757	1.83465	2.03241	2.32064	4.2628	1.38621	0.946822
ENSDARG00000037870	72.6341	84.4386	74.7891	30.9813	31.6087	33.9553	68.9728	48.3451	24.2633
ENSDARG00000037871	4.65247	5.49891	4.56213	1.96421	2.49409	2.41356	3.57975	2.19686	1.4108
ENSDARG00000037872	3.98415	4.53097	4.65261	1.7297	2.43775	2.17256	4.79466	4.23948	2.87091
ENSDARG00000037879	29.3339	5.74486	0.0826928	24.2462	5.62917	0.190052	0	0.263536	0.184018
ENSDARG00000037892	9.57198	6.29408	5.12682	1.51613	1.55558	2.23791	3.64878	2.08737	0.399393
ENSDARG00000037897	7.25919	7.14478	4.88379	4.47004	5.69266	5.22462	5.6597	2.74137	2.45724
ENSDARG00000037898	6.781	5.94655	7.46645	3.58643	2.10206	6.6711	7.11392	1.88362	0.742815
ENSDARG00000037900	4.24942	4.73238	3.59783	1.78485	2.10961	3.05155	3.32991	2.03394	1.32442
ENSDARG00000037909	1.97535	1.42015	1.43378	0.735909	0.966943	0.900472	1.61924	0.430303	0.320109
ENSDARG00000037910	0.467701	1.23865	0.517363	0.140769	0.292021	0.515015	0.637281	0.735174	0.429984
ENSDARG00000037914	2.65306	0.648176	0.0149986	1.36854	0.296532	0.00384367	0.00819489	0	0.00611467
ENSDARG00000037919	16.549	12.4331	9.00443	8.87502	7.18663	8.12858	11.423	5.9577	2.80308
ENSDARG00000037924	4.76374	5.45675	5.78441	4.4365	5.22024	5.20437	10.592	6.85131	3.96777
ENSDARG00000037928	9.92396	10.2823	9.81039	6.02865	6.00843	6.55478	8.54286	4.50046	3.0077
ENSDARG00000037929	1.91453	2.51696	2.42532	1.23672	0.79276	0.968308	1.59059	0.859804	0.348386
ENSDARG00000037935	2.64776	2.85499	2.9156	0.516894	0.935209	0.849106	1.15691	0.698783	0.455993
ENSDARG00000037958	1.01864	0.894811	1.22734	0.671529	0.506088	1.0733	0.984866	0.850229	0.185891
ENSDARG00000037962	7.67932	3.87201	3.64589	3.59759	2.61384	2.89713	3.64748	0.830913	1.20141
ENSDARG00000037965	24.8896	27.8218	18.5135	9.09839	9.13928	10.2728	21.0636	11.8103	6.11791
ENSDARG00000037966	1.8093	2.80349	3.0571	1.55869	1.19705	2.34818	2.06486	1.40841	1.028
ENSDARG00000037967	3.80593	4.41948	2.90554	1.16816	1.10602	1.35744	3.31278	0.881692	0.0801493
ENSDARG00000037968	13.4248	7.20733	5.02289	3.36124	3.39124	3.07695	2.93022	1.38932	1.1636
ENSDARG00000037980	21.2229	18.5892	17.4816	13.7332	10.4354	16.0193	13.6011	8.54372	4.60146
ENSDARG00000037995	36.7049	48.1196	39.8412	16.5024	19.3454	19.0453	14.9005	9.88203	5.72152
ENSDARG00000037997	6.24657	3.52025	1.98939	1.94748	0.569121	0.87626	1.27194	0.77192	0.45995
ENSDARG00000037998	1.31168	2.43214	1.39384	0.978452	1.67524	2.06728	3.22919	1.00881	0.730995
ENSDARG00000038000	0.873379	3.06516	0.932633	0.543491	0.509215	0.509464	0.462775	0.243786	0.1534
ENSDARG00000038005	3.10207	4.77026	4.42418	1.72659	1.86431	2.09635	3.63334	2.23615	1.39242
ENSDARG00000038010	1.54823	1.04288	0.587115	0.668863	1.2913	1.02779	1.00282	0.190783	0.220794
ENSDARG00000038012	0.702407	0.676767	1.39352	0.320106	0.352455	0.301082	1.59499	0.539713	0.306527
ENSDARG00000038027	18.0767	14.4052	11.3919	15.5526	12.1617	9.6819	5.59201	2.47857	2.5049
ENSDARG00000038030	11.6007	12.5029	3.84186	5.13049	3.6065	6.49409	5.48011	1.33453	0.965617
ENSDARG00000038040	1.26305	0.0716386	3.27076e-106	0.0988004	0.0751154	0	0.315501	1.88845e-115	0.309257
ENSDARG00000038043	3.41979	4.96437	5.59033	1.35923	2.50083	2.30345	6.17621	2.84308	1.28694
ENSDARG00000038059	8.14112	9.34787	6.9231	3.30283	3.75459	4.34269	14.1007	3.83417	5.45989
ENSDARG00000038064	0.935869	1.77027	0.449736	0.89865	0.86971	1.99239	2.566	1.27371	0.706051
ENSDARG00000038066	11.8764	13.7052	13.2932	6.5114	8.62219	13.7999	24.7292	11.9072	6.06751
ENSDARG00000038067	2.19713	2.74254	2.62827	1.03793	1.17865	1.35042	1.96558	1.08186	0.474474
ENSDARG00000038068	129.082	53.9164	17.6404	43.8317	20.9267	9.71047	9.73018	6.37333	4.95109
ENSDARG00000038069	3.3499	0.984216	0.403496	1.03594	0.594363	0.547937	0.73281	0.399629	0.233155
ENSDARG00000038074	6.24345	5.86532	8.68338	1.70838	1.89025	2.0296	4.36904	2.01069	0.760136
ENSDARG00000038075	7.4248	5.99849	5.0299	2.76804	2.14043	2.34711	4.34494	1.67196	1.6088
ENSDARG00000038076	15.7049	11.0756	9.33653	4.36474	3.42636	4.54693	2.83937	1.32	1.61214
ENSDARG00000038094	2.61473	2.73552	2.70775	0.952576	1.24246	2.03392	2.21386	1.5639	0.957846
ENSDARG00000038097	1.13872	0.533573	1.05633	0.270816	0.210473	0.276045	0.398376	0.183605	0.277379
ENSDARG00000038099	7.75207	7.4289	8.90086	2.72852	3.16762	4.226	4.21921	2.0648	1.30856
ENSDARG00000038107	0.264984	0.0187654	0	0.0277112	0	0.0137957	0	0	0
ENSDARG00000038113	3.72298	3.36554	2.84157	1.67683	1.24989	1.75472	1.64488	0.802965	0.268736
ENSDARG00000038141	13.49	3.35041	0.1181	3.97068	0.915544	0.144701	0.044289	0.0378089	0.137091
ENSDARG00000038156	4.58152	7.15044	4.81168	1.33307	1.70536	2.06691	2.30453	1.04752	1.02908
ENSDARG00000038159	10.8768	19.1942	14.8767	3.44681	4.70129	4.65761	9.45599	6.81666	4.41899
ENSDARG00000038186	1.97852	1.80628	0.893058	0.771957	1.91208	1.18034	1.85373	0.904573	0.296425
ENSDARG00000038190	13.7544	12.5143	11.744	6.90507	7.04776	8.0201	11.7429	5.36797	3.28763
ENSDARG00000038207	0.177929	0.0391211	0.185274	0.0501851	0.168656	0.144902	0.455385	0.117437	0.162165
ENSDARG00000038213	0.849959	0.361437	1.06589	0.629059	0.381309	0.365562	0.891574	0.423526	0.120765
ENSDARG00000038215	3.81167	6.72232	6.35915	2.44703	2.86903	3.39068	6.12084	3.14544	1.44666
ENSDARG00000038222	1.58191	0.676185	1.65084	0.745467	0.698159	0.235315	1.48528	0.583864	0.303969
ENSDARG00000038225	12.0731	16.0444	10.9126	2.74872	3.88462	5.17339	5.45945	2.38277	1.96431
ENSDARG00000038228	2.85875	3.3792	3.10697	0.978675	1.5519	2.21847	2.16258	0.97545	0.696557
ENSDARG00000038237	0.629057	0.772574	0.497881	0.273207	0.128255	0.438794	0.653542	0.354375	0.286668
ENSDARG00000038239	11.9697	19.0994	13.0385	6.0251	10.2171	11.0937	21.4787	8.43866	7.79022
ENSDARG00000038243	0.517428	0.0469111	0.541412	0.420673	0.420746	0.391137	0.896254	0.468947	0.123641
ENSDARG00000038245	0.959351	0.725194	0.269148	0.48626	0.4145	0.255523	1.24338	0.24237	0.157676
ENSDARG00000038281	1.01206	0.446056	0.14974	0.621097	0.124371	0.225556	0.293411	0.11617	0.186447
ENSDARG00000038290	5.31145	6.86154	6.96972	0.753066	0.598205	1.13642	1.49925	0.804101	0.74759
ENSDARG00000038300	3.90544	5.16955	3.00323	1.23677	1.14292	1.03765	2.28424	1.80633	0.56184
ENSDARG00000038306	30.9499	41.6897	31.924	12.4816	13.2596	16.0833	20.9088	12.2791	8.07304
ENSDARG00000038312	4.52498	3.34617	1.97873	1.87878	1.70607	2.43143	1.31747	0.667819	1.69261
ENSDARG00000038360	0.946928	0.782525	1.3883	0.228849	0.288447	0.587232	0.275003	0.176171	0.418321
ENSDARG00000038374	1.13113	1.15471	0.144045	0.467254	0.576022	0.523587	0.257378	0.226373	0.409822
ENSDARG00000038386	6.60313	1.67304	0	2.30898	0.574348	0	0	0.0559991	0
ENSDARG00000038397	0.226637	0.47767	0.423447	0.0910086	0.344221	0.173969	1.21734	0.318006	0.186685
ENSDARG00000038398	3.11038	2.40355	0.767716	1.09211	0.353546	0.543518	1.57995	0.962378	0.688668
ENSDARG00000038399	8.70104	8.48922	4.74505	1.34395	1.91372	1.643	1.24946	0.716891	0.693086
ENSDARG00000038401	1.74743	1.79108	1.85484	1.33389	1.09618	0.905541	1.30325	0.973558	0.511439
ENSDARG00000038414	3.86572	6.92533	5.32415	0.95275	2.68255	1.66237	6.02383	3.50155	1.18964
ENSDARG00000038422	12.128	16.9625	14.3655	4.19012	5.31895	5.60678	6.22426	4.79212	2.58981
ENSDARG00000038423	2.73546	2.55456	2.24078	1.32947	1.24943	2.07221	2.60119	1.27921	0.764516
ENSDARG00000038428	2.81525	3.41928	3.4772	1.93908	2.2209	2.89974	3.82585	2.10782	1.18312
ENSDARG00000038429	9.88514	9.76779	7.12897	5.10327	9.21746	4.7975	13.2875	5.61334	2.16571
ENSDARG00000038432	2.12277	3.51547	1.63285	0.95511	1.07423	0.757033	1.70653	1.51224	0.808615
ENSDARG00000038442	6.36862	8.0752	7.78181	4.21752	5.41964	6.47262	10.5349	6.95706	2.84587
ENSDARG00000038467	0.591765	0.964643	0.327106	0.343836	0.45713	0.475109	0.685458	0.472024	0.264839
ENSDARG00000038472	4.12834	4.38582	4.38417	1.71735	2.04045	2.419	3.36982	2.37525	1.61752
ENSDARG00000038473	3.48532	2.1718	2.90175	2.16045	3.05559	3.25762	4.83227	2.58445	1.52736
ENSDARG00000038476	5.38349	5.19013	5.1984	1.61383	2.60027	2.15892	3.75661	2.22542	1.6828
ENSDARG00000038500	2.13956	2.59208	1.46714	0.58946	1.52374	1.0417	1.45724	1.04022	1.47422
ENSDARG00000038505	1.69208	1.52867	2.7607	1.0305	0.74174	0.626276	0.822067	0.10513	0.378562
ENSDARG00000038518	4.0361	6.03236	2.39877	0.617084	1.5169	1.61993	10.0742	2.79868	3.79584
ENSDARG00000038524	3.47194	2.61475	1.99741	1.95868	2.63385	1.86763	3.46741	1.13017	0.680334
ENSDARG00000038537	2.96055	2.73192	2.67412	1.71736	2.10922	3.01393	3.30451	1.87502	0.886182
ENSDARG00000038543	2.20051	2.10702	1.21007	1.08784	1.94485	1.15635	2.06996	0.782156	0.484987
ENSDARG00000038563	0.99806	1.18417	1.49084	0.420239	0.848261	0.918909	2.01714	1.09192	0.678499
ENSDARG00000038566	1.7874	0.488541	0.726767	0.803753	0.762751	0.389093	1.08247	0.734806	0.12687
ENSDARG00000038567	3.54108	5.78991	7.63156	2.7329	1.59105	2.295	1.59737	1.9898	1.31706
ENSDARG00000038569	9.89847	4.61147	0.476953	1.89703	0.686276	0.161031	0.0446255	0.0411659	0
ENSDARG00000038576	6.51097	4.08993	1.11983	1.29643	1.19557	1.55769	1.38725	0.0951853	0.252361
ENSDARG00000038577	7.58169	9.87221	4.23167	0	0.475405	1.40647	3.16875	1.41503	1.6848
ENSDARG00000038585	1.42123	1.46456	0.963483	0.38944	0.567685	0.953442	1.70115	0.908976	0.259581
ENSDARG00000038615	3.62486	4.06921	3.09494	0.950596	1.51631	2.20502	4.70517	1.58956	1.38002
ENSDARG00000038618	1.94494	1.62418	1.24543	0.266805	1.45044	1.01314	2.51889	0.447935	0.405896
ENSDARG00000038635	7.10487	4.62822	7.61606	4.56397	4.58823	6.83305	5.63685	1.59709	1.04994
ENSDARG00000038639	13.4985	9.02978	8.13806	6.65326	4.4159	4.49837	8.07094	4.18985	2.13005
ENSDARG00000038664	4.31795	0.798301	0.201639	3.12999	1.03237	0.522745	1.51739	0.902028	1.05139
ENSDARG00000038666	0.752573	0.193614	0	0.186653	0.105586	0	0.249543	0.112031	3.91561e-05
ENSDARG00000038667	5.54201	5.31982	4.73543	3.39883	3.49852	2.73333	3.50038	2.26127	1.70841
ENSDARG00000038668	2.07086	2.3052	1.01252	0.545667	0.219482	0.150935	0.156211	0.133889	0.153993
ENSDARG00000038687	3.3007	3.10157	3.0766	3.75827	3.74887	4.67101	3.87228	2.22344	1.59101
ENSDARG00000038694	15.6783	13.752	12.4907	2.00345	1.49738	3.38371	2.82886	1.77033	1.22146
ENSDARG00000038695	34.7682	18.1241	13.1816	10.2909	8.53572	8.12511	13.2388	5.1521	3.20465
ENSDARG00000038700	2.68147	2.83216	2.81493	2.20152	1.33838	2.3264	1.01956	0.662391	0.511038
ENSDARG00000038713	1.56908	1.83942	1.34302	0.619159	1.39141	1.30917	2.04815	1.40186	0.461362
ENSDARG00000038716	1.70176	1.5221	0.862663	0.346168	0.143824	0.32303	0.150499	0.0258165	0.238866
ENSDARG00000038720	2.62048	3.68308	2.35896	1.88571	3.31798	2.56755	3.37071	0.304477	0.693996
ENSDARG00000038731	2.57934	1.54042	1.26856	0.566972	0.714005	1.12421	1.76986	0.783263	0.454377
ENSDARG00000038737	2.57253	3.13084	2.0487	0.624695	0.879608	1.10248	2.00443	1.02864	0.690406
ENSDARG00000038743	5.53799	5.33822	6.50589	4.10472	5.53208	6.32339	6.13504	2.59472	2.19159
ENSDARG00000038768	1.4242	3.14872	2.12677	0.771285	1.5507	1.24913	2.35364	0.812151	0.743036
ENSDARG00000038780	5.53484	2.95061	2.04952	1.01217	2.31584	1.03204	1.25096	0.86833	0.917771
ENSDARG00000038784	9.62186	3.84087	0	2.14076	0.567336	0	0	0.102208	0
ENSDARG00000038785	37.1044	17.2622	8.56594	14.9127	6.86944	5.94852	6.68205	2.80169	1.76107
ENSDARG00000038787	30.2493	46.4279	44.509	9.97127	11.2099	14.3083	10.5333	5.49333	5.61974
ENSDARG00000038792	374.521	182.693	6.84457	114.46	43.277	2.09094	0.322835	0.725951	1.25503
ENSDARG00000038801	10.4534	11.9495	11.7754	3.74815	5.26148	6.34906	7.49099	4.56391	2.38075
ENSDARG00000038802	4.14878	2.25463	1.8593	0.985176	1.18549	1.36762	2.32885	1.95741	0.616382
ENSDARG00000038812	2.95491	2.1944	2.81248	1.17151	1.04721	1.81743	2.16834	0.660101	0.56396
ENSDARG00000038835	2.54766	3.16957	3.01896	1.9918	2.32921	2.80106	1.3587	0.528851	0.0931214
ENSDARG00000038843	9.27654	13.4267	10.0396	2.61751	4.21522	3.92163	6.9028	5.08083	2.84756
ENSDARG00000038847	4.405	5.69097	2.28253	1.95693	1.89773	2.16217	3.25291	1.25226	0.826469
ENSDARG00000038855	0.319594	1.25714	0.719589	0.432979	0.206043	0.315239	0.181763	0	0.0583144
ENSDARG00000038858	3.38568	2.23069	1.20979	0.932645	0.618615	0.751818	0.538247	0.461743	0.265302
ENSDARG00000038866	2.87751	3.71469	2.60791	1.35362	1.79158	1.97749	3.99052	2.2358	1.75004
ENSDARG00000038870	13.2704	10.1991	11.1156	3.4072	3.87672	6.89664	8.43339	2.95971	4.88696
ENSDARG00000038881	4.14505	4.84799	2.97987	0.833129	1.08339	1.72842	2.65208	1.11272	0.277648
ENSDARG00000038882	18.7007	22.3373	15.9928	5.76601	5.92146	6.29107	11.2802	7.53937	7.47142
ENSDARG00000038900	7.75508	9.02694	11.2837	3.7993	3.48198	6.01886	5.69273	2.86482	1.48488
ENSDARG00000038905	2.90892	4.15319	2.99508	2.18826	3.6501	1.51306	3.66516	3.34641	0.707062
ENSDARG00000038909	3.76502	1.58094	0.430718	1.81497	0.875915	0.396526	0.325271	0.249613	0.134351
ENSDARG00000038910	3.2067	3.02253	1.67905	1.18644	2.03449	1.04449	2.26834	1.08555	0.720277
ENSDARG00000038917	3.60024	3.72999	3.60358	2.02375	1.55949	1.88143	2.4297	1.07596	0.339892
ENSDARG00000038938	7.69974	8.86602	10.1514	3.90023	6.2755	6.58815	11.5511	6.59197	4.22451
ENSDARG00000038950	0.720605	1.73773	0.438329	1.09798	0.777733	1.07211	1.72311	0.378479	0.517021
ENSDARG00000038954	7.637	7.44627	7.58218	3.6667	3.56039	4.34509	6.79121	2.50242	2.06401
ENSDARG00000038967	2.40295	3.25288	3.46131	1.63799	1.33869	1.44027	2.52136	1.86971	0.964475
ENSDARG00000038976	11.8238	12.3014	7.57072	2.66304	4.85401	3.54048	11.0546	5.94892	4.40756
ENSDARG00000038985	6.09832	6.43384	7.03928	2.42274	3.33877	4.02022	13.1064	4.67681	5.51204
ENSDARG00000038991	0.596865	0.708308	1.21293	0.32809	0.576327	0.225435	0.936529	0.760714	0.218637
ENSDARG00000038995	0.418511	0.386935	0.332194	0.948752	0.671481	0.590978	0.654374	0.294714	0.178694
ENSDARG00000039004	1.70788	2.0093	0.911312	0.843947	1.85236	1.19688	2.60892	1.552	1.24664
ENSDARG00000039005	2.67303	2.23842	2.49729	0.71547	0.891731	1.55138	5.33797	3.49473	1.63151
ENSDARG00000039007	6.91742	8.20932	6.33424	3.16231	2.61161	2.49423	3.54326	1.84785	0.914561
ENSDARG00000039020	19.8113	12.321	7.26347	8.81979	4.73452	3.82761	9.32126	9.45596	3.31692
ENSDARG00000039034	22.7819	3.60758	0.179227	9.46165	0.98446	0.0692469	0.2498	0.0669261	0.161256
ENSDARG00000039063	2.4478	0.664048	0.455041	1.82357	0.933162	1.0019	1.0517	0.464171	0.320775
ENSDARG00000039069	2.13226	2.27007	2.13855	1.23666	1.09996	1.78633	4.89964	1.99023	0.523814
ENSDARG00000039082	7.43684	10.7136	10.3638	3.51219	4.57309	4.86721	8.28529	3.49907	2.35093
ENSDARG00000039117	2.48685	1.58654	0.828074	1.16614	1.02068	0.355764	0.342414	0.168477	0.165586
ENSDARG00000039125	9.02989	9.86414	7.41666	9.01064	9.05607	8.66982	6.06523	3.98003	3.87494
ENSDARG00000039130	1.94764	2.82256	2.21084	1.97299	1.02476	1.31841	2.11555	0.936755	0.116732
ENSDARG00000039134	0.867635	0.994969	1.69263	1.20126	1.39315	1.70572	1.03868	0.868889	0.577964
ENSDARG00000039142	0.565312	0.389657	0.209796	0.29616	0.190139	0.25883	0.130979	0.0651695	0.0935816
ENSDARG00000039150	29.0166	27.9355	25.7017	6.8703	8.23006	8.7891	13.176	6.2516	3.38357
ENSDARG00000039162	3.04528	0.947681	1.71565	1.19955	0.574821	1.22313	0.327206	0.223257	0.145396
ENSDARG00000039185	4.4523	6.15605	3.17901	1.31803	1.31033	1.37287	0.696109	0.491394	0.660829
ENSDARG00000039194	0.669818	1.14289	0.180335	0.444059	0.155732	0.210501	0.567383	0.526118	0.158807
ENSDARG00000039197	1.35214	2.8214	1.12293	0.324318	0.836682	0.458319	1.06278	2.11745	1.16229
ENSDARG00000039208	243.338	279.089	275.009	81.8064	72.8226	98.7065	123.835	78.2092	31.8536
ENSDARG00000039213	5.0548	5.87705	4.42111	4.25159	2.9678	5.0584	3.26971	2.1461	0.907462
ENSDARG00000039215	2.93187	1.39306	1.40944	0.917271	1.54695	2.08584	4.44276	1.11986	1.88936
ENSDARG00000039216	1.90903	2.04156	2.15906	1.04522	0.931401	1.07644	2.67369	1.278	0.457088
ENSDARG00000039217	6.0027	6.72832	7.91022	4.41342	4.03424	5.55128	9.78231	6.04233	5.03374
ENSDARG00000039225	4.45124	5.25965	4.03308	1.83317	1.88347	2.69784	4.68964	1.98796	1.5064
ENSDARG00000039229	0.949066	0.540662	1.0263	0.440253	0.660076	0.460821	1.11183	0.764026	0.265467
ENSDARG00000039241	1.0196	1.50033	2.19823	0.77749	1.20839	1.35574	2.15189	1.13408	0.53561
ENSDARG00000039263	3.40756	2.56749	1.77988	1.30351	1.11164	1.35722	3.09562	1.33406	0.37461
ENSDARG00000039265	1.29477	1.63546	1.83677	0.449265	0.543619	0.887895	0.702347	0.317303	0.145761
ENSDARG00000039266	24.1298	14.7246	12.9537	5.51695	2.77055	6.5933	6.22287	2.11577	0
ENSDARG00000039269	3.10705	0.844974	0.046591	0.903343	0.236985	0.143494	0.0458477	0	0
ENSDARG00000039270	1.62996	2.17024	1.9552	1.20091	1.27951	1.52534	0.456232	0.363272	0.516363
ENSDARG00000039279	5.39571	7.96286	7.69898	1.4071	1.61874	2.9346	4.90661	2.85701	1.08265
ENSDARG00000039302	4.96065	3.28694	1.91277	2.19	1.34375	0.773094	1.39378	1.13114	1.38593
ENSDARG00000039309	2.97443	3.57242	4.53699	1.05843	1.28743	2.5134	2.84752	1.88654	1.66948
ENSDARG00000039316	4.9595	3.0596	3.3132	1.85916	2.75213	0.902921	0.489975	0.633134	0.100317
ENSDARG00000039319	11.9251	15.3914	10.3993	2.06316	1.90301	3.77884	8.77532	5.45504	4.31447
ENSDARG00000039328	8.22543	5.85156	3.41154	1.65375	1.19116	1.25017	2.66244	0.622158	1.26038
ENSDARG00000039335	2.42791	3.80421	4.66912	2.87091	1.21498	2.97468	5.09652	4.2857	3.29185
ENSDARG00000039338	6.43323	3.98174	2.87908	1.73609	1.29426	0.997307	3.57188	1.14847	0.35952
ENSDARG00000039340	1.56388	2.75389	3.09709	0.811938	1.51221	1.22405	4.33228	2.26659	1.7
ENSDARG00000039343	3.51202	6.10582	4.7651	5.1599	6.17041	6.33535	10.2728	5.59597	3.53994
ENSDARG00000039345	1.65228	1.35644	1.66529	1.85186	1.80818	1.85928	3.02576	1.34492	0.61081
ENSDARG00000039350	4.20237	1.91253	1.65727	0.130933	0.503816	1.28808	0.229175	0.31268	0
ENSDARG00000039354	3.10886	2.36352	2.44056	1.12429	1.45585	1.42598	3.02762	1.01516	1.11764
ENSDARG00000039363	1.30943	3.76573	5.41864	0.612195	0.990743	2.59141	5.02807	1.76768	0.584409
ENSDARG00000039364	1.08035	0.891324	1.09112	0.789327	0.319375	1.21183	0.559416	0.463919	0.217809
ENSDARG00000039365	6.81428	9.35492	10.8377	3.54795	4.25466	7.1982	3.66431	0.929398	1.36965
ENSDARG00000039374	5.32411	7.33685	4.70931	2.80297	3.88026	3.11251	5.27216	5.00634	2.63486
ENSDARG00000039384	1.86962	3.78556	3.55621	0.816294	1.6713	2.35201	3.69894	2.75649	1.26871
ENSDARG00000039386	0.718503	1.19132	2.14571	0.446489	0.820144	0.932818	1.49492	1.23286	0.648997
ENSDARG00000039392	7.39068	9.99304	9.56918	2.4854	3.85917	3.8214	7.24564	4.76038	3.30646
ENSDARG00000039424	12.103	13.0323	12.0659	7.83573	9.16156	12.6039	10.2394	6.23056	2.87251
ENSDARG00000039430	3.82203	2.91837	2.68591	1.32748	1.18673	1.80708	2.33127	2.12684	1.24414
ENSDARG00000039455	2.85126	2.32806	1.81231	1.38252	1.77996	1.36064	1.88587	0.916167	0.86628
ENSDARG00000039459	1.69187	3.2061	3.57578	1.7108	2.06274	2.66063	2.41995	1.8016	1.46804
ENSDARG00000039489	2.45595	3.81679	2.85222	1.07605	1.64821	1.36534	4.01704	1.62225	1.24538
ENSDARG00000039490	3.91337	4.94285	4.61063	2.24711	1.81288	2.62144	5.74806	2.22373	1.27714
ENSDARG00000039512	0.332282	0.470063	0.434851	0.17326	0.340365	0.471793	0.572291	0.237665	0.193721
ENSDARG00000039515	15.2302	5.32687	0.208145	2.28041	1.3971	0.287249	0.542563	0.356366	0
ENSDARG00000039521	3.45384	3.58428	3.11469	1.10872	1.51488	1.76125	3.30454	1.77166	1.04027
ENSDARG00000039547	19.7719	21.1952	16.8605	7.90726	9.02022	6.10717	13.4465	16.6007	13.4424
ENSDARG00000039576	0.654274	0.742423	2.62813	0.581992	0.750495	1.19393	4.08217	0.442226	0.780225
ENSDARG00000039578	11.152	12.1397	9.65661	3.73805	4.38452	5.01651	8.67204	4.20085	2.47566
ENSDARG00000039613	0.806769	1.03013	0.659993	0.39409	0.777063	0.644819	1.04186	0.931548	0.28434
ENSDARG00000039641	22.7546	14.7711	7.3093	4.7417	2.37756	0.95388	6.58702	2.36117	2.00398
ENSDARG00000039642	19.8377	4.55931	1.18768	6.74574	6.24447	0	1.48751	0	4.71607
ENSDARG00000039650	2.36847	2.5814	2.50111	1.0797	1.77761	1.80563	3.13755	1.83952	0.427007
ENSDARG00000039661	0.20011	0.293831	0.310861	0.129589	0.246389	0.293586	0.36523	0.230428	0.229153
ENSDARG00000039667	1.29574	1.45069	1.09876	0.369466	0.428285	0.434588	2.91279	0.519502	0.0818465
ENSDARG00000039675	2.74175	0.700395	0	1.14817	0.164049	0	0	0	0.0910939
ENSDARG00000039681	1.16653	1.65369	1.83964	0.706719	0.860453	1.356	1.40053	0.308831	0.535593
ENSDARG00000039684	5.97165	6.60062	4.62094	1.7871	2.1853	1.3776	1.18197	0.431107	0.533233
ENSDARG00000039704	0.311951	0.330206	0.399457	0.360271	0.341609	0.344155	1.14473	0.305528	0
ENSDARG00000039716	0.79732	0.288534	0.124108	0.254774	0.0397139	0.118993	0.213835	0.04123	0
ENSDARG00000039719	1.45153	1.81589	1.04302	0.507685	0.503145	0.342314	1.07432	0.479097	0.0619071
ENSDARG00000039729	12.6681	17.4479	15.3944	3.56829	5.46199	7.0527	18.4142	14.5283	10.6737
ENSDARG00000039754	12.8575	16.9575	14.1614	5.62195	7.15875	7.80951	6.92629	3.82724	2.60092
ENSDARG00000039757	0.938798	0.726237	0.80236	1.00074	0.824684	1.05512	0.577652	0.350075	0.139615
ENSDARG00000039784	1.55054	1.50902	1.29374	0.694009	0.934428	0.601274	1.57265	0.774347	0.846757
ENSDARG00000039820	2.05969	2.30528	4.33012	0.562927	1.14747	1.01645	1.77909	0.733617	0.559153
ENSDARG00000039828	2.80943	3.26104	2.91195	1.45065	1.43058	1.99363	2.66978	0.973559	0.853621
ENSDARG00000039830	18.5262	20.951	17.9667	2.48723	2.39489	4.75526	4.67843	2.2904	1.82641
ENSDARG00000039850	2.51073	2.20539	1.77953	3.35382	0.635564	2.12578	4.73564	2.46608	2.29571
ENSDARG00000039878	7.58698	8.63147	8.54785	3.39967	4.16478	4.32728	7.25584	4.18751	3.2437
ENSDARG00000039880	11.0149	13.9182	10.5028	6.24036	5.12395	4.76904	12.0288	7.74605	4.94603
ENSDARG00000039887	10.1449	10.5897	4.73914	5.52323	4.91312	3.94067	5.78023	5.07203	2.57022
ENSDARG00000039910	7.23428	6.64888	4.33993	1.59745	2.82429	3.39219	3.71686	1.57819	1.38848
ENSDARG00000039913	6.11466	3.89083	2.47563	1.66908	2.43878	2.6063	1.94733	1.11625	1.4748
ENSDARG00000039931	11.6073	9.00609	6.63467	3.51967	2.38515	3.02912	3.87051	1.54227	1.23354
ENSDARG00000039943	26.9815	7.26071	0.315624	7.30899	2.26575	0.123337	0.297456	0.103727	0.113773
ENSDARG00000039945	5.06955	3.92644	3.68371	1.50959	1.21511	1.5359	2.85147	1.12877	0.587544
ENSDARG00000039958	2.84834	2.36597	1.16343	1.40844	0.75959	0.581948	1.36304	0.265081	0.119016
ENSDARG00000039960	3.12945	1.10863	0.95797	2.08599	0.986706	1.24383	1.41111	1.14715	0.584196
ENSDARG00000039966	2.71732	2.32776	1.86103	1.47609	1.32826	1.56065	2.74653	1.69499	1.12271
ENSDARG00000039969	11.2686	10.3068	14.9103	5.30886	6.10397	7.41645	6.22281	3.05599	1.96639
ENSDARG00000039974	3.2094	3.56576	3.08365	1.49505	1.53852	1.82742	3.33187	1.53217	0.826918
ENSDARG00000039980	3.22216	8.61523	3.61342	1.66763	2.33097	1.44186	2.3746	1.12105	1.18372
ENSDARG00000039989	4.75975	4.58713	0.338362	2.46151	2.15581	0.300311	0.606347	0.0921351	0.172863
ENSDARG00000039996	1.99812	1.60591	1.79032	1.41639	1.56112	2.27235	1.03903	0.519764	0.479859
ENSDARG00000039997	9.05226	9.66078	10.0437	1.35396	3.21738	3.38606	3.30878	1.81854	0.817797
ENSDARG00000040001	14.2663	32.6748	38.4716	10.0063	11.6859	16.3137	19.4731	18.1161	13.4757
ENSDARG00000040005	0.438622	0.98972	0.673789	0.564425	0.918762	0.705723	1.10198	0.324331	0.274282
ENSDARG00000040009	16.3513	28.8994	16.0126	4.10598	4.75079	5.41067	17.2545	14.9876	6.46869
ENSDARG00000040021	5.90521	4.25272	6.11434	3.42786	2.34234	3.26797	2.78992	1.8281	1.0355
ENSDARG00000040022	4.31051	4.81391	2.28247	3.07944	3.12649	2.48327	2.74459	1.61609	0.406401
ENSDARG00000040024	2.70732	1.507	2.8895	1.13455	1.34176	1.45644	2.36842	0.743167	0.846336
ENSDARG00000040031	22.3068	19.3104	13.8377	7.66163	5.87985	7.08268	6.51711	2.95985	1.72291
ENSDARG00000040033	0.57548	1.23515	1.25578	0.816966	0.845334	0.810202	1.47628	0.833479	0.349381
ENSDARG00000040036	3.86116	5.14598	5.53472	2.354	2.29259	3.72324	5.77945	2.76212	1.51494
ENSDARG00000040039	2.41193	2.34195	1.22645	1.62342	1.61637	3.07839	2.11886	0.791105	0.332999
ENSDARG00000040041	5.5913	5.53127	4.47149	2.03986	2.12344	2.61454	4.54078	2.94823	1.60734
ENSDARG00000040046	24.9764	5.87927	1.30555	7.39748	1.85609	1.01055	1.38166	0.588005	0.789478
ENSDARG00000040048	1.43156	1.28363	1.30085	0.557845	0.544283	0.974746	1.66929	1.30727	0.39721
ENSDARG00000040059	20.5512	11.6284	6.80138	3.67661	2.42337	2.61127	2.53856	1.43175	0.463311
ENSDARG00000040070	4.35513	7.26616	6.73869	2.17815	1.50079	3.22262	6.15289	2.13037	1.21213
ENSDARG00000040072	4.15403	7.41158	5.60788	2.02518	2.72711	3.80229	2.46606	1.21541	0.548502
ENSDARG00000040081	10.557	12.2469	8.77648	2.5675	3.54461	3.9038	6.76783	3.82645	1.41424
ENSDARG00000040109	4.85038	2.67555	1.24573	1.04911	1.06973	0.822445	2.87783	0.120086	1.09433
ENSDARG00000040110	2.90661	0.981496	0.398802	0.731148	0.21009	0.27862	0.493394	0.0701881	0.0517204
ENSDARG00000040111	2.92186	4.25079	7.3894	1.17326	1.51257	1.6818	2.56624	1.78356	1.22947
ENSDARG00000040123	3.47805	3.36877	1.4044	0.332583	0.631675	0.644269	1.3237	0.521222	0.447991
ENSDARG00000040126	9.46425	4.33693	2.44327	3.45518	1.91381	2.47426	1.37997	1.96529	0.787884
ENSDARG00000040131	1.0412	1.56469	1.29086	0.691377	1.07958	0.88767	2.03897	1.81549	0.830134
ENSDARG00000040141	376.809	203.311	14.2719	229.309	86.2411	4.50587	0.797083	0.685147	1.21889
ENSDARG00000040144	176.129	92.587	2.96423	177.15	62.1985	3.33267	0.341681	0.359481	0.440644
ENSDARG00000040152	1.69324	1.9399	1.33574	0.909048	1.27063	1.2433	2.71663	0.971367	0.727998
ENSDARG00000040156	0.320791	0.631136	0.512806	0.257532	0.217805	0.34285	0.455322	0.350482	0.0957668
ENSDARG00000040158	8.53244	10.2983	8.33611	2.91764	2.33536	3.5093	5.55686	1.60274	0.748444
ENSDARG00000040161	2.95686	4.01075	6.05885	1.9831	1.5796	4.05896	5.80427	2.26189	0.915666
ENSDARG00000040184	18.5996	17.4725	15.8894	8.96754	12.6364	12.6386	25.3485	17.0583	7.78435
ENSDARG00000040192	1.51836	1.35785	0.893901	1.0197	0.981275	2.20364	1.37735	0.580637	0.537175
ENSDARG00000040216	1.77422	0.323592	0	1.26602	0.197817	0	0	0	0
ENSDARG00000040224	12.9013	9.8599	8.87744	6.23247	6.51144	7.04811	11.5316	5.98269	3.30903
ENSDARG00000040237	5.70875	8.02597	7.99682	2.96998	3.96739	5.04576	12.144	7.02904	4.71159
ENSDARG00000040238	1.686	2.28628	2.10818	1.0473	1.02602	1.04903	1.90393	0.855026	0.331419
ENSDARG00000040245	83.0775	103.016	80.3997	49.4366	58.0845	65.1526	91.8753	43.6383	24.744
ENSDARG00000040248	0.721919	0.787858	1.65547	0.725419	0.855248	0.815219	2.34448	1.72803	0.716012
ENSDARG00000040266	18.9769	22.37	19.4467	8.15129	7.47584	9.82447	10.5659	4.29184	2.29047
ENSDARG00000040277	5.07747	4.84865	4.04677	1.10513	2.3017	1.96088	1.47576	0.600548	0.76464
ENSDARG00000040280	4.05242	3.15636	4.28952	1.34424	1.39692	1.58283	1.9431	1.12897	0.126424
ENSDARG00000040284	2.19933	4.18368	4.24398	0.940826	1.90878	1.82396	5.22675	1.71751	0.989157
ENSDARG00000040286	2.70399	1.95691	3.58902	0.565231	1.38131	0.618927	0.425658	0.851854	0.698595
ENSDARG00000040287	72.681	75.056	85.1926	18.455	20.0235	25.4717	37.3087	16.8064	16.8267
ENSDARG00000040295	51.2547	12.3694	0.487168	22.35	5.91236	0.333902	0	0.118513	0.124975
ENSDARG00000040300	5.90683	6.68586	7.40038	1.35516	2.11279	2.45219	2.05949	1.35292	0.504027
ENSDARG00000040303	1.24067	1.38657	1.15909	0.613297	0.73893	1.10335	0.949303	0.550458	0.366338
ENSDARG00000040309	0.521955	0.0786466	0	0.0691865	0	0.0342791	0	0	0
ENSDARG00000040310	9.13723	12.1132	9.75379	4.90239	5.38273	6.82254	11.409	4.37799	1.88071
ENSDARG00000040314	1.31382	2.19582	0.949833	0.93056	0.594834	0.880121	2.6122	1.15024	1.10185
ENSDARG00000040315	1.94821	1.86051	2.08054	1.13321	1.46738	1.64607	1.49719	0.794299	0.480946
ENSDARG00000040326	3.93241	5.94454	5.63162	2.47434	2.90249	2.68714	6.07689	3.33253	1.08047
ENSDARG00000040334	298.103	266.998	234.465	128.801	120.997	135.256	183.333	111.279	73.3546
ENSDARG00000040344	35.2447	39.2759	29.1256	9.77809	10.4137	13.2557	18.8833	9.96188	4.00285
ENSDARG00000040346	1.65934	0.567596	1.49429	0.980295	0.710609	1.27306	1.7389	1.17456	0.346595
ENSDARG00000040350	5.5451	4.75074	5.07539	4.10207	3.2317	4.56656	2.8269	1.63258	1.48576
ENSDARG00000040387	1.62296	1.85891	1.36003	0.6641	0.748005	0.612167	1.3929	0.750181	0.884634
ENSDARG00000040396	1.13976	2.08433	1.6376	0.8368	0.481754	0.327956	0.565845	0.174734	0.104275
ENSDARG00000040401	1.39927	1.44705	2.12601	0.691657	0.702803	0.429443	0.769108	0.545649	0.298777
ENSDARG00000040407	1.52643	2.46707	1.95967	1.60944	2.00315	3.02491	4.75618	2.21459	1.4542
ENSDARG00000040432	59.2935	10.5321	0.243406	18.6739	2.61559	0.128683	0	0.355349	0.417991
ENSDARG00000040439	2.40673	1.30822	1.28336	1.5064	0.660423	1.0231	1.33077	0.674303	0.149467
ENSDARG00000040442	0.835207	0.602658	1.00654	0.474039	0.622018	0.825195	1.58073	1.71583	1.18382
ENSDARG00000040443	2.54027	3.6194	2.59494	1.13489	0.153882	1.45676	1.89811	0.734087	0.138663
ENSDARG00000040452	3.91121	4.49896	3.15402	1.98902	2.26888	2.76039	7.24352	3.9146	2.37317
ENSDARG00000040455	4.62414	4.37877	3.75446	1.08256	0.660403	1.75013	0.755825	0.459662	0.614808
ENSDARG00000040463	2.34981	2.99629	2.54965	0.847933	0.836409	0.73209	1.71139	0.776276	1.05333
ENSDARG00000040492	3.41611	5.12058	4.13168	2.34581	2.7041	2.77423	3.75272	1.97177	0.940779
ENSDARG00000040503	50.732	3.12131	0.0445466	16.5177	1.63015	0.241155	0	0	0.0344239
ENSDARG00000040505	1.77595	3.70593	2.43881	1.11309	1.63325	1.44747	10.0334	4.41639	2.38376
ENSDARG00000040510	100.504	125.589	87.5872	26.5529	39.0806	42.3067	35.458	20.2713	9.8343
ENSDARG00000040513	2.95389	2.65585	2.6307	1.68914	2.54385	2.11761	4.63904	1.66879	1.26134
ENSDARG00000040518	30.3764	36.8051	26.1776	14.7725	11.9089	13.8758	16.156	11.0618	8.67343
ENSDARG00000040534	22.7469	24.935	23.3222	13.196	11.8821	14.5594	21.4425	9.2983	3.31838
ENSDARG00000040538	10.5353	13.6304	10.9931	4.19675	4.24896	5.96025	13.1647	9.98454	6.74012
ENSDARG00000040546	6.27678	5.23054	1.58569	3.25785	3.81907	5.38051	8.33959	4.30379	5.12327
ENSDARG00000040548	5.95815	7.7418	5.57422	1.57671	0.988678	0.316604	1.42664	0.621412	0.690967
ENSDARG00000040555	1.19141	1.21638	1.39513	0.425865	0.549949	1.04095	1.28982	0.68217	0.196163
ENSDARG00000040564	0.430102	1.32042	0.6101	0.373911	0.225434	0.331205	0.276843	0.0788322	0.023742
ENSDARG00000040571	1.48153	1.59234	1.88136	0.589396	1.60314	0.812537	2.9601	1.74836	0.670667
ENSDARG00000040606	4.75781	2.113	0.0162439	2.57367	0.0404303	0.152957	0	0	0.0312981
ENSDARG00000040607	4.04515	4.88813	2.79899	2.23177	2.71228	2.37842	2.51744	1.41877	0.492147
ENSDARG00000040614	2.00347	2.11017	2.64735	1.43788	2.29249	2.74822	2.22482	1.78954	3.34321
ENSDARG00000040615	2.22103	3.69727	3.00617	1.74184	0.980812	1.24844	2.17417	0.693351	0.309075
ENSDARG00000040623	0.175998	0.679554	0.111955	0.145806	0.150162	0.102405	0.425136	0.153418	0.109552
ENSDARG00000040635	13.7651	10.8659	7.7163	5.57417	4.3182	3.5491	6.02858	4.31905	2.1267
ENSDARG00000040650	4.90528	4.91882	6.00582	3.55021	3.15439	3.81297	7.14161	3.56493	4.20513
ENSDARG00000040666	7.2904	3.18072	0.828317	4.39455	0.895181	1.32687	0.481385	1.39143	0.266415
ENSDARG00000040674	1.38381	1.65919	1.03644	0.694606	0.782858	1.04569	2.91189	0.966919	0.566775
ENSDARG00000040678	0.821121	0.999798	0.522736	0.457175	0.315304	0.605515	1.11615	0.372442	0.160289
ENSDARG00000040698	0.139612	0.647296	0.362239	0.347555	0.286502	0.799757	0.411931	0.370723	0.148916
ENSDARG00000040705	1.72757	1.4245	1.26346	0.824724	0.546429	0.724149	1.57194	1.35246	0.564559
ENSDARG00000040707	1.49348	0.276456	0.564178	0.389108	0.480752	0.487622	0.318068	0.302407	0.0689438
ENSDARG00000040713	2.42888	0.912262	0.417083	0.40581	0.25419	0.141088	0.228487	1.76165e-05	0.287409
ENSDARG00000040717	2.13393	3.1866	1.77728	1.15857	1.78324	2.39692	2.51256	1.29461	0.599225
ENSDARG00000040725	160.929	103.419	64.9041	43.3228	29.7961	31.7842	40.9602	15.9972	10.7716
ENSDARG00000040730	9.52398	12.8088	10.4748	5.72865	7.33321	7.64265	8.35214	3.81364	3.68663
ENSDARG00000040732	5.6838	5.77618	6.13365	1.37658	1.80054	2.88432	4.39221	1.70497	1.67191
ENSDARG00000040764	69.5505	7.42888	0.704728	23.6958	1.80449	0.535595	0.432999	0.0992388	0
ENSDARG00000040779	3.36276	4.233	4.5261	2.10866	2.43845	3.23913	5.46703	2.91313	1.26868
ENSDARG00000040803	1.11691	1.62762	1.52208	0.708361	0.866337	1.47624	1.37858	0.869143	0.466129
ENSDARG00000040822	3.45895	3.4735	0.382196	0.906243	0.855064	1.04067	0.83903	0.976586	0
ENSDARG00000040853	6.54905	9.20589	8.17475	1.96195	4.00467	3.86898	7.77028	5.02216	3.82861
ENSDARG00000040854	2.97532	7.63786	2.51433	1.18392	4.62196	5.24025	3.68988	1.61265	2.0405
ENSDARG00000040856	1.71751	0.86685	0.450212	0.584519	0.181495	0.470242	0.517423	0.291476	0.143636
ENSDARG00000040861	2.26593	3.40053	3.05723	0.976724	0.886813	1.34389	1.90493	0.897489	0.476107
ENSDARG00000040871	1.89112	2.03935	0.753674	0.728635	0.928913	0.594627	0.43335	0.669769	0.173764
ENSDARG00000040874	1.29346	1.90872	2.20123	0.894124	1.22945	1.11482	3.09038	1.58298	1.41396
ENSDARG00000040881	1.01185	0.865339	1.27725	0.54368	0.442132	0.320925	0.268465	0.258997	0.0482666
ENSDARG00000040884	8.854	10.2518	9.61986	3.12785	4.5781	4.86762	7.27042	3.90199	2.05088
ENSDARG00000040890	6.18966	5.17418	6.38383	2.01507	1.7887	2.2682	2.42653	1.42704	0.453495
ENSDARG00000040893	5.54978	0.853023	0	1.17145	0.192206	0	0	0	0
ENSDARG00000040910	3.20898	4.88518	2.95169	1.40374	1.92356	2.24921	4.88947	2.93862	1.15999
ENSDARG00000040955	21.1866	10.4581	1.01849	6.32367	1.36034	0	0	0	0
ENSDARG00000040966	4.4995	5.92941	4.58507	2.0025	2.37631	2.69793	5.43264	2.60237	1.19246
ENSDARG00000040988	9.34225	10.409	12.597	5.02255	6.9782	7.39568	6.82307	4.70068	3.19277
ENSDARG00000040990	17.7191	19.8601	23.1026	11.5171	8.68338	13.2678	21.2961	12.2918	12.5827
ENSDARG00000040991	4.50731	4.18134	2.85351	1.42624	1.42217	1.74897	2.7689	2.15742	1.14764
ENSDARG00000041022	7.97814	8.23936	6.55249	2.30073	2.88911	2.43041	4.5899	2.19207	1.59509
ENSDARG00000041023	0.932591	1.1538	0.616276	0.617792	0.762287	0.603333	3.13345	1.21009	0.128051
ENSDARG00000041040	4.73278	1.78584	0.872258	1.36938	0.655721	0.790506	2.50347	1.08782	0.653493
ENSDARG00000041065	36.3265	2.56531	0.192267	17.9023	1.41942	0.415432	0.222119	0.129673	0.859046
ENSDARG00000041068	1.06833	2.49001	2.04209	0.220999	0.473344	0.742054	0.933874	0.443995	0.300938
ENSDARG00000041072	5.68647	6.22242	5.85188	9.73556	6.4434	7.64637	9.69045	5.51827	2.65496
ENSDARG00000041081	3.52567	3.27884	1.69454	1.41029	1.80206	1.95033	3.45351	1.9491	1.02992
ENSDARG00000041088	1.63603	0.929931	1.81191	0.125337	0.630764	1.28251	2.24365	0.537487	0.451467
ENSDARG00000041110	0.969143	2.34839	1.94051	0.540098	0.351791	1.73613	3.8103	1.79149	0.44488
ENSDARG00000041113	4.45332	5.65183	3.74667	1.07197	1.49115	1.57205	1.60357	0.849415	0.429317
ENSDARG00000041125	5.68741	5.97156	4.5016	2.72675	3.16019	3.24552	6.24735	4.33878	2.98258
ENSDARG00000041140	1.48659	3.45993	1.5639	0.792859	1.32706	2.00997	4.55944	1.556	0.740668
ENSDARG00000041145	0.497098	1.01786	0.152529	0.0745455	0.367232	0.220273	1.12278	0.474507	0.108246
ENSDARG00000041155	6.92417	8.94861	8.23945	2.22596	2.61058	3.07183	2.25894	1.37793	0.847432
ENSDARG00000041170	0.921604	1.25547	1.56021	0.734486	1.05199	0.69864	1.09569	0.437544	0.134149
ENSDARG00000041182	9.05248	4.74588	7.90569	2.28696	1.61048	2.05493	2.58933	1.31139	1.27956
ENSDARG00000041190	5.897	11.2322	9.4799	1.79416	3.46006	3.84393	7.66078	3.40713	2.72013
ENSDARG00000041203	25.2373	40.3447	31.7586	4.88617	10.8087	8.1038	13.3053	7.90239	6.25958
ENSDARG00000041204	0.44293	1.06164	0.80874	0.511584	0.615503	0.845535	1.80139	0.756492	0.442442
ENSDARG00000041217	43.92210	63.40110	59.74250	15.46829	19.18378	21.80550	35.66910	27.14680	17.06224
ENSDARG00000041226	11.2012	7.03315	8.32032	2.23576	1.7939	2.60869	3.67365	2.0505	1.02179
ENSDARG00000041232	16.1533	13.3946	6.67073	2.65821	3.39231	1.29405	3.63121	0.914375	2.71649
ENSDARG00000041237	1.12896	1.91898	2.88271	0.362093	0.324017	0.222204	0.968159	0.364209	0.0826266
ENSDARG00000041239	0.517172	0.773744	1.15691	0.260764	0.247355	0.623822	1.30667	0.481651	0.0651375
ENSDARG00000041243	21.7993	29.1934	18.0632	11.094	16.878	19.1531	52.1005	17.0363	11.7343
ENSDARG00000041250	5.24647	4.82202	2.81674	2.6029	2.24494	2.2219	6.1514	3.10728	2.68987
ENSDARG00000041252	0.450577	0.208627	0.301285	0.393486	0.565805	0.69398	0.854448	0.19569	0.13582
ENSDARG00000041260	0.792707	0.288051	0.43978	0.355984	0.409097	0.224067	0.391142	0.183839	0.134791
ENSDARG00000041299	7.69	3.73424	1.16119	3.15955	0.712307	0.891782	0.69163	0.267098	0
ENSDARG00000041304	2.07949	3.14619	2.12081	1.06973	1.35108	1.81431	1.95421	2.48295	1.71347
ENSDARG00000041306	1.2326	3.20616	1.01631	0.296993	0.422089	0.423888	1.16794	0.129582	0
ENSDARG00000041317	0.625098	1.02869	1.19208	0.225026	0.151985	0.42169	0.969248	0.279256	0.0746443
ENSDARG00000041332	16.5735	15.338	15.6152	5.16153	4.61755	6.22853	9.28812	6.91835	3.55404
ENSDARG00000041341	1.861	0.857423	0	1.27483	0.203884	0	0.107403	0	0
ENSDARG00000041346	9.98269	11.5432	7.4221	3.3844	5.17715	4.78894	6.93154	0.854055	0.686271
ENSDARG00000041359	2.71536	0.824902	0.672155	0.822757	0.341848	0.341	0.590702	0.19914	0.146686
ENSDARG00000041361	2.75792	3.43344	2.36041	2.49249	3.33713	4.51141	8.88384	4.2562	1.81114
ENSDARG00000041362	0.639366	1.87528	1.41422	0.455339	0.529812	0.472633	1.07116	0.122762	0.29491
ENSDARG00000041373	1.84082	4.35714	2.14841	0.481981	1.16244	0.465023	4.09076	0.387449	0.357064
ENSDARG00000041376	0.946017	1.22296	0.864833	0.298875	0.326737	0.608388	1.83083	1.21954	0.541195
ENSDARG00000041378	1.36445	2.5705	1.39669	0.741096	1.47243	0.641623	0.680833	0.613415	0.500073
ENSDARG00000041381	2.48945	3.22224	2.81651	1.24458	1.47534	1.72369	3.98827	2.27427	1.5519
ENSDARG00000041391	4.2939	5.64522	4.15171	1.22893	2.45764	2.50684	2.22998	1.30684	0.806589
ENSDARG00000041394	6.39724	6.33949	6.07835	3.58335	2.36859	4.66563	2.36545	0.751291	0.739178
ENSDARG00000041402	3.3661	3.16361	2.48699	4.31035	3.59775	4.30392	8.03205	4.18203	2.04461
ENSDARG00000041425	68.8561	64.4172	38.4956	15.153	15.6944	18.7921	50.5715	19.5145	17.0584
ENSDARG00000041428	3.86824	3.7554	5.59731	3.8115	3.94569	4.11675	3.05588	1.58632	1.42035
ENSDARG00000041429	4.03285	4.31089	5.4389	1.83657	1.91276	2.39426	4.17212	1.0621	0.828196
ENSDARG00000041430	13.6892	1.82206	0	4.0294	0.685121	0.137094	0	0	0
ENSDARG00000041435	3.76334	5.9743	0.98478	1.53724	0.296193	0.29124	2.37652	0.28784	0.535369
ENSDARG00000041450	8.96769	9.13246	7.41839	4.18401	4.71637	5.23191	9.98989	4.04574	2.9395
ENSDARG00000041481	3.46586	5.25571	4.21722	1.81821	1.90153	2.2447	2.68925	1.92182	1.13926
ENSDARG00000041493	4.11104	4.01889	2.51691	2.14156	1.90962	1.66399	1.81553	1.34111	0.824035
ENSDARG00000041503	5.9407	4.98652	5.29209	5.99467	4.00463	5.15606	6.84776	3.01624	1.67391
ENSDARG00000041516	5.15769	6.46698	5.60056	2.66883	3.87967	3.7168	13.9004	6.89827	6.84747
ENSDARG00000041530	2.20832	1.46677	2.33985	0.394365	0.400478	1.7317	0.667802	0.258133	0.193006
ENSDARG00000041533	5.23324	4.87163	3.37588	1.3538	1.48796	1.6169	4.34748	1.63681	0.882844
ENSDARG00000041538	11.8346	4.93856	2.48289	3.20181	1.39158	1.58215	2.87514	1.46026	2.0331
ENSDARG00000041560	2.29393	1.87647	2.71797	2.32064	2.53329	2.77842	4.82385	1.33068	2.10308
ENSDARG00000041562	3.7208	2.19487	2.29915	3.41348	2.61681	2.53411	4.05955	2.90004	1.61467
ENSDARG00000041565	7.52224	8.76754	8.98397	2.22733	2.41823	2.54486	4.50109	2.21867	1.2594
ENSDARG00000041566	0.404752	0.647166	0.307099	0.327265	0.296428	0.337187	1.00166	0.575965	0.576821
ENSDARG00000041570	5.63269	8.37927	3.85951	1.20302	1.88849	1.02313	7.31028	2.88692	5.18365
ENSDARG00000041572	0.893329	1.36161	1.05686	0.52727	0.688212	0.415715	2.18952	1.92556	1.71133
ENSDARG00000041581	4.18673	4.24584	3.53452	2.12765	2.42308	2.54135	3.09595	1.7508	0.589604
ENSDARG00000041586	0.460343	0.798492	0.995201	0.292517	0.700654	0.587514	0.501364	0.281603	0.218873
ENSDARG00000041592	1.49176	2.01123	1.19534	0.230785	0.29681	0.376562	0.372813	0.199114	0.242638
ENSDARG00000041599	0.293194	0.580941	0.212881	0.317232	0.267554	0.440004	0.738553	0.256852	0.262253
ENSDARG00000041600	1.30156	1.36108	2.50972	1.21161	0.714493	0.75673	1.65301	0.801108	0.150599
ENSDARG00000041602	4.71427	3.33916	3.88116	1.45944	1.18773	1.06189	1.45533	0.875797	0.576577
ENSDARG00000041607	9.52781	11.4438	8.69137	4.76113	5.51257	7.70636	6.51013	3.79739	1.45758
ENSDARG00000041609	0.199005	0.245106	0.286847	0.228116	0.0370163	0.221698	0.357637	0.0843322	0.107632
ENSDARG00000041619	12.2316	18.2792	11.1525	4.30266	3.9011	5.05809	10.6233	7.63592	5.13209
ENSDARG00000041621	0.314187	0.691452	0.71612	0.0785703	0.110795	0.187245	0.260209	0.0644752	0.0589775
ENSDARG00000041627	7.30557	5.41223	3.88783	3.40176	4.20186	1.74722	2.4913	1.44572	0.264266
ENSDARG00000041665	4.03754	4.97349	4.04406	1.85306	4.6044	1.7491	4.44017	2.06403	0.67654
ENSDARG00000041699	2.20486	3.06124	1.53863	0.886741	1.11152	1.42319	0.942653	0.55581	0.378331
ENSDARG00000041703	12.2849	15.9313	12.0424	3.53421	4.51752	5.25579	9.81493	5.55511	2.58746
ENSDARG00000041708	1.0565	2.77821	1.54906	0.434947	1.47031	1.80293	2.64628	1.24594	1.09577
ENSDARG00000041720	1.78124	2.3318	2.16679	0.344718	0	0.441071	0.335993	0.319056	0.54922
ENSDARG00000041723	27.3257	30.7274	22.0283	7.79678	7.06672	7.83523	17.0105	11.0998	8.91306
ENSDARG00000041724	0.298627	0.882437	0.186434	0.0852784	0.083465	0.0835748	0.179728	0	0.104336
ENSDARG00000041727	1.30309	1.58291	2.3978	0.819854	1.22454	1.4456	1.9239	0.919072	0.54243
ENSDARG00000041728	7.20283	6.67663	6.51375	4.04336	3.36852	4.42658	7.56684	3.45618	2.71979
ENSDARG00000041750	0.276265	0.515673	0.447185	0.319683	0.493807	0.87134	0.952321	0.639203	0.345468
ENSDARG00000041754	6.60681	3.25129	1.44303	2.4246	0.691731	0.941843	0.398754	1.1155	0.919173
ENSDARG00000041802	2.64383	1.63063	2.11959	0.940207	2.10508	1.33169	2.33416	1.76626	0.611063
ENSDARG00000041830	4.5864	4.88769	5.42192	1.76772	1.70684	2.70914	2.58594	1.17494	0.946331
ENSDARG00000041839	4.8341	5.7664	5.48573	2.68601	2.6927	3.44212	6.27543	3.48229	1.99514
ENSDARG00000041853	3.50416	4.19732	2.11178	3.22164	2.65195	3.73738	4.11814	1.64649	1.58517
ENSDARG00000041870	1.22419	1.29249	0.88172	0.436017	0.445109	0.605677	0.699017	0.225531	0.191613
ENSDARG00000041874	1.27392	0.638234	0.674308	1.38469	0.900742	0.344754	1.12823	0.100519	0
ENSDARG00000041875	5.27816	10.7888	15.3613	2.81143	2.75187	4.43779	3.4499	2.27255	2.03384
ENSDARG00000041878	3.76611	4.13052	4.11136	1.07562	1.24353	2.28489	4.45878	2.50623	1.23854
ENSDARG00000041887	25.3289	26.8397	26.7978	17.1062	24.1254	24.232	50.5198	29.9246	24.1582
ENSDARG00000041895	5.22677	6.09563	7.38661	2.97848	4.04938	5.3148	5.70707	2.79588	2.00113
ENSDARG00000041896	10.5495	13.6907	14.4758	2.65486	3.86921	5.28441	14.3534	5.75607	2.50713
ENSDARG00000041900	1.69769	1.02596	1.11716	0.782737	0.371369	0.822164	1.48072	0.237675	0.314305
ENSDARG00000041904	2.46061	2.64086	1.72538	0.885092	1.33068	1.63569	1.60244	0.780635	0.730677
ENSDARG00000041908	1.92412	2.63063	1.4474	1.44663	1.45761	1.50962	2.20524	1.24966	0.655255
ENSDARG00000041944	1.33169	1.84632	2.4533	0.829386	1.91062	0.544165	1.72883	0.688515	1.16682
ENSDARG00000041951	2.74203	1.13797	3.20448	0.755604	0.919121	0.707522	1.81113	0.512275	0.297135
ENSDARG00000041959	81.8413	20.211	0.483829	16.0676	4.6888	0.395001	0.336132	0.164381	0.197049
ENSDARG00000041974	2.12871	3.51002	3.16693	1.58813	1.80929	2.83136	1.78428	0.844652	0.699949
ENSDARG00000041991	6.87148	4.60024	4.59009	3.43367	2.63287	2.81006	2.60532	1.39696	1.03944
ENSDARG00000042000	1.594	2.14441	1.11371	1.55676	0.240196	0.48606	0.909163	0.734458	0.599316
ENSDARG00000042005	3.27562	3.06122	3.11216	1.52184	1.33162	2.1095	1.90932	1.05096	0.662547
ENSDARG00000042025	10.2877	11.9153	10.61	3.33576	3.15655	5.85349	5.05533	3.54708	2.20362
ENSDARG00000042029	1.978	1.78877	1.26328	0.597013	0.548051	0.91495	1.18512	0.652982	0.418788
ENSDARG00000042031	2.74745	2.14252	1.61645	0.729736	1.36261	1.17248	1.27491	0.45907	0.497249
ENSDARG00000042045	2.34881	1.39058	2.42242	0.627356	0.455981	0.608416	0.633943	0.50179	0.592351
ENSDARG00000042049	174.046	173.53	114.825	74.6604	79.4865	66.4137	102.829	51.8344	35.0507
ENSDARG00000042054	1.17391	1.04673	0.613476	0.35785	0.814924	0.521015	1.29519	0.581388	0.211763
ENSDARG00000042056	20.7028	21.6541	20.5042	8.02331	8.04824	8.63921	16.9499	6.35201	6.46389
ENSDARG00000042063	0.897746	1.66183	2.23427	1.10477	1.20889	1.58639	3.41574	0.480507	0.787703
ENSDARG00000042071	1.7471	2.67429	2.65313	0.823619	1.52352	1.63347	1.6718	2.07841	0.80031
ENSDARG00000042080	25.4472	6.74941	1.74217	2.18923	1.12986	1.0107	1.36443	1.11051	0.733853
ENSDARG00000042087	2.73625	2.94942	2.03323	2.01158	2.12291	2.56867	3.98809	1.7706	0.830383
ENSDARG00000042094	0.478547	0.285783	0.455081	0.380752	0.353364	0.567252	0.354365	0.13197	0.120938
ENSDARG00000042120	1.49622	1.55547	1.844	0.814599	0.757397	1.23718	2.38418	0.991161	0.646767
ENSDARG00000042128	0.986762	0.893084	2.21996	0.293855	0.356448	0.773706	0.474166	0.673965	0.223716
ENSDARG00000042129	1.19917	2.82388	2.54678	1.08166	1.0218	1.72196	0.982592	0.537313	0.596125
ENSDARG00000042130	8.59841	8.93753	10.8926	3.08452	2.38727	3.04686	3.33657	1.39918	1.02362
ENSDARG00000042141	0.243978	0.514364	0.194485	0.18156	0.162676	0.0717061	0.22237	0.11107	0.0616741
ENSDARG00000042147	3.3176	5.35604	5.88023	2.15031	2.48708	3.14899	2.33186	2.4918	1.84685
ENSDARG00000042151	0.239747	0.0281183	0	0.0836532	0.0323537	0	0	0	0.0109442
ENSDARG00000042187	15.8701	21.1736	19.5378	7.54129	9.08982	10.0088	12.3683	8.54074	4.73603
ENSDARG00000042213	4.35264	3.42112	2.77219	3.30732	2.56634	2.93561	6.6491	3.7581	1.99945
ENSDARG00000042215	2.85131	3.66442	3.45182	2.84237	2.66497	4.60124	5.34986	2.46436	1.58471
ENSDARG00000042232	7.96986	24.0061	16.8296	2.89353	4.94097	5.30565	6.75556	6.49144	4.36185
ENSDARG00000042236	7.40562	10.5362	9.79375	4.1512	3.86495	5.44952	4.69693	2.12366	1.21895
ENSDARG00000042247	9.86454	8.21613	7.23532	6.87325	5.77599	3.05141	5.96798	4.43619	2.42591
ENSDARG00000042252	5.24443	5.45313	5.6769	2.99596	2.66826	1.18235	2.56662	0.901457	2.09346
ENSDARG00000042259	3.60325	0.221327	0.0547226	0.837156	0.183506	0	0	0	0
ENSDARG00000042261	1.23412	1.69705	1.42718	0.709469	1.25958	1.35057	2.55888	1.74684	1.4035
ENSDARG00000042285	0.497071	0.580337	0.0439761	0.181281	0.170077	0.275996	0.567305	0.38366	0.152369
ENSDARG00000042308	1.16606	0.934631	1.24489	0.450737	0.484435	0.654653	1.37399	1.06671	0.550805
ENSDARG00000042310	4.00809	3.42932	2.35433	1.3555	1.05913	1.70057	2.65945	0.965884	0.578362
ENSDARG00000042319	14.5792	6.54668	6.16181	7.13262	3.50753	4.63179	5.55892	2.80967	3.38509
ENSDARG00000042322	7.30196	3.23013	2.31046	1.96446	0.780097	0.770682	1.6534	1.08935	1.12152
ENSDARG00000042341	7.8857	8.03206	7.4581	2.77852	2.37836	3.08191	4.8284	2.59082	1.2786
ENSDARG00000042344	6.44464	7.53084	8.0488	3.72751	3.34135	4.60135	9.56749	3.46719	3.47299
ENSDARG00000042345	1.81401	1.59679	0.980986	0.476401	0.579894	0.890419	1.31106	0.338062	0.241672
ENSDARG00000042368	0.320539	0.130528	0.239197	0.106722	0.0785538	0.158745	0.135523	0.0734985	0.023047
ENSDARG00000042382	4.11771	5.28464	3.87146	2.20394	1.49703	2.72035	2.38157	1.54555	0.668075
ENSDARG00000042389	13.0224	13.4591	8.55416	2.91982	1.44052	2.13561	2.62843	1.28116	2.76932
ENSDARG00000042397	0.62947	0.762866	0.471278	0.113799	0.114173	0.0965024	0.203136	0.15653	0.084298
ENSDARG00000042444	4.16957	4.58352	4.21113	1.31967	2.27401	2.60262	4.53227	2.1768	0.987021
ENSDARG00000042456	2.52866	2.46465	0.98342	1.15925	0.596694	1.55134	0.393985	0.288333	0.203922
ENSDARG00000042467	11.3729	13.7832	11.9501	5.68185	6.03071	5.96897	9.69262	7.02613	3.89169
ENSDARG00000042468	1.92718	2.29791	1.66236	1.05451	1.54748	1.40621	1.66666	2.13927	2.17786
ENSDARG00000042477	0.775199	1.51587	0.575899	0.328843	0.169662	0.403771	1.20635	0.330862	0.688918
ENSDARG00000042484	11.9485	17.7037	13.6039	3.1195	4.11901	4.20038	8.90326	4.23364	3.34528
ENSDARG00000042485	67.2565	20.5913	0.185282	32.5903	9.50465	0.409331	0.13253	0	0.228736
ENSDARG00000042489	3.71033	2.44682	2.30326	1.68361	1.13633	1.21794	2.43199	1.20294	0.464635
ENSDARG00000042492	7.05589	6.02165	6.63657	4.04514	4.70782	5.58439	3.02017	1.43327	0.984968
ENSDARG00000042502	309.308	249.561	244.54	70.1193	53.6833	76.956	51.2844	25.6133	15.8508
ENSDARG00000042507	3.4941	2.73037	2.05288	1.08068	1.29693	1.34583	1.36562	1.20113	0.53178
ENSDARG00000042508	19.2609	21.4358	18.3089	10.6787	11.8858	13.506	17.3445	10.6986	7.91013
ENSDARG00000042518	4.73162	6.32561	6.54479	1.21247	1.60477	2.33209	4.66582	4.32268	2.3674
ENSDARG00000042520	3.27796	3.17714	2.18916	0.927557	1.1244	1.1249	2.51337	0.732564	0.378914
ENSDARG00000042522	2.23619	3.43961	2.92456	2.69592	2.05353	5.18243	3.35614	1.64602	0.514358
ENSDARG00000042527	3.71943	3.68787	4.46981	1.67738	1.75935	3.22133	4.14387	2.72927	1.07396
ENSDARG00000042530	2.07749	2.96938	2.27561	0.706267	0.985422	1.19302	1.32986	0.751366	0.597143
ENSDARG00000042533	15.8327	17.8503	11.9258	3.70352	3.12043	5.8707	5.51563	3.92754	1.74555
ENSDARG00000042534	2.82006	3.00571	2.52767	1.87248	1.53552	1.36017	2.4292	1.83178	1.51334
ENSDARG00000042535	3.35126	0.395968	0	1.08817	0.211484	0	0	0.0347201	0
ENSDARG00000042539	7.64249	9.27514	9.82387	3.88147	5.18898	6.44763	12.3593	4.26815	2.88712
ENSDARG00000042544	0.535939	0.397816	1.36753	1.03029	0.880769	1.61315	3.1333	1.1749	0.575089
ENSDARG00000042551	2.05803	1.99968	4.10556	1.22529	1.7227	1.70114	3.62079	1.19817	0.45059
ENSDARG00000042555	0.940783	1.28961	0.651112	0.610736	0.563178	0.623137	1.61814	2.30715	0.961199
ENSDARG00000042557	1.61099	2.51414	2.67452	0.538651	0.734698	1.30525	2.77507	1.42364	0.945411
ENSDARG00000042558	2.54087	2.08642	1.8083	2.91524	3.10866	2.97114	3.8554	1.08136	0.465427
ENSDARG00000042561	91.5506	103.952	65.9732	20.7554	18.6019	18.099	48.0944	28.6216	12.9951
ENSDARG00000042563	2.70817	2.78447	2.76414	2.49562	2.98703	3.75259	4.79322	2.24268	1.22467
ENSDARG00000042566	9.8898	1.83499	2.34011	2.52814	1.92206	2.8107	4.74874	1.02439	1.09451
ENSDARG00000042571	2.79261	3.2623	4.35656	1.7025	1.06451	2.18103	1.08978	0.598485	0.273942
ENSDARG00000042590	2.58446	3.68004	3.59472	0.623738	0.600047	1.51081	0.943145	0.317569	0.293518
ENSDARG00000042613	3.49146	3.09735	1.47863	1.03279	0.884998	1.32986	0.880546	1.13888	1.93858
ENSDARG00000042615	3.456	3.47357	3.89314	1.46821	0.758236	1.41802	1.66275	0.60858	0.656896
ENSDARG00000042620	1.45897	1.58429	1.86134	1.04979	0.962817	0.767488	2.16422	0.940261	0.36581
ENSDARG00000042623	23.0409	23.6592	25.2324	8.49378	10.0109	10.9957	7.27438	5.27876	2.7465
ENSDARG00000042624	5.178	6.3316	5.6055	1.11333	1.23313	1.71141	3.46147	2.46543	1.14763
ENSDARG00000042627	0.946113	1.36155	0.784226	0.0892918	0.284226	0.539864	1.20429	0.663631	0.297288
ENSDARG00000042628	0.631288	0.85934	1.26411	0.758207	1.13165	0.830549	2.10555	1.44353	0.434586
ENSDARG00000042630	0.651419	1.08654	0.955377	0.609342	0.366427	0.749779	0.276786	0.0897121	0.238448
ENSDARG00000042642	4.60139	2.7193	2.80344	0.874223	1.09077	1.09682	3.33543	0.935357	0.801386
ENSDARG00000042644	1.31638	3.43305	2.33575	1.19092	0.454703	1.15932	1.85557	1.27713	0.217037
ENSDARG00000042652	2.15739	3.31945	1.68912	0.878886	1.33072	1.39856	2.60382	1.21917	0.465701
ENSDARG00000042658	1.72879	3.73392	3.06159	0.958863	0.726859	1.28531	0.858833	0.514922	0.168623
ENSDARG00000042659	1.38608	1.77717	1.93208	0.671714	0.412482	1.50237	1.2503	1.06589	0.916525
ENSDARG00000042660	2.64235	3.76441	0.968777	0.53134	0.526032	0.929906	1.11418	0.254467	0.21588
ENSDARG00000042667	26.9821	5.71027	0.452129	13.6302	2.18407	0.276692	0.128348	0.285182	0.189545
ENSDARG00000042688	7.06496	7.37533	6.06052	3.51782	4.49211	4.69157	9.96981	6.08333	3.46459
ENSDARG00000042697	3.1402	7.97314	7.55846	3.93956	5.35732	5.2159	8.16069	6.60613	3.30383
ENSDARG00000042701	4.07514	3.03567	2.5679	2.56783	2.90042	2.55048	4.70287	2.42482	1.08804
ENSDARG00000042708	7.14766	6.29811	6.72806	5.68056	4.67025	6.11235	5.50716	3.71127	2.4054
ENSDARG00000042712	0.889018	0.743839	0.553916	0.400005	0.328194	0.203024	0.274759	0.109721	0.181955
ENSDARG00000042716	2.40327	1.89769	2.30928	3.36097	3.13574	4.11634	5.20993	5.11534	7.6475
ENSDARG00000042717	9.09267	9.97832	11.4448	2.24561	1.83264	2.74972	3.33289	1.39053	0.948903
ENSDARG00000042724	4.52155	6.31442	5.34108	1.70952	2.71606	3.22524	2.87407	1.83114	1.19389
ENSDARG00000042728	3.02806	3.81205	5.15622	1.30024	1.81691	1.77144	1.78543	1.21159	1.03179
ENSDARG00000042729	6.91403	10.7863	10.422	2.22214	2.47327	2.28337	6.99059	3.86395	2.30013
ENSDARG00000042732	1.75281	1.89295	1.70936	0.676674	0.68681	0.855048	1.06871	0.740388	0.220048
ENSDARG00000042747	0.976017	1.88081	1.72252	0.97984	0.737835	0.655992	1.86371	0.827108	0.172615
ENSDARG00000042751	1.24613	1.38898	1.0057	0.709574	0.526978	0.629116	1.47588	0.646378	0.15693
ENSDARG00000042760	3.90369	5.56671	3.77074	2.29484	2.23352	2.36922	5.70374	2.93254	2.19556
ENSDARG00000042778	4.67524	5.30661	2.8889	2.31868	1.60937	1.51193	2.41525	1.41411	0.721779
ENSDARG00000042780	0.181915	0.0576884	0	0.0541747	0	0	0	0	0
ENSDARG00000042791	1.66497	1.82071	1.45751	1.60282	1.64807	1.34342	1.92824	0.942809	0.572182
ENSDARG00000042793	1.44878	1.55855	1.33236	0.858681	1.17827	2.47184	1.60451	1.17432	0.300675
ENSDARG00000042796	4.40287	0.610173	0.363308	2.18647	0.0819913	0.170792	0.189022	0.143629	0.0274227
ENSDARG00000042799	2.45143	1.04445	0.443268	0.697561	0.165253	0.252021	0.244539	0.365054	0.136056
ENSDARG00000042816	0.740896	0.499948	1.20693	0.114552	0.274837	0.21482	0.384403	0.431284	0.10052
ENSDARG00000042821	6.27817	5.76311	6.45102	2.23422	2.14363	3.15874	3.21227	2.92804	2.31158
ENSDARG00000042823	4.21591	4.93849	4.37733	1.24685	2.21164	2.19097	6.51023	2.26696	2.44986
ENSDARG00000042825	0.950336	0.460569	0.621639	0.366904	0.341814	0.425455	0.808911	0.214636	0.150556
ENSDARG00000042829	0.0456316	0.0107638	0.019153	0.0143591	0.0336505	0.028922	0.0312686	0.00232535	0.0042142
ENSDARG00000042833	0.169324	1.03134	1.34822	0.201123	0.363525	0.553107	0.827922	0.358604	0
ENSDARG00000042837	7.2678	9.6942	8.78263	4.60371	7.97391	6.95321	14.0477	6.69096	3.03061
ENSDARG00000042853	3.01322	2.52957	4.88901	1.41832	1.26187	2.98871	1.26629	0.661697	0.454732
ENSDARG00000042854	0.952662	1.52518	0.819954	0.377435	0.680457	0.779381	1.02572	0.363207	0.114254
ENSDARG00000042876	2.67162	2.98119	2.38219	0.824651	0.715017	0.73498	1.26136	0.147008	0.0674545
ENSDARG00000042887	38.2482	39.9301	37.0897	13.1435	14.8799	12.9422	33.7291	15.7694	10.0129
ENSDARG00000042892	2.65302	3.80796	2.98584	0.775825	0.646959	0.869726	2.52543	0.577151	0.694455
ENSDARG00000042894	5.23912	7.54891	6.93815	1.61945	2.85698	2.82489	6.12294	2.96191	2.29138
ENSDARG00000042900	3.23781	3.9046	3.52367	1.10017	1.58281	1.49215	2.70567	1.53574	1.3019
ENSDARG00000042902	0.525763	0	0.13241	0.159872	0.196905	0.454138	1.10058	0.221717	0.280517
ENSDARG00000042905	18.0645	20.5164	16.8265	3.73371	5.01759	6.32709	7.40081	3.57306	2.24421
ENSDARG00000042927	16.6675	15.1732	19.5223	7.76557	5.73795	9.70573	8.06645	4.05854	0.98318
ENSDARG00000042929	1.74772	1.66502	1.76157	0.305046	0.568368	0.724111	0.404119	0.369699	0.143076
ENSDARG00000042931	1.56262	0.680484	0.406977	1.25808	0.798002	0.321854	0.237067	0.0822868	0.315141
ENSDARG00000042933	3.65158	1.65126	1.47139	3.57381	3.23991	5.05008	6.26493	2.8222	0.52307
ENSDARG00000042946	1.02198	1.16152	1.10045	0.201813	0.555852	0.713081	0.929684	0.559726	0.26036
ENSDARG00000042948	1.14522	3.86582	1.4642	1.18551	1.57261	1.4228	3.02321	2.24414	0.37648
ENSDARG00000042962	0.843004	0.60761	0.566116	0.57111	0.299181	0.477185	0.425688	0.235502	0.156936
ENSDARG00000042969	4.16387	3.08135	4.22352	3.14111	2.92737	3.7952	4.53729	1.78022	1.15613
ENSDARG00000042975	0.436222	1.2785	0.593449	0.527191	0.364977	0.295542	0.581114	0.265784	0.121325
ENSDARG00000042989	1.2746	1.37353	1.03646	0.733789	0.59968	0.650055	1.68632	0.771235	0.425411
ENSDARG00000042995	1.39057	1.48434	1.32016	0.586105	0.712109	0.624511	1.51383	0.794228	0.478401
ENSDARG00000042997	4.03373	4.40483	4.18175	1.32503	2.07105	1.87283	8.39233	2.95649	2.76446
ENSDARG00000043003	2.15079	2.71496	1.27267	1.70477	1.3575	1.29124	1.62814	1.11996	1.3325
ENSDARG00000043004	4.27647	5.13518	4.72157	2.06983	3.11763	3.36145	10.6275	6.93206	1.93803
ENSDARG00000043006	1.14698	0.503433	0.883383	0.558855	0.286485	0.511799	0.70181	0.753479	0.305311
ENSDARG00000043019	1.44467	1.42726	0.739316	0.597489	0.656572	0.35573	0.618944	0.44113	0.399775
ENSDARG00000043026	2.65717	2.40582	1.9675	1.87143	2.18933	2.84504	3.67245	3.05859	2.19189
ENSDARG00000043034	0.876706	1.59045	0.89988	0.531515	1.08681	1.03873	1.83984	1.04727	0.928672
ENSDARG00000043046	1.80038	2.43006	1.98943	1.17522	1.06807	1.07605	1.16672	1.08573	1.06785
ENSDARG00000043055	4.6602	4.42793	4.92436	1.09163	1.06713	1.40816	3.71745	1.85346	1.18279
ENSDARG00000043077	2.55829	3.63792	3.18922	2.08961	2.96886	2.96999	5.05977	2.63999	1.63847
ENSDARG00000043081	3.58555	3.90025	3.55172	4.01655	2.49497	4.06362	2.97615	1.54795	1.23955
ENSDARG00000043084	3.09908	4.64036	3.8135	0.880989	1.66739	1.38453	3.84055	2.38604	2.11539
ENSDARG00000043090	0.991415	1.08813	0.771806	1.55371	1.45719	2.10935	2.62686	0.868166	0.605221
ENSDARG00000043094	11.472	13.8214	10.1447	5.96073	7.15767	7.20709	22.356	10.4961	5.95706
ENSDARG00000043105	3.45935	8.58615	4.76746	1.59855	1.42194	1.86886	3.37778	1.21753	1.18889
ENSDARG00000043126	160.575	52.3547	1.11538	77.5195	22.4835	0.466705	0.267685	0.347575	0.684274
ENSDARG00000043128	2.26125	0.061035	0	0.856478	0.0567302	0	0	0	0
ENSDARG00000043130	0.60998	0.418776	0.997081	0.164505	0.635804	0.337817	1.61885	1.29391	0.543962
ENSDARG00000043134	2.62139	2.22259	1.53911	0.912417	0.77408	1.25222	0.801428	0.576388	0.365266
ENSDARG00000043137	7.16685	8.63972	7.19947	5.21088	3.72992	5.87434	6.76782	2.74841	2.48304
ENSDARG00000043154	17.5084	10.1048	8.18452	8.51624	6.64698	7.12791	4.75128	3.02235	3.70937
ENSDARG00000043170	1.87842	2.00775	2.16266	0.788256	0.412037	0.882909	0.985456	1.04752	0.825238
ENSDARG00000043177	1.64529	1.75787	1.72803	1.58556	0.972332	3.15757	1.21329	0.347525	0
ENSDARG00000043179	15.7777	19.1213	20.5166	8.22528	10.0318	9.86702	15.1088	7.63857	3.4956
ENSDARG00000043180	6.96761	1.49897	0	3.488	0.617105	0	0	0	0.11503
ENSDARG00000043185	8.75043	10.9229	8.11631	3.54121	4.58528	4.41658	8.01649	4.56561	3.02363
ENSDARG00000043211	2.86054	1.7231	2.50374	0.898888	0.989763	1.10235	1.49276	1.10935	0.682381
ENSDARG00000043213	1.94188	1.77722	2.5522	0.949854	1.38443	1.56284	1.93106	0.920458	0.594558
ENSDARG00000043226	0.410993	0.40884	0.348175	0.0754968	0.183264	0.108885	0.699192	0.149476	0.0645161
ENSDARG00000043236	45.7949	63.7637	57.2968	19.5198	25.8686	35.6715	31.4051	15.4265	8.77002
ENSDARG00000043246	5.92854	7.32387	7.28356	4.12697	5.03718	5.4383	9.34795	5.04981	3.06954
ENSDARG00000043250	14.6226	16.4148	12.9917	1.31328	2.04871	2.42227	4.13853	3.16934	3.51984
ENSDARG00000043257	73.1336	90.9981	92.7249	42.5964	52.5916	67.4112	34.7458	17.7511	9.51373
ENSDARG00000043271	2.57488	0.0872901	0.0289668	0.788403	0.0294559	0	0	0	0
ENSDARG00000043275	2.81348	4.3218	2.29669	1.10359	0.626986	0.961654	1.10676	0.0865311	0.247146
ENSDARG00000043276	10.3339	11.3017	8.95372	4.19166	5.9025	5.63498	8.41985	2.90481	1.64609
ENSDARG00000043285	1.60856	2.39477	1.58403	0.914254	0.805719	1.02315	2.53298	0.924595	0.514777
ENSDARG00000043296	114.232	94.4026	79.8792	66.9667	48.7341	58.5351	93.8051	35.9883	18.7798
ENSDARG00000043302	0.846953	0.335596	0.529102	0.365488	0.232415	0.195904	0.416665	0.170737	0.0610232
ENSDARG00000043303	0.838216	0.45915	0.0698235	1.32793	0.378079	0.0729641	0.279212	0	0
ENSDARG00000043328	2.47135	1.96724	1.83345	1.53983	0.908897	1.43446	4.13026	2.73473	1.57057
ENSDARG00000043334	7.66912	9.1406	7.98426	7.586	7.19002	9.39061	14.2756	8.77014	6.03367
ENSDARG00000043336	2.55745	4.43456	4.03238	2.10143	2.88287	2.95856	1.57823	1.32619	0.375088
ENSDARG00000043339	0.893967	2.30652	2.43853	1.16098	1.48249	1.33122	2.80414	1.45513	0.576412
ENSDARG00000043359	8.22808	9.85129	10.0524	3.36105	4.33415	5.09623	11.3645	3.94669	1.58996
ENSDARG00000043371	5.25933	5.62147	6.10725	3.61017	4.50735	4.25951	7.04072	4.3551	2.38745
ENSDARG00000043402	6.94995	3.55659	2.486	3.34722	1.58918	1.75447	1.60825	0.811811	0.0806176
ENSDARG00000043406	4.09221	3.79894	3.65005	1.60826	1.84877	2.27145	2.98566	2.23952	1.60892
ENSDARG00000043431	1.39515	1.1373	2.3493	1.31194	1.53362	2.37817	2.22249	1.39415	0.640565
ENSDARG00000043446	4.64036	6.18048	4.27597	1.6925	1.48551	1.78691	2.22336	0.740169	0.266432
ENSDARG00000043451	5.4489	4.86866	4.24445	3.99434	3.13948	3.13824	12.0343	4.70232	5.45806
ENSDARG00000043453	12.2885	7.24843	5.8908	2.64321	1.07506	1.56061	4.84275	4.56689	2.2502
ENSDARG00000043457	5.39758	7.1244	6.20968	2.77033	4.38865	3.22095	2.59636	0.968923	0.936741
ENSDARG00000043480	1.18708	1.49056	1.65198	0.808166	0.965653	1.32901	1.72851	0.799663	0.540641
ENSDARG00000043484	71.2584	80.8851	59.0424	24.4908	23.2491	16.7874	81.3739	47.5013	29.6265
ENSDARG00000043492	1.38493	0.615784	0.10444	2.33379	0.966152	0.0755866	0.0659288	0.199835	0.32427
ENSDARG00000043493	5.55044	7.77172	6.00651	3.08294	3.3823	3.55793	6.00322	3.79905	2.39018
ENSDARG00000043502	13.2484	15.5849	10.9001	3.83037	2.89391	3.85185	7.53193	3.44838	1.65843
ENSDARG00000043509	11.5848	10.6311	14.6794	3.04785	2.94666	2.97566	5.73954	3.47704	1.46266
ENSDARG00000043511	2.31719	2.88247	3.05571	1.45914	1.58185	3.50737	3.46628	1.95434	0.700522
ENSDARG00000043531	2.40262	0.545839	0	1.05678	0.180165	0	0	0.0764604	0
ENSDARG00000043542	4.32987	1.7411	3.43417	1.25762	0.990523	1.96478	2.46526	1.06207	0.552965
ENSDARG00000043548	1.88235	1.61341	1.4441	1.33288	0.968313	1.15336	3.38028	1.17576	0.838028
ENSDARG00000043555	10.2088	11.7969	13.6076	4.39982	3.85132	4.57252	6.20978	3.3412	1.61629
ENSDARG00000043559	9.85668	12.5673	8.78664	5.35286	4.54884	7.20356	8.78861	2.23632	2.81491
ENSDARG00000043566	1.20682	2.03361	1.1187	0.301536	0.647721	0.540602	0.985677	0.622686	0.222027
ENSDARG00000043571	7.61128	14.0191	10.1558	7.0206	10.0662	9.26309	19.3102	10.425	9.13583
ENSDARG00000043593	1.45311	2.22834	1.53206	1.04764	1.01679	1.11734	3.03016	1.5728	0.782644
ENSDARG00000043601	3.26843	2.79768	3.56465	1.37246	1.70173	1.83219	2.49432	0.36042	0.32693
ENSDARG00000043607	1.22088	0.769879	0.951447	0.481016	0.510732	0.707347	0.781449	0.65135	0.42864
ENSDARG00000043608	20.4021	26.453	29.0923	7.65755	8.83566	8.34133	12.2533	7.87476	4.93875
ENSDARG00000043624	1.69375	1.21664	1.86416	0.483712	1.13822	1.35189	1.26525	0.179583	0.441979
ENSDARG00000043627	1.26829	0.118749	0.163598	0.469534	0.048319	0.0968684	0.286621	0.290157	0.056249
ENSDARG00000043631	4.72385	3.98602	3.82031	0.769161	1.45737	2.36869	1.69187	1.35197	0.360867
ENSDARG00000043638	1.19009	2.43409	2.10122	1.56495	1.70379	2.32337	3.29409	1.45161	0.90525
ENSDARG00000043640	1.24489	1.00257	0.434249	0.437896	0.426728	0.793236	0.868228	0.467498	0.183076
ENSDARG00000043643	2.23325	2.5406	2.14587	1.37483	1.82897	2.25373	3.03925	1.73557	0.971591
ENSDARG00000043644	3.80287	4.41118	5.86747	3.74403	4.61646	4.93892	3.49751	1.39821	1.33958
ENSDARG00000043658	1.93403	2.02539	1.75849	0.926281	1.74439	1.91934	2.18842	1.69818	1.01164
ENSDARG00000043663	8.18614	6.1007	3.62899	0.654483	0.449934	1.86098	2.05506	0.645086	0.119068
ENSDARG00000043666	1.53401	1.51605	0.793627	0.777801	0.254833	0.648326	1.38172	0.425734	0.0837518
ENSDARG00000043680	8.84701	11.2183	7.7519	3.75763	3.9963	3.72608	8.61425	4.72942	2.83961
ENSDARG00000043682	1.03497	1.29141	0.984336	2.32604	1.0578	1.49643	2.32989	1.5338	1.07683
ENSDARG00000043685	4.95704	4.17426	4.42019	0.274469	1.07045	1.05293	0.690737	0.127669	0.344474
ENSDARG00000043692	4.59245	6.0739	2.7636	3.00255	3.94468	3.28916	2.76227	1.40085	0.926394
ENSDARG00000043710	0.985065	0.720182	0.630815	0.69798	0.624319	0.416536	0.644219	0.274252	0.184292
ENSDARG00000043713	1.09356	1.62931	2.12319	1.24163	1.35954	2.00522	3.5275	2.33797	1.01965
ENSDARG00000043718	10.5973	12.697	10.9016	3.57194	6.70728	7.19968	11.0556	7.89652	4.64866
ENSDARG00000043720	1.18996	1.98868	2.33802	0.580178	0.878001	1.37379	1.5864	0.895265	0.521424
ENSDARG00000043727	1.14203	1.75144	0.977331	0.47237	0.243349	0.403749	0.476311	0.208351	0.23326
ENSDARG00000043728	2.69561	2.22992	2.60798	0.362514	1.05854	0.840478	1.38787	0.404653	0.155994
ENSDARG00000043732	0.918046	0.896039	1.6542	0.484542	0.336366	0.404931	0.740776	0.434049	0.117034
ENSDARG00000043734	1.0565	0.395026	1.40909	0.637851	0.818761	0.365696	0.885389	0.646888	0.273186
ENSDARG00000043740	0.594181	1.07833	2.31707	0.281665	0.458603	0.928379	0.706942	0.2135	0.191597
ENSDARG00000043757	3.56187	3.6057	4.40545	1.47222	1.83884	2.37586	3.80762	2.2238	1.64307
ENSDARG00000043795	9.94346	13.1201	13.8373	3.8759	6.4091	8.09635	11.6525	7.85176	5.55595
ENSDARG00000043797	5.45892	7.05152	7.14446	3.64651	2.96535	3.95317	6.01674	3.45851	2.38217
ENSDARG00000043812	1.56081	0.477643	1.03567	1.04249	0.675499	0.325102	2.13492	0.97942	0.868589
ENSDARG00000043816	4.10562	7.51413	4.67819	2.4499	0.640189	1.71242	3.64309	2.25815	0.20612
ENSDARG00000043821	0.84088	1.15175	0.961006	0.5394	0.557739	0.809579	2.02481	0.555384	0.390357
ENSDARG00000043842	1.55036	1.14798	1.97879	0.716545	0.845937	1.21485	2.89047	2.10851	1.31471
ENSDARG00000043843	2.26378	1.70669	0.748452	3.1961	2.55246	1.41391	3.3467	1.76838	0.718172
ENSDARG00000043848	53.0158	56.576	63.3319	13.2387	16.6083	22.2058	11.195	5.40672	2.92706
ENSDARG00000043851	7.77176	0.578872	0	3.31845	0.740254	0	0	0	0
ENSDARG00000043854	2.62731	3.85168	2.45234	1.11236	1.19797	1.23799	1.73044	0.748617	0.443058
ENSDARG00000043856	2.04159	1.96708	2.04836	0.924364	0.746693	0.611243	1.32702	0.498417	0.477769
ENSDARG00000043873	29.6708	36.562	33.2309	10.6768	8.9048	11.493	22.2894	10.4391	5.42802
ENSDARG00000043884	8.27173	8.54085	7.04997	2.58873	2.20348	4.28437	3.53082	2.02116	1.95244
ENSDARG00000043886	3.04416	2.01788	1.3397	1.72271	1.93831	1.71394	1.44643	1.33951	1.09477
ENSDARG00000043898	2.84563	3.27816	4.12143	0.653667	2.21534	2.23823	4.13005	2.20003	0.541528
ENSDARG00000043905	0.888092	0.396895	1.11079	0.16222	0.562527	0.463366	0.400963	0.172057	0.151294
ENSDARG00000043960	10.0603	6.90941	6.27684	11.5644	8.14207	9.33583	8.1239	4.32641	3.01875
ENSDARG00000043963	17.3801	21.1246	21.6261	24.2581	30.8235	31.1797	48.9174	40.2455	28.076
ENSDARG00000043970	1.14306	1.39826	1.20858	0.651643	0.742818	1.20055	1.5484	0.653396	0.504894
ENSDARG00000043973	13.5678	16.0983	11.785	7.34008	8.10582	9.22305	14.3523	8.95346	5.85609
ENSDARG00000043976	21.1556	21.8696	16.5741	7.31779	8.02508	9.36024	17.5899	5.97178	4.23395
ENSDARG00000043982	3.38996	3.3994	3.2638	2.27014	3.34437	1.22395	1.83607	1.05082	0.514124
ENSDARG00000044009	1.02141	4.0051	1.67741	1.44532	0.950719	0.668991	1.617	0.955197	1.50542
ENSDARG00000044011	1.3325	1.48036	2.55746	0.734273	1.13897	0.748812	1.24791	0.844789	0.702197
ENSDARG00000044016	2.99176	2.97594	2.61077	3.72283	4.13839	3.69515	7.56559	5.84132	3.47757
ENSDARG00000044038	1.4018	2.86816	3.74738	1.09399	1.73664	1.02155	2.5168	0.964963	0.603721
ENSDARG00000044039	3.0333	2.4102	1.95708	1.77173	1.80706	2.4765	2.24424	0.96651	0.451042
ENSDARG00000044056	1.41969	0.603376	0.502593	0.335105	0.337458	0.416746	0.578314	0.411023	0.13891
ENSDARG00000044059	65.5146	22.8156	0.992937	10.4396	3.29444	0.163902	0	0	0.172775
ENSDARG00000044062	2.36539	2.03787	1.61402	0.572904	1.25853	1.54991	2.78883	2.26162	1.36272
ENSDARG00000044073	0.85534	1.40821	0.41793	0.0596063	0.166454	0.167809	0.169827	0.194127	0.171229
ENSDARG00000044074	0.344403	0.319196	0.752732	0.306184	0.093161	0.382459	0.485544	0.169776	0.132632
ENSDARG00000044083	1.45858	2.47715	1.36783	1.05126	1.17346	1.49533	1.58194	1.07444	0.851152
ENSDARG00000044090	4.49431	3.42381	2.91164	1.1938	1.49083	1.06447	2.3485	0.893083	0.697419
ENSDARG00000044092	3.97752	3.31404	2.55742	2.00436	1.59105	1.25119	0.784453	0.198187	0
ENSDARG00000044093	26.9774	11.9251	9.43123	13.6281	5.82333	6.51379	10.5963	2.86794	1.22067
ENSDARG00000044097	7.32394	8.03609	12.3136	3.04456	3.04907	3.4296	3.10546	1.85368	1.11213
ENSDARG00000044134	0.6156	0.950622	0.558888	0.86824	1.16062	1.08461	0.572047	0.871772	0.374852
ENSDARG00000044135	6.07967	8.92799	8.13782	2.27513	2.08956	3.2574	5.15088	1.63224	0.927085
ENSDARG00000044136	0.942505	1.92951	1.71074	0.826947	1.14682	1.24836	1.28741	0.960306	0.77486
ENSDARG00000044142	0.948302	0.764304	0.797874	0.338252	0.563751	0.58091	0.404788	0.268138	0.182227
ENSDARG00000044143	2.43791	2.4882	2.21399	1.24994	1.53691	1.88727	2.22293	1.01439	0.486477
ENSDARG00000044144	14.3057	12.6881	10.0203	5.71949	4.74796	4.57589	10.3129	4.00872	2.81373
ENSDARG00000044153	1.00707	1.6392	1.39266	0.968875	0.874948	1.47779	2.52272	1.41286	0.533723
ENSDARG00000044155	0.695056	0.169591	0	0.252859	0.0557983	0.0275501	0	0	0.0195629
ENSDARG00000044179	0.186185	0.17785	0.140593	0.226296	0.108468	0.0747195	0.156532	0.155757	0.0345603
ENSDARG00000044182	10.052	8.15295	8.24508	2.82193	2.43033	3.36135	5.55587	3.36896	1.81654
ENSDARG00000044191	0.759852	1.57876	0.897377	1.2216	0.827808	1.26956	4.02882	0.597981	0.826083
ENSDARG00000044216	1.56451	1.47097	1.10614	0.372255	0.584412	0.827992	0.743907	0.644652	0.366682
ENSDARG00000044220	6.91092	6.96737	6.34488	4.4235	5.19221	4.81311	7.08725	3.70969	1.99823
ENSDARG00000044255	2.75137	3.38799	2.03593	1.01192	1.43167	1.74136	1.0635	0.888693	0.604251
ENSDARG00000044265	1.86825	2.28463	1.8733	0.754922	0.816964	1.57525	2.09053	0.627711	0.354199
ENSDARG00000044267	2.96321	2.84779	1.58244	0.341044	0.740494	1.609	0.60662	0.537425	0.41946
ENSDARG00000044271	0.908172	1.10237	0.781467	0.136906	0.301559	0.247227	0.42175	0.233432	0.167327
ENSDARG00000044281	6.05067	6.18299	6.20428	3.27091	4.29759	4.64314	8.98707	6.42615	4.66783
ENSDARG00000044282	11.4659	13.675	11.514	2.84166	2.63025	3.54076	7.1522	4.5412	1.7526
ENSDARG00000044298	27.7726	26.0666	19.2077	7.31446	7.54722	7.02548	6.74617	4.46172	1.71791
ENSDARG00000044299	20.7741	24.4193	27.8016	7.44034	11.3531	15.7682	23.2375	16.0415	9.98076
ENSDARG00000044301	6.16707	6.96047	6.802	4.51811	4.76933	5.08581	5.08698	2.60168	1.61145
ENSDARG00000044304	6.00938	7.43042	7.44163	2.20715	2.94576	3.0878	5.46567	3.20454	2.16542
ENSDARG00000044327	3.5486	2.98127	2.40557	2.37657	2.12903	1.82613	2.59169	1.98575	1.89225
ENSDARG00000044332	5.30812	4.6033	4.51058	1.25281	1.40299	1.95874	1.81118	0.949422	0.326988
ENSDARG00000044339	3.28798	4.33785	3.091	0.50746	0.989488	1.11071	1.19523	0.405009	0.636366
ENSDARG00000044345	6.51108	9.20953	8.38418	2.40421	4.58049	3.41655	9.26657	4.06039	2.12742
ENSDARG00000044356	1.32768	2.14435	2.87253	0.584776	1.74448	0.568261	2.23548	1.35398	0.992785
ENSDARG00000044357	1.91927	2.32485	2.109	1.28073	0.833177	1.29362	2.18403	1.04602	0.748057
ENSDARG00000044362	2.94102	2.78118	2.13009	1.7617	1.8998	1.78857	2.21633	0.940071	0.855681
ENSDARG00000044380	152.174	88.5874	52.402	25.7986	13.9688	15.2505	22.0878	10.5656	5.35248
ENSDARG00000044381	1.52417	1.72926	3.70671	0.809125	0.575112	1.17752	1.00039	0.267654	0.545659
ENSDARG00000044404	1.94221	1.88696	1.34118	0.31352	0.874711	0.415009	1.26027	0.44391	0.136522
ENSDARG00000044417	0.624827	0.582793	0.518383	0.697057	0.528122	0.815479	2.09043	1.07233	0.450162
ENSDARG00000044418	15.205	21.6816	6.44657	7.78203	7.51708	13.3164	9.64935	8.32531	6.45658
ENSDARG00000044422	5.00759	5.32815	6.71194	4.25913	6.3797	6.37697	12.2457	7.74597	8.38584
ENSDARG00000044426	87.7149	73.715	51.8924	34.9795	32.5472	47.1454	103.783	57.262	41.2054
ENSDARG00000044431	16.1249	16.9222	8.98249	6.77697	5.89007	5.56531	9.06969	4.32658	1.5775
ENSDARG00000044436	0.978231	1.14941	1.16372	1.19062	0.37297	1.29447	2.63615	1.22987	1.172
ENSDARG00000044437	2.85139	1.94781	2.61216	1.99867	1.30877	1.5176	3.33615	1.52487	0.940901
ENSDARG00000044440	1.62635	1.26227	1.38486	0.738123	0.473979	0.925404	1.18187	0.505193	0.434675
ENSDARG00000044462	50.0591	30.3162	20.4428	10.0034	9.64314	8.54667	16.7818	9.47225	7.58955
ENSDARG00000044479	2.19422	1.66891	1.95982	1.24259	0.82988	0.955813	1.48756	0.435585	0.201675
ENSDARG00000044480	1.69522	3.00579	1.9704	1.26463	1.58885	1.56781	2.30771	0.765004	0.444641
ENSDARG00000044484	0.297365	0.474177	0.798788	0.137616	0.304406	0.213474	0.810283	0.199412	0.12824
ENSDARG00000044485	80.0939	53.8718	40.8242	37.9243	32.0636	32.5719	55.1916	28.7021	17.247
ENSDARG00000044491	4.34848	7.16997	6.00145	2.5768	3.20358	4.25641	6.12623	3.36066	1.96643
ENSDARG00000044492	2.09879	3.29616	2.82179	2.21195	0.967526	1.55687	2.25739	0.424293	0.27465
ENSDARG00000044511	22.1831	21.9171	19.9189	8.12897	7.31839	8.61656	13.1318	9.29632	4.82875
ENSDARG00000044513	4.14612	5.71152	5.72391	1.68107	1.95991	2.77773	4.21777	2.46797	1.28883
ENSDARG00000044521	20.0582	19.2704	22.2694	11.8289	16.0605	21.0841	38.8576	29.9282	12.8766
ENSDARG00000044537	2.48453	2.67213	1.67144	0.945389	1.13547	0.998567	2.15518	0.634973	0.319844
ENSDARG00000044540	1.99444	2.56742	2.61997	0.739364	0.952382	1.40009	2.61785	1.27475	0.893172
ENSDARG00000044545	6.51828	6.80102	7.89494	2.74233	3.91154	3.78939	11.076	5.19527	2.83203
ENSDARG00000044556	0.44551	0.589059	0.797262	0.234553	0.265973	0.375726	1.0797	0.361848	0.0240559
ENSDARG00000044562	33.1711	25.1793	17.6694	7.11626	6.12843	8.00511	3.57344	4.26488	1.96666
ENSDARG00000044565	1.07789	1.23922	0.870846	0.248453	0.379603	0.704849	0.513181	0.121668	0.0659049
ENSDARG00000044567	3.36692	2.37535	2.72351	1.12981	1.00652	1.85103	3.02088	0.770337	0.960921
ENSDARG00000044573	12.4527	9.97173	9.8877	6.29059	7.94015	7.79464	18.7182	7.36147	4.23239
ENSDARG00000044575	1.43607	3.21891	2.4292	0.382782	0.824581	0.744697	0.961444	0.365005	0.197403
ENSDARG00000044584	2.64859	3.08748	2.6443	1.34293	0.806013	2.28779	1.9202	0.373801	0.327605
ENSDARG00000044597	7.66385	7.59358	8.19042	8.36228	7.17522	8.34868	7.03113	4.00241	1.88109
ENSDARG00000044601	14.8115	20.6892	18.0274	6.79798	8.44554	7.42379	15.8927	8.55517	6.56536
ENSDARG00000044622	1.77577	1.33312	1.37844	0.765809	0.953804	1.30638	0.879008	0.533412	0.187496
ENSDARG00000044625	13.1412	7.0438	3.13522	6.42787	3.58352	2.88933	5.28177	2.03946	1.14537
ENSDARG00000044627	2.01417	2.41282	1.05818	0.871806	0.956177	0.979497	0.188671	0.297555	0.0570129
ENSDARG00000044628	1.71553	1.23255	1.47611	1.40774	2.03762	0.974161	2.34694	1.70438	1.25452
ENSDARG00000044634	1.95338	0.526045	0.417071	0.441383	0.821234	1.07532	0.904088	1.07903	1.02748
ENSDARG00000044636	10.077	10.2533	12.0725	9.97011	9.74644	13.5118	18.4874	7.65289	6.30147
ENSDARG00000044638	15.0618	19.7684	21.7181	4.91523	3.57147	5.69737	9.58447	4.11571	2.91669
ENSDARG00000044669	3.98911	4.55118	4.1928	2.16173	2.04412	2.75022	2.97516	1.54298	0.589174
ENSDARG00000044688	4.12387	2.76577	5.5837	1.74572	0.757328	0.748337	3.75939	1.5924	0.810173
ENSDARG00000044691	13.4276	15.3181	8.87179	3.1732	3.5093	3.77445	6.82791	4.7499	1.62457
ENSDARG00000044718	2.34814	2.35237	2.57561	0.990812	1.28018	1.61417	1.82957	1.7843	1.06516
ENSDARG00000044751	4.5155	4.72825	2.00317	1.01562	1.00981	1.43058	0.660314	0.36934	0.166965
ENSDARG00000044752	1.36623	0.692056	0.941573	0.491206	0.779581	0.332577	0.871167	0.053093	0.0961976
ENSDARG00000044753	2.97773	5.19668	2.50004	1.95121	2.11754	2.6348	6.62063	2.5833	1.55913
ENSDARG00000044760	15.836	10.2805	9.94497	8.46635	6.8362	8.06159	7.39001	3.8981	3.32243
ENSDARG00000044766	1.39165	2.76584	3.35419	0.749822	0.652928	1.23598	1.59931	1.09427	0.231176
ENSDARG00000044769	2.02094	1.73127	1.63671	0.4586	0.487052	0.60742	0.699965	0.533878	0.318093
ENSDARG00000044774	55.6145	54.5733	46.6631	23.4003	20.8635	24.1586	39.3932	20.5532	12.1237
ENSDARG00000044796	0.609679	0.192831	0.0169777	0.494208	0.124803	0	0	0	0.0135762
ENSDARG00000044807	0.809204	0.153132	1.22213	0.753463	0.919703	0.570831	2.09837	0.580454	0.0798786
ENSDARG00000044809	2.81799	4.0705	4.04249	1.56528	1.82175	2.17206	4.91951	2.08853	1.93264
ENSDARG00000044811	4.28639	4.23686	3.33781	2.38358	3.14508	2.79888	2.94739	1.4779	1.73733
ENSDARG00000044812	2.0002	2.97253	2.81671	1.32336	1.46001	1.34579	3.73212	2.22227	1.41088
ENSDARG00000044820	20.0532	19.1252	19.0603	8.43983	7.48589	9.51065	8.01663	5.79837	2.50518
ENSDARG00000044841	3.06058	4.26331	4.94216	3.34867	2.48482	4.11341	7.03465	5.17411	3.60204
ENSDARG00000044844	7.27027	6.34829	9.8666	4.8685	4.93492	7.09497	11.8849	5.66284	3.93366
ENSDARG00000044847	4.8821	0.803603	0.905621	3.53992	0.398621	1.33627	1.39298	0.672912	0.107979
ENSDARG00000044853	6.58609	2.24488	1.03842	2.80901	1.2951	1.64073	1.45297	1.82724	0.524049
ENSDARG00000044874	4.77505	6.58887	3.70077	3.30165	3.33217	2.9203	8.10877	5.44849	3.6838
ENSDARG00000044902	7.27647	9.43978	10.2797	4.04854	5.63932	5.67795	9.80857	5.6408	3.93296
ENSDARG00000044914	1.23508	1.78392	1.61476	0.612361	1.70815	1.65408	1.60011	0.824155	0.705754
ENSDARG00000044915	0.321543	0.232163	0.493554	0.358618	0.227109	0.363742	0.595209	0.362853	0.38581
ENSDARG00000044938	5.62962	5.19482	4.73618	1.56804	1.91407	3.23349	4.5421	3.27055	1.82657
ENSDARG00000044943	4.76851	5.11159	3.92138	1.77114	2.01183	2.06707	4.27338	2.46058	1.51567
ENSDARG00000044949	2.24985	2.28499	2.32911	1.77828	0.953452	1.34831	2.0121	1.12015	0.376732
ENSDARG00000044956	1.91613	5.36788	4.57954	0.714116	0.475387	0.936949	1.28553	2.01441	1.80224
ENSDARG00000044963	0.4065	0.496159	1.36917	0.493264	0.469183	0.930251	1.04305	0.545547	0.182838
ENSDARG00000044972	2.76111	3.54085	2.61205	0.712403	0.611054	0.902131	0.570706	0.257937	0.412249
ENSDARG00000044980	4.04475	4.96433	4.04503	2.65367	3.5765	3.69284	5.36628	2.59998	2.21108
ENSDARG00000045006	0.99622	1.57112	1.11863	0.255787	0.458683	0.493255	0.865724	0.864815	0.491979
ENSDARG00000045017	2.4043	0.547293	0.244289	1.86987	1.08185	0.341203	0.151885	0.067903	0.12817
ENSDARG00000045019	6.15288	3.4151	2.48814	2.09059	0.932181	1.03405	2.14187	0.639289	0.696109
ENSDARG00000045025	0.939191	1.26507	0.80618	0.348381	0.269752	0.379693	0.635665	0.300929	0.0463879
ENSDARG00000045027	5.07135	4.85035	6.40004	1.59387	1.26076	1.52157	1.94689	1.76308	1.42047
ENSDARG00000045036	0.933279	0.661784	2.77922	0.883555	0.713619	1.73415	3.76706	0.533938	0.788242
ENSDARG00000045051	27.7325	52.8841	52.1469	33.6015	37.4436	49.7524	74.7281	51.9731	39.8489
ENSDARG00000045074	2.80595	1.79286	2.10212	1.29171	0.526875	0.932972	0.73854	0.795718	0.43859
ENSDARG00000045092	1.06451	2.44762	2.35492	0.755731	0.75874	1.14459	1.51742	0.509904	0.236337
ENSDARG00000045095	3.20671	7.46942	4.81858	0.368078	0.718818	1.1562	1.15029	0.336397	0.320588
ENSDARG00000045096	1.22305	1.00217	1.42107	0.983466	0.602676	1.12659	2.08337	1.17065	0.991467
ENSDARG00000045097	0.374397	0.345445	1.01708	0.257135	0.214195	0.527373	0.708176	0.459229	0.214006
ENSDARG00000045105	5.56993	5.76883	4.57601	3.7416	3.39881	4.51413	7.57271	4.09128	2.50968
ENSDARG00000045123	0.749134	0.272266	0.0278972	0.131366	0.12235	0.12698	0.0708438	0	0
ENSDARG00000045127	4.99815	6.86395	5.44643	1.53535	2.47432	2.06289	3.8544	2.96565	2.17384
ENSDARG00000045129	0.348365	0.997191	0.647018	0.391694	0.362518	0.676436	1.00585	0.437512	0.356571
ENSDARG00000045130	2.0156	1.76627	2.25732	0.784153	1.28522	1.36878	3.59438	1.36575	1.09256
ENSDARG00000045132	6.88461	8.62203	8.80063	3.84116	3.9565	6.27905	7.8816	4.23323	3.30685
ENSDARG00000045139	2.57861	1.97972	1.79456	1.30294	0.64065	1.41328	1.70826	0.413568	0.295181
ENSDARG00000045140	0.767532	0.493684	0.827909	0.166993	0.40951	1.19378	0.446962	0.0313531	0.0534761
ENSDARG00000045146	4.48133	5.26664	2.7456	1.00755	1.64916	1.54565	0.989979	0.491505	0.828252
ENSDARG00000045147	3.26865	3.37368	3.08493	1.52039	1.80865	2.62014	2.48619	1.60189	1.12267
ENSDARG00000045153	0.323584	0.0426583	2.67279e-09	0.109899	0.0219573	1.12945e-10	1.07061e-10	1.36962e-10	0.013921
ENSDARG00000045155	5.41424	7.43913	8.58282	3.43903	2.47725	4.25542	1.96809	0.971246	0.672357
ENSDARG00000045159	1.85315	1.65475	1.50141	1.1154	2.10808	1.797	1.26329	1.01909	0.343235
ENSDARG00000045167	9.93328	10.317	11.6134	4.29459	6.08284	5.63598	10.2249	6.59724	2.60215
ENSDARG00000045175	0.660036	1.0985	0.418059	0.318833	0.663292	0.384271	0.0772367	0.144687	0
ENSDARG00000045199	4.95943	7.97421	6.21845	1.06815	1.04754	2.08933	2.18428	1.49172	0.809188
ENSDARG00000045204	0.395668	0.685162	0.217185	0.0338804	0.153358	0.190074	0.0860061	0.125734	0.0228608
ENSDARG00000045207	3.93556	4.07973	5.64161	5.45078	7.06655	8.4284	4.30421	3.68347	3.72811
ENSDARG00000045219	19.7614	10.1355	1.13519	5.46911	2.63188	0.511492	0	0	0
ENSDARG00000045228	2.32674	2.77409	3.60325	0.739656	1.13082	1.55013	1.94359	0.854539	0.723283
ENSDARG00000045248	317.373	270.868	240.786	185.242	191.405	223.164	189.586	74.106	60.1869
ENSDARG00000045254	56.1556	35.3271	18.5621	10.1317	7.52317	7.4461	10.984	4.79923	1.90771
ENSDARG00000045261	4.41673	2.72996	2.80862	1.74528	1.77419	1.74912	5.48671	2.34137	0.900593
ENSDARG00000045262	4.74934	5.19791	3.67401	0.620918	0.549907	2.06624	0.754778	0.449333	0.512987
ENSDARG00000045269	2.88755	0.969023	0.478026	2.88582	3.46968	2.13167	2.58394	2.02171	0.391275
ENSDARG00000045289	6.74473	11.988	8.39495	2.45165	4.57235	4.93798	11.051	7.75892	4.44726
ENSDARG00000045294	4.00742	4.07185	3.85481	2.04648	3.73265	2.5822	5.53318	1.74549	0.763458
ENSDARG00000045297	1.60152	2.22921	0.868742	1.1313	1.124	1.14364	1.71683	0.735061	0.699472
ENSDARG00000045298	2.19348	3.28347	5.86252	1.50907	1.57612	1.8409	8.41056	4.20821	2.5657
ENSDARG00000045304	1.25772	1.63097	1.19561	0.557483	0.332817	0.675953	1.4762	0.337875	0.0470584
ENSDARG00000045305	6.80702	9.16452	6.10034	2.72513	3.84486	4.45369	8.39574	3.15732	1.78886
ENSDARG00000045308	7.35661	6.43788	7.07925	3.04352	3.58872	4.34993	6.6316	3.15466	1.75235
ENSDARG00000045331	2.85641	3.32488	3.05098	1.37176	1.94979	1.89304	3.21005	1.57253	0.615096
ENSDARG00000045342	4.2125	5.69973	3.85059	2.28193	2.49319	2.3627	7.02416	2.26613	1.80537
ENSDARG00000045348	9.559	3.74992	0.628138	2.07582	0.71829	0.35159	0.165537	0	0
ENSDARG00000045355	1.98775	1.8405	2.31562	2.42231	1.73331	1.61147	2.61415	1.02719	0.293651
ENSDARG00000045367	2.16212	2.68409	2.31258	0.522025	0.792182	1.78069	2.92432	0.891596	0.489872
ENSDARG00000045373	40.3973	48.8508	32.2361	8.80892	9.6928	10.3612	17.2028	9.29919	5.8781
ENSDARG00000045381	1.05199	1.41388	3.88728	0.356704	0.481496	0.989973	1.32142	1.07286	0.252093
ENSDARG00000045399	1.93408	3.55978	2.05134	1.16394	1.07512	1.71763	1.9405	0.629014	0.203955
ENSDARG00000045401	19.0982	26.599	13.1752	7.08086	11.676	11.9354	37.3206	27.3553	14.4645
ENSDARG00000045403	3.11521	4.88754	2.4399	0.979231	0.744562	0.530737	1.58225	1.3185	1.25867
ENSDARG00000045415	0.647671	1.23156	1.75939	0.549132	0.116721	0.547654	1.06379	0.470207	0.306361
ENSDARG00000045416	1.05163	1.02482	0.943527	0.753228	1.26812	0.766022	2.42982	0.476173	0.397855
ENSDARG00000045422	5.4035	4.02955	2.3246	2.1706	1.42028	2.44906	0.957025	0.256777	0.13384
ENSDARG00000045423	5.4989	6.85074	5.77536	3.8431	3.91832	4.20386	15.3842	7.23018	2.71892
ENSDARG00000045424	2.84419	5.217	3.39869	2.78332	3.25232	4.2845	7.47033	3.83843	1.61151
ENSDARG00000045444	12.9225	3.18099	0.0462443	4.61185	1.01355	0.0834126	0.054199	0	0.0546156
ENSDARG00000045463	0.924811	1.08314	0.333004	0.258326	0.536828	0.363058	0.276069	0.568209	0.0715073
ENSDARG00000045465	1.15233	1.34465	0.878043	0.45466	0.449297	0.788379	2.16697	0.841898	0.319388
ENSDARG00000045481	2.19617	1.92534	3.08103	1.14717	1.34171	1.70238	1.86505	1.2853	0.36088
ENSDARG00000045482	1.81317	1.62342	1.74281	1.77692	1.99999	2.06774	4.26236	2.3228	0.976857
ENSDARG00000045484	0.82277	1.07986	0.997273	0.900528	0.475011	0.849445	1.87797	0.874886	0.383015
ENSDARG00000045486	1.17558	3.3643	1.6649	2.22312	1.20648	1.58829	2.32246	1.78403	1.08451
ENSDARG00000045487	16.6654	18.0314	14.4301	2.26828	1.58404	4.02446	3.51516	0.781259	1.7377
ENSDARG00000045493	1.31807	0.951651	0.896395	0.823255	0.79412	0.894392	2.12359	1.69068	1.79652
ENSDARG00000045506	1.4685	1.75772	1.5649	0.811282	1.2442	1.58538	2.66503	1.12149	0.730381
ENSDARG00000045510	1.09876	1.3339	0.976437	0.710247	0.927436	1.14237	1.49679	0.787287	0.949094
ENSDARG00000045513	4.71237	8.26909	7.07342	1.98697	2.74891	3.09397	7.55833	4.90049	2.75931
ENSDARG00000045514	1.81899	2.37165	2.61171	0.357547	0.663706	1.57328	2.66752	1.68227	0.584171
ENSDARG00000045515	1.0578	2.49684	1.26228	0.294925	0.474414	0.666985	0.50876	0.33585	0.0836337
ENSDARG00000045525	1.06383	1.42099	1.21139	0.56096	0.774582	0.901782	2.64901	0.635449	0.926703
ENSDARG00000045527	1.03346	0.146721	0.427921	0.371425	0.131041	0.0892482	0.204766	0.0357711	0.169433
ENSDARG00000045528	2.5975	3.94412	3.81314	1.47448	1.81908	2.16489	3.53266	2.45093	1.75553
ENSDARG00000045540	3.20908	4.08444	3.86374	2.27349	2.34319	2.59808	4.28227	2.12378	2.23334
ENSDARG00000045541	2.71349	2.55341	2.34998	1.04186	1.38468	1.21637	1.82919	0.922054	0.613897
ENSDARG00000045542	7.60199	6.95576	8.10747	2.64574	2.0428	2.13092	2.64766	0.647242	0.567494
ENSDARG00000045554	0.344116	0.0283593	1.95447e-09	0.0769465	1.7897e-09	1.00593e-09	0.0161735	1.49457e-09	0.0123115
ENSDARG00000045556	0.715238	0.69155	0.128981	0.280583	0.257563	0.513284	0.840131	0.336051	0.0716427
ENSDARG00000045562	8.68847	7.76475	5.63244	3.17743	2.63963	2.45252	5.17422	3.27926	1.69738
ENSDARG00000045565	0.377757	1.09964	1.10042	0.69856	0.482221	0.608017	1.2476	0.319873	0.351952
ENSDARG00000045567	10.2662	6.18411	4.72836	3.69944	2.84075	3.04767	3.16326	1.74336	1.78437
ENSDARG00000045574	20.1415	24.2407	25.7334	7.80974	9.62244	10.6073	14.9761	10.7877	5.8141
ENSDARG00000045598	1.10763	0.674262	0.919583	0.847817	0.592759	0.667933	1.17526	0.633224	0.332535
ENSDARG00000045601	5.29724	6.6877	5.61982	2.79307	2.82718	3.09862	5.47786	3.51933	1.67911
ENSDARG00000045605	3.23116	4.03875	4.44719	1.97349	2.88913	4.00556	5.61074	2.27712	1.24611
ENSDARG00000045618	4.28403	4.6958	4.01572	4.93722	2.9738	4.10412	5.91683	3.06333	1.60998
ENSDARG00000045620	2.17267	2.31696	2.42599	0.675522	0.925469	1.06786	2.09639	0.909139	0.840464
ENSDARG00000045625	3.06679	4.54035	2.90881	1.31222	1.14163	2.28272	4.0263	1.91654	1.51863
ENSDARG00000045641	1.53288	0.983469	0.535413	0.349807	0.624007	0.584471	1.02702	0.217673	0.348783
ENSDARG00000045660	0.544234	0.800429	0.449707	1.1498	1.72998	1.35924	3.89766	1.91735	0.923293
ENSDARG00000045666	1.18063	1.46231	1.03537	0.678978	1.24997	0.995603	1.12801	0.730874	0.378186
ENSDARG00000045680	18.2524	19.3699	16.5244	11.0832	10.6878	13.6743	11.309	6.86953	4.41252
ENSDARG00000045681	1.89029	3.0127	4.25356	0.8034	2.20541	2.41937	3.21539	2.27465	1.20451
ENSDARG00000045691	1.5523	1.46612	1.19655	0.56061	1.17863	0.458118	1.92252	0.340086	0.376351
ENSDARG00000045692	2.85569	2.64229	2.2854	0.657415	0.747324	2.11373	0.857872	0.538396	0.278029
ENSDARG00000045694	4.56937	0.456519	0	1.96639	0.58827	0	0	0	0
ENSDARG00000045733	0.513915	3.23967	0.37236	0.496148	0.366664	0.451343	0.805439	0.384081	0.0698296
ENSDARG00000045747	0.518112	0.298467	0.319456	0.0760191	0.273291	0.27426	0.273015	0.15434	0.19207
ENSDARG00000045748	0.231223	0.323945	0.247454	0.0723627	0.0694738	0.0694618	0.076141	0.109626	0
ENSDARG00000045749	3.28279	3.22878	2.57503	2.01125	2.98337	2.2803	3.41579	1.56568	0.894983
ENSDARG00000045753	0.098415	0.73417	0.381192	0.170619	0.484916	0.203422	1.60909	0.731584	0.647652
ENSDARG00000045755	5.29368	2.79389	1.74618	1.76936	1.46971	1.39871	1.06045	0.879405	0.31995
ENSDARG00000045776	13.9756	16.3944	11.8632	3.80673	2.51638	3.86349	2.89345	1.80857	0.495764
ENSDARG00000045785	1.76361	1.67172	1.75954	0.503576	0.311117	0.795305	1.15715	0.257873	0.115198
ENSDARG00000045789	3.49643	6.89348	5.89738	1.49869	3.10386	2.94947	9.67214	6.72161	3.52149
ENSDARG00000045790	1.65043	1.26613	2.60329	0.640322	0.647834	1.05508	2.30526	1.12632	0.558535
ENSDARG00000045803	0.414667	0.358606	0.305797	0.129524	0.043869	0.0663869	0.127998	0.0731747	0.0374289
ENSDARG00000045814	1.68113	1.49005	1.86269	0.821526	0.705919	0.669369	1.28694	0.678548	0.375191
ENSDARG00000045815	4.44977	4.43619	4.32607	1.85903	2.46613	2.51897	6.47165	3.36024	1.96923
ENSDARG00000045823	3.56581	3.9375	4.01334	0.716185	1.81097	1.20218	4.31569	3.0188	1.61377
ENSDARG00000045824	0.869518	2.46801	2.35319	0.104599	0.503385	0.856817	0.536387	0.196665	0.584215
ENSDARG00000045842	2.85977	2.81997	1.61158	2.0533	1.51823	0.926827	1.58213	0.747912	0.485696
ENSDARG00000045843	3.01442	2.52072	0.763206	1.20366	0.867983	1.48839	2.30409	1.13083	0.37048
ENSDARG00000045847	17.2595	15.876	11.9352	9.543	9.81041	11.1105	22.7922	17.2365	12.5132
ENSDARG00000045853	0.555898	0.464857	0.821252	0.272	0.554783	0.561918	1.21402	0.407723	0.449995
ENSDARG00000045857	12.9189	13.7672	15.0646	6.9593	7.50699	10.0604	12.9032	4.10823	2.42259
ENSDARG00000045870	1.92713	3.24416	2.31304	1.10633	1.64734	1.4526	2.5204	2.38496	1.20057
ENSDARG00000045874	4.61503	2.28721	2.36662	1.98529	1.31915	1.23446	1.45465	0.105511	0.596988
ENSDARG00000045877	13.0482	11.8577	11.4344	5.82694	3.7038	5.20352	7.24152	3.20926	1.33027
ENSDARG00000045878	1.03644	1.85477	2.26057	0.430381	1.19133	1.0078	3.40712	1.52594	1.50716
ENSDARG00000045880	6.26202	7.54559	7.82903	1.0876	3.018	2.47559	5.59895	4.94908	3.47002
ENSDARG00000045885	10.6393	13.0981	8.79051	4.95215	5.57839	5.8884	7.89231	4.14104	2.23014
ENSDARG00000045888	1.51111	1.7306	1.71794	1.37776	2.17185	3.40334	2.74713	1.7093	1.04574
ENSDARG00000045898	88.5689	5.18275	0	6.43378	0.613288	0	0	0	0
ENSDARG00000045900	5.47295	5.51069	4.08131	1.83143	1.37478	1.10326	4.11806	2.76803	1.63864
ENSDARG00000045911	0.946336	0.705487	0.611621	0.258378	0.457215	0.522835	1.10549	1.01353	0.63812
ENSDARG00000045914	10.8023	11.7523	7.62074	3.12274	3.11744	3.55422	7.23631	3.73874	1.90101
ENSDARG00000045921	2.90496	4.30158	3.91271	1.15863	1.08558	1.53475	3.01293	1.72704	0.765809
ENSDARG00000045928	1.9539	3.01418	2.41216	1.01433	0.717258	0.962725	2.67164	0.932345	0.884546
ENSDARG00000045930	7.6376	7.75096	9.03473	2.96324	2.07551	3.98211	9.05155	5.19107	4.61936
ENSDARG00000045940	6.58357	6.18099	5.00497	3.18938	3.92352	2.99639	9.18085	4.34376	2.50487
ENSDARG00000045946	1.46192	2.00568	1.56129	0.643853	0.773019	0.792521	1.76973	1.1078	0.799751
ENSDARG00000045951	1.77932	1.86954	1.37881	1.38285	1.17899	1.55743	2.09488	1.00662	0.684461
ENSDARG00000045968	0.645422	0.299558	0.344163	0.226501	0.419251	0.0748266	0.708822	0.33343	0.299753
ENSDARG00000045976	1.03541	0.671281	0.916911	0.774013	0.682385	1.03572	0.923126	0.498812	0.429919
ENSDARG00000045978	6.22886	8.56426	3.63252	1.71184	1.71793	0.927956	2.91804	2.04251	1.34343
ENSDARG00000046002	11.1853	8.00014	9.18407	6.43938	4.49104	6.26479	11.9253	4.0741	2.80378
ENSDARG00000046004	5.03625	4.4659	4.41276	2.96115	2.06814	2.40264	5.16198	2.14165	1.78599
ENSDARG00000046022	3.26559	3.05532	3.81495	1.32969	0.926436	0.692227	1.6254	1.16725	0.92756
ENSDARG00000046030	5.15817	8.72519	7.43808	1.78469	1.38994	1.82261	1.84279	1.88712	0.914964
ENSDARG00000046048	1.0954	3.94013	2.17207	0.703341	1.81347	0.954251	2.47412	3.15727	1.83293
ENSDARG00000046053	0.615111	1.02025	0.854984	0.564561	0.362277	0.949961	0.910799	0.375614	0.249636
ENSDARG00000046054	0.750292	0.662716	1.29248	0.284157	0.531612	0.412248	1.22041	0.844741	0.365519
ENSDARG00000046062	4.84878	5.64377	4.49716	2.08254	1.87463	2.486	1.3725	1.22879	1.79393
ENSDARG00000046071	3.22638	5.61853	4.29049	1.33166	2.03284	2.73776	4.71657	4.89527	1.37297
ENSDARG00000046074	1.5745	1.21052	1.60718	1.3719	1.5193	1.02089	1.16775	1.5931	0.686821
ENSDARG00000046085	2.05339	3.06349	1.65012	2.65409	2.55313	2.5556	3.30795	4.37944	2.2669
ENSDARG00000046087	22.2905	28.2766	20.8763	6.13933	10.0316	10.5707	37.3872	21.835	25.7372
ENSDARG00000046106	13.7328	18.2233	16.3146	7.05887	8.76501	10.4532	33.8258	12.3072	6.95211
ENSDARG00000046119	3.61136	2.87451	2.36956	0.252274	1.74175	1.07126	1.34721	0.899801	0.893282
ENSDARG00000046124	7.11006	7.68183	7.17406	2.77619	3.47734	4.13769	10.4039	5.82576	2.50335
ENSDARG00000046132	2.48239	1.46184	0.952679	3.95232	2.10316	1.50159	2.78232	1.12813	0.624842
ENSDARG00000046136	0.779944	0.928947	0.388151	0.697054	0.331111	0.461029	0.939945	1.32498	0.56849
ENSDARG00000046141	2.65803	2.45077	3.3466	1.1547	1.37176	1.34752	2.12848	0.84103	0.386235
ENSDARG00000046143	3.47874	4.89931	4.28387	1.73188	1.76615	2.60084	8.36236	3.35518	1.20301
ENSDARG00000046157	5.88428	5.8256	5.51722	4.14589	2.07354	0.907674	0.610142	0.803698	1.26798
ENSDARG00000051718	15.455	3.32289	3.40876	6.03525	0.522935	0.32227	2.0342	1.80726	1.61473
ENSDARG00000051732	18.0558	15.8	8.88639	7.49347	0.6207	2.60668	5.94307	3.95684	7.95982
ENSDARG00000051734	20.6377	21.1916	16.5445	5.53409	3.15273	4.73754	7.52857	10.8545	8.48807
ENSDARG00000051736	37.8602	34.5238	25.1001	10.4243	5.55842	2.162	12.7958	10.1701	13.4075
ENSDARG00000051754	7.05874	5.48845	2.69449	4.19127	3.30992	2.7805	2.73618	1.72158	1.32675
ENSDARG00000051768	2.30312	3.40826	3.2698	2.20329	2.33308	3.23992	3.44549	2.872	1.01116
ENSDARG00000051770	20.5233	10.4352	11.1179	9.044	4.87507	4.74023	13.0005	8.98483	8.61923
ENSDARG00000051775	13.6819	16.2304	3.30871	2.5101	0.553482	2.43023	1.37265	6.82828	5.63724
ENSDARG00000051778	16.0162	13.6621	7.02889	6.62684	6.25034	4.61416	11.8422	5.26147	6.76478
ENSDARG00000051783	4.6096	3.65852	1.85712	1.23886	1.02049	1.55939	2.51464	2.3022	1.18559
ENSDARG00000051785	5.4889	3.7743	1.5573	2.20659	1.44009	0.482809	1.34724	1.07139	0.262058
ENSDARG00000051798	5.21028	3.71787	3.10439	2.91911	2.9517	2.85312	4.27825	2.66193	1.35967
ENSDARG00000051800	6.72032	9.09491	7.04213	4.66431	5.07702	5.37556	10.7846	5.96711	3.78255
ENSDARG00000051809	0.587038	0.63935	0.269138	0.323602	0.319799	0.364375	0.706095	0.670535	0.341252
ENSDARG00000051836	1.76731	2.46685	1.49631	0.914233	0.91052	1.17797	1.70845	0.54619	0.514425
ENSDARG00000051854	14.3405	10.4131	9.18288	5.77756	4.60341	4.78881	9.51096	5.99998	3.34307
ENSDARG00000051855	1.33912	1.91476	1.64281	1.1862	0.812762	0.82787	0.921696	0.578812	0.282223
ENSDARG00000051857	2.15761	1.24297	0.932645	0.540775	0.452973	0.830299	1.23824	0.586696	0.499379
ENSDARG00000051874	0.865173	1.34189	1.24795	0.466994	0.814533	0.726522	0.914068	0.603583	0.268815
ENSDARG00000051884	4.57704	3.55842	2.07287	1.78655	1.89798	3.22014	7.96893	2.63004	1.82671
ENSDARG00000051886	14.8679	15.0001	11.1606	6.09947	6.55168	7.45456	9.53041	4.63241	2.84057
ENSDARG00000051888	7.1614	10.5342	13.1576	2.7784	3.04973	4.26875	5.01985	2.79154	1.06066
ENSDARG00000051889	0.335349	0	1.39604	0.258221	0.305795	0.498559	0.596022	0.279004	0.154446
ENSDARG00000051902	1.97585	1.38779	1.86688	0.483887	1.05589	1.09095	0.403036	0.318706	0.287466
ENSDARG00000051913	0.370194	0.710396	0.668377	0.256502	0.362727	0.16738	0.750304	0.292712	0.388299
ENSDARG00000051920	2.0754	2.54859	2.40124	1.50023	2.09798	2.52297	3.31236	1.5665	0.918581
ENSDARG00000051923	45.238	63.3227	70.5425	17.2824	24.2167	27.6783	28.9133	21.6022	10.1672
ENSDARG00000051926	0.423496	0.504537	0.251544	0.412054	0.177092	0.36817	1.38258	0.596492	0.585783
ENSDARG00000051931	0.954487	0.969254	1.00853	0.466306	0.535848	0.613091	1.09889	0.38799	0.27892
ENSDARG00000051934	1.4907	2.1058	1.9444	0.114738	0.854271	0.544418	0.544062	1.02993	0.439886
ENSDARG00000051935	0.842375	0.473019	0.438531	0.344209	0.439387	0.322616	0.652864	0.315621	0.224598
ENSDARG00000051940	1.60224	0.899679	0.776301	0.321021	0.593715	0.75366	0.537942	0.384265	0.456734
ENSDARG00000051953	18.4695	16.5626	16.6735	7.20063	6.60006	6.23403	22.4164	10.5889	9.54903
ENSDARG00000051955	3.62523	2.30566	2.76635	0.493006	0.841855	0.657322	1.60159	0.67862	0.458703
ENSDARG00000051970	0.846128	0.53724	0.352234	0.164633	0.309837	0.117724	0.349679	0.14561	0.168884
ENSDARG00000051971	1.44918	2.22088	2.78211	1.4537	0.873059	0.628376	2.19146	0.778367	0.270235
ENSDARG00000051984	2.03764	0.312598	0.644374	1.9081	0.684067	0.153221	0.958716	0.354551	0.0847936
ENSDARG00000052010	1.78175	1.36756	1.15171	0.737828	0.205227	0.742445	0.336724	0.362873	0.182344
ENSDARG00000052011	5.50874	0.836784	0.145052	1.49256	0.431402	0.188636	0.411812	0	0
ENSDARG00000052019	3.49945	2.12675	1.6481	2.28507	1.02489	1.37319	3.12382	1.36887	0.484334
ENSDARG00000052022	2.57253	2.54095	3.53662	0.884236	1.50308	2.19436	3.46096	1.51181	0.83021
ENSDARG00000052025	1.63754	2.40595	2.05415	1.32638	1.77342	1.82507	2.09722	2.13138	1.06456
ENSDARG00000052065	8.5308	9.75063	7.95601	2.44742	3.44854	3.05086	8.53139	7.87615	4.4347
ENSDARG00000052073	78.2279	90.1331	80.0375	27.7774	23.5111	28.6002	28.8319	19.3612	22.4645
ENSDARG00000052074	0.970745	0.469437	0.837751	0.305927	0.0495021	0.255479	0.135176	0.0397246	0.0354639
ENSDARG00000052086	10.1582	6.1588	4.00825	2.60655	2.36963	2.54063	5.31534	1.79633	0.966869
ENSDARG00000052091	0.762602	0.982488	0.518702	0.515554	0.755439	0.925175	2.15334	1.15458	0.97213
ENSDARG00000052103	1.93674	1.91596	2.16227	0.73145	1.09805	0.728435	0.646702	0.834826	0.110025
ENSDARG00000052104	0.75539	1.39536	0.490234	0.752283	0.409538	0.719084	1.19624	0.306456	0.321126
ENSDARG00000052109	5.08615	5.45557	5.15196	1.6165	1.99288	2.04431	1.4298	0.769844	1.12131
ENSDARG00000052114	1.05715	0.638148	0.603286	0.407205	0.433949	0.316768	1.40406	1.304	0.861128
ENSDARG00000052124	1.73013	2.34276	2.48318	1.23437	1.40661	2.17223	3.90849	2.70617	1.40363
ENSDARG00000052134	6.67903	4.37534	1.59033	1.97829	1.66755	0.905054	3.24507	3.53947	1.56116
ENSDARG00000052142	5.7287	6.79274	5.08108	4.41193	4.56249	4.51748	10.8679	4.37324	4.44888
ENSDARG00000052150	19.1477	27.771	23.0662	6.75026	8.716	10.1547	21.8015	10.95	6.03442
ENSDARG00000052164	0.614059	0.632286	1.18543	0.317029	0.289289	0.762862	1.38595	0.550981	0.268794
ENSDARG00000052167	6.37688	5.76679	5.18503	4.06881	4.34031	4.95564	9.01443	2.66893	2.0038
ENSDARG00000052170	3.60413	1.24301	1.72876	0.936299	1.75066	0.752674	2.16375	0.756961	0.401384
ENSDARG00000052178	1.98031	2.02097	1.81679	1.48333	1.9415	1.58951	1.02455	0.467765	0.105361
ENSDARG00000052182	5.52828	5.5986	4.26284	3.15566	4.27142	5.13646	10.904	5.22435	3.42287
ENSDARG00000052190	1.56668	1.07181	1.04424	1.33173	0.788104	1.68475	2.24326	0.6005	0.680848
ENSDARG00000052215	0.284719	1.25478	0.486431	0.214902	0.0513073	0.202765	0.598419	0.171039	0.0504847
ENSDARG00000052242	0.195823	0.246825	0.204236	0.0764452	0.144465	0.118074	0.256889	0.131725	0.083007
ENSDARG00000052247	1.71794	0.549057	0.440681	0.771439	0.50887	0.207628	0.66001	0.571562	0
ENSDARG00000052263	5.33226	2.22744	0.859974	1.38594	0.80856	0.952846	0.911714	1.66002	0.114154
ENSDARG00000052279	2.94363	0.470306	0.245865	0.636403	0.290233	0.0561583	0.185056	0.122621	0.118698
ENSDARG00000052290	0.856051	1.08705	1.08429	0.345956	0.473253	0.56305	0.8536	0.379524	0.246549
ENSDARG00000052315	46.7357	55.405	47.3761	17.8271	18.7994	23.0612	42.8789	26.0122	18.2393
ENSDARG00000052326	4.75285	1.45543	1.14876	1.20108	0.754013	0.366293	1.17443	0.485225	0.635526
ENSDARG00000052330	4.68844	6.5584	6.90785	2.792	3.973	5.53504	11.5226	5.297	4.34163
ENSDARG00000052334	2.06886	1.3312	1.37449	1.22387	1.87617	1.29916	4.22826	1.79491	0.418338
ENSDARG00000052344	1.72993	0.975574	1.07925	0.792232	0.695516	0.336915	0.310863	0.222148	0.265028
ENSDARG00000052348	5.46826	7.60361	6.83782	2.68093	2.60456	3.29795	5.54452	2.8224	1.38885
ENSDARG00000052351	1.01109	0.722824	0.218251	0.286461	0.584891	0.531397	1.24715	0.797657	0.579167
ENSDARG00000052370	2.16246	3.18314	2.0581	1.21028	1.22812	1.34349	1.94835	1.13358	1.30791
ENSDARG00000052372	0.976547	1.61084	1.33779	0.713644	0.545546	2.18139	1.54084	1.89018	0.696289
ENSDARG00000052374	3.99432	6.44516	5.85061	2.70017	3.59365	3.54977	5.73886	3.81064	1.81049
ENSDARG00000052375	0.676974	0.807048	0.416504	0.387539	0.282738	0.571819	0.866698	0.321869	0.198306
ENSDARG00000052377	2.01441	2.25363	1.48097	1.66995	0.817129	1.24683	1.68641	0.628214	0.466523
ENSDARG00000052379	4.57248	5.85623	3.79089	1.51925	2.08553	2.11822	3.11029	1.70007	0.90966
ENSDARG00000052383	2.53403	2.62346	2.47735	1.33203	1.86464	1.81781	2.93709	1.72925	1.2714
ENSDARG00000052386	1.88661	1.51675	2.64819	1.01502	1.16962	0.458929	3.75167	1.63393	0.910287
ENSDARG00000052388	0.31225	0.501152	0	0.088137	0.148576	0.180975	0.227583	0.123817	0.0360262
ENSDARG00000052402	1.27017	1.43868	1.12413	0.620885	0.762549	1.02159	0.61498	0.466653	0.349768
ENSDARG00000052408	2.65761	3.71506	2.29114	1.14426	1.62397	1.78005	2.89609	1.20306	0.884087
ENSDARG00000052419	20.5549	19.6151	18.0171	6.97946	8.42056	8.78922	15.9116	7.74759	4.22617
ENSDARG00000052423	5.3351	4.67398	3.99499	1.63374	1.82387	3.55657	3.57669	2.62343	1.08309
ENSDARG00000052427	1.09787	0.525852	0.639393	0.457844	0.337437	0.815824	1.26796	1.24875	0.457783
ENSDARG00000052438	2.80888	2.87166	1.77058	1.50479	1.62865	1.58531	2.7306	1.03959	1.03065
ENSDARG00000052455	0.944466	1.05068	1.53099	0.341721	0.419203	0.339779	0.698724	0.226482	0.0688461
ENSDARG00000052480	2.7042	4.20524	2.6489	2.12392	2.66329	1.99026	2.58401	1.07436	0.898854
ENSDARG00000052482	5.92065	7.85532	6.07112	5.28191	4.13856	4.94649	10.1965	6.98668	3.47409
ENSDARG00000052496	0.490802	0.913998	0.964264	0.17897	0.416081	0.445271	0.942169	0.411711	0.386046
ENSDARG00000052518	1.76826	1.93438	1.93724	1.06456	0.880834	1.32953	1.31271	0.453592	0.369823
ENSDARG00000052522	1.82984	1.14341	1.85097	1.10597	1.0335	1.01976	1.70735	0.980628	0.914033
ENSDARG00000052527	6.57294	6.93163	12.687	4.38209	5.22374	4.9474	7.40884	5.08628	2.92549
ENSDARG00000052536	15.5496	12.8045	13.2451	5.55243	8.33963	9.15759	10.0122	4.63695	3.87433
ENSDARG00000052553	0.962598	0.75978	0.836327	0.52952	0.635998	0.81106	1.22729	0.574588	0.278843
ENSDARG00000052555	2.32042	3.13128	2.59336	1.45762	2.81446	2.7492	1.20842	1.13215	0.428995
ENSDARG00000052565	5.06479	5.47788	4.55414	3.14675	3.23037	3.55771	6.394	3.23682	2.1562
ENSDARG00000052589	11.1857	17.176	15.8691	9.50802	12.3918	13.3391	29.5426	13.7122	10.357
ENSDARG00000052606	6.4365	8.52866	9.33236	2.39253	3.57967	4.31943	7.377	4.30773	2.48352
ENSDARG00000052607	3.83184	9.16237	8.03967	2.60866	4.52792	6.32151	11.6309	2.97059	3.95553
ENSDARG00000052617	63.9365	95.4951	98.3654	32.42	45.7921	54.3079	136.083	64.004	36.3398
ENSDARG00000052623	4.88453	4.14577	4.60671	0.998522	1.33214	2.03248	1.93921	1.51591	0.529211
ENSDARG00000052630	1.19494	2.81028	1.07918	0.422925	1.21367	1.37629	3.53928	5.14663	4.61014
ENSDARG00000052638	2.77224	2.60826	1.46135	4.03038	3.01038	2.69531	7.07399	5.18556	1.73865
ENSDARG00000052641	0.395173	0.229143	0.153041	0.0520456	0.0493097	0.0734379	0.233698	0.146542	0.0959324
ENSDARG00000052649	12.5006	13.3884	12.1602	5.46566	5.68689	6.63648	18.0484	7.21869	3.89882
ENSDARG00000052658	1.22215	1.84137	1.68802	0.59306	0.933241	1.26252	2.20672	1.12927	0.645708
ENSDARG00000052661	2.80725	1.88275	2.01772	1.01393	1.06238	1.49735	2.9521	1.49301	0.422983
ENSDARG00000052668	3.84464	2.96437	2.66806	1.81451	1.63334	2.18757	2.29882	1.41849	0.597499
ENSDARG00000052673	6.05943	11.8783	7.67006	2.17551	4.28271	5.36766	9.16257	4.78753	2.5871
ENSDARG00000052674	3.67557	2.98705	2.26181	1.66749	1.30135	2.14103	2.92155	1.25562	0.794234
ENSDARG00000052680	18.4926	22.5018	16.1333	7.76046	9.90382	9.48203	6.52013	2.695	1.99691
ENSDARG00000052693	1.0668	0.695401	1.47244	0.0770798	0.229937	0.381225	1.32114	0.734448	0.331141
ENSDARG00000052694	14.2592	17.8223	18.4448	6.66018	7.64193	10.0182	23.9688	13.4413	6.67598
ENSDARG00000052697	2.45442	3.18712	2.12691	1.38837	1.75088	2.86126	7.49865	3.77758	1.89311
ENSDARG00000052701	0.435532	0.394551	0.762979	0.334852	0.270028	0.481853	0.892176	0.554784	0.163835
ENSDARG00000052702	0.490797	0.97947	0.42168	0.217203	0.375651	0.76759	0.380312	0.402319	0.284764
ENSDARG00000052703	3.3337	3.87613	3.33297	1.13571	0.721304	1.5545	1.65578	0.814141	0.376235
ENSDARG00000052712	2.15207	1.76154	2.35668	0.3419	0.805391	0.730585	1.59055	0.415678	0.788087
ENSDARG00000052717	70.3678	127.389	149.951	34.6966	54.5864	81.7284	106.966	80.3429	55.588
ENSDARG00000052728	21.1082	18.6057	18.0939	5.29	6.5831	6.13526	5.41298	2.94185	1.70369
ENSDARG00000052738	4.08834	3.13914	2.01272	1.68646	1.55996	1.54524	2.82094	1.82351	0.882132
ENSDARG00000052741	0.114457	0.176111	0.222211	0.098155	0.228987	0.209201	0.30625	0.152061	0.0950679
ENSDARG00000052746	12.212	12.5566	11.3027	5.40037	5.67149	6.53683	13.6971	7.70863	1.9407
ENSDARG00000052747	11.3631	15.7606	12.0489	3.36744	4.86483	4.13825	11.6916	8.36488	6.26761
ENSDARG00000052766	1.2444	1.95487	1.21209	0.627369	0.78727	0.443775	1.08261	0.890076	0.367707
ENSDARG00000052818	1.22164	1.13755	1.40401	0.733235	0.932401	1.58845	2.45803	1.18056	0.69126
ENSDARG00000052827	0.770235	1.09184	1.28069	0.354267	0.891069	0.645904	1.33677	0.953212	0.426362
ENSDARG00000052833	4.97151	6.08597	3.95774	2.11167	2.27524	2.7624	6.26359	4.00345	2.9893
ENSDARG00000052842	4.13676	3.5217	2.50435	1.39927	2.09583	1.94887	5.46336	2.36708	1.42945
ENSDARG00000052851	1.94905	2.58869	1.79905	1.36184	1.46262	1.98332	0.809855	0.408487	0.181942
ENSDARG00000052856	85.6399	62.2741	24.2921	18.3243	12.3455	7.61127	7.51805	5.7624	3.9574
ENSDARG00000052859	3.37152	1.54843	1.50522	1.07854	1.13623	1.43275	2.29231	0.549054	0.726351
ENSDARG00000052866	3.07181	3.89672	3.65398	1.94981	3.16264	3.05939	4.96515	3.65827	2.76839
ENSDARG00000052879	22.1887	23.1633	21.8696	9.24349	16.4153	17.356	48.5749	37.981	23.9038
ENSDARG00000052896	1.16274	0.374228	0.700223	0.448913	0.219025	0.346057	2.055	0.206019	0.0397805
ENSDARG00000052897	2.56395	3.61812	3.82806	1.25832	1.43631	2.2283	4.63717	3.71058	2.13423
ENSDARG00000052907	0.804928	0.889509	1.73475	0.328233	0.221922	0.607947	1.09438	0.78032	0.0372017
ENSDARG00000052910	5.61763	4.80437	6.59357	1.23041	1.88114	2.51866	3.13622	2.33915	0.658504
ENSDARG00000052914	10.1766	14.5121	10.9913	6.7683	6.41192	8.11848	12.2937	6.4833	5.47455
ENSDARG00000052923	0.47869	1.0788	1.43644	0.444458	0.729377	0.576497	1.03787	0.343385	0.355179
ENSDARG00000052928	3.32643	1.7092	1.02446	1.62096	1.80242	1.06661	1.63455	0.284161	0.166785
ENSDARG00000052947	1.88212	0.816259	0.138804	0.255245	0.403252	0.0558785	0.525313	0.185044	0
ENSDARG00000052950	0.297704	0.206383	0.100088	0.180768	0.0433584	0.10698	0.435678	0.225489	0.209693
ENSDARG00000052966	5.84581	7.37253	6.60949	1.98282	2.27398	2.60838	4.31589	1.93872	0.772602
ENSDARG00000052975	5.73989	3.36585	2.5193	2.34764	2.03155	1.77516	4.34499	2.23478	1.11909
ENSDARG00000052994	0.744798	1.24295	1.2079	0.529605	0.550871	0.883783	1.4399	0.797962	0.374186
ENSDARG00000053005	0.395594	1.20526	0.0586286	0.19816	0.191956	0	0.129054	0.0573655	0
ENSDARG00000053020	32.5118	25.2565	19.3211	8.69151	6.38572	9.37029	18.6341	6.79459	2.84419
ENSDARG00000053021	6.47338	3.56006	2.92137	3.56058	0.687733	1.17142	1.31192	1.12423	0.27035
ENSDARG00000053025	1.51476	1.73005	2.63866	0.724578	0.859809	1.34479	1.72275	1.12479	0.433811
ENSDARG00000053026	0.591723	0.651239	0.722418	0.291478	0.677399	0.415794	0.869609	0.367785	0.489431
ENSDARG00000053047	29.6591	35.2233	36.0363	9.11182	9.78079	11.8104	19.3001	8.52458	4.43921
ENSDARG00000053065	1.52792	1.40435	1.58126	1.18879	1.5327	1.68554	2.52557	1.26862	0.729817
ENSDARG00000053070	1.93996	2.48117	3.0636	1.18312	0.801327	1.94349	1.77722	1.14887	0.44462
ENSDARG00000053082	1.30369	3.61955	1.00034	1.62197	2.06489	2.16004	3.17938	1.01463	0.739175
ENSDARG00000053091	20.9714	26.1474	20.9024	6.81591	8.04399	7.92602	14.7715	5.6568	3.08156
ENSDARG00000053097	6.78515	5.13954	3.79697	3.50524	2.61893	3.19475	3.70087	2.20773	1.14782
ENSDARG00000053101	30.1869	32.6575	28.8856	18.1795	13.5715	15.0102	31.7787	16.4148	11.3002
ENSDARG00000053113	5.8846	7.71368	5.47804	2.02808	3.73037	4.27368	5.08866	2.46688	1.0128
ENSDARG00000053127	4.44624	4.58591	3.64502	1.06326	1.00354	3.05138	3.33083	0.538179	1.37177
ENSDARG00000053129	3.84425	5.33791	5.09353	1.16698	2.79664	2.89218	4.37444	3.44203	2.0633
ENSDARG00000053138	2.29687	4.06039	4.69826	1.06886	1.8667	1.79463	4.45301	1.55408	0.955944
ENSDARG00000053152	5.6339	6.0433	3.96945	1.71949	2.19102	3.16765	2.81523	1.09628	0.787522
ENSDARG00000053155	7.3644	12.4822	7.0205	3.56649	5.36028	5.46015	5.45844	2.12733	1.85362
ENSDARG00000053165	0.758323	0.207962	0.453099	0.562346	0.21204	0.145405	0.389367	0.230181	0.214923
ENSDARG00000053166	1.02775	1.56755	1.07986	0.331564	0.505107	0.915672	0.94812	0.262455	0
ENSDARG00000053192	16.3592	9.54864	4.25244	6.5929	2.7441	2.47194	4.24703	1.81655	0.761058
ENSDARG00000053194	3.89497	1.17708	0.761547	2.06919	0.754964	0.472572	0.468158	0.201634	0.379236
ENSDARG00000053196	0.587138	1.00769	0.850129	0.265074	0.560121	0.636135	0.617597	0.329657	0.182372
ENSDARG00000053200	0.657294	1.00808	0.429595	0.275537	0.423095	0.222145	0.510273	0.231245	0.125604
ENSDARG00000053201	1.82495	3.19468	2.34144	0.196817	0.394508	0.537301	0.297338	0.23163	0.0487763
ENSDARG00000053222	2.69673	0.186611	0	0.364829	0	0	0	0	0
ENSDARG00000053225	4.34776	4.77383	3.91255	1.62677	1.47729	1.71214	3.64301	2.55067	0.665509
ENSDARG00000053246	0.490924	0.551786	0.34426	0.357296	0.361577	0.334115	0.486287	0.212168	0.122947
ENSDARG00000053255	4.59238	5.29159	3.37785	2.31337	2.29035	4.27089	5.57518	2.99457	1.65666
ENSDARG00000053269	1.36174	1.34603	1.53532	0.900595	1.2614	1.53805	2.1528	0.996535	0.442602
ENSDARG00000053291	174.837	80.2466	25.2422	59.3162	25.922	11.6921	9.42436	5.79091	5.29999
ENSDARG00000053301	1.18376	0.427809	0.0515606	0.320337	0	0.0980841	0	0.0729052	0
ENSDARG00000053303	7.3804	7.87134	5.53223	2.95815	4.62339	7.03654	6.44328	5.56976	6.23637
ENSDARG00000053326	2.95859	3.25504	2.68904	1.24906	1.68868	2.16509	4.09743	1.95799	1.1088
ENSDARG00000053356	1.14773	1.52858	1.01616	1.21811	0.763359	1.01722	2.1956	1.01511	0.576455
ENSDARG00000053365	10.4693	15.1677	15.286	3.9846	1.43661	4.82376	4.5807	2.2404	1.49898
ENSDARG00000053370	2.91802	3.04569	1.89608	1.06614	1.29536	1.19328	1.15741	0.494918	0.290905
ENSDARG00000053380	2.65617	2.8008	1.70158	0.541934	0.815739	0.908166	2.56905	2.30651	1.36018
ENSDARG00000053381	5.12221	6.18531	5.5975	0.438962	0.51244	0.121014	0.28345	0.382448	5.70358e-09
ENSDARG00000053382	17.4184	21.7735	8.35733	3.2278	2.42413	3.85928	4.4066	0.448543	0.786619
ENSDARG00000053395	8.34981	9.07159	8.3291	2.93586	2.66479	2.05846	1.65892	0.87894	1.15403
ENSDARG00000053404	424.749	308.664	255.19	112.388	81.2528	95.8694	130.278	55.7497	30.8938
ENSDARG00000053425	0.837982	0.760031	1.10391	0.575047	0.539665	0.942419	2.39445	1.11899	0.366925
ENSDARG00000053439	6.04793	6.67871	4.83082	2.07673	2.81511	2.4026	7.34594	7.07834	4.72082
ENSDARG00000053444	2.80769	2.34302	1.89594	1.3808	1.86269	1.42364	1.41169	1.5105	0.90415
ENSDARG00000053446	9.153	9.34721	11.7941	2.37109	0.699811	2.78887	3.06718	1.54116	1.84324
ENSDARG00000053447	9.77585	9.154	10.1966	6.04928	6.84117	9.44527	11.6772	6.164	3.4502
ENSDARG00000053457	4.22913	7.47272	4.55091	1.89786	2.21717	1.96278	2.69486	0.864488	1.03378
ENSDARG00000053459	1.7765	2.03473	2.03214	0.736183	0.580411	1.13642	1.7064	1.14932	0.53221
ENSDARG00000053466	1.99189	3.985	3.16483	0.556136	0.411381	1.28387	1.13238	0.547542	0.33489
ENSDARG00000053467	7.45308	8.87259	10.9795	3.85433	4.64206	6.15	11.859	4.7032	3.2865
ENSDARG00000053468	4.12668	5.83685	4.16646	2.12323	2.50033	2.90409	6.15781	2.18312	1.32072
ENSDARG00000053474	3.80472	3.70619	5.40104	2.00363	2.07612	2.61632	3.12171	2.48449	1.26095
ENSDARG00000053483	1.46935	2.44445	2.83164	1.37662	1.70559	1.87009	1.44319	0.56761	0.624762
ENSDARG00000053485	1.42466	1.18747	2.06583	0.587657	0.562941	1.50601	1.5663	0.700305	0.140296
ENSDARG00000053496	4.10643	3.97278	4.6713	4.25028	2.63281	4.76038	5.04339	2.77037	2.60695
ENSDARG00000053504	6.08964	7.35939	8.19319	2.97729	3.8845	1.70122	8.38969	2.92193	2.44146
ENSDARG00000053505	1.65543	2.03075	1.08325	1.07003	1.05879	1.36782	0.935096	0.757768	0.618639
ENSDARG00000053518	1.27065	0.84122	0.610068	1.19011	0.890624	1.2113	0.84927	0.33447	0.231137
ENSDARG00000053535	35.905	60.3179	57.7993	14.9767	26.1062	36.5052	50.3638	25.9085	12.4069
ENSDARG00000053548	0.144519	0.57093	0.438606	0.272415	0.248025	0.562621	1.14279	0.609516	0.40972
ENSDARG00000053554	2.31818	1.94133	2.26695	0.665688	0.915515	0.809237	2.07055	0.668321	0.450837
ENSDARG00000053558	3.41556	4.39657	4.5427	1.86506	3.6859	4.34541	1.6762	1.92553	1.3322
ENSDARG00000053569	64.4046	22.7852	0.713006	18.6442	4.65767	0.257811	0.143133	0	0.127746
ENSDARG00000053571	2.03035	3.15595	2.90245	0.723612	1.6828	0.939458	1.49906	0.978158	0.333232
ENSDARG00000053572	7.27902	7.09973	5.93239	6.53825	6.49672	7.28706	12.9362	9.52082	4.40506
ENSDARG00000053574	1.39543	2.50051	1.80559	0.74692	0.938096	0.762353	0.912706	0.415814	0.25186
ENSDARG00000053575	3.09189	4.31896	3.2386	0.99265	1.08757	1.50931	1.84452	0.930866	0.641157
ENSDARG00000053586	1.62736	1.12921	0.6402	0.618414	0.321323	0.265857	0.933805	0.484487	0.128023
ENSDARG00000053636	0.354534	0.590147	0.426856	0.199973	0.503627	0.423972	0.775487	0.272863	0.210316
ENSDARG00000053656	1.8651	2.70317	1.45826	0.703851	0.822639	0.835463	6.16036	1.61496	2.72061
ENSDARG00000053668	6.66011	7.34256	6.55035	3.37381	3.63501	4.5943	8.35191	4.51918	3.70566
ENSDARG00000053684	17.8461	0.198075	0	3.7758	0.32544	0	0	0	0.18857
ENSDARG00000053685	8.81498	8.47643	4.55635	1.76108	1.67051	1.52124	3.42931	1.04505	0.265246
ENSDARG00000053691	6.55685	7.10795	5.08268	1.69268	1.71724	2.00509	2.11363	1.48551	0.934994
ENSDARG00000053695	0.749461	0.421625	1.00164	0.911299	0.986815	1.0939	0.829216	0.92961	0.355787
ENSDARG00000053713	4.01926	5.84402	4.79236	1.55013	1.7816	1.78442	3.18677	2.24164	0.929261
ENSDARG00000053716	1.37574	1.10164	1.73237	0.921385	0.83519	0.786845	1.18699	0.511034	0.272032
ENSDARG00000053776	1.8281	1.27457	1.21133	0.709119	0.850432	1.1464	2.30204	0.858681	0.802589
ENSDARG00000053792	2.83396	2.82122	3.1719	1.35234	2.56568	2.02099	3.32343	1.75191	0.652639
ENSDARG00000053800	1.52427	0.566452	0.533643	0.416196	0.381497	0.301383	0.260712	0.0493793	0.113724
ENSDARG00000053810	15.8168	17.3705	17.8971	5.23842	5.81039	8.15427	10.8169	3.94341	2.97682
ENSDARG00000053832	4.76856	7.33982	6.87372	3.86666	4.63965	4.57984	7.22033	4.83207	2.83608
ENSDARG00000053835	0.156755	0.441084	0.309573	0.162939	0.0456316	0.121886	0.457667	0.176124	0.0816408
ENSDARG00000053840	9.19406	15.1251	10.3328	3.06912	4.81037	4.74072	13.1307	4.63115	4.49073
ENSDARG00000053864	1.90848	2.47984	2.50965	1.33169	1.55145	1.22065	2.68683	1.36412	1.19531
ENSDARG00000053869	0.369532	0.809059	0.265575	0.255755	0.196211	0.194783	0.909417	0.251768	0.274593
ENSDARG00000053876	0.740161	0.976718	0.386322	0.569749	0.506468	0.797022	0.646472	0.292206	0.202204
ENSDARG00000053884	10.3798	15.1653	11.3913	4.93865	6.37121	6.79956	14.8253	12.0288	7.58788
ENSDARG00000053896	0.307869	1.11117	0.471985	0.253335	0.539341	0.298247	0.201253	0.500365	0.17814
ENSDARG00000053912	47.1891	39.4412	36.737	28.4474	25.5372	32.6391	16.169	9.55921	7.27626
ENSDARG00000053918	1.15342	1.1174	0.631213	0.219646	0.45268	0.348561	0.514629	0.72605	1.26254
ENSDARG00000053939	1.76699	2.26607	1.34986	1.00532	0.722462	1.63812	2.55481	0.913475	0.977453
ENSDARG00000053946	7.03443	9.21584	5.79909	3.16917	3.79147	4.35008	6.31483	4.02392	3.24753
ENSDARG00000053950	2.82851	3.97749	2.27079	0.768794	1.09003	1.50892	1.39827	0.522289	0.538394
ENSDARG00000053954	5.24041	5.23373	5.75121	2.64581	0.124804	1.80278	3.3929	0.212114	0.704577
ENSDARG00000053956	4.2794	5.15572	4.75748	2.27532	2.82978	3.44172	4.28047	2.77769	2.74365
ENSDARG00000053959	0.985195	1.78628	1.4464	0.831276	1.7589	1.98328	2.85998	1.27314	0.355879
ENSDARG00000053963	11.5857	15.7891	13.3526	4.14608	5.63052	5.00854	3.47998	2.00566	1.55943
ENSDARG00000053979	14.4409	12.8986	11.8555	3.27407	3.18211	5.00943	4.32045	2.07206	1.40629
ENSDARG00000053990	45.2066	47.9601	40.2977	27.2151	18.7045	24.2567	19.9761	10.1727	7.08321
ENSDARG00000053992	3.22461	2.95767	2.6074	1.53683	1.12054	1.70589	2.42161	1.33183	0.955009
ENSDARG00000053995	0.343567	0.516605	1.03694	0.240931	0.23143	1.08453	1.45173	0.826394	0.20888
ENSDARG00000054007	4.02496	5.90951	4.2972	3.98119	4.2711	5.41014	3.52207	2.58665	1.02906
ENSDARG00000054010	10.5988	13.1187	10.7448	4.78979	6.50136	7.65041	14.6599	6.67341	3.89746
ENSDARG00000054028	2.02076	2.9419	2.65631	0.799166	1.45406	1.2667	2.36975	1.48805	0.975859
ENSDARG00000054032	2.76632	1.50804	2.22102	0.866712	1.08646	1.18412	1.63285	0.506227	0.293111
ENSDARG00000054046	1.34599	1.57159	1.55413	0.267628	0.482054	0.567264	0.897127	0.326728	0.242608
ENSDARG00000054063	6.29254	9.14298	11.2589	1.98106	1.12373	1.32333	1.30378	0.523178	0.610229
ENSDARG00000054085	2.77306	4.06747	3.24607	1.25859	0.970714	1.46848	0.820414	0.475912	0.176015
ENSDARG00000054087	2.18975	1.8762	1.1657	0.9527	1.14626	1.2319	1.75965	1.38849	0.898041
ENSDARG00000054122	6.1479	5.64748	5.91256	2.60435	3.06177	4.3479	6.69673	2.31367	1.04912
ENSDARG00000054154	24.996	27.5302	17.4856	7.46405	6.06265	8.37082	12.3181	5.93224	3.2589
ENSDARG00000054155	27.6945	14.0306	10.0838	8.6166	5.95738	7.55484	9.25379	3.93682	3.4349
ENSDARG00000054160	1.26477	0.433284	0	0.198639	0.196573	0	0.125355	0.0558144	0.0512842
ENSDARG00000054172	1.85626	1.6654	1.28555	0.778195	0.476972	0.575257	0.800373	0.278208	0.50665
ENSDARG00000054177	0.974848	0.574727	0.850251	0.394724	0.419432	0.439768	0.381644	0.343469	0.135905
ENSDARG00000054191	6.35197	6.58082	7.62945	2.19288	1.99318	3.27692	6.27544	2.67567	1.16129
ENSDARG00000054201	11.7717	12.7659	12.7881	3.62556	3.27075	4.75374	7.45807	3.53501	2.4706
ENSDARG00000054208	3.74048	3.63385	6.35929	1.88601	1.57213	2.384	2.71071	0.809386	0.403908
ENSDARG00000054211	7.91344	11.6977	7.7356	1.73469	1.91208	1.98828	3.205	1.43369	1.29413
ENSDARG00000054213	9.39654	14.8973	15.2902	6.03218	8.03941	10.468	10.5369	7.187	5.8556
ENSDARG00000054224	1.42397	1.04688	1.02819	0.383443	0.734188	0.806093	1.50488	0.512325	0.386675
ENSDARG00000054250	3.68403	2.5348	1.84038	1.55044	0.911433	0.783472	1.28087	0.410549	0.330059
ENSDARG00000054259	2.26137	2.42492	3.14234	1.65548	1.95697	1.84112	1.9583	1.96335	1.42746
ENSDARG00000054264	2.29104	1.58882	1.85309	1.30838	1.36465	1.34194	1.15407	0.473906	0.500392
ENSDARG00000054271	5.20477	2.71309	2.84848	1.98959	1.64459	2.14071	1.49143	1.17671	0.115896
ENSDARG00000054272	9.80399	12.0089	12.2299	5.41254	8.22371	8.45342	25.1897	16.2002	7.14079
ENSDARG00000054290	164.586	155.588	97.0109	56.6193	51.0869	48.8027	58.2778	29.4866	12.8134
ENSDARG00000054292	3.42908	3.32585	2.94975	1.42454	0.52237	1.07248	0.510497	0.482188	0.104989
ENSDARG00000054301	3.22652	3.8953	4.83336	1.85198	2.04214	2.71153	2.37292	1.49446	0.405613
ENSDARG00000054304	9.6995	10.3338	7.54562	6.14577	6.63869	7.727	13.4487	5.85	3.74955
ENSDARG00000054307	4.31248	6.89479	6.46409	2.7962	4.9047	4.13035	5.87766	3.64112	1.95628
ENSDARG00000054312	4.76603	2.97273	4.4346	2.25077	2.25573	2.76792	5.17948	2.61739	1.1148
ENSDARG00000054313	0.416194	0.161081	1.75182	0.318837	0.154644	0.387411	1.32701	0.300794	0.264776
ENSDARG00000054320	3.04289	2.80071	3.90855	1.72251	2.84499	2.85549	4.20372	2.64169	1.48018
ENSDARG00000054334	13.6541	12.2448	14.9079	10.4685	13.0445	17.7259	20.6403	9.93712	6.03264
ENSDARG00000054337	0.900115	0.569375	1.25547	0.373375	0.506091	0.86044	1.59981	0.990002	0.520393
ENSDARG00000054344	2.62901	1.70203	2.09376	1.28338	1.90076	1.49353	1.76633	0.978885	0.927557
ENSDARG00000054350	1.69406	0.419131	0	1.0385	0.0839477	0	0	0	0.0340859
ENSDARG00000054355	8.85874	7.019	5.55248	4.40585	3.29066	4.46718	7.56528	3.41657	2.87887
ENSDARG00000054362	6.51029	5.24137	3.36497	2.64367	2.65646	2.93276	5.20862	2.36477	1.11443
ENSDARG00000054374	1.86216	2.62757	4.7436	0.959139	1.96773	3.17963	5.73195	2.91366	1.20025
ENSDARG00000054423	2.34725	2.04418	2.49637	1.21523	2.7118	2.87071	6.41158	3.60341	3.17977
ENSDARG00000054433	1.96321	2.11794	1.87268	0.87993	0.759727	1.06714	1.80174	1.09123	0.260696
ENSDARG00000054442	4.11794	2.3986	1.60187	1.56306	0.31969	0	0.314293	0.203682	0.110878
ENSDARG00000054446	3.46205	4.42984	2.12193	1.74067	1.96598	3.51614	1.88296	1.7136	0.458828
ENSDARG00000054454	1.15387	2.39044	2.4528	1.15966	0.656747	1.30047	2.55644	1.07856	0.977739
ENSDARG00000054456	1.91021	2.24125	0.628018	0.322004	0.563515	0.18075	0.446001	0.326597	0.0583882
ENSDARG00000054458	9.62844	9.50916	7.0261	3.52358	4.16403	4.45177	7.75463	4.56932	2.98389
ENSDARG00000054473	2.89887	2.98242	2.36117	1.25046	1.20761	0.990824	2.56999	1.491	0.547794
ENSDARG00000054501	0.6784	1.02249	1.54686	0.230545	0.110712	0.322244	0.885687	0.106284	0.132402
ENSDARG00000054528	73.9732	57.4024	40.3568	23.9557	24.8645	24.5137	39.656	30.9779	14.3598
ENSDARG00000054530	1.67633	1.39075	0.990003	0.609255	0.744792	1.01483	0.912869	0.420807	0
ENSDARG00000054533	9.26161	4.00504	0.55189	1.85172	1.26855	0.450748	0.764017	0.139334	0.227756
ENSDARG00000054539	4.35276	5.76584	4.59933	2.73654	3.83663	4.0557	6.37061	3.89064	2.34199
ENSDARG00000054540	10.6894	6.34447	1.47529	3.93428	2.13592	2.15239	1.81226	1.27748	0.340086
ENSDARG00000054570	2.02062	1.98799	1.34544	0.824761	0.791891	0.685334	1.09636	0.412776	0.313525
ENSDARG00000054578	5.84838	9.36516	5.77048	5.68597	4.55849	7.48949	11.6941	5.86693	2.39249
ENSDARG00000054583	1.1492	1.93951	1.52204	0.668499	0.980006	0.80533	1.71033	1.16522	0.568793
ENSDARG00000054619	0.266247	0.305211	0.277258	0.0853881	0.139984	0.596339	0.764456	0.543626	0.00693027
ENSDARG00000054696	7.54747	5.5202	2.94725	3.51527	2.06281	2.67807	3.37839	1.07681	1.16815
ENSDARG00000054707	8.47945	11.4699	9.61309	3.58327	4.3675	5.0542	3.66029	2.13851	1.2115
ENSDARG00000054723	1.4975	0.967463	0.812358	0.218503	0.583518	0.22836	0.461075	0.378801	0.133812
ENSDARG00000054746	4.53448	4.31591	4.01294	2.21319	3.13424	2.91455	5.30699	2.19733	1.63465
ENSDARG00000054749	3.89095	3.68399	4.07728	1.92212	1.84864	2.67121	2.77749	1.23408	1.32503
ENSDARG00000054777	1.44746	1.26799	1.05451	0.789214	0.627092	0.991931	0.815208	0.333064	0.100255
ENSDARG00000054778	6.96435	7.60259	6.30581	3.33739	3.53372	3.37694	7.35674	5.31048	3.3619
ENSDARG00000054786	0.99852	1.39729	1.18296	2.50213	3.57366	3.52558	1.48354	1.13559	0.393555
ENSDARG00000054789	1.50314	1.16087	1.47719	0.733809	0.293576	0.943736	0.929977	0.475086	0.299659
ENSDARG00000054799	4.1734	10.12	6.34635	4.57302	2.20525	3.07092	3.86951	2.17353	1.25758
ENSDARG00000054804	45.6705	48.5362	55.2432	20.9925	23.0415	25.5896	34.7696	11.3458	7.5646
ENSDARG00000054807	2.84152	2.32372	5.39172	1.20903	1.59495	1.22269	2.49591	1.63901	0.454807
ENSDARG00000054814	3.78687	6.14401	6.04134	1.86248	3.4738	2.55121	3.39226	3.02061	3.57653
ENSDARG00000054818	22.5413	18.6648	12.4836	3.48415	5.65214	3.88441	12.0469	5.54841	3.09959
ENSDARG00000054823	34.631	13.8527	9.49219	9.00974	3.5981	2.60262	5.13005	0.722166	0.479997
ENSDARG00000054829	0.610834	0.79131	1.05503	0.449514	0.352274	0.680324	0.667146	0.557377	0.141719
ENSDARG00000054833	13.1212	11.8475	8.36963	5.20494	3.7428	4.5937	8.01502	3.59921	1.6763
ENSDARG00000054844	10.7359	11.9732	7.96476	5.43886	4.64673	6.67059	13.9263	9.0045	7.30948
ENSDARG00000054849	2.85915	4.03852	3.35632	1.90031	1.93796	2.71146	5.54367	2.16686	1.14167
ENSDARG00000054858	3.06571	3.49792	2.16257	0.2664	0.727557	0.962374	2.50997	1.04747	0.631089
ENSDARG00000054864	5.12063	10.9353	10.9602	3.16829	4.62381	4.31456	11.9968	7.99229	6.90406
ENSDARG00000054867	1.65486	0.66411	0.738178	0.68781	0.802329	0.721069	0.58312	0.638381	0.363113
ENSDARG00000054874	0.936677	1.03261	0.854466	0.931886	0.816354	0.78542	2.83885	1.46351	1.60017
ENSDARG00000054897	2.04751	2.25139	2.62648	0.719571	0.764187	1.01079	2.41701	1.01042	0.736499
ENSDARG00000054903	9.05916	10.1939	9.57382	3.09953	3.45083	4.76386	10.4079	5.69568	5.07208
ENSDARG00000054906	24.8564	5.91692	0.0593833	6.3961	2.1566	0.103703	0.16253	0.051818	0.0968485
ENSDARG00000054916	4.93492	1.92364	1.06237	0.742401	0.28338	0	0.254957	0.108974	0
ENSDARG00000054929	2.38024	1.45457	0.889643	0.805303	0.781493	0.972952	1.14722	0	0.341956
ENSDARG00000054930	0.56806	0.746241	0.257076	0.504943	0.403493	0.46145	1.82623	1.02192	0.955613
ENSDARG00000054934	0.539517	0.64532	0.963437	0.494634	0.281231	1.33674	1.35452	0.92044	0.133074
ENSDARG00000054937	2.85913	4.16953	3.17133	1.18504	0.282044	2.22215	1.77897	0.746366	0.903361
ENSDARG00000054957	1.49425	1.33707	0.851575	1.31437	0.660034	0.633979	2.17257	0.980259	0.239981
ENSDARG00000054973	30.6066	32.2265	25.8374	8.33454	8.60903	8.90418	16.5508	8.06089	4.82484
ENSDARG00000054978	7.18086	18.3887	12.2943	7.19344	9.32872	8.71364	10.2224	9.44196	5.90785
ENSDARG00000054980	9.36615	8.49264	7.65384	2.6676	2.5653	2.14214	3.37127	1.67428	0.711462
ENSDARG00000054984	0.686846	0.496563	0.260522	0.519604	0.410207	0.449762	0.476651	0.36585	0.0553599
ENSDARG00000054999	6.33864	6.3613	5.47259	0.764182	0.959732	1.09839	2.09633	0.662198	0.428195
ENSDARG00000055022	7.06963	6.5501	6.52313	5.30057	4.46311	4.8436	6.70826	2.77209	1.56485
ENSDARG00000055026	0.283126	0.236649	0.233173	0.156165	0.139153	0.158462	0.317031	0.136848	0.0271467
ENSDARG00000055027	0.681289	1.04079	0.622836	1.76215	1.71374	2.261	3.31367	0.791964	1.23557
ENSDARG00000055040	3.62721	3.01791	3.52065	1.59906	2.04638	1.38163	3.33242	1.33554	0.601867
ENSDARG00000055043	12.7264	1.22762	0	4.9944	0.395221	0.112798	0	0	0.227898
ENSDARG00000055054	0.592485	0.507909	0.717028	0.194342	0.291436	0.436778	1.11529	0.795206	0.583289
ENSDARG00000055070	3.91768	4.4664	2.61601	0.19671	0.19309	0.191155	1.37863	0.281225	0.245058
ENSDARG00000055075	9.06294	14.4565	11.3576	3.56969	4.73854	5.37569	8.95339	4.52848	2.3746
ENSDARG00000055076	2.7115	0.986245	1.45168	1.13374	1.28506	1.74974	2.604	1.49048	0.468491
ENSDARG00000055080	116.824	113.86	79.3537	28.987	20.659	29.3128	24.6013	10.4866	5.79984
ENSDARG00000055086	12.3365	16.4299	11.8457	8.45887	8.02905	9.65194	16.0115	9.99115	5.20649
ENSDARG00000055092	2.84847	2.02148	2.21236	0.884297	0.937414	1.35744	2.21986	1.31424	0.425259
ENSDARG00000055099	0.834822	1.01339	0.588134	0.396046	0.100355	0.405084	0.308163	0.154355	0.017835
ENSDARG00000055113	29.5075	33.3984	23.0522	7.10602	9.85054	8.61001	31.7188	30.0293	19.4754
ENSDARG00000055115	2.89086	4.11422	3.82873	0.84088	1.8047	0.958601	0.928889	1.2084	1.00701
ENSDARG00000055120	22.468	29.2663	30.4445	13.0593	13.1915	20.0332	18.0063	11.0336	10.1425
ENSDARG00000055124	5.5184	5.7549	4.84502	2.97221	2.30099	2.62197	5.04929	1.89959	1.47264
ENSDARG00000055129	24.4613	30.7108	27.9117	9.12861	12.7082	15.491	13.6651	6.22358	3.2653
ENSDARG00000055133	15.4936	13.762	11.3978	5.50941	5.62188	5.65692	7.44449	3.22442	1.50436
ENSDARG00000055162	2.93197	3.28679	3.39774	1.85692	1.99772	2.24107	3.99317	1.64874	0.903179
ENSDARG00000055216	1.46141	1.35491	1.43095	0.178488	0.222325	0.325909	0.334414	0.723503	0.213433
ENSDARG00000055225	1.51358	1.35948	1.90867	0.91365	0.98627	0.885894	1.79839	0.745657	0.771666
ENSDARG00000055250	19.2691	30.4435	21.6739	6.31838	8.38344	9.47266	11.6199	7.45081	4.2223
ENSDARG00000055255	0.209811	0.146648	0.163856	0.0160367	0.107266	0.0932651	0.256681	0.220012	0.0770182
ENSDARG00000055283	9.63182	10.8086	11.6687	1.64424	3.35909	2.92918	4.42713	2.22311	0.84289
ENSDARG00000055291	1.69039	1.18053	1.65681	0.921192	1.23707	1.1128	1.04119	0.755715	0.400444
ENSDARG00000055300	10.3294	11.755	10.5044	3.23186	3.26507	3.88968	11.2935	10.4736	6.15271
ENSDARG00000055307	3.64199	4.979	3.91533	1.78664	2.32108	2.58306	5.69198	2.63188	1.1869
ENSDARG00000055314	2.82868	3.83854	4.57702	2.24852	1.54141	2.06253	3.96788	1.38349	0.668893
ENSDARG00000055350	2.33369	2.95022	1.90032	1.7475	1.58421	1.8	3.78329	2.38947	2.21764
ENSDARG00000055357	33.0343	30.4558	22.3862	6.38376	6.32658	7.26139	7.9192	4.22523	2.4129
ENSDARG00000055360	1.87105	0.916682	1.61174	0.627162	0.813562	0.602029	0.691936	0.481014	0.0875662
ENSDARG00000055381	10.5715	3.79642	1.30362	3.72977	0.96637	0.523073	0.0714338	0.427115	0.271801
ENSDARG00000055383	8.05501	5.13456	4.18633	2.33492	1.827	1.81678	3.61062	1.28965	0.546186
ENSDARG00000055389	17.3944	15.781	11.9244	8.34625	8.40502	8.02669	13.1315	5.50644	3.09177
ENSDARG00000055412	0.961155	0.618084	0.488272	0.611135	0.570251	0.666248	0.803534	0.132473	0.0936168
ENSDARG00000055415	0.906923	1.72785	2.93102	0.896332	1.42769	1.21654	1.17471	0.593131	0.27141
ENSDARG00000055426	1.01404	1.1296	0.852236	0.988805	1.77825	1.88161	1.27852	0.407199	0.13125
ENSDARG00000055429	5.89025	6.69198	5.10784	3.03478	2.82603	3.05521	8.22839	5.54228	4.14676
ENSDARG00000055433	4.05695	5.81911	3.766	2.15787	2.40763	3.3779	4.92853	2.10662	1.56707
ENSDARG00000055443	10.8829	8.06735	8.40403	5.50824	5.98501	6.67586	14.5409	7.49157	6.78835
ENSDARG00000055470	1.07761	1.69435	1.91947	0.666087	1.79696	1.54173	2.83455	1.13304	0.416856
ENSDARG00000055472	0.491365	0.37718	0.840764	0.509202	0.13945	0.500643	1.02582	0.697376	0.424549
ENSDARG00000055477	1.13291	0.384924	0.525031	0.448828	0.282627	0.291526	0.131865	0.0708424	0.0315165
ENSDARG00000055481	23.7985	34.916	32.1402	14.6188	14.6711	16.783	53.7808	29.4184	18.8664
ENSDARG00000055490	2.63784	1.78387	1.82105	1.02055	1.35341	1.13988	1.52117	1.85102	1.03471
ENSDARG00000055493	7.2737	4.12302	1.99107	2.15481	1.15149	2.00417	3.80485	1.65261	0.73066
ENSDARG00000055502	2.19469	3.22335	2.03199	0.792481	1.25656	1.00634	2.36689	1.32128	1.05366
ENSDARG00000055504	9.73296	12.7474	13.3729	4.48867	4.98891	6.22973	13.5928	6.00935	3.80623
ENSDARG00000055510	70.6604	48.1144	40.7873	22.7059	15.847	20.989	13.918	8.40038	4.94525
ENSDARG00000055540	1.08611	0.943747	1.58174	0.430699	0.351957	0.36559	0.618867	0.273317	0.358168
ENSDARG00000055543	1.15858	1.09335	0.389736	0.429443	0.49418	0.370505	0.720426	0.737661	0.318123
ENSDARG00000055548	8.53993	9.40095	9.99367	3.39532	5.14771	7.28447	18.1532	7.88215	5.42077
ENSDARG00000055561	1.3141	1.30665	1.3275	1.10334	0.784872	0.916217	1.06374	0.706553	0.256822
ENSDARG00000055562	3.98585	3.71532	4.17162	3.14119	3.3944	3.68673	3.9101	3.24156	1.63612
ENSDARG00000055563	12.3243	15.7868	15.8007	5.69072	7.62351	8.52995	16.4342	9.82763	6.02514
ENSDARG00000055565	0.419221	0.464336	0.407605	0.444664	0.707922	0.789544	1.56071	1.01581	0.592857
ENSDARG00000055566	2.55015	2.57468	2.3494	2.21291	3.57815	2.77569	6.94457	3.94125	1.28964
ENSDARG00000055581	1.88409	1.92469	1.15656	0.309111	0.429687	0.831875	1.3255	0.249645	0.285563
ENSDARG00000055585	2.61325	1.99268	1.33816	0.766917	1.22922	1.29802	2.02841	1.0142	0.703468
ENSDARG00000055588	0.619893	1.00235	1.31325	0.379923	0.393404	0.705265	1.84684	0.959456	0.38512
ENSDARG00000055606	0.796031	2.19863	1.7535	0.720889	1.06909	1.07273	2.17601	1.02508	0.355799
ENSDARG00000055607	1.80006	2.39276	0.719638	0.674518	1.1488	0.87596	1.72474	0.921282	0.846848
ENSDARG00000055613	3.90156	4.98015	6.99174	1.35588	1.31777	2.83126	8.4473	3.62257	5.79173
ENSDARG00000055620	4.33768	4.34909	4.34113	1.11447	2.18302	1.61557	5.41414	2.23451	2.56257
ENSDARG00000055622	2.70123	3.10223	4.49621	1.81537	2.87873	3.47323	7.45019	3.36367	2.06776
ENSDARG00000055629	0.74027	1.1887	0.924089	0.318549	0.578538	1.22968	0.650786	0.510959	0.353123
ENSDARG00000055630	52.1692	28.4304	16.7044	15.3841	8.35026	6.80229	10.1531	5.72753	4.02992
ENSDARG00000055635	9.83327	9.16736	7.35839	5.39326	6.91743	7.27881	15.8158	8.01341	5.17012
ENSDARG00000055639	7.23355	5.52595	7.01542	2.67791	2.22259	4.97122	2.4341	1.28418	0.700094
ENSDARG00000055647	5.28932	0.907497	0	1.59932	0.27189	0.0910971	0.0483745	0	0.0419623
ENSDARG00000055648	1.51534	2.74469	1.54804	0.850357	1.31825	1.69646	2.11463	1.16494	1.03087
ENSDARG00000055653	2.11149	2.57424	1.88076	0.625175	0.116137	0.829783	1.43998	0.493157	0.113673
ENSDARG00000055655	3.53887	9.33448	5.64781	1.21321	1.06168	2.39097	2.01696	3.27213	1.37239
ENSDARG00000055676	3.26375	1.11347	2.31518	0.813825	0.823493	0.653516	1.75068	1.06349	0.444997
ENSDARG00000055678	22.2782	1.57313	0.012678	7.72823	0.431595	0.0411756	0.0495336	0.0104589	0.655504
ENSDARG00000055719	0.74586	1.50115	1.08764	0.442727	0.43572	0.674349	1.7997	0.154223	0.421075
ENSDARG00000055720	1.06649	1.19303	1.13867	0.64237	0.753011	0.353208	1.129	0.838933	0.49156
ENSDARG00000055730	1.08334	1.14143	0.490066	0.722835	0.883219	0.459101	1.11217	0.640435	0.385505
ENSDARG00000055737	7.33207	9.62668	9.505	2.70275	4.75502	5.28722	7.5047	3.76915	1.94438
ENSDARG00000055743	0.887296	2.25292	1.44187	0.488207	0.58077	0.638305	0.593509	0.469795	0.140572
ENSDARG00000055753	5.68843	4.75689	7.66561	5.77464	6.26368	8.70892	9.23182	3.78075	4.94773
ENSDARG00000055759	8.46552	9.6509	8.77005	3.04837	4.54888	5.90519	11.0741	4.25425	3.5714
ENSDARG00000055760	7.69793	7.65833	4.24547	3.54133	4.02578	4.23724	2.17528	1.3569	1.53436
ENSDARG00000055763	5.81299	5.73323	3.66068	3.86425	5.04783	5.56395	9.60612	4.5346	3.38628
ENSDARG00000055784	1.10552	1.3742	2.03349	0.426412	0.290846	1.15581	2.96124	0.976195	0.206014
ENSDARG00000055786	3.11678	0.176901	0.880776	0.363659	0	0	0	0	0
ENSDARG00000055797	2.09949	3.4889	2.33418	1.0635	1.57162	1.42165	0.81291	0.683861	0.300583
ENSDARG00000055831	5.53604	2.32555	0.0452861	2.32139	0.882075	0.0816594	0	0.0611882	0.274689
ENSDARG00000055837	4.82467	4.64573	3.44677	2.82188	3.5145	3.18716	4.22999	1.90863	1.07306
ENSDARG00000055838	3.91284	5.7654	2.66686	1.44348	2.13658	1.64304	3.69215	1.83362	1.67398
ENSDARG00000055857	4.60248	7.47238	6.48761	4.93393	6.94689	6.61139	13.1806	6.55532	3.73684
ENSDARG00000055868	4.20805	3.36309	2.21322	1.10927	1.09287	0.91081	3.10786	1.43175	0.441627
ENSDARG00000055885	3.23089	2.719	1.94166	1.78129	1.66401	2.39537	2.07758	1.82654	0.835297
ENSDARG00000055889	8.21904	3.2229	1.52343	2.9992	1.12789	2.95067	2.2983	0.919569	0.442065
ENSDARG00000055900	5.41495	5.89602	5.3219	2.02307	2.55993	3.72351	8.77681	5.25643	4.1302
ENSDARG00000055903	9.44828	8.82723	8.68801	5.90304	3.53892	2.59563	2.29322	1.63661	1.18436
ENSDARG00000055912	1.0409	2.78815	1.30933	0.282337	0.274258	0.372503	0.549272	0.599275	0.333506
ENSDARG00000055930	8.75309	7.93372	7.42256	5.15507	5.63621	5.65355	6.34385	3.17561	2.60556
ENSDARG00000055934	0.422094	0.995832	0.85464	0.720452	0.404418	0.954858	1.01254	0.289401	0.0441787
ENSDARG00000055938	1.12091	0.827844	0.527432	0.346729	0.749533	0.823546	1.16386	0.559908	0.223861
ENSDARG00000055945	12.9663	16.2564	13.795	4.53149	4.11237	6.19427	5.3666	2.87852	1.91968
ENSDARG00000055959	14.0624	13.5174	11.4788	2.50536	2.88454	3.82497	5.2358	2.03277	0.942002
ENSDARG00000055966	1.43351	1.63872	2.67423	0.294874	1.16076	0.646137	1.62732	0.939202	0.622739
ENSDARG00000055969	2.4456	2.54886	3.17765	0.843902	0.521627	0.462145	0.911711	0.47804	0.0739692
ENSDARG00000055973	1.27552	3.40121	1.9926	0.389389	1.34943	1.08438	3.04611	0.70311	0.427552
ENSDARG00000055989	4.25825	4.35943	3.82502	1.69317	1.8175	2.44	3.82863	2.39528	1.41332
ENSDARG00000055996	22.3971	11.4576	3.68077	9.2106	3.36804	3.67343	1.8217	0.551458	1.52042
ENSDARG00000056005	6.82744	10.7317	9.14761	2.45593	2.80876	4.09159	4.73031	2.19051	0.955112
ENSDARG00000056008	20.7082	33.9542	25.1942	8.1358	16.495	15.252	21.7632	12.9625	11.2208
ENSDARG00000056043	0.167677	0.288472	0.0990545	0.377214	0.281558	0.249871	0.511112	0.358693	0.343581
ENSDARG00000056050	3.85597	2.31263	3.79179	0.85736	0	0.630034	1.3839	0.351385	0.513932
ENSDARG00000056058	3.43286	4.61795	2.80465	0.646227	1.3776	1.4389	0.884586	1.50395	0.405134
ENSDARG00000056059	1.75059	2.97681	1.85453	1.0446	0.802546	1.5235	1.70754	0.537828	0.170965
ENSDARG00000056075	1.17395	1.42409	0.50372	0.406825	0.399207	0.946968	1.17799	0.513044	0.299217
ENSDARG00000056078	3.60125	3.94785	4.05797	1.3032	1.38243	2.08908	3.29495	1.36598	0.915198
ENSDARG00000056079	1.3801	1.62356	1.81494	0.569062	0.84731	1.34766	1.79869	0.854997	0.0780955
ENSDARG00000056085	2.35101	1.88465	1.68099	3.99094	3.76553	4.14129	5.0196	3.52676	1.9577
ENSDARG00000056089	4.59091	5.01139	4.85132	3.45051	4.25314	4.96667	5.98689	3.28192	1.78387
ENSDARG00000056090	4.47839	6.60491	4.92159	3.06132	2.51913	3.67182	6.30273	3.31253	1.63134
ENSDARG00000056099	3.71992	3.1017	1.21764	0.583224	1.17775	0.803876	0.819895	0.693896	0
ENSDARG00000056102	2.07015	2.7126	3.29694	1.28196	1.47142	1.64515	1.76474	0.89733	0.811816
ENSDARG00000056112	0.743724	0.856557	0.464262	0.31056	0.352217	0.59641	1.00996	0.481069	0.356177
ENSDARG00000056119	9.72227	8.88141	9.23471	4.47892	4.94669	5.2159	4.57406	2.18514	1.5993
ENSDARG00000056121	0.650448	0.907689	0.260649	0.465591	0.50827	0.970812	1.0274	0.603747	0.130689
ENSDARG00000056127	4.26657	3.46873	5.02416	1.32715	2.39083	2.77884	1.16984	0.80554	0.353655
ENSDARG00000056128	0.402039	0.889146	0.336736	0.235304	0.746843	0.74829	1.96662	0.796125	0.613094
ENSDARG00000056130	2.86607	0.117681	0.465659	0.592806	0.188744	0	0.419753	0.0934962	0
ENSDARG00000056138	8.43073	6.85996	7.15046	4.1803	3.61959	3.53534	5.3677	2.98932	1.11299
ENSDARG00000056141	13.7291	13.624	14.858	5.30183	4.17607	4.14114	6.04397	5.3344	3.63933
ENSDARG00000056150	0.744237	0.207434	0.109701	0.402758	0.171276	0.0842689	0	0.0658298	0
ENSDARG00000056152	3.62627	4.67084	5.30173	0.871352	0.909752	1.00831	1.10701	0.307023	0.403222
ENSDARG00000056160	5.44288	7.32115	5.21477	2.02594	2.94918	3.21815	3.41652	1.73801	0.909539
ENSDARG00000056163	0.996758	1.72648	1.5802	0.347803	0.511758	0.42677	1.43753	1.00745	0.528117
ENSDARG00000056165	1.04885	1.45146	1.58853	0.696764	1.17479	1.78056	1.51839	0.830237	0.742976
ENSDARG00000056184	6.55734	7.32304	6.53676	2.28669	2.86054	3.14627	6.55648	3.57916	2.33495
ENSDARG00000056186	17.4133	21.1784	22.5324	9.00531	10.2055	14.1648	22.8136	7.58021	6.55336
ENSDARG00000056218	5.13324	8.13798	6.41531	1.92235	2.59747	3.36689	6.92415	4.7451	3.17634
ENSDARG00000056228	0.953482	0.90282	0.978908	0.455702	0.338728	0.580294	0.985633	0.455707	0.260559
ENSDARG00000056233	1.15611	3.90264	1.93435	0.929686	1.81973	2.22787	1.7495	0.70327	0.608987
ENSDARG00000056235	10.8287	8.2474	7.68892	4.63385	3.35936	3.44906	5.34821	2.01932	0.615298
ENSDARG00000056259	18.3267	24.908	19.3185	5.96807	8.3839	8.54468	18.5053	9.81697	6.37453
ENSDARG00000056267	1.422	1.11447	0.906604	0.567337	0.521153	1.20604	1.45967	0.8916	0.43814
ENSDARG00000056268	5.44143	6.7697	6.34006	3.02609	3.85627	4.11442	14.4422	9.24832	5.48724
ENSDARG00000056270	0.965706	2.34187	1.5975	0.742472	2.0214	1.09783	2.6232	1.04473	0.635016
ENSDARG00000056279	0.276484	0.738444	0.762966	0.340416	0.222243	0.229865	0.358656	0.407698	0.106555
ENSDARG00000056307	7.28206	8.27137	9.14836	2.76885	3.07395	4.27336	3.18479	1.64844	1.03547
ENSDARG00000056318	19.6066	19.3351	30.0451	6.23876	5.60389	9.31566	16.83	7.21521	3.39739
ENSDARG00000056328	0.290139	0.741539	1.08131	0.646767	0.852302	0.727296	1.23948	0.659654	0.207715
ENSDARG00000056334	0.53012	0.462584	1.00071	0.274273	0.385753	0.592358	1.13054	0.44167	0.0841242
ENSDARG00000056338	8.21486	8.86896	7.26411	5.44373	4.09131	5.90325	8.28058	3.42368	2.00347
ENSDARG00000056339	1.26556	2.05764	1.24649	1.06535	1.1319	1.21963	1.67261	0.654378	0.191039
ENSDARG00000056346	0.269945	1.23618	0.909548	0.233207	0.504368	0.256775	0.447854	0.337069	0.0788557
ENSDARG00000056347	0.39942	0.64663	0.592725	0.308392	0.294325	0.512019	0.871427	0.544217	0.156024
ENSDARG00000056367	2.19227	1.79564	1.44299	1.58018	0.955106	1.30297	2.3283	1.28445	0.61687
ENSDARG00000056381	1.69169	2.12805	2.26312	1.02226	0.858735	0.857981	2.81	1.07293	0.370593
ENSDARG00000056387	6.24015	9.63598	9.12256	3.08827	3.18824	4.65877	5.55977	2.43002	1.55864
ENSDARG00000056389	0.0680705	0.0924972	0.122884	0.0674565	0.126221	0.116992	0.197712	0.0588519	0.0755171
ENSDARG00000056403	3.81758	7.15764	7.32955	1.90168	2.01522	3.3867	8.81453	6.14187	1.87848
ENSDARG00000056410	5.58261	3.79412	3.18084	2.54144	4.37566	3.36231	5.52716	0.933286	1.6002
ENSDARG00000056414	20.2005	28.142	18.567	6.19963	7.47854	7.16657	13.0558	7.25891	3.89104
ENSDARG00000056447	15.5205	18.3505	14.2714	6.58286	5.58662	6.78092	7.64056	3.76003	1.25102
ENSDARG00000056453	2.41418	2.47786	1.02318	0.672586	0.835515	0.317533	0.739443	0.758573	0.122389
ENSDARG00000056462	5.10014	3.76996	5.46374	2.45119	4.77068	3.82071	4.2675	1.779	3.25022
ENSDARG00000056473	3.17354	3.79988	3.05128	1.67451	2.34331	2.41682	4.63056	2.69574	1.98886
ENSDARG00000056475	10.4104	4.97098	4.56299	5.45625	3.17754	2.76178	2.69771	2.0424	1.98055
ENSDARG00000056479	1.83051	1.12493	0.945847	1.63566	0.438069	0.600196	1.2245	0.601831	0.137511
ENSDARG00000056480	8.87662	11.4409	10.0745	1.61265	1.4173	2.76754	1.47239	0.630287	1.91542
ENSDARG00000056481	10.1738	10.6434	12.7549	8.44665	10.2048	11.6845	22.7656	15.0019	8.8875
ENSDARG00000056483	2.2018	2.44728	3.53208	1.4179	1.5723	2.27714	3.44357	2.197	1.66862
ENSDARG00000056490	2.431	2.79965	2.19416	0.916682	1.2277	1.0735	2.23715	4.51782	0.547097
ENSDARG00000056491	15.506	10.5778	6.55231	3.91466	3.39156	2.79249	5.98634	5.12938	1.91434
ENSDARG00000056504	3.68576	2.95075	3.82687	1.08636	1.13637	2.57051	2.48841	1.06052	0.669445
ENSDARG00000056509	9.89751	11.6807	10.5859	5.98441	5.57133	6.72076	3.67243	1.74773	1.51047
ENSDARG00000056515	22.4642	25.3635	32.0017	10.2785	14.4347	20.0103	56.2173	22.0485	14.2247
ENSDARG00000056517	2.96074	3.39562	2.24242	1.78308	1.9565	1.75506	2.29994	1.49029	0.875293
ENSDARG00000056525	0.297554	0.317792	0.40755	0.105476	0.159962	0.0995078	0.0837454	0.109676	0
ENSDARG00000056531	4.77388	3.63763	7.47378	1.7851	4.11621	4.59194	8.78396	4.8084	2.55259
ENSDARG00000056532	2.6202	3.91323	3.77137	2.45516	3.27715	3.44337	4.41545	1.61	1.08429
ENSDARG00000056549	3.97018	6.90122	5.36999	2.22404	2.44599	2.73672	5.06948	3.53735	1.2585
ENSDARG00000056550	0.452171	0.891225	0.877483	0.0510891	0.552239	0.304457	0.926567	0.367341	0.184965
ENSDARG00000056557	4.57536	3.35289	3.32203	1.98276	3.48518	3.17638	6.05979	2.95825	1.5936
ENSDARG00000056559	1.37283	1.04066	1.20956	0.739424	0.956796	1.30541	1.26773	0.374151	0.137172
ENSDARG00000056561	56.1238	6.22438	0.401701	18.4903	2.09217	0	0	0.0700762	0.376546
ENSDARG00000056563	0.307806	0.1475	0.203819	0.0430942	0.154692	0.175077	0.53758	0.196892	0.0715425
ENSDARG00000056594	1.5949	0.563602	0	0.578259	0.188993	0	0	0	0
ENSDARG00000056601	2.17751	2.94814	1.46781	0.922772	0.626015	0.6899	1.06261	0.312832	0.256515
ENSDARG00000056617	0.857767	0.334986	0.0367339	0.439645	0.084081	0.0142527	0	0.0116785	0.0319033
ENSDARG00000056621	106.962	57.7607	34.0915	38.5661	26.8605	29.9902	34.7378	20.9802	15.475
ENSDARG00000056623	8.41751	10.6808	10.5154	3.93788	5.17129	6.39502	9.94182	4.45102	2.66111
ENSDARG00000056628	1.18101	0.995435	1.02667	0.558007	0.911796	0.97275	1.06444	0.502177	0.278111
ENSDARG00000056639	0.384515	0.348674	0.156622	0.0308679	0.0171683	0.0690422	0.0164837	0.0240892	0.0312399
ENSDARG00000056640	0.819408	1.23265	1.34509	0.573208	0.788106	0.851249	1.50598	0.608918	0.266395
ENSDARG00000056642	1.76253	0.622641	0.175043	0.826151	0.46198	0.185252	0	0.0763493	0.0739225
ENSDARG00000056649	4.87227	4.22103	2.99489	1.81492	1.59935	2.37356	3.42511	1.34996	0.674049
ENSDARG00000056664	0.651127	0.745147	2.05154	0.589178	0.828862	0.911338	1.99803	0.715859	0.523267
ENSDARG00000056665	2.69382	3.42765	3.66533	1.50367	2.0328	2.38639	3.60232	1.87648	0.958073
ENSDARG00000056672	1.05739	0.607679	0.42314	0.166109	0.313568	0.399807	1.30845	0.395489	0.20122
ENSDARG00000056678	0.670829	0.0971891	0	0.292238	0.0310158	0.0639407	0.0553796	0.0248964	0
ENSDARG00000056683	1.03367	1.20497	0.783322	0.713236	0.912424	0.821606	1.26229	0.658411	0.593381
ENSDARG00000056689	4.1767	4.80068	3.45048	1.52085	1.6545	1.71137	4.2186	1.89983	1.01514
ENSDARG00000056691	12.6122	22.5852	16.108	8.1397	14.033	9.8405	24.4885	14.1907	8.26201
ENSDARG00000056695	10.1873	9.46934	5.19706	4.99629	5.27913	8.33693	13.1386	4.24813	2.96771
ENSDARG00000056713	0.429974	0.364804	0.500171	0.280437	0.174696	0.333213	0.769104	0.213016	0.259571
ENSDARG00000056717	0.28728	0.969201	0.926286	0.192155	0.400036	0.51106	0.538973	0.175161	0.178182
ENSDARG00000056720	5.57506	3.28057	3.01015	1.60787	1.45624	1.78108	0.963796	0.529855	0.206686
ENSDARG00000056741	7.52322	11.4866	10.6594	2.40441	2.03504	3.49383	2.58584	1.29722	0.480363
ENSDARG00000056780	0.589655	1.7269	1.00999	0.52113	0.910567	1.42973	1.44185	0.733172	0.460692
ENSDARG00000056797	0.804908	1.35971	0.603167	0.331307	0.373495	0.806799	0.422351	0.192618	0.312232
ENSDARG00000056800	8.46889	10.5463	6.95657	3.07685	3.6507	4.43662	10.1876	4.28407	2.52615
ENSDARG00000056801	4.60788	5.93401	5.89926	1.80998	1.86714	2.9875	2.85254	1.40858	1.2704
ENSDARG00000056803	13.27	19.6197	17.3166	3.77337	2.81436	3.07251	2.03377	1.44184	0.662812
ENSDARG00000056829	4.6006	6.45441	4.35964	1.39155	1.16904	1.26932	3.20758	1.42049	0.915987
ENSDARG00000056830	6.33869	6.80373	8.7783	2.18847	3.62705	3.80401	4.90375	2.01183	1.30842
ENSDARG00000056832	4.79708	6.24124	5.88657	3.87713	1.82473	3.69854	7.02483	2.37388	1.63275
ENSDARG00000056840	1.60594	1.81358	1.20305	1.06704	0.914702	1.35763	2.43163	1.77257	0.876637
ENSDARG00000056847	0.854407	1.24405	0.921497	0.208106	0.332926	0.648079	1.34578	0.453674	0.335737
ENSDARG00000056856	4.99639	10.1876	6.81298	1.31107	1.78503	2.32995	3.80917	1.81687	1.12644
ENSDARG00000056886	2.46313	3.03125	1.92567	1.6386	1.34491	1.58153	3.18446	1.54785	0.966821
ENSDARG00000056892	2.63683	4.22211	3.63569	2.27919	1.77146	5.37858	8.76809	2.60129	2.25729
ENSDARG00000056923	9.69269	11.5425	14.2298	6.34994	6.25195	8.97923	6.74137	4.4817	2.15992
ENSDARG00000056924	11.1308	12.5539	9.93107	4.60205	5.75454	5.42243	11.8358	9.3701	5.47691
ENSDARG00000056929	0.186826	0.334615	0.192194	0.225912	0.0734832	0.165728	0.208549	0.0375245	0.0412756
ENSDARG00000056932	5.46061	4.60876	3.80204	1.99505	1.96877	1.86524	1.9046	1.53766	1.55158
ENSDARG00000056950	7.9379	1.58196	0	1.98485	0.290088	0.0435769	0	0	0.0911149
ENSDARG00000056954	5.28641	2.46686	0.283921	0.535531	0.416659	0.0839301	0.306223	0	0.268952
ENSDARG00000056961	3.05457	3.51078	2.71321	0.810073	0.974425	1.07519	1.3364	0.549184	0.27926
ENSDARG00000056964	2.32882	2.38763	2.29971	1.76429	2.00032	2.36839	3.79317	2.61686	1.55856
ENSDARG00000056966	0.400549	0.642097	0.856977	0.376977	0.409758	0.410504	0.528491	0.190902	0.139451
ENSDARG00000056978	0.690676	1.39399	0.963508	0.314636	0.448432	0.524487	0.780465	0.399852	0.208555
ENSDARG00000056984	3.05203	3.17379	2.65299	1.56637	1.81425	2.70331	2.67513	1.65588	0.43846
ENSDARG00000056995	104.235	23.0955	11.9896	33.7016	8.02749	7.86387	16.2311	7.41623	6.72164
ENSDARG00000057000	0.950495	1.06812	0.419307	0.204697	0.382238	0.648837	1.77087	1.19416	0.564279
ENSDARG00000057007	77.7392	80.5584	77.1939	21.4052	21.8767	27.7552	51.1178	28.4809	20.4022
ENSDARG00000057010	2.32442	1.01955	1.70617	0.779735	1.04933	1.79963	1.9779	1.8471	0.907664
ENSDARG00000057011	5.30817	3.84818	2.95791	1.28311	0.679351	0.974088	0.75825	0.32459	0
ENSDARG00000057016	5.30343	5.51057	3.44249	1.27266	2.30929	2.04224	6.14128	1.94745	2.11759
ENSDARG00000057026	45.9424	31.9941	32.1617	17.6063	20.5603	23.0417	34.2969	14.9658	10.0923
ENSDARG00000057042	3.00869	3.23874	1.98592	1.55349	2.45999	1.34989	2.45871	2.28322	1.35806
ENSDARG00000057053	3.4906	2.5715	2.78309	1.1035	1.58521	1.38148	2.31529	0.810782	0.823305
ENSDARG00000057074	2.79248	1.98728	2.73738	0.829194	0.933457	0.857615	1.40047	0.865695	0.210638
ENSDARG00000057080	4.68132	4.13233	3.1967	3.11353	2.9218	2.61708	4.33761	2.19642	0.757082
ENSDARG00000057085	13.7268	1.36362	0	4.61989	0.485758	0	0	0	0.0897805
ENSDARG00000057089	7.87994	6.30233	5.17073	1.38095	2.48007	3.76733	2.36338	1.48782	0.482398
ENSDARG00000057093	2.25796	2.67683	2.72419	1.55938	2.49566	2.72895	3.11531	1.67482	1.15476
ENSDARG00000057096	22.3936	12.4817	0.757565	7.8253	3.09034	0.41422	0.0633863	0	0.167597
ENSDARG00000057099	1.55888	0.875371	0.866865	0.853204	1.52543	1.32706	2.21996	1.62848	0.786486
ENSDARG00000057101	2.80097	4.93019	3.52034	1.51065	2.05937	2.70754	2.65729	0.770207	0.469306
ENSDARG00000057105	0.591862	0.924684	0.434258	0.50805	0.247212	0.512918	0.281258	0.148756	0.0434615
ENSDARG00000057107	1.22461	0.859012	1.55416	0.288555	1.47556	0.812674	1.69356	0.957823	0.498449
ENSDARG00000057110	2.67738	2.49867	2.60613	1.25417	1.40545	1.9108	1.6459	0.433995	0.349943
ENSDARG00000057114	3.71557	3.44088	4.33292	1.3294	2.00858	2.51214	2.50324	1.02803	0.705972
ENSDARG00000057121	1.00632	0.816947	0.399352	0.360037	0.335019	0.683904	1.0042	0.26231	0
ENSDARG00000057128	1.37678	1.1377	1.07227	0.646562	0.772183	1.11712	1.01974	0.477905	0.269116
ENSDARG00000057138	0.639195	0.591356	0.920622	0.622102	0.803342	0.637648	1.12211	0.613865	0.140712
ENSDARG00000057151	2.86306	4.31066	3.34955	1.14739	1.1343	1.48997	5.94397	3.03015	2.28481
ENSDARG00000057167	29.6397	38.9036	19.5731	10.4792	13.4095	21.3198	30.6711	19.7764	7.49663
ENSDARG00000057184	9.32095	2.58191	1.73127	4.34754	1.92317	1.49531	2.10647	0.885335	0.443225
ENSDARG00000057231	0.967963	1.21539	0.68812	0.409123	0.532073	1.31927	1.02841	0.310877	0.644944
ENSDARG00000057234	91.7244	98.5482	82.0641	36.2296	39.4393	40.4641	16.8134	11.6927	10.5549
ENSDARG00000057238	4.51986	3.53615	3.18318	2.23772	2.32707	3.14098	3.87885	1.60074	0.666634
ENSDARG00000057245	0.297941	1.45434	1.23334	0.309591	0.357863	0.29704	0.33353	0.0560114	0.155825
ENSDARG00000057248	2.22914	3.27462	1.47285	0.675532	0.922517	0.705073	0.975989	0.907397	0.489754
ENSDARG00000057249	5.54408	5.75506	5.94675	2.37258	3.65621	3.66327	4.37198	2.4152	1.89242
ENSDARG00000057255	4.73264	6.82422	6.29319	3.17656	3.92903	4.17066	5.24632	2.84408	1.71159
ENSDARG00000057303	5.26641	5.21349	3.82809	1.50394	1.65123	1.47528	2.57535	1.14539	1.0737
ENSDARG00000057321	1.11035	0.991946	0.940041	0.630891	0.661561	0.555926	0.321552	0.223415	0.174521
ENSDARG00000057323	27.0523	19.755	11.5907	6.76107	7.17074	8.68572	18.0562	8.41626	6.89569
ENSDARG00000057328	106.779	163.588	154.567	31.9225	39.9744	40.0021	58.1171	44.1292	27.1448
ENSDARG00000057374	2.14006	1.23934	1.48536	0.759268	0.844113	0.358073	4.09295	1.80003	2.24775
ENSDARG00000057378	2.46698	1.90395	1.40412	1.47539	0.943118	2.14183	1.96096	0.444619	1.00761
ENSDARG00000057399	0.253177	0.303051	0.132256	0.0487063	0.0159529	0.0977515	0.148462	0.0831817	0.0272653
ENSDARG00000057414	3.82729	3.60121	4.7652	2.03243	2.73038	1.90132	3.84121	1.9455	1.35792
ENSDARG00000057423	2.24081	1.25862	1.43813	0.317601	0.307229	1.08417	1.72668	0.42946	0.109857
ENSDARG00000057426	0.76064	0.922182	1.17095	0.182562	0.400946	0.68201	0.920188	0.216199	0.0638853
ENSDARG00000057430	37.9339	15.8595	8.06581	18.3623	12.8162	12.7204	11.9921	9.40964	7.07998
ENSDARG00000057432	11.0877	8.08322	10.5099	4.86804	2.03512	5.37311	9.84204	7.15386	6.87819
ENSDARG00000057435	2.00506	2.21655	1.72389	0.570863	0.220344	0.680267	0.562506	0.227113	0.147732
ENSDARG00000057438	2.28859	3.6204	3.61912	0.768326	1.65066	1.63301	2.0932	0.984924	0.277514
ENSDARG00000057448	2.91991	1.63392	1.50279	1.55041	0.589418	0.584867	1.38849	1.04279	0.273028
ENSDARG00000057454	1.54723	2.23001	1.45528	0.982565	1.16729	1.44045	1.86581	0.888961	0.705249
ENSDARG00000057456	2.70878	3.45736	3.04297	2.26597	1.56998	1.97305	8.45669	5.76549	3.05256
ENSDARG00000057465	1.24242	3.66405	0.651158	0.705705	0.958819	0.8085	2.57379	2.65038	2.53221
ENSDARG00000057481	0.843108	0.685439	0	0.508205	0.0484577	0	0	0	0.0435368
ENSDARG00000057484	43.0913	25.4252	21.3733	20.7131	10.7107	12.21	23.8402	10.4688	8.14477
ENSDARG00000057491	11.6805	13.0929	10.4769	4.76327	5.41119	6.90144	13.9837	6.965	4.54801
ENSDARG00000057494	0.926866	1.69437	1.5519	0.87267	0.967006	1.83594	0.767517	0.268019	0.443473
ENSDARG00000057497	10.1214	6.86827	6.2188	5.14343	5.0251	4.68941	8.40082	3.25451	2.57786
ENSDARG00000057498	1.21976	0.484131	0	0.161863	0.101742	0	0	0	0
ENSDARG00000057508	0.451854	0.610199	0.516337	0.274277	0.308288	0.380321	0.624645	0.392784	0.249971
ENSDARG00000057513	1.45044	1.9817	1.17704	1.00754	1.41305	1.56307	1.63019	1.19047	0.770113
ENSDARG00000057531	2.30207	1.20393	1.35648	1.72148	0.6108	0.766008	2.06057	1.20029	1.38731
ENSDARG00000057550	0.668847	0.383614	1.587	0.156501	0.498175	0.901193	2.00779	1.11236	0.253682
ENSDARG00000057562	4.93184	6.04721	5.26566	2.50766	2.27419	3.24636	3.22479	1.53339	0.703156
ENSDARG00000057577	0.443746	0.496212	0.464014	0.135837	0.380761	0.354344	0.549605	0.285083	0.0955935
ENSDARG00000057583	15.2474	18.808	15.4767	5.14056	5.99218	6.63584	15.7508	8.90565	6.45118
ENSDARG00000057586	0.901975	0.0664084	0.0311003	0.31032	0.0267453	0.0520513	0	0	0.0263311
ENSDARG00000057626	5.21506	4.67517	3.58492	1.59163	1.46053	3.99494	5.52641	2.31104	0.389536
ENSDARG00000057633	44.0452	6.5142	0.427392	9.89242	0.71864	0.384203	0	0	0
ENSDARG00000057635	2.98406	0.630012	0.189077	1.07309	0.21896	0	0.108913	0	0
ENSDARG00000057648	11.029	8.7595	8.8736	3.9048	3.14686	4.08934	4.90188	2.25166	1.20413
ENSDARG00000057649	0.539162	0.494635	0.885286	0.217702	0.652254	0.365859	0.991114	0.495851	0.234816
ENSDARG00000057652	0.693418	1.32048	0.843562	0.33517	0.900341	0.595585	1.0638	0.524432	0.264644
ENSDARG00000057660	1.89603	4.89684	9.80729	1.13552	1.17364	1.65835	2.22711	0.712047	0.412386
ENSDARG00000057671	0.782071	1.4311	1.20996	0.188316	0.637408	0.570015	1.95339	1.09125	0.179172
ENSDARG00000057672	2.07194	4.94314	5.84997	1.24441	2.22232	2.30786	2.84413	1.68782	1.47163
ENSDARG00000057676	2.93116	4.85552	2.3608	1.61498	2.21618	2.88246	3.43413	1.53882	0.979579
ENSDARG00000057679	8.93573	8.07918	5.8055	3.22144	2.39494	2.67884	10.8048	5.59968	4.54321
ENSDARG00000057680	2.8274	4.24212	3.14233	0.747046	1.47439	2.43113	5.41542	2.88026	1.95076
ENSDARG00000057681	4.3888	5.50439	5.21892	2.61498	3.69991	3.65221	8.13056	4.50354	3.49642
ENSDARG00000057683	1.05164	0.29057	0	0.567849	0	0	0.0297306	0	0
ENSDARG00000057688	1.46787	2.14998	0.979136	1.20777	1.50269	1.27227	3.05614	1.26596	0.964721
ENSDARG00000057691	39.1877	38.4294	31.6285	10.8857	12.7506	14.7167	15.4606	7.78393	3.96838
ENSDARG00000057698	22.48	25.5605	22.2634	4.79268	5.88979	7.38543	13.5517	6.68078	3.2887
ENSDARG00000057699	87.5458	113.715	127.906	13.5242	15.8371	26.0518	11.0276	6.27336	3.90343
ENSDARG00000057702	13.3422	7.40869	5.99983	2.71894	2.8139	3.6744	4.32328	2.16686	1.52537
ENSDARG00000057707	6.96992	6.87215	4.30624	2.60813	3.14877	3.99513	5.25152	2.49323	0.906981
ENSDARG00000057708	3.55511	4.28113	3.61425	1.29529	0.799266	1.23913	1.59759	0.61864	0.72075
ENSDARG00000057716	3.25194	2.75953	2.08651	1.46493	2.59582	2.78245	6.82481	3.86326	1.50567
ENSDARG00000057719	2.37029	1.47288	3.39753	1.38465	1.41276	1.62319	1.79339	0.978079	0.382166
ENSDARG00000057727	2.14669	2.33874	2.84023	1.5736	1.21602	2.14957	1.93789	1.49852	0.972956
ENSDARG00000057729	0.292432	0.689499	0.615555	0.242475	0.450632	0.536153	0.508621	0.857472	0.249399
ENSDARG00000057736	0.87957	1.88343	1.84021	0.664582	0.466666	0.797912	1.00591	0.587095	0.0897574
ENSDARG00000057738	7.48329	9.67919	11.3048	3.14654	3.32038	4.60395	7.15231	2.86068	1.34897
ENSDARG00000057767	2.56458	2.99228	1.79057	0.320928	0.23084	0.470198	1.26743	0.947351	0.368785
ENSDARG00000057772	8.8861	8.51238	14.8778	4.3295	6.30338	5.93467	16.3702	11.9126	8.31123
ENSDARG00000057782	5.60219	4.08407	6.368	1.85681	1.32513	1.56941	5.29196	3.46062	2.9543
ENSDARG00000057805	4.49263	4.2872	4.79628	1.92702	1.05716	2.00751	3.54925	2.21576	1.08371
ENSDARG00000057813	29.5701	6.40872	0.620861	6.50245	0.624757	0.132694	0.13672	0.158927	0.189383
ENSDARG00000057830	4.19712	2.90382	1.88032	1.20539	1.08004	1.52315	1.17709	0.518362	0.420643
ENSDARG00000057841	1.29322	1.92725	1.35512	0.967042	1.56345	1.94748	2.01806	0.744136	0.676575
ENSDARG00000057853	17.1959	18.9761	16.495	13.9457	16.2276	19.095	31.2584	19.7142	9.92617
ENSDARG00000057854	18.5755	10.7763	8.73786	8.79404	5.74119	6.33179	4.66559	2.71044	2.69699
ENSDARG00000057855	1.63714	0.755965	1.29626	0.859266	0.415374	0.664216	0.77032	0.386721	0.0752347
ENSDARG00000057857	16.9368	11.7758	6.93153	10.9842	8.11435	6.1667	4.20427	3.53861	3.24495
ENSDARG00000057863	6.97596	4.44084	3.55503	1.53456	2.43041	1.1573	2.20498	0.801248	0.804613
ENSDARG00000057867	2.979	3.29262	3.78665	2.19224	3.57053	5.4624	10.975	6.49536	2.21037
ENSDARG00000057890	59.8298	54.4271	61.0656	16.1993	15.7683	17.2799	29.9887	9.83988	5.30754
ENSDARG00000057907	5.64823	5.49445	4.22187	5.65134	5.785	5.16038	5.70784	4.02282	3.46505
ENSDARG00000057910	5.32624	4.26091	3.0524	1.60548	1.52219	1.03897	2.01846	1.45751	0.774329
ENSDARG00000057912	13.111	12.7482	8.75291	4.55461	4.7395	2.71474	7.08175	3.40807	1.20065
ENSDARG00000057913	0.380242	0.894099	0.708067	0.517345	0.324325	0.618888	0.793813	0.337852	0.166602
ENSDARG00000057918	6.35825	9.52259	5.88968	2.98732	4.13982	4.41909	8.47446	5.69339	4.49616
ENSDARG00000057927	2.1413	2.71527	1.64223	0.96957	1.55746	1.63124	3.19177	1.75541	1.55721
ENSDARG00000057928	0.715736	2.46448	1.16967	0.444957	0.430561	1.55997	0.949391	0.622121	0.253748
ENSDARG00000057929	1.58448	1.93437	1.57335	0.488532	0.570141	0.984254	2.08191	0.865357	0.467922
ENSDARG00000057939	7.66011	11.6006	8.19093	3.81904	3.60702	3.85926	11.0472	6.4937	3.71123
ENSDARG00000057940	26.6404	30.1851	22.1406	10.3137	12.1679	12.2653	19.9522	11.3685	5.84103
ENSDARG00000057973	0.644145	1.23816	0.70496	1.98066	1.59686	2.56287	2.38969	1.15755	0.680689
ENSDARG00000057983	1.52886	1.05036	2.1242	0.793533	1.02032	1.71877	2.22028	1.09689	0.511316
ENSDARG00000057987	2.69817	4.31064	4.17042	2.14062	2.16443	3.04157	3.76773	1.57611	0.958091
ENSDARG00000057995	1.78123	1.25543	1.69655	0.597773	0.519597	0.9986	1.31925	0.251045	0.161248
ENSDARG00000057997	3.40377	4.82384	4.28553	1.91074	2.28518	1.83943	3.33993	1.54793	0.956227
ENSDARG00000058000	16.7366	19.9742	14.7926	6.46054	7.942	7.76248	13.9141	9.02298	6.11008
ENSDARG00000058015	0.449105	0.67809	0.350366	0	0.214925	0.215786	0.808272	0.0965327	0
ENSDARG00000058020	2.32679	2.48335	1.50637	1.20131	0.604438	1.03965	1.73708	2.87755	0.245961
ENSDARG00000058028	14.2226	17.1936	15.2162	2.90253	4.06412	3.60268	8.47211	5.10681	3.38684
ENSDARG00000058030	6.10287	5.64948	5.46015	1.70767	2.14718	1.92364	3.8345	2.22795	1.12311
ENSDARG00000058038	0.181755	0.280834	0.384516	0.25931	0.230294	0.300887	0.49368	0.127851	0.132437
ENSDARG00000058041	4.80232	2.68305	1.39954	1.33879	1.25822	0.568425	2.46926	0.376865	1.26664
ENSDARG00000058044	6.68296	8.90252	7.04249	3.3615	4.54459	5.61673	21.0209	9.01297	5.82614
ENSDARG00000058076	2.14947	2.33764	1.11745	1.48085	1.40323	1.51363	0.753127	0.302428	0.275143
ENSDARG00000058088	2.82443	5.02939	2.49854	2.31593	3.16121	2.71234	3.38415	1.73286	1.55982
ENSDARG00000058089	6.92172	8.40841	5.73574	3.40786	4.4663	4.28587	7.91786	5.90795	3.60461
ENSDARG00000058094	6.32728	6.83441	5.64957	2.75745	3.19251	4.22388	4.26913	2.11224	0.820107
ENSDARG00000058102	0.599276	0.632699	1.37234	0.645458	0.824826	0.786059	1.12115	1.09731	0.644481
ENSDARG00000058105	12.468	14.1315	16.0905	3.62165	2.17965	2.35212	3.73808	1.63352	0.454477
ENSDARG00000058122	3.42996	2.93703	4.06758	1.42914	1.60484	1.79034	1.41621	0.972659	0.879137
ENSDARG00000058127	1.39366	1.45655	1.40436	0.588704	0.583233	1.11513	0.917522	0.71921	0.429226
ENSDARG00000058128	4.4988	6.09952	4.51554	2.44915	3.33277	3.09684	6.25463	2.11437	1.35741
ENSDARG00000058148	7.69909	13.7941	6.7253	2.83069	3.91908	3.57671	7.27042	5.18049	2.76572
ENSDARG00000058154	2.07154	1.08251	2.2214	0.713431	0.337719	0.796845	1.7005	1.03969	0.88934
ENSDARG00000058159	1.06338	1.20069	1.43394	0.854829	0.880605	1.31078	1.20346	0.792494	0.436977
ENSDARG00000058162	1.00317	1.80479	1.68612	0.16902	1.29204	0.726865	1.73474	0.52717	0.249746
ENSDARG00000058178	2.73019	4.53711	4.23698	1.68809	2.05381	1.43432	8.11563	3.64062	1.40991
ENSDARG00000058179	27.4403	1.58131	0	4.53703	0.218953	0.0551325	0.0498172	0	0.0398247
ENSDARG00000058180	0.952796	0.782451	0.812358	0.181248	0.130874	0.378353	0.693237	0.14048	0.0258564
ENSDARG00000058202	2.25501	2.54418	1.1539	1.10203	1.288	0.745774	1.42906	1.18997	1.19564
ENSDARG00000058203	26.3781	28.012	23.1126	6.828	7.60602	9.06052	9.61569	4.36494	2.56458
ENSDARG00000058207	3.74541	2.86402	3.0864	2.03245	2.32471	3.52522	5.44741	3.39069	2.23669
ENSDARG00000058212	9.4006	10.2195	2.53993	2.88844	3.08183	2.81533	3.23182	1.89314	0.481237
ENSDARG00000058220	0.507074	0.523645	0.710882	0.192558	0.146568	0.18939	0.486357	0.087844	0.131924
ENSDARG00000058221	4.94888	6.35597	4.64429	3.31116	4.62079	5.41328	4.92538	2.30347	2.16941
ENSDARG00000058230	19.1841	40.8285	26.5582	9.47432	8.18722	8.948	23.2476	7.80844	5.20079
ENSDARG00000058232	0.869573	0.857713	0.943115	0.0857048	0.217457	0.311895	0.541234	0.2466	0.146786
ENSDARG00000058237	1.0894	4.56576	2.22866	1.69178	2.30761	2.10726	3.32354	3.38691	1.84962
ENSDARG00000058257	0.445536	1.09106	1.11545	0.260573	0.624435	0.650021	0.823344	0.47158	0.166233
ENSDARG00000058260	0.980149	1.26755	1.31304	0.382264	0.820547	0.683715	1.64548	0.653632	0.481865
ENSDARG00000058267	0.531409	0.321866	1.25618	0.325942	0.300755	0.264193	0.565893	0.161859	0.176224
ENSDARG00000058284	0.20728	0.0951066	0.140271	0.037015	0.106942	0.161498	0.347712	0.12011	0.0132329
ENSDARG00000058292	2.51011	2.12664	1.55849	1.0289	1.39237	2.27278	0.836254	0.323907	0.543854
ENSDARG00000058297	1.72099	1.08621	2.16952	0.674505	0.727025	1.37737	1.18168	0.785619	0.320059
ENSDARG00000058305	0.770408	1.35805	0.749669	0.290871	0.308074	0.495987	0.586813	0.419011	0.272932
ENSDARG00000058306	1.40252	0.475508	1.3705	1.1326	0.75662	0.327496	0.972617	0.787805	0.0464433
ENSDARG00000058323	5.04425	3.95891	5.73714	1.65523	1.91428	2.02068	4.81305	2.05269	1.2844
ENSDARG00000058325	1.00069	0.902717	0.572147	0.556956	0.159716	0.862077	0.483175	0.257016	0.11538
ENSDARG00000058328	2.87473	3.97574	2.68861	0.802861	1.55515	1.4909	0.64176	0.380943	0
ENSDARG00000058337	30.3688	29.6883	24.0642	11.46	10.976	14.6531	9.13921	4.62309	2.19833
ENSDARG00000058346	3.57992	4.10108	3.00698	1.14156	1.91883	2.31702	4.27564	1.77252	1.07674
ENSDARG00000058352	1.04595	1.59884	0.646128	0.365021	0.392011	0.786921	0.200015	0.690645	0.650982
ENSDARG00000058354	3.62995	1.52142	2.27397	2.12246	1.28647	2.42015	4.35031	2.78865	0.922648
ENSDARG00000058356	2.18177	3.82738	3.26482	0.7578	1.82877	1.15409	2.30549	3.43804	0.103842
ENSDARG00000058366	1.72553	1.95311	1.95824	0.607162	0.75173	0.73637	0.315064	0.331579	0.22506
ENSDARG00000058367	1.92386	1.74846	1.18321	0.813074	0.44769	0.736633	2.41058	0.603437	0.413707
ENSDARG00000058369	7.65997	0.445858	0.171182	2.34421	0.186456	0.0621572	0.208438	0.0648406	0
ENSDARG00000058372	5.42704	4.20526	5.89511	3.13066	2.81799	4.4787	12.9348	2.81916	3.6112
ENSDARG00000058419	0.630321	1.54465	1.33611	0.752736	1.05868	1.13488	1.51206	1.78701	1.65431
ENSDARG00000058425	6.16986	4.88521	4.73038	2.40375	2.57193	4.44672	7.24231	3.79071	1.12567
ENSDARG00000058430	3.69275	6.34245	3.63104	2.01539	1.78586	1.84106	3.02591	1.0504	0.779733
ENSDARG00000058444	60.4438	60.8568	48.938	12.4066	11.5408	16.2544	25.3958	12.6273	6.39406
ENSDARG00000058448	4.16042	3.73154	4.33797	1.06089	0.79588	1.28284	2.17006	0.676323	0.337948
ENSDARG00000058451	11.1204	13.8018	18.2111	3.93923	4.01876	4.12676	13.385	11.3769	5.06153
ENSDARG00000058452	8.7193	10.8398	9.07791	4.99579	4.88692	6.50915	11.4764	6.38658	3.82264
ENSDARG00000058454	26.5331	10.1455	5.18932	4.45852	2.3015	1.75869	1.09262	1.35078	0.316316
ENSDARG00000058461	1.35307	1.47413	1.67197	0.762759	0.900044	1.59952	1.13844	0.620826	0.280951
ENSDARG00000058463	3.41538	0.959261	2.71109	0.959939	0.320853	1.63613	1.82431	0.262374	0.507821
ENSDARG00000058467	7.14827	8.2573	6.59692	4.72856	4.23121	4.70458	7.08386	4.65469	2.39715
ENSDARG00000058471	127.354	139.368	149.531	82.277	72.9828	134.216	197.35	91.0642	70.6512
ENSDARG00000058479	7.12094	1.24411	0.695963	2.71152	0.180586	0.266709	0.673921	0.505472	0.539115
ENSDARG00000058480	3.18851	4.32473	3.62553	2.33803	2.69436	2.31284	4.54835	1.61005	1.11673
ENSDARG00000058494	2.25104	2.4394	1.66414	1.44638	1.73454	1.74932	2.13122	1.45128	0.976237
ENSDARG00000058504	2.18346	2.5346	2.02264	1.51667	1.19865	1.95136	2.1037	1.45206	0.817207
ENSDARG00000058507	1.99369	1.07817	0.623213	1.1919	0.874054	0.531072	1.00064	0.991137	0.270599
ENSDARG00000058522	1.43028	0.784278	1.93236	0.757463	1.19143	1.38618	1.31984	0.670888	0.377498
ENSDARG00000058528	1.91339	2.58027	1.4179	0.463034	1.19388	1.44863	2.01419	1.09328	0.739152
ENSDARG00000058533	0.855524	1.28548	1.16922	0.836524	1.36825	1.18614	1.14503	0.65588	0.441083
ENSDARG00000058560	5.31651	4.46749	4.04908	1.85345	3.55914	3.20944	4.99061	4.00104	2.54042
ENSDARG00000058561	0.94653	1.36902	1.38373	0.72794	0.854666	1.16385	1.09053	0.407007	0.245679
ENSDARG00000058562	1.31272	0.937964	2.32321	0.86904	1.23916	1.28795	1.46011	0.51897	0.420186
ENSDARG00000058563	0.865418	1.19447	0.416256	0.717629	0.677025	0.424895	1.05903	0.260943	0.322892
ENSDARG00000058571	1.13598	1.20662	1.11821	0.300601	1.02925	0.415563	1.6584	0.633027	1.06869
ENSDARG00000058578	1.70791	2.53983	2.21117	1.36058	1.13	1.36185	1.44215	0.678622	0.287851
ENSDARG00000058605	2.06219	1.79691	1.96458	1.42115	2.02738	2.37597	3.9546	2.66955	0.897004
ENSDARG00000058608	0.227291	0.860681	0.353312	0.152526	0.410447	0.42498	1.48113	0.250803	0.237128
ENSDARG00000058630	8.60087	10.2451	7.74783	3.8092	3.41171	3.81756	6.22395	3.54425	2.29296
ENSDARG00000058660	17.8475	28.1383	21.5248	3.51359	7.35502	6.82841	11.8041	7.44138	4.59568
ENSDARG00000058676	39.2551	50.9744	43.0155	15.4989	21.2109	25.1054	49.0517	35.9032	28.0367
ENSDARG00000058679	3.35313	3.85877	4.07884	1.32339	1.05849	0.872301	2.97623	1.03422	0.900918
ENSDARG00000058688	2.97955	3.00752	2.53353	1.22503	1.45908	1.22888	3.21388	1.16837	1.22948
ENSDARG00000058690	3.5151	3.74854	3.20974	1.8853	1.81439	2.37537	3.98152	1.97661	1.14399
ENSDARG00000058692	0.347965	0.933783	0.516341	0.315091	0.176138	0.317521	0.529834	0.424767	0.367265
ENSDARG00000058693	12.6804	23.1739	14.8749	5.75907	7.71387	7.49384	18.3478	11.3793	5.11149
ENSDARG00000058710	3.82841	3.55817	2.064	2.14624	1.15323	2.30549	1.7328	0.63704	0.531791
ENSDARG00000058716	13.8993	16.7014	14.013	3.69638	5.16035	5.21431	7.73735	3.7361	2.95016
ENSDARG00000058719	3.36491	3.88856	2.91982	2.6812	2.39967	3.64419	6.50364	3.21413	2.85238
ENSDARG00000058729	16.604	18.448	16.3735	6.18162	8.6882	7.6746	9.15586	6.11077	6.15101
ENSDARG00000058734	9.15374	6.55353	4.9381	1.57647	0.493188	2.79603	4.35832	1.33797	1.13495
ENSDARG00000058740	0.88292	1.43889	0.801931	0.827763	0.304483	0.542582	1.03677	1.349	0.263752
ENSDARG00000058746	9.75813	12.0936	8.7639	3.00329	3.83391	3.57695	8.61005	4.67059	3.8894
ENSDARG00000058771	0.262968	0.45716	0.486821	0.0736483	0.293877	0.472435	2.47859	1.65508	0.534328
ENSDARG00000058780	0.274281	0.35914	0.882581	0.239041	0.147708	0.265035	0.464915	0.253617	0.177422
ENSDARG00000058801	2.931	5.80682	5.03335	5.37595	4.03313	8.91346	3.59862	1.55654	1.48347
ENSDARG00000058804	2.28086	1.45804	2.89556	1.04673	0.863034	0.54822	6.20012	2.95894	2.29809
ENSDARG00000058818	5.42772	7.76908	5.2178	1.349	1.58697	1.20195	4.07185	2.95116	1.69759
ENSDARG00000058819	2.49252	0.398682	0.0502708	0.636143	0.0540586	0.0550819	0	0	0
ENSDARG00000058820	2.05451	2.65456	2.26533	0.755672	0.550978	1.3957	2.42991	0.472306	0.619276
ENSDARG00000058821	0.298377	0.501571	0.200316	0.0720211	0.290503	0.380562	0.684507	0.364683	0.201843
ENSDARG00000058828	0.817388	1.63906	0.584416	0.216422	0.279333	0.137517	0.849655	0.658931	0.157988
ENSDARG00000058830	0.388271	0.209948	0.192119	0.190496	0.259165	0.153494	0.268609	0.137197	0.0849196
ENSDARG00000058831	4.68869	2.01301	1.37751	1.89358	1.95238	0.726067	0.840411	0.292782	0.0708524
ENSDARG00000058842	8.36591	11.2917	9.9985	4.23339	4.73518	6.16962	10.2917	4.86177	3.6036
ENSDARG00000058853	0.264814	0.25672	0.429447	0.0594317	0.0825826	0.16666	0.370574	0.246414	0.264663
ENSDARG00000058857	3.3117	1.04522	0.920434	0.708699	0.300394	0.625555	0.96574	0.273199	0.319252
ENSDARG00000058861	7.931	11.0319	7.80393	1.38991	1.21309	1.31373	2.09429	1.70718	1.3757
ENSDARG00000058863	0.868982	1.02098	0.490563	0.38112	0.554063	0.247134	1.08955	0.405818	0.536978
ENSDARG00000058868	7.56777	10.2254	8.3061	4.64448	5.85291	5.99095	10.8871	6.0904	3.72315
ENSDARG00000058874	1.36283	1.49504	1.5589	0.15285	0.143635	0.289091	0.63988	0.259001	0
ENSDARG00000058917	25.5264	2.73247	0	11.1822	0.82115	0	0	0	0
ENSDARG00000058939	3.111	2.95274	2.26469	1.49012	1.27049	1.94573	2.21655	0.935603	0.577447
ENSDARG00000058943	0.66505	0.384445	0.444195	0.621194	0.430139	0.983108	0.481692	0.244577	0.164549
ENSDARG00000058946	1.1173	3.81013	2.02551	0.523884	1.26383	1.46615	3.10726	0.829733	0.256376
ENSDARG00000058949	1.27565	1.37029	1.38313	1.10396	1.39596	1.16141	2.94304	1.48343	1.07814
ENSDARG00000058950	3.57244	2.61994	3.08541	1.23727	1.04975	1.46207	4.36606	2.30438	0.957727
ENSDARG00000058953	0.505003	0.41821	0.503723	0.271248	0.455981	0.618884	1.35046	0.79451	0.242283
ENSDARG00000058958	0.949142	0.183428	0.40043	0.562837	0.304489	0.621348	0.474474	0.437191	0.227292
ENSDARG00000058962	2.49032	3.55598	4.89012	1.57829	1.50945	1.16114	1.2728	0.864657	0.515324
ENSDARG00000058963	1.03597	1.20443	0.349946	0.331469	0.0726855	0.289029	1.63575	0.419184	0.416587
ENSDARG00000058966	8.36309	0	0	0.978546	0	0	0	0	0
ENSDARG00000058984	0.369865	0.899123	0.369603	0.596249	0.793236	0.599751	0.930334	0.264838	0.175068
ENSDARG00000058990	0.342824	1.37852	0.9444	0.0895252	1.3077	0.67131	2.55947	1.83526	1.45338
ENSDARG00000058992	0.203876	0.115695	0.347189	0.108167	0.328611	0.481596	0.48157	0.0955741	0.116122
ENSDARG00000058993	8.64078	10.3467	7.23351	2.55862	2.87005	3.85556	5.02686	2.34851	1.47248
ENSDARG00000058996	11.8769	11.8431	7.88906	2.86077	3.5184	3.1753	4.63473	6.47915	3.47172
ENSDARG00000059001	28.6853	6.24504	0.75344	8.7839	1.63558	0.249613	0.202907	0.261976	0.216827
ENSDARG00000059003	0.259881	0.327017	0.139532	0.0774249	0.217273	0.364063	0.978238	0.414984	0.271936
ENSDARG00000059006	3.44143	5.09314	5.66121	1.49523	1.95908	3.49002	6.40648	3.96907	3.14358
ENSDARG00000059035	6.79671	5.94943	6.1597	2.16808	4.28393	4.7186	7.72107	5.74888	2.52711
ENSDARG00000059036	0.544787	1.681	1.5548	0.686961	0.427134	0.565848	2.51613	3.13182	2.23446
ENSDARG00000059037	0.41977	0.491198	0.512569	0.575263	0.442868	0.242221	0.465677	0.491783	0.474901
ENSDARG00000059059	1.89114	1.57872	1.29698	0.89292	0.843823	0.576368	3.29815	3.52015	2.29926
ENSDARG00000059064	3.52677	5.4808	3.38299	1.53912	2.73665	3.49133	6.07116	3.51986	1.95191
ENSDARG00000059070	2.79221	2.24961	2.24265	1.53838	2.16224	2.59093	2.83944	1.29335	0.859498
ENSDARG00000059073	15.1316	4.35434	0.467103	3.46475	0.810505	0.190472	0.103721	0	0.236367
ENSDARG00000059079	1.40177	1.17354	1.81697	1.11138	1.01316	1.01283	2.54034	1.23178	1.38277
ENSDARG00000059081	1.96729	0.152453	0	0.421045	0.316113	0.0803202	0	0	0
ENSDARG00000059097	1.18467	1.7137	1.20479	0.541947	0.647447	0.864056	1.72745	0.626556	0.37125
ENSDARG00000059109	1.26294	0.10199	0.350851	0.25303	0.145322	0.0794106	0.284806	0	0.271728
ENSDARG00000059115	0.862098	3.11774	0.370163	0.192638	0.342798	0.22879	0.131269	0.194955	0.126643
ENSDARG00000059120	11.5072	2.43693	0.532444	2.72575	1.15183	0.0907274	0.250431	0.183884	0.0420948
ENSDARG00000059125	1.17947	1.88205	1.69546	1.31222	1.7212	1.7742	7.10208	2.39462	1.43689
ENSDARG00000059128	1.42586	1.78942	1.77453	1.61609	2.0402	1.45091	1.87771	0.709393	0.336101
ENSDARG00000059150	4.43026	1.36288	0.437415	2.89693	0.272742	0	0	0	0
ENSDARG00000059190	4.09391	4.9798	3.76108	4.12908	3.70868	3.47629	7.36453	3.4324	2.47743
ENSDARG00000059209	1.36733	2.14526	1.1932	0.805804	0.781879	0.690215	3.54899	2.33385	2.77886
ENSDARG00000059212	2.51357	3.0142	2.14652	0.982006	0.904254	0.823172	1.41531	0.710548	0.299597
ENSDARG00000059226	1.01125	1.40264	0.734938	0.575844	0.394119	0.272754	0.89131	0.490971	0.250228
ENSDARG00000059244	2.62315	2.61818	1.63037	0.840055	1.25861	1.59296	1.39364	0.860847	0.659618
ENSDARG00000059246	12.5839	6.19591	3.55811	3.53598	2.93393	1.70074	1.19815	0.86897	0.51775
ENSDARG00000059252	0.933036	1.19288	1.061	0.413675	0.392773	1.01921	0.906148	0.379393	0.075538
ENSDARG00000059269	1.53519	1.46929	0.778373	0.501655	0.592936	0.825371	1.87033	0.894437	0.932789
ENSDARG00000059279	9.83376	1.18375	0.298681	2.0897	0.269109	0.3356	0.0857195	0.106842	0.0302847
ENSDARG00000059287	1.05531	0.463227	0.622806	0.558818	0.669071	0.513336	1.17397	0.637676	0.371704
ENSDARG00000059295	0.0461721	0.0423804	0.0614756	0.127084	0.0264845	0.0563012	0.14245	0.090951	0.0153615
ENSDARG00000059301	3.0325	3.77816	3.05365	1.0042	1.41004	1.53785	1.37573	0.619351	0.625168
ENSDARG00000059303	9.78161	7.66408	7.25505	4.72953	5.9405	7.00481	12.8227	5.34738	3.12652
ENSDARG00000059304	1.61078	3.27901	2.27558	0.433127	0.412319	0.807266	1.99264	1.55366	0.654235
ENSDARG00000059305	0.657631	0.273539	0	0.0714824	0	0	0	0	0
ENSDARG00000059308	9.4067	13.3474	11.8615	5.38248	3.51634	5.46034	3.41741	2.2831	1.30608
ENSDARG00000059317	0.364514	0.803408	0.281759	0.357357	0.266703	0.485419	0.271634	0.0709527	0.155273
ENSDARG00000059322	1.7239	1.48286	2.48301	0.822388	0.955845	1.38338	2.13252	1.66828	0.867338
ENSDARG00000059323	9.5846	14.4345	8.86412	5.54481	5.13871	6.00348	8.84038	3.5091	2.37167
ENSDARG00000059327	13.3717	2.63641	0.403214	4.04102	0.88671	0.0366274	0.162161	0.0876725	0
ENSDARG00000059337	12.8598	6.56944	6.20445	5.88992	6.12414	3.34796	9.30142	11.1072	4.17311
ENSDARG00000059340	0.34141	0.486009	0.562481	0.28751	0.337122	0.339285	0.838376	0.529523	0.235389
ENSDARG00000059354	0.673403	0.659203	0.943978	0.404723	0.56883	0.209806	1.02949	0.492865	0.0473313
ENSDARG00000059357	14.0209	13.1755	8.91443	5.7918	4.18599	4.87262	4.4058	2.46772	1.35332
ENSDARG00000059360	48.9776	28.6222	18.2139	18.8384	11.1128	9.81891	9.00619	8.1068	6.42718
ENSDARG00000059373	67.1761	53.6247	24.3182	16.0002	13.8144	7.88095	11.8905	7.54066	5.17698
ENSDARG00000059398	37.0391	31.3071	19.3598	16.3758	8.27718	11.8955	21.5148	9.9933	6.91803
ENSDARG00000059404	1.08812	1.24936	1.25845	0.964293	1.11834	1.65947	1.75694	1.00488	1.0938
ENSDARG00000059406	11.0146	9.89989	8.25897	5.31466	3.23934	4.13676	7.75486	5.00327	3.81308
ENSDARG00000059414	1.88613	3.53754	2.37181	1.30764	1.36643	1.48591	3.29926	2.65765	1.69955
ENSDARG00000059418	1.30497	2.39004	2.14306	0.242037	1.32355	1.38069	3.84893	2.59205	1.3213
ENSDARG00000059437	0.604677	0.817271	0.836355	0.407307	0.633773	0.912714	0.573824	0.115012	0.109581
ENSDARG00000059442	1.51059	3.00903	2.50887	1.0614	1.32219	1.42071	3.517	2.86619	1.50977
ENSDARG00000059460	1.2182	2.26366	1.63104	0.860409	1.14932	1.15253	2.37194	1.4326	0.770099
ENSDARG00000059461	15.3438	18.4384	14.4411	7.28065	10.125	9.19588	16.219	11.0941	6.48517
ENSDARG00000059474	39.1054	36.687	35.1443	10.0309	10.8682	10.8703	32.4111	21.1388	8.72363
ENSDARG00000059475	5.34257	7.75814	5.31957	3.41353	4.19102	4.45758	7.60345	5.56907	2.90423
ENSDARG00000059529	1.1949	1.39444	1.17454	0.53135	0.488204	0.987016	1.16494	0.572865	0.367824
ENSDARG00000059535	0.743898	1.42197	0.175751	0.295013	0.289266	0.559602	1.61906	0.699823	0.517531
ENSDARG00000059549	2.33932	2.31598	2.12022	1.24535	1.45661	2.09335	5.19113	2.2131	1.67695
ENSDARG00000059553	1.64746	2.02695	1.77942	1.40954	1.66386	1.82122	2.93749	1.87505	1.37833
ENSDARG00000059556	2.1973	2.4724	0.753603	0.892876	1.26906	1.60241	1.10568	1.13266	0.848986
ENSDARG00000059571	6.76187	8.6796	6.97967	4.17695	5.03591	5.7985	7.14469	4.23156	1.89379
ENSDARG00000059581	1.20077	0.497039	1.24992	0.198406	0.1244	0.210711	0.460537	0.533082	0.53759
ENSDARG00000059598	0.669897	1.21777	0.504159	0.206948	0.190085	0.578564	0.212843	0.142427	0.135945
ENSDARG00000059600	3.12688	3.90115	3.71325	0.921042	1.10067	1.48684	4.61469	3.19141	3.40967
ENSDARG00000059604	11.9009	12.8776	13.0938	5.36071	5.72588	8.56966	15.0755	8.13481	5.10373
ENSDARG00000059613	1.15213	0.866422	0.425892	0	0.219377	0.221178	0.793559	0.174047	0
ENSDARG00000059622	12.0122	17.0822	8.26525	2.19103	3.74192	4.2636	2.80747	2.11593	0.534732
ENSDARG00000059630	8.82904	10.189	9.64783	4.0696	5.07468	6.10348	17.7936	8.86318	7.41631
ENSDARG00000059631	3.05831	3.0328	2.36297	1.09277	1.58632	2.15771	2.88398	1.92769	1.76312
ENSDARG00000059634	2.08899	3.06026	1.69549	1.64368	1.4895	1.50373	2.445	0.825182	0.817332
ENSDARG00000059642	1.76507	2.14542	2.2377	0.884249	1.12209	1.50538	2.69367	0.780839	0.566777
ENSDARG00000059646	9.60416	10.3425	8.36093	4.80425	3.08554	3.92064	7.36481	6.59046	3.65298
ENSDARG00000059653	8.72949	8.78557	10.034	2.60189	3.43783	3.37551	4.65838	2.22801	1.60061
ENSDARG00000059654	1.03643	0.577111	0.830704	0.636639	0.636374	0.735153	0.783292	0.27159	0.177626
ENSDARG00000059657	1.63721	0.640047	1.32745	0.378887	1.09758	0.465695	1.33468	0.625402	0.338539
ENSDARG00000059658	0.975553	0.0956229	0.805489	0.658678	0.712792	0.640427	1.69458	0.254407	0.229077
ENSDARG00000059674	2.42451	3.09666	2.57943	1.6311	1.19991	1.51442	1.79414	0.956171	0.666341
ENSDARG00000059680	9.86338	9.28187	6.37646	4.23434	3.60566	4.55166	5.19345	2.55344	1.30823
ENSDARG00000059685	1.15349	1.75588	1.728	0.480377	0.903638	0.99994	1.30088	1.22362	0.886582
ENSDARG00000059701	5.92641	7.58731	9.4255	3.32427	3.56628	5.20107	6.25488	2.89867	1.92091
ENSDARG00000059707	1.50605	3.10429	1.06262	0.704787	1.44017	1.08614	3.02943	1.44815	0.688073
ENSDARG00000059711	1.40654	1.42268	1.73436	1.27924	1.91039	1.94805	2.83881	1.32457	1.24733
ENSDARG00000059718	3.65456	1.97932	1.46982	1.43854	0.997113	0.999925	0.932643	0.325485	0.405111
ENSDARG00000059722	0.769616	1.1667	0.878961	0.587523	0.656101	0.543105	0.862951	0.794303	0.272014
ENSDARG00000059725	22.4248	25.6081	14.2017	13.459	7.28725	5.84998	14.525	4.28809	3.75055
ENSDARG00000059735	1.86434	1.99473	1.42707	1.2998	0.949999	0.759923	2.31714	0.510963	0.609506
ENSDARG00000059738	3.79596	2.55061	4.89288	0.768748	1.62022	0.952117	6.88903	3.02274	1.50614
ENSDARG00000059741	0.344715	0.404115	0.519724	0.394145	0.565375	0.551563	1.00266	0.352771	0.10647
ENSDARG00000059748	36.7406	21.521	10.304	22.3513	1.80913	0.302073	2.21832	3.95241	1.46623
ENSDARG00000059752	10.0991	13.9833	16.3494	4.90171	5.16576	8.64445	13.0443	5.3237	4.14853
ENSDARG00000059760	0.520821	0.931869	1.51598	0.304981	0.670625	0.526378	1.43844	0.772277	0.364813
ENSDARG00000059768	1.39215	1.50483	1.48821	0.91978	0.907072	0.873994	1.8035	0.71563	0.459717
ENSDARG00000059784	0.783201	1.2967	1.072	0.658117	0.63115	1.2169	1.59075	1.34907	0.693544
ENSDARG00000059791	7.47457	4.27123	1.91149	2.22974	2.05313	2.81572	3.70652	2.20091	0.363579
ENSDARG00000059794	5.66536	7.60759	7.48779	2.76771	4.79275	5.86132	9.53918	7.46678	7.81927
ENSDARG00000059795	3.611	3.58123	4.84213	0.902357	1.25796	0.633449	2.09689	0.935854	0.62078
ENSDARG00000059804	2.55432	4.12631	3.79715	1.20421	1.77467	1.48517	2.36339	1.0642	0.754888
ENSDARG00000059806	0.342416	1.20378	0.597898	0.373629	0.534409	0.297585	0.228858	0.549513	0.208581
ENSDARG00000059809	3.91549	3.39303	2.97294	2.44206	3.03869	3.03565	8.60702	4.57037	3.71938
ENSDARG00000059812	8.79235	11.3449	9.7136	4.57059	5.23506	6.30799	13.868	9.66434	6.13762
ENSDARG00000059817	0.988922	1.35512	0.66344	0.104888	0.528496	0.566495	1.1423	0.43905	0.190928
ENSDARG00000059841	10.9436	12.9947	13.1081	7.95537	7.87483	4.81116	9.45783	8.11821	8.29998
ENSDARG00000059843	6.17237	10.267	8.40163	6.19781	4.48684	8.33011	17.5345	8.1543	3.12657
ENSDARG00000059846	0.735515	0.617601	0.573549	0.456736	0.357674	0.519518	1.36881	0.723221	0.559267
ENSDARG00000059856	0.805304	1.58823	1.80854	0.576514	1.06346	0.475625	1.90237	0.801073	0.175382
ENSDARG00000059862	2.92044	2.2872	1.88156	1.30385	1.3908	1.28212	2.22654	1.73693	0.634544
ENSDARG00000059866	2.59325	4.06261	1.60291	0.827115	0.938265	1.53855	1.19516	0.652249	0.927145
ENSDARG00000059870	3.56975	3.09773	4.05085	1.23202	1.04157	0.896634	2.5516	1.49261	1.06784
ENSDARG00000059871	0.473804	0.42532	0.612827	0.293255	0.100432	0.230254	0.525963	0.306161	0.0749395
ENSDARG00000059874	3.76142	5.42252	3.81445	2.1748	2.055	2.52212	3.30859	2.31415	1.19065
ENSDARG00000059879	1.47615	1.64235	1.89179	0.61149	0.857218	0.862958	1.6973	0.616242	0.51783
ENSDARG00000059886	2.15509	3.01532	3.75419	4.24791	6.82096	7.99305	15.7895	8.81537	10.858
ENSDARG00000059888	2.28032	4.02687	3.11017	2.4431	2.15872	2.13142	5.66286	4.0379	2.5575
ENSDARG00000059891	0.649412	0.177431	0.404694	0.769052	0.310426	0.785225	1.7546	1.29019	0.364938
ENSDARG00000059900	4.06226	5.23802	4.0303	2.25039	3.06165	2.34002	8.54002	4.53599	3.60019
ENSDARG00000059902	1.3123	2.20255	1.41748	0.647373	0.661969	0.466023	1.12022	0.246891	0.242612
ENSDARG00000059906	17.36	8.95283	7.61347	5.10066	3.35108	3.35361	6.69091	2.90611	1.64039
ENSDARG00000059908	8.37887	8.32555	11.146	2.8486	2.60416	3.314	5.49953	2.24892	0.85428
ENSDARG00000059911	0.307853	0.964679	1.06854	0.442455	0.3051	0.436163	0.123869	0.247485	0
ENSDARG00000059917	1.41937	1.23723	0.532683	0.235025	0.652357	0.759662	2.33532	1.52204	1.22584
ENSDARG00000059919	3.32921	3.97803	3.73657	1.03168	0.753892	2.30615	2.74507	0.177103	0
ENSDARG00000059925	3.44017	3.3678	2.68157	1.23789	1.71446	1.74502	2.26516	1.98034	1.01177
ENSDARG00000059933	3.78119	4.67177	1.25971	2.02294	0.87933	2.25055	6.10067	1.24564	0.341887
ENSDARG00000059936	0.607308	1.02958	1.24491	0.786454	0.764799	1.06926	2.07049	1.49078	0.965629
ENSDARG00000059960	1.2406	0.985151	1.49555	0.24356	0.558235	0.485976	0.620099	1.07495	0.892884
ENSDARG00000059961	0.481898	0.415075	0.624435	0.0916446	0.510938	0.43174	1.3597	0.333107	0.431938
ENSDARG00000059963	0.800871	1.29848	1.5661	0.930289	0.959085	0.706614	1.50512	0.926066	0.3747
ENSDARG00000059973	9.92648	16.1079	12.9663	2.97667	4.20387	6.52436	8.25852	5.18827	2.95116
ENSDARG00000059982	1.07683	1.70781	0.607061	0.509833	0.649757	0.675328	1.55008	1.91565	1.10271
ENSDARG00000060004	4.07914	0.633682	0.15077	2.02683	0.188079	0.0746638	0.0442449	0	0
ENSDARG00000060005	2.0329	0.116893	0.102029	0.343029	0.106076	0	0.249888	0	0
ENSDARG00000060006	7.50995	7.57804	5.74284	3.95576	4.65816	4.29984	8.08731	4.10835	3.38581
ENSDARG00000060016	4.00732	3.90852	3.01775	2.14293	2.03512	2.56245	4.08958	2.17095	1.51892
ENSDARG00000060023	0.582399	0.976704	1.05798	1.01552	0.836245	0.617426	0.862559	0.383163	0.419888
ENSDARG00000060027	3.23045	2.48773	1.50962	0.654817	0.729318	0.378028	1.40805	0.413223	0.354592
ENSDARG00000060029	5.42569	2.883	3.13937	1.18337	0.915214	1.11984	1.55118	0.990323	0.311222
ENSDARG00000060030	105.753	135.428	79.1341	36.405	44.5875	44.1729	126.029	101.45	53.9387
ENSDARG00000060036	0.356382	1.59376	0.318257	0.646057	0.966689	0.761021	1.04745	0.737071	0.294441
ENSDARG00000060041	74.9018	67.4497	54.6757	15.9446	14.1352	17.8539	29.1287	8.61383	4.53099
ENSDARG00000060054	14.6958	13.2068	11.8139	11.2973	11.3823	12.4893	19.1294	14.0371	8.81358
ENSDARG00000060058	3.07023	3.37605	3.92128	1.28166	1.48974	1.98322	3.35801	1.73799	1.0009
ENSDARG00000060065	25.1695	33.3806	31.5213	38.0475	72.0879	75.1851	163.348	140.729	116.358
ENSDARG00000060068	13.3407	15.1042	13.5964	4.59207	4.03125	6.80291	8.26594	5.52825	4.35829
ENSDARG00000060070	0.224759	0.0703845	0	0.0230384	0.0114269	0.0358793	0.0197526	0.0252166	0
ENSDARG00000060071	10.6449	11.3157	11.418	4.1571	5.55456	6.20483	8.99364	3.97578	2.33526
ENSDARG00000060073	11.5753	15.1084	14.1635	7.05719	8.84557	9.18299	24.3299	13.0701	8.69062
ENSDARG00000060089	14.3651	25.4088	25.477	5.5197	9.28435	11.1881	11.9641	6.89494	7.50021
ENSDARG00000060093	2.05555	2.33925	1.98778	1.13795	1.22007	1.56494	1.85274	1.44351	0.710247
ENSDARG00000060101	0.870484	1.09234	0.917443	0.392718	0.429656	0.583399	1.85773	1.09147	0.691995
ENSDARG00000060102	11.4879	16.7836	16.8003	4.96979	5.374	8.3456	11.6317	5.86199	4.1133
ENSDARG00000060109	2.22002	1.95552	2.18202	0.940589	1.00675	0.908355	1.61235	0.959571	0.62835
ENSDARG00000060112	4.64895	6.53935	6.11989	2.07732	3.39893	3.70028	6.68225	3.43468	0.825346
ENSDARG00000060113	25.2572	25.7131	23.6204	8.43191	8.40393	8.31848	10.6068	8.39888	5.3406
ENSDARG00000060123	2.19746	1.8581	2.34451	1.08091	0.910714	1.15845	2.28816	1.09783	0.378343
ENSDARG00000060150	5.08716	7.70055	9.24056	2.6669	3.86676	4.35543	9.25588	5.48495	5.00063
ENSDARG00000060168	1.69356	2.69125	1.54351	1.19357	1.30574	1.86069	6.17199	3.29902	3.39259
ENSDARG00000060169	12.9051	9.35306	7.72221	2.82792	2.63411	2.84045	3.89298	1.53859	0.692287
ENSDARG00000060175	0.441653	0.961353	0.669517	0.786147	0.462878	0.441349	1.07552	0.272955	0.417725
ENSDARG00000060177	1.41279	1.16625	1.02572	0.843411	0.859703	0.787753	2.43566	1.64969	1.57541
ENSDARG00000060184	0.109908	0.0366789	0.30661	0.0881187	0.0993382	0.184606	0.204518	0.169965	0.0260438
ENSDARG00000060189	0.57495	0.121586	7.37453e-05	0.0624389	0.178618	0.0561202	0.0527999	0	0
ENSDARG00000060197	2.02652	2.36937	2.0841	0.989103	1.48594	1.42875	1.90443	1.33079	0.774038
ENSDARG00000060207	3.44646	3.99608	3.61861	1.34937	1.4068	1.85305	3.92334	1.71025	1.19458
ENSDARG00000060215	3.78194	4.42318	6.25651	2.7188	1.70833	2.84131	7.27175	3.8669	2.09267
ENSDARG00000060235	0.411277	0.120043	0.177023	0.109129	0.0622259	0.104913	0.149936	0.022258	0
ENSDARG00000060238	21.5081	27.5337	21.749	7.93445	9.07848	11.2141	9.75555	4.54807	2.20251
ENSDARG00000060248	1.52981	1.6902	2.52893	1.16611	1.47729	1.44298	2.3788	1.55194	1.09636
ENSDARG00000060249	1.97257	3.02615	2.64825	1.86385	1.64489	2.59538	4.06254	1.74189	1.03719
ENSDARG00000060252	0.407224	0.77744	0.583242	0.11354	0.56007	0.456164	0.697486	0.461058	0.123564
ENSDARG00000060256	2.15181	2.61815	1.78794	0.988076	0.513044	0.577382	0.615506	0.541367	0.298769
ENSDARG00000060257	2.80371	2.79312	2.22217	1.52423	1.77984	1.36959	2.92401	2.22284	0.920046
ENSDARG00000060260	1.90212	1.66888	1.82037	1.17152	0.891724	1.12969	2.58558	3.67554	2.41824
ENSDARG00000060282	0.738275	1.52008	1.83537	0.286886	0.604306	0.345217	0.542045	0.107625	0
ENSDARG00000060288	6.25198	6.09546	3.35352	2.61847	1.76215	2.763	3.6829	1.25447	0.840762
ENSDARG00000060297	5.67992	5.30781	5.4248	2.52686	3.0174	3.49652	4.05212	2.76027	1.97573
ENSDARG00000060298	21.8082	28.9439	22.2758	10.6917	12.7877	14.1405	18.0208	15.9695	8.91374
ENSDARG00000060304	3.51735	3.08524	3.34569	1.43929	2.13399	2.9678	5.35473	3.22429	2.16747
ENSDARG00000060306	6.32448	8.96038	7.27001	2.04899	2.61509	3.46026	2.72494	1.84995	0.740739
ENSDARG00000060308	1.39832	1.55974	1.39747	0.899269	1.16884	1.36544	2.02095	1.17229	0.444149
ENSDARG00000060309	0.301837	0.330434	0.304078	0.198192	0.292914	0.189934	0.270514	0.168656	0.0881132
ENSDARG00000060312	9.97448	18.1235	12.2423	7.7093	8.34902	7.14533	16.4508	9.1712	5.0987
ENSDARG00000060316	2.73059	4.50907	4.7767	1.30844	1.85508	2.98306	2.24361	1.21975	0.319802
ENSDARG00000060318	8.34476	8.30602	7.15096	6.13828	4.30289	6.82046	17.8486	7.46329	4.54742
ENSDARG00000060320	0.495067	2.01901	1.58087	0.588191	0.744332	0.478815	1.33308	0.462822	0.272995
ENSDARG00000060323	3.70833	3.62865	3.79218	2.07515	2.38944	2.84347	5.87048	1.45527	1.19862
ENSDARG00000060340	0.613174	0.36499	0.740157	0.479003	0.232772	0.28196	0.816219	0.523859	0.134109
ENSDARG00000060341	2.06661	2.57707	1.40879	0.825781	1.02007	1.27703	2.19971	2.16392	1.05646
ENSDARG00000060346	6.82252	7.72319	8.26421	2.16645	3.0369	4.14634	8.42199	3.52502	1.37938
ENSDARG00000060348	1.6337	1.34693	1.3835	0.729695	0.650748	1.10413	1.25407	0.8074	0.537192
ENSDARG00000060357	1.98198	1.01917	3.68785	0.513792	0.767157	1.40531	1.15096	1.83153	1.25346
ENSDARG00000060360	6.30595	7.87412	6.49123	2.52094	3.4976	3.46506	8.26853	3.81312	2.17445
ENSDARG00000060361	2.14949	2.495	1.78867	1.15181	1.30822	1.61787	2.85499	1.76205	1.29688
ENSDARG00000060362	2.0026	3.45971	3.0113	0.737465	0.909554	1.01972	2.11145	1.25177	0.762604
ENSDARG00000060366	2.25714	2.97054	2.45187	1.16662	1.59471	1.63328	2.13476	1.17997	1.51785
ENSDARG00000060383	1.90832	2.39133	1.14622	0.814979	1.68601	0.576743	0.96366	0.572973	0.0958252
ENSDARG00000060390	7.4971	9.86346	10.3495	4.0399	5.46669	7.65036	33.8775	16.8957	11.9332
ENSDARG00000060392	4.14186	4.51538	5.34709	2.80935	1.44636	5.2346	8.88118	5.57388	2.88506
ENSDARG00000060394	9.79291	9.80937	8.65384	3.23385	4.37428	7.15862	3.74685	2.81901	1.48751
ENSDARG00000060395	5.6905	7.73894	4.17527	2.67053	2.69941	2.91377	5.6344	2.31426	1.46323
ENSDARG00000060397	0.654236	2.40734	0.749894	0.329527	0.480291	0.656135	0.493178	1.55291	0.247636
ENSDARG00000060398	0.598296	0.921196	0.980627	0.597291	0.561777	0.747513	0.490668	0.372637	0.239023
ENSDARG00000060411	3.1141	5.45696	3.27564	1.15496	0.79736	1.37472	2.39847	2.00984	0.635359
ENSDARG00000060415	2.03243	3.23604	3.08806	1.5175	1.63007	1.6397	4.12946	2.49642	0.947624
ENSDARG00000060430	1.24339	1.9408	1.30685	0.76754	1.3078	1.04039	1.71749	1.08705	0.698845
ENSDARG00000060437	0.122501	0.145586	0.31947	0.117054	0.120589	0.154509	0.307218	0.0729885	0.0798013
ENSDARG00000060438	2.00265	2.77612	2.48138	0.941021	1.43371	1.28888	1.35638	0.588788	0.713321
ENSDARG00000060439	0.679697	0.459906	0.400795	0.320071	0.336934	0.374623	0.769588	0.144804	0.239915
ENSDARG00000060442	3.32096	3.55708	3.15869	1.1463	1.38823	2.04993	2.41952	1.09929	0.740759
ENSDARG00000060445	3.20424	4.6948	4.82767	2.03092	1.26293	1.78914	3.28697	1.08793	0.478621
ENSDARG00000060452	0.377907	0.598318	0.45805	0.241242	0.325506	0.63687	1.36031	0.595419	0.043989
ENSDARG00000060469	1.35249	1.22282	0.939786	0.557151	0.567353	1.0731	1.16464	0.600844	0.385569
ENSDARG00000060472	7.0627	2.19314	0.968842	8.08744	1.93813	1.90756	1.07259	0.609413	0.474219
ENSDARG00000060480	1.68236	1.07248	1.68242	1.80009	1.38742	1.55695	1.67688	0.913517	0.825908
ENSDARG00000060484	3.91091	2.46556	2.09447	2.28147	2.39238	1.52885	5.00937	2.36903	1.86959
ENSDARG00000060494	7.80043	12.0685	10.3269	3.51882	4.68297	4.80303	5.96841	3.34567	2.49316
ENSDARG00000060495	6.85568	8.12931	6.0591	2.58618	3.16422	3.33195	5.94166	2.64194	1.55467
ENSDARG00000060496	0.43164	0.343443	0.10171	0.187163	0.162415	0.192798	0.305646	0.254822	0.238492
ENSDARG00000060497	1.77866	4.55794	4.94099	0.733067	1.34721	1.40349	3.40129	3.18303	1.07242
ENSDARG00000060500	4.27488	3.11756	4.18516	1.26309	0.940936	1.85189	0.52234	0.536168	0.422287
ENSDARG00000060506	31.2156	33.735	27.4014	11.8899	13.1998	14.9845	31.2142	21.7032	12.9931
ENSDARG00000060510	11.1933	12.276	12.0715	5.81625	8.10066	8.61551	10.0076	6.29702	3.65777
ENSDARG00000060515	1.53095	0.924895	1.275	0.905773	0.606076	0.902014	1.90161	0.714139	0.57498
ENSDARG00000060518	2.26499	2.2594	1.50621	0.951385	1.32736	1.53913	1.73509	1.26571	0.334111
ENSDARG00000060521	14.3958	20.8218	16.8919	6.69782	8.75755	8.90545	19.4221	10.2167	7.58685
ENSDARG00000060537	15.8581	15.9452	15.1163	7.75494	7.47733	11.3591	26.0818	11.9707	12.558
ENSDARG00000060539	2.0099	0.954682	0.0477132	0.261651	0.176577	0.0476853	0.0358921	0.119823	0.0967266
ENSDARG00000060541	1.10477	1.28322	0.948285	0.454267	0.649654	0.853726	1.59599	1.36169	0.726795
ENSDARG00000060554	0.834391	0.945432	0.818154	0.29304	0.347352	0.589878	0.706935	0.468204	0.25994
ENSDARG00000060559	4.7658	6.8851	7.44575	3.25304	3.42836	3.80636	5.3529	1.86896	1.1491
ENSDARG00000060564	1.57056	2.58294	2.17276	1.08328	0.67586	1.16601	1.77621	0.307658	0.284663
ENSDARG00000060575	28.9091	39.2491	30.3571	12.0188	14.8191	15.8228	24.2201	15.0148	10.1983
ENSDARG00000060584	6.68077	9.6753	8.62287	5.69995	4.63952	4.7353	10.8457	3.97303	4.70584
ENSDARG00000060586	5.38424	8.29915	5.28606	2.15574	3.72064	2.88894	5.15961	2.79823	2.34334
ENSDARG00000060594	2.99998	3.38739	2.66134	1.78544	1.60826	2.07956	3.7941	1.64048	0.861031
ENSDARG00000060595	0.209802	0.489217	0.121254	0.184653	0.131988	0.362093	0.707238	0.532724	0.60896
ENSDARG00000060596	4.55024	6.31876	6.0514	1.90126	3.49708	3.14451	4.84301	2.82531	2.18352
ENSDARG00000060600	3.61589	4.54776	2.91869	1.44448	1.68622	1.51712	5.67601	3.34726	2.11857
ENSDARG00000060618	0.74352	1.05835	1.51653	0.507256	1.04068	0.834152	1.72604	1.58317	0.935009
ENSDARG00000060620	0.650436	0.995692	0.908828	0.157777	0.423011	0.557132	0.736677	0.344273	0.132884
ENSDARG00000060633	3.45506	6.56337	6.84293	1.52546	1.24808	1.68813	1.74772	1.76714	0.950396
ENSDARG00000060637	0.84331	0.851935	1.33211	0.534857	0.30848	0.342423	1.92876	0.388161	0.390104
ENSDARG00000060646	1.06498	2.18611	0.896056	0.834841	1.19692	0.813923	1.15717	0.508883	0.138001
ENSDARG00000060661	2.59035	2.80827	2.45095	1.8901	2.15674	2.70575	4.22613	2.78166	1.45614
ENSDARG00000060678	0.812124	1.12637	1.68787	0.882749	1.15656	1.07223	2.90447	2.39543	1.86735
ENSDARG00000060679	15.5676	23.0988	18.6136	6.26546	6.40349	5.75564	11.4883	3.87709	3.05916
ENSDARG00000060687	2.05583	2.07268	2.58749	0.836434	1.17654	1.82682	1.54419	0.787452	0.365354
ENSDARG00000060695	8.46419	10.1077	11.1297	5.37126	5.84704	7.56987	12.8823	6.65063	3.06385
ENSDARG00000060697	6.80934	8.29515	6.15301	5.55289	8.68269	4.71146	10.1546	6.01319	3.76558
ENSDARG00000060715	1.00586	1.00328	1.04922	0.355417	0.542039	0.579504	0.592956	0.459586	0.249473
ENSDARG00000060723	5.55779	7.57202	6.28966	1.90338	3.7254	4.52091	5.68619	3.318	1.88435
ENSDARG00000060725	1.19848	1.30988	1.68211	1.17958	1.59683	1.1707	2.78268	1.4697	1.03049
ENSDARG00000060729	2.05188	1.74282	2.27865	0.653577	0.99737	0.947726	1.4711	0.750544	0.461907
ENSDARG00000060734	0.403403	0.663457	0.512855	0.445386	0.178475	0.448163	0.784569	0.627254	0.210417
ENSDARG00000060750	0.69499	1.12563	1.00364	0.490775	0.766118	0.576492	2.51651	0.871301	1.34292
ENSDARG00000060751	4.01633	5.07316	5.10772	3.01569	3.34933	4.69344	9.87411	4.98268	2.9911
ENSDARG00000060754	2.74523	3.9629	4.30182	1.22998	2.3479	2.83625	5.36302	2.70075	2.18466
ENSDARG00000060755	0.373223	0.528029	0.308615	0.211708	0.301425	0.368222	0.884374	0.307319	0.347517
ENSDARG00000060758	0.165988	0.170801	0.342208	0.127697	0.185134	0.197178	0.46482	0.0953375	0.066301
ENSDARG00000060766	0.512483	1.17017	0.287612	0.0841648	0.185281	0.151584	0.126984	0.124629	0.11775
ENSDARG00000060767	11.4373	15.5493	10.7829	4.33253	4.64706	5.37206	8.41973	4.86322	3.34196
ENSDARG00000060768	1.78643	1.99553	1.80436	1.37286	1.32666	1.09208	2.81152	2.17687	1.32083
ENSDARG00000060771	5.07662	6.38521	6.04928	3.16058	3.04838	4.10434	6.83267	3.32311	2.85537
ENSDARG00000060783	2.85326	5.01178	4.39036	1.33739	1.50265	2.33448	5.68354	2.78052	3.2653
ENSDARG00000060785	1.19088	1.33051	1.9072	0.935772	1.38121	1.63687	3.08563	1.71953	0.837361
ENSDARG00000060796	4.68061	7.0881	4.11142	1.40095	2.03235	2.08487	5.04938	2.22845	1.38042
ENSDARG00000060805	2.66775	3.68069	2.57941	1.19909	1.73326	1.74691	3.03203	1.77784	0.873187
ENSDARG00000060830	0.0825947	0.529274	0.136809	0.132262	0.213288	0.109542	0.515006	0.338626	0.0906346
ENSDARG00000060835	0.915339	1.33997	0.60359	0.207088	0.315956	0.310078	0.416404	0.282525	0.423303
ENSDARG00000060841	4.26775	6.33571	5.60949	2.49818	3.5953	4.46962	6.39196	3.24469	1.89521
ENSDARG00000060847	3.19326	3.98149	3.44883	1.50375	1.67491	1.82222	4.28232	2.89114	2.54385
ENSDARG00000060849	2.53489	4.76839	3.14008	1.14497	1.48264	1.87536	3.34774	1.95485	1.17586
ENSDARG00000060853	7.27444	12.6865	6.87682	2.89777	3.79146	3.90612	8.36069	5.97943	4.09493
ENSDARG00000060865	0.69768	0.70659	1.05842	0.378004	0.503799	0.711616	1.43265	0.332173	0.533557
ENSDARG00000060868	5.50175	6.43072	5.21704	1.72585	2.58351	2.75642	5.00095	2.23914	1.62798
ENSDARG00000060885	0.721568	0.879345	0.707231	0.575912	0.487855	0.744227	1.03162	0.637002	0.237753
ENSDARG00000060901	0.565856	0.445509	1.15937	0.577856	0.834841	0.697397	1.83096	0.715262	1.20386
ENSDARG00000060917	16.6867	25.4829	20.1562	8.71601	16.8976	16.4373	27.6426	11.1779	10.0383
ENSDARG00000060921	0.683165	1.30082	0.945468	0.432004	0.430734	0.507385	1.10754	0.481077	0.32378
ENSDARG00000060922	1.1525	1.41394	1.77374	0.436374	1.26816	0.999327	1.79935	0.974165	0.670468
ENSDARG00000060926	0.412136	0.0929475	0.0558742	0.0771447	0.0742168	0.0614553	0.0484422	0.0754075	0.0198868
ENSDARG00000060937	4.84366	6.44616	6.37782	2.55154	3.0706	3.89795	9.14441	3.88621	1.82962
ENSDARG00000060944	0.910002	1.2623	1.7343	0.455704	0.614193	0.794159	1.62253	0.981362	0.582543
ENSDARG00000060954	1.96934	1.86577	2.19201	0.53551	0.782365	1.17206	2.3349	0.747893	0.70866
ENSDARG00000060962	1.38926	0.82046	0.43226	0.464523	0.863825	0.730864	1.24298	0.578075	0.190815
ENSDARG00000060976	4.50878	4.59348	5.9753	3.19149	3.24785	3.85559	6.89993	6.03696	3.09993
ENSDARG00000060978	1.92826	2.18014	1.79316	1.03492	1.69083	1.7655	2.42982	1.2076	0.92948
ENSDARG00000060980	3.99239	3.59078	2.47115	3.94473	3.69638	3.93546	7.1058	3.6412	2.81993
ENSDARG00000060983	0.655712	0.203788	0.249836	0.137032	0.12655	0.821064	0.285608	0.177985	0.295182
ENSDARG00000060991	3.42301	4.06403	2.47701	0.929851	0.825067	1.17072	2.129	1.17334	0.515287
ENSDARG00000060992	1.9156	1.54862	1.2802	0.51658	0.156125	0.483658	0.790333	0.355587	0.238246
ENSDARG00000060994	5.41871	7.57222	4.88762	3.03602	3.82954	3.73346	5.8083	3.22758	2.03512
ENSDARG00000061005	0.0788937	0.0320786	0.0724912	0.213908	0.0740777	0.158023	0.193905	0.131568	0.136166
ENSDARG00000061010	4.44234	4.44337	4.05434	1.88055	2.346	2.41401	3.85698	1.75633	1.23752
ENSDARG00000061013	3.56762	4.53604	3.31696	1.74147	1.68295	2.45148	2.90123	1.25896	0.992676
ENSDARG00000061020	8.35067	10.0607	6.23072	2.66579	2.63925	2.99321	9.06798	4.37278	2.83181
ENSDARG00000061021	1.1921	2.08181	1.31312	1.08789	1.33959	1.42908	2.03355	1.10743	0.770152
ENSDARG00000061023	3.19057	3.1489	2.46507	1.7049	1.96866	1.66003	5.08464	1.58731	1.25832
ENSDARG00000061024	6.78954	8.35586	6.55135	4.94296	4.43364	5.5003	4.9196	3.68777	2.40119
ENSDARG00000061030	4.53974	8.50485	7.37429	2.06171	3.16394	2.30418	8.81586	7.53905	5.64913
ENSDARG00000061039	33.3766	36.6911	30.5283	7.16421	7.17781	9.39981	23.8115	11.8227	9.13025
ENSDARG00000061040	2.26877	2.23302	1.67985	0.296164	1.31516	1.52018	1.9598	1.50915	1.48694
ENSDARG00000061048	1.88984	2.88825	1.4724	1.62852	1.21567	1.23916	4.42273	1.62555	1.71776
ENSDARG00000061052	27.1208	35.5457	29.2482	5.95044	7.08081	8.29255	9.88913	5.07297	2.89918
ENSDARG00000061057	3.61027	5.12894	2.82454	2.00275	1.97353	2.23428	5.18533	4.37991	1.58819
ENSDARG00000061062	4.23788	6.19758	3.65174	2.92673	3.15855	2.54213	8.73617	3.23119	1.87783
ENSDARG00000061067	4.2588	4.90485	8.11142	2.37588	2.87439	4.85431	5.86862	2.85368	1.52501
ENSDARG00000061081	7.86015	13.0204	12.8414	5.74543	5.5546	8.15872	17.1706	9.72421	2.9996
ENSDARG00000061089	1.93285	2.1075	1.219	0.923225	1.68594	1.48415	1.31141	0.977209	1.39445
ENSDARG00000061093	0.329737	0.402523	0.206667	0.191099	0.203134	0.228055	0.124922	0.148599	0.091354
ENSDARG00000061095	3.35325	4.90417	4.88634	2.55446	3.05144	3.65217	6.58604	1.39711	1.21903
ENSDARG00000061100	39.1586	27.6245	15.3657	16.3757	10.7416	8.53866	35.7423	17.3502	9.70667
ENSDARG00000061108	13.3647	20.8238	14.7667	5.59638	6.81882	7.21991	14.4516	10.4086	6.48219
ENSDARG00000061110	0.222228	1.08285	0.972764	0.472685	0.564787	0.639713	1.2113	1.13626	0.849862
ENSDARG00000061114	1.58052	1.90557	1.75541	1.24401	1.06961	1.4983	3.45085	1.46389	0.680906
ENSDARG00000061120	6.1924	1.51928	0.818066	2.08191	0.897866	0.150486	0.208681	0.0466489	0
ENSDARG00000061121	1.23017	1.71578	1.21437	0.380199	1.38139	0.795698	2.4709	0.993631	0.0735281
ENSDARG00000061123	9.69087	12.7959	13.3653	7.11086	9.67147	10.7547	25.673	13.4273	6.41509
ENSDARG00000061124	5.20307	6.37146	5.67067	1.3904	1.80504	1.55667	3.18487	1.35	0.884208
ENSDARG00000061138	1.26656	1.667	1.54633	0.560946	1.55284	0.984556	2.07688	1.8448	0.973316
ENSDARG00000061143	0.897154	0.797862	1.31253	0.436527	0.629098	0.50692	1.21915	0.553561	0.167937
ENSDARG00000061145	2.0275	2.22296	1.0979	1.87995	1.73219	1.61612	2.50676	1.41746	0.511705
ENSDARG00000061147	2.58562	3.51724	1.90445	1.17648	1.51034	1.59719	4.28098	1.94373	1.08609
ENSDARG00000061159	11.6991	18.497	13.6908	5.38101	6.91429	6.67138	18.1486	13.4882	7.3953
ENSDARG00000061161	30.2399	36.2601	27.9774	10.5159	11.9421	12.2205	16.2305	7.56063	5.40069
ENSDARG00000061169	9.20679	10.5114	10.691	4.43263	6.48457	5.75939	16.9783	10.3643	7.46331
ENSDARG00000061173	15.4167	15.1534	15.9534	9.45071	11.3623	11.7697	19.4673	6.05819	3.78374
ENSDARG00000061180	1.61068	1.46988	0.563076	0.90139	0.401177	1.07819	1.07292	0.393137	0.427785
ENSDARG00000061187	12.296	9.12045	7.0829	3.21646	4.46375	4.49964	5.9997	3.03128	1.53376
ENSDARG00000061195	3.23487	3.6714	3.2801	2.00635	2.65783	2.76398	5.97835	2.44438	2.13323
ENSDARG00000061201	4.61496	8.57047	8.75797	4.21554	2.99221	5.23981	7.84823	4.66935	2.79357
ENSDARG00000061204	1.40403	1.35957	1.61952	0.830826	0.628531	1.03584	2.47002	0.876677	0.477403
ENSDARG00000061207	4.28601	5.92619	5.93083	1.10999	1.63312	2.3838	3.6147	2.18072	1.54684
ENSDARG00000061208	7.01186	9.39211	7.47938	1.77889	2.05355	2.58009	6.79475	2.24059	1.37635
ENSDARG00000061213	1.31699	2.02205	1.55533	0.874521	0.827138	0.88919	1.56699	0.779747	0.523016
ENSDARG00000061214	1.89259	2.52805	2.05937	1.22667	1.30483	1.97418	3.16251	1.81424	0.939918
ENSDARG00000061215	0.416947	0.712301	0.677041	0.348563	0.435963	0.515789	0.610287	0.583822	0.288628
ENSDARG00000061235	8.50566	8.93901	9.77015	4.32001	5.14453	5.71476	8.54907	4.06028	1.74195
ENSDARG00000061243	0.803929	0.77556	1.49445	0.670149	1.0851	0.82651	3.27182	1.4058	0.990719
ENSDARG00000061268	5.61788	6.23856	5.51533	3.67734	4.09023	4.68701	7.55387	2.76818	1.84921
ENSDARG00000061272	0.359433	0.37511	1.19979	0.357624	0.317957	0.232533	0.412927	0.0804352	0.0747041
ENSDARG00000061275	1.91172	2.40847	2.14994	0.674546	1.23288	1.13562	4.02666	1.22176	1.27296
ENSDARG00000061282	2.54515	3.41367	2.72281	1.97684	2.5641	1.96932	5.33756	4.15137	2.77486
ENSDARG00000061294	2.65339	3.10851	2.29784	1.24346	1.74786	1.85095	2.83985	1.42323	0.72363
ENSDARG00000061308	10.5997	13.5433	11.9964	4.61331	5.88068	6.97805	8.63289	14.0813	9.3062
ENSDARG00000061311	0.531944	0.749335	0.533651	0.458597	0.459822	0.998259	2.06266	1.20119	0.453539
ENSDARG00000061312	6.49623	9.21266	7.55964	4.08471	5.90298	6.161	8.70022	5.4176	3.77987
ENSDARG00000061328	0.992597	1.53864	0.547479	0.23462	1.11393	1.36629	1.40404	1.88795	0.636156
ENSDARG00000061335	0.426175	0.532829	0.68647	0.0805886	0.296643	0.231693	0.415781	0.110263	0.131743
ENSDARG00000061338	4.48727	5.83656	5.23675	3.85296	4.94377	4.97593	11.02	6.51676	4.32336
ENSDARG00000061345	1.90624	1.60398	1.96566	1.29548	1.42782	1.13991	2.91295	1.06886	1.33901
ENSDARG00000061354	1.30871	0.887676	0.668141	0.180502	0.164741	0.469813	0.844185	0.134133	0.184324
ENSDARG00000061368	2.17779	0.114248	0	0.37885	0.0403598	0	0.0430255	0	0.0372999
ENSDARG00000061372	2.32334	1.37198	1.63421	0.98196	1.02682	1.09321	1.73057	0.699969	0.374936
ENSDARG00000061373	0.380426	0.311431	0.452558	0.319344	0.1326	0.28533	1.09466	0.386634	0.146435
ENSDARG00000061375	1.78985	1.95965	2.18536	1.10801	1.35755	1.75228	2.53868	1.48126	0.785862
ENSDARG00000061378	0.640878	1.32909	0.925163	0.460196	0.529197	0.774645	1.08192	0.957553	0.44723
ENSDARG00000061380	3.20419	2.46532	1.32414	0.698944	0.183421	0.273943	1.03153	0.432341	0.322917
ENSDARG00000061385	1.52924	2.02637	3.32749	0.866154	1.2765	1.50511	2.84525	1.0935	0.652513
ENSDARG00000061394	55.5521	57.9754	44.1485	19.3599	19.9825	20.707	26.7422	14.5353	10.8256
ENSDARG00000061397	50.6022	68.6377	73.709	29.2027	19.3163	28.4627	39.46	28.8076	17.7962
ENSDARG00000061398	0.754656	0.919307	0.776567	0.601098	0.30321	1.15269	3.49566	1.31512	0.338386
ENSDARG00000061400	2.31391	1.05953	1.54184	1.03151	0.656655	1.11407	1.41935	0.491261	0.379747
ENSDARG00000061409	0.412448	0.981251	1.24229	0.453301	0.341299	0.544368	0.834809	0.36486	0.112169
ENSDARG00000061411	27.6443	41.626	29.6973	11.3151	14.4908	18.4877	41.5833	21.3875	13.0985
ENSDARG00000061413	7.07872	9.52639	7.48883	2.8517	3.44926	4.7711	8.15035	3.8332	3.0017
ENSDARG00000061414	4.66855	5.93431	5.07726	6.30847	7.34719	5.14001	10.4024	10.8994	5.24611
ENSDARG00000061421	0.274058	0.285518	0.271824	0.102621	0.281157	0.555282	1.09652	0.257889	0.0488122
ENSDARG00000061424	6.03248	2.93347	2.17197	3.55575	2.31843	2.09922	4.13468	1.38321	1.12639
ENSDARG00000061437	2.26102	3.01877	3.12404	1.53647	2.45558	2.24953	3.54224	2.36107	1.13132
ENSDARG00000061445	0.336759	0.432703	0.325747	0.0479585	0.198396	0.0904466	0.287221	0.128611	0.122133
ENSDARG00000061450	2.86719	4.51554	3.46517	1.92953	1.8802	2.94174	5.30516	4.46844	2.69339
ENSDARG00000061451	9.31158	11.9558	9.11019	3.77356	3.8536	3.14196	6.12131	3.90397	1.06458
ENSDARG00000061458	8.41125	8.58284	9.26693	3.50291	2.78434	4.10079	5.45451	1.8135	1.56102
ENSDARG00000061459	9.17522	11.7189	14.672	4.94288	7.48634	8.77639	7.34847	4.95564	3.16153
ENSDARG00000061468	7.745	11.0022	10.8721	5.07766	5.78018	6.75621	12.5853	5.81788	2.79202
ENSDARG00000061471	0.211192	0.607687	0.574453	0.100155	0.120454	0.124626	0.352467	0.829222	0.109963
ENSDARG00000061472	2.76951	3.62716	2.78236	1.45784	2.70977	2.81495	1.53282	1.21477	0.406342
ENSDARG00000061478	2.19546	2.22559	3.46429	1.03391	1.20573	1.46914	3.66549	1.75068	1.61798
ENSDARG00000061490	11.3714	8.18079	5.9659	3.76623	3.52109	3.99425	6.13526	3.09553	1.37487
ENSDARG00000061504	1.46769	2.22469	2.08167	0.933399	2.08644	2.26074	3.5199	2.58614	1.47835
ENSDARG00000061505	2.02086	2.67689	3.91752	1.49772	1.87587	2.70544	2.76262	1.64457	0.533156
ENSDARG00000061506	1.55958	1.81151	1.5481	1.09267	0.817329	1.62378	2.2521	0.945156	0.312641
ENSDARG00000061508	3.76783	4.49365	3.83504	2.05054	2.24559	2.54892	3.60703	1.94589	1.59385
ENSDARG00000061520	1.18681	0.6845	0.769482	0.809603	1.13401	1.67482	1.66675	0.30389	0.406363
ENSDARG00000061525	7.178	6.22769	5.79106	2.60845	2.50426	4.13515	5.43543	2.57521	0.874039
ENSDARG00000061532	0.794472	1.54364	1.33756	0.508047	0.602052	1.20765	1.96582	0.50637	0.256525
ENSDARG00000061541	0.422668	0.496561	1.19214	0.676421	0.453599	0.559289	1.25237	0.393556	0.147505
ENSDARG00000061547	26.6501	3.2953	0	8.96442	2.79021	0	0.80532	0	0.682595
ENSDARG00000061553	1.02533	1.33225	1.46556	0.604502	1.02163	1.32106	2.10461	1.05848	0.822939
ENSDARG00000061570	1.00604	1.43148	1.04847	0.417218	0.461194	0.768298	1.50346	1.70605	0.862077
ENSDARG00000061573	0.930184	0.929564	1.27592	0.596823	0.555291	0.21954	1.64772	0.655398	0.382762
ENSDARG00000061579	0.34506	0.597573	0.357759	0.373488	0.413023	0.443212	0.787633	0.471745	0.296765
ENSDARG00000061587	3.20583	5.13933	4.09645	1.97253	2.78209	2.46237	3.41834	3.371	1.31236
ENSDARG00000061590	16.2294	18.9046	17.1977	5.35647	6.85329	7.59719	10.1788	5.13888	3.56476
ENSDARG00000061600	1.86828	1.73986	2.03258	1.56281	1.70149	1.63378	3.69175	1.8045	0.890072
ENSDARG00000061610	2.37998	0.67538	1.26859	0.485459	1.21694	0.567907	0.459706	0.778039	0.104482
ENSDARG00000061631	3.65623	4.22181	3.88216	1.26597	1.74896	1.98224	2.72825	1.50387	1.13499
ENSDARG00000061634	2.91908	1.38311	1.68658	0.604631	0.563231	1.42344	0.946908	0.319642	0.132775
ENSDARG00000061640	6.14262	7.54466	5.18387	2.30547	3.11025	3.2146	5.22481	3.53503	2.04526
ENSDARG00000061651	0.683777	0.755506	0.897847	0.765047	0.810225	0.969829	0.920667	0.692016	0.137511
ENSDARG00000061654	3.00383	4.16983	4.19576	1.53205	1.9402	2.60401	3.56551	2.32121	1.84761
ENSDARG00000061656	0.556427	0.64553	0.516372	0.260075	0.217295	0.287602	0.50829	0.273639	0.205594
ENSDARG00000061658	1.06435	1.16057	1.83284	0.556241	1.11349	1.18276	1.55667	0.90728	0.601238
ENSDARG00000061660	1.07613	1.49252	0.839679	1.08239	0.70137	0.909909	1.74364	0.528685	1.00142
ENSDARG00000061682	1.46096	1.52947	1.11166	0.989765	0.877088	1.28462	4.30286	2.28427	2.2918
ENSDARG00000061687	3.73647	5.95317	7.7827	1.47227	1.17037	1.97158	4.95094	3.98822	2.76408
ENSDARG00000061688	1.88855	3.59791	4.53969	1.14304	2.23937	1.60128	3.40853	2.1794	1.97909
ENSDARG00000061690	1.77043	2.04482	2.81802	0.904822	0.704001	1.09442	2.6196	0.995614	0.466481
ENSDARG00000061699	1.74191	1.87958	2.51508	1.34472	1.10153	1.73868	2.3614	2.15	1.32432
ENSDARG00000061713	1.10792	1.95865	2.10574	0.33493	0.413194	0.307767	2.16448	0.783141	0.7859
ENSDARG00000061719	0.188403	0.424662	0.362136	0.219097	0.3782	0.368551	0.441931	0.195675	0.0865107
ENSDARG00000061723	4.45206	7.86396	4.93607	2.27658	2.24948	2.47392	3.81185	1.6458	3.84644
ENSDARG00000061724	13.0526	14.8032	11.4811	7.8172	8.53445	10.7965	13.71	11.2389	5.09012
ENSDARG00000061725	6.08157	6.37924	7.55274	2.55199	4.03662	4.45188	10.4203	5.06222	3.90057
ENSDARG00000061732	21.5702	25.158	39.2475	9.53048	12.0231	13.0036	22.2645	27.8389	9.91492
ENSDARG00000061735	54.4177	23.2334	16.8327	11.8162	7.23093	5.33921	6.18178	4.31297	4.733
ENSDARG00000061738	0.595064	0.447281	0.816183	0.654434	1.18349	0.746455	1.37914	1.17344	0.819261
ENSDARG00000061741	5.28309	5.69453	4.86808	1.99199	3.93828	4.03866	3.63961	1.7106	1.42345
ENSDARG00000061742	2.68589	3.93871	2.29187	1.81689	1.25073	2.20558	2.24436	2.77238	1.59544
ENSDARG00000061751	5.3499	6.97969	6.42249	3.90951	3.23764	5.25791	18.3502	6.47269	12.4113
ENSDARG00000061752	0.570879	1.7223	1.74606	0.689911	0.784381	0.887191	1.22153	1.09965	0.514142
ENSDARG00000061757	4.06064	4.77366	4.49854	2.1908	2.47093	4.58974	5.85073	2.28826	1.29172
ENSDARG00000061758	3.12087	0.831347	0	1.02507	0.31248	0	0	0	0
ENSDARG00000061759	7.88871	8.52958	7.17106	2.36551	3.17058	3.10355	6.75394	4.49421	2.68928
ENSDARG00000061763	1.43362	2.13621	0.661521	0.658393	0.462925	0.331487	0.485099	0.454896	0.896439
ENSDARG00000061764	2.74486	2.72551	2.64602	1.32564	1.29722	1.65843	0.736223	0.40651	0.330598
ENSDARG00000061773	4.05337	1.37073	0.365158	1.80321	0.440877	0.287956	0.264349	0.0711205	0.0662671
ENSDARG00000061774	7.96131	8.3976	6.89407	2.57655	2.86701	3.74158	3.71321	1.89499	0.506695
ENSDARG00000061778	2.86687	4.35005	2.99988	1.96831	2.39042	2.64137	6.81305	4.03967	2.44951
ENSDARG00000061786	4.9662	6.62044	4.59677	1.60463	2.17694	2.79186	4.23781	2.82573	1.64839
ENSDARG00000061789	1.80229	2.25395	1.54749	1.00486	1.68366	1.62071	2.54212	1.70337	0.944432
ENSDARG00000061794	1.29106	2.14139	1.27355	0.545394	0.539823	0.546408	0.929406	1.23999	1.04647
ENSDARG00000061802	17.901	18.8386	20.342	15.506	8.08886	17.3818	47.5404	20.8695	15.2663
ENSDARG00000061809	0.458674	0.591971	0.515804	0.121693	0.0779012	0.124839	0.374556	0.319742	0.182301
ENSDARG00000061841	2.66325	1.81864	2.45463	0.795387	1.04992	1.57128	3.02056	1.45488	0.481633
ENSDARG00000061844	0.903985	0.831601	1.3145	0.747742	0.549922	1.13279	1.11753	0.552302	0.459287
ENSDARG00000061854	7.6973	9.51648	6.17015	3.65939	3.10846	3.97992	2.60704	1.10184	0.525333
ENSDARG00000061862	6.66661	9.06413	7.28636	2.7947	3.24195	3.90358	3.84237	2.96586	1.74673
ENSDARG00000061864	2.76312	2.8905	3.91532	2.16347	2.5356	4.04974	5.04389	2.48488	0.901282
ENSDARG00000061865	2.78131	3.05796	3.55892	1.42169	1.68263	2.21661	2.25869	1.59555	0.813047
ENSDARG00000061895	3.63126	3.81184	4.59666	2.13134	2.48353	2.21117	7.41669	3.54402	3.02692
ENSDARG00000061901	3.57742	3.39884	2.33691	1.41851	1.07255	1.02293	2.0058	1.28831	1.22072
ENSDARG00000061904	3.06145	1.69566	1.87854	1.00406	0.630412	0.6417	1.09349	1.57362	0.992852
ENSDARG00000061908	0.811602	1.37852	1.50056	0.273468	0.509891	1.20332	1.35695	1.06883	0.508355
ENSDARG00000061915	2.59428	3.08991	2.02423	1.10836	1.57649	2.77478	5.08978	1.88684	2.35183
ENSDARG00000061916	3.3691	5.08197	7.35232	2.83611	4.62297	6.72164	23.2502	11.5146	12.1154
ENSDARG00000061922	1.65209	1.36048	0.59642	0.486036	0.64005	0.678825	0.548035	0.563821	0.166629
ENSDARG00000061923	16.5301	3.65484	3.2657	10.0703	1.89061	2.4346	3.27029	2.32064	1.20658
ENSDARG00000061928	3.48413	3.76797	2.88071	1.63495	1.6478	1.72527	2.20413	0.939573	0.581825
ENSDARG00000061929	11.8465	14.8153	10.8119	5.62915	5.67736	7.39945	14.3627	9.08705	4.55839
ENSDARG00000061936	1.52514	1.4042	2.26303	0.508642	1.17769	1.17647	1.42989	0.661085	0.65869
ENSDARG00000061941	0.526661	0.904854	0.619732	0.586649	0.646949	0.924328	0.979427	0.672487	0.39202
ENSDARG00000061948	0.300723	0.415353	0.311331	0.0340349	0.162345	0.190283	0.243606	0.552336	0.243645
ENSDARG00000061951	20.5934	18.5642	11.4359	7.36845	7.43055	6.04791	3.45382	2.27185	1.80516
ENSDARG00000061952	4.30988	5.15048	3.66381	2.53012	3.06556	3.54069	3.85752	1.85319	0.728117
ENSDARG00000061960	1.12137	0.99419	1.37278	0.792008	0.75907	1.08581	3.73308	1.31962	1.75705
ENSDARG00000061963	4.89439	4.38676	5.91195	3.01889	4.55248	6.68329	11.679	6.75717	4.09764
ENSDARG00000061976	1.81353	2.77569	2.6171	0.844621	1.17328	1.67713	2.48786	1.24361	0.796957
ENSDARG00000061981	0.747579	1.17311	0.721427	0.415449	0.535105	0.649614	0.927469	0.330052	0.0860117
ENSDARG00000061986	0.109296	0.195839	0.616528	0.10589	0.401305	0.488692	0.30274	0.101988	0.0558322
ENSDARG00000061992	5.86062	8.35799	5.38933	2.42465	3.1768	3.39002	9.9954	7.66959	5.19252
ENSDARG00000061993	1.44575	2.77322	3.40791	0.346618	0.433666	0.520931	0.648457	0.258103	0.189022
ENSDARG00000061994	0.361326	0.391464	0.367225	0.160905	0.188522	0.340071	0.266395	0.113144	0.0956374
ENSDARG00000062002	9.43679	10.7603	10.2196	4.7512	6.06031	6.90948	11.9761	6.30834	3.95901
ENSDARG00000062003	0.433668	0.315907	0.28164	0.128469	0.122217	0.202295	0.360515	0.0348468	0.0951887
ENSDARG00000062016	1.57952	2.3463	1.48248	1.00113	0.994686	1.40248	2.03102	0.91484	1.1149
ENSDARG00000062019	2.64203	2.78475	4.04363	1.37257	1.20654	2.28921	1.98682	0.56621	0.341444
ENSDARG00000062020	19.0535	22.7719	20.085	10.4244	11.9547	13.8096	29.494	24.7033	15.8114
ENSDARG00000062023	0.933901	2.21107	2.28257	1.03589	0.977103	1.13788	2.33049	1.68924	0.849774
ENSDARG00000062025	1.73317	1.58264	1.35173	1.11272	1.38266	1.70472	2.92926	1.48666	0.822697
ENSDARG00000062044	0.595748	0.895913	0.725512	0.230944	0.255954	0.38471	0.583326	0.286001	0.159305
ENSDARG00000062045	1.87969	3.27267	2.63339	0.506816	0.95583	0.938411	2.23306	1.09121	0.596
ENSDARG00000062049	2.89326	3.73985	3.06974	1.11984	1.63488	2.22732	6.77455	4.76949	1.98017
ENSDARG00000062052	10.4149	15.3906	11.4538	4.38611	3.33194	8.1662	12.209	4.36797	4.42366
ENSDARG00000062053	0.35849	1.24601	0.58729	0.0892218	0.168383	0.295122	0.504699	0.409344	0.268938
ENSDARG00000062055	7.98418	9.60167	7.97238	4.26799	5.56525	5.80247	13.2586	11.4076	7.1715
ENSDARG00000062058	1.21144	1.54347	1.31874	0.607684	0.607274	0.463537	0.490262	0.200733	0.355
ENSDARG00000062060	1.38648	1.45377	1.37227	0.94316	1.66006	2.31649	2.32016	0.733815	0.594951
ENSDARG00000062063	18.1368	25.8295	21.2385	5.05758	7.80912	7.52825	22.2468	13.1272	10.1592
ENSDARG00000062078	0.755734	1.32617	1.98789	0.647869	0.487898	0.573942	0.518916	0.127856	0.0385574
ENSDARG00000062081	2.02134	1.96603	2.55778	1.45724	1.95253	2.30211	2.93438	1.72253	1.52138
ENSDARG00000062085	0.855162	0.57623	1.22005	0.157155	0.255806	0.418916	0.1371	0.0910317	0.0279214
ENSDARG00000062089	1.9639	1.98435	1.54109	0.960087	1.62173	1.44434	2.56868	1.4031	0.561298
ENSDARG00000062109	1.84792	2.82563	1.66915	0.99238	0.889255	0.851395	2.13975	1.14899	0.815235
ENSDARG00000062114	13.7986	19.1542	17.0862	7.19666	11.2686	15.666	40.8294	20.1695	14.4809
ENSDARG00000062116	2.67675	4.07275	2.89536	1.04576	2.02993	2.35516	5.0283	3.62698	2.3513
ENSDARG00000062123	2.07363	3.04986	2.84247	1.05044	0.821659	1.80886	3.87956	1.65653	1.12075
ENSDARG00000062137	3.69489	4.19023	2.94578	2.13423	3.15244	3.2653	3.60314	1.58896	1.34142
ENSDARG00000062138	2.60899	3.08893	2.87011	1.446	2.09813	2.80707	5.74818	3.22769	2.38915
ENSDARG00000062139	17.6387	24.2606	15.9145	4.94387	10.8839	12.2994	34.9055	15.5175	7.17454
ENSDARG00000062146	4.274	3.81528	3.70722	1.3117	1.86332	2.67766	7.12912	4.58563	2.73807
ENSDARG00000062148	4.62339	5.47604	4.55675	3.16665	3.30647	4.50575	7.36443	3.24866	2.23215
ENSDARG00000062152	34.7376	34.8582	26.1573	9.47557	10.5536	12.1543	19.0855	11.7093	5.76579
ENSDARG00000062157	17.7684	21.146	18.899	7.51326	9.51383	14.0199	13.5356	7.01312	3.52728
ENSDARG00000062164	1.77469	2.24999	2.16136	1.48477	2.44464	2.12351	2.76225	2.17774	1.33791
ENSDARG00000062168	1.67072	1.84046	1.77298	0.419967	0.56825	0.596166	0.513963	0.263984	0.260948
ENSDARG00000062173	1.05567	1.27223	1.02266	0.188939	0.310663	0.241902	1.17338	0.830367	0.448051
ENSDARG00000062178	1.45377	1.81489	1.22391	1.4697	1.42061	1.30509	2.16949	1.01019	0.915244
ENSDARG00000062181	3.45991	2.71738	4.50351	0.784646	1.22737	2.22272	5.79601	3.03368	1.48892
ENSDARG00000062187	1.60942	2.04476	2.13134	0.56701	0.879421	1.58143	1.34454	0.842213	0.415384
ENSDARG00000062190	1.49457	2.41894	2.14284	0.684254	0.872501	0.97128	2.34254	1.52059	0.775943
ENSDARG00000062192	4.19474	5.98485	4.3656	2.51728	3.89888	4.14328	10.3316	5.53991	3.40366
ENSDARG00000062195	0.0340977	0.169342	0.101317	0.0289733	0.0880785	0.088403	0.0573807	0.163517	0.141826
ENSDARG00000062198	9.13414	14.2382	12.4029	7.39218	9.99252	10.7306	16.3854	9.51808	5.45977
ENSDARG00000062199	0.309963	0.662444	0.287576	0.214844	0.169844	0.280116	0.771155	0.47954	0.249422
ENSDARG00000062206	19.984	27.2153	14.5755	4.9795	4.52472	7.45269	8.84529	4.72304	2.50965
ENSDARG00000062209	1.15122	2.66646	1.56735	0.794512	0.97572	0.809273	1.71725	0.64173	0.539693
ENSDARG00000062220	0.110624	0.452382	0.258019	0.0456889	0.0637709	0.084677	0.0731475	0.047279	0.113144
ENSDARG00000062221	0.357092	0.717064	0.178747	0.0309717	0.114196	0.0587469	0.218697	0.0494577	0.0683133
ENSDARG00000062222	0.474536	0.313599	0.233054	0.0906075	0.0297389	0.151689	0.210592	0.0654648	0.0386678
ENSDARG00000062226	14.4014	21.0622	15.1553	2.39314	2.4638	2.87887	6.51009	4.93729	2.39887
ENSDARG00000062237	8.13585	4.60396	6.45688	3.81824	2.65586	3.94078	4.42825	2.8118	1.36922
ENSDARG00000062241	1.94901	1.71634	0.0445775	0.73643	0.406319	0.0588338	0	0	0.0498281
ENSDARG00000062244	22.6423	31.1547	22.0213	9.11199	12.7233	12.6222	25.9357	11.2444	5.10872
ENSDARG00000062248	2.78939	5.89534	2.52243	2.05164	2.66035	2.02059	4.11006	3.47389	3.10648
ENSDARG00000062258	1.06809	1.609	1.49058	0.682844	1.22525	1.39713	1.67908	0.879288	0.750215
ENSDARG00000062266	7.48534	8.99828	6.77625	3.43539	4.19818	4.24321	6.82202	4.16668	2.69499
ENSDARG00000062267	5.36197	8.97901	5.59544	2.95285	4.45353	4.90006	6.94985	3.11703	2.01507
ENSDARG00000062268	5.0106	8.1156	5.80193	2.60974	3.82511	3.54974	9.82285	6.86162	3.98245
ENSDARG00000062269	1.01803	1.11465	1.31618	0.658809	0.552503	0.79242	1.13839	1.01555	0.353989
ENSDARG00000062270	2.04539	1.93297	3.10212	0.696327	1.60818	0.869608	2.90968	3.16961	0.954068
ENSDARG00000062272	1.48829	1.60757	1.2442	0.717543	0.671087	1.05574	1.09904	0.755756	0.463556
ENSDARG00000062280	1.99195	1.89716	0.483211	1.11099	1.12765	1.46592	3.53939	1.17651	1.26244
ENSDARG00000062302	2.66272	4.80186	3.70335	2.19439	3.06951	2.9269	7.31543	4.28459	2.13584
ENSDARG00000062307	1.5387	3.95364	3.55898	1.46747	1.59643	2.03368	1.94849	1.28846	0.652777
ENSDARG00000062310	0.777003	1.15737	1.16629	0.7102	0.598406	0.527842	2.16028	1.51668	1.46931
ENSDARG00000062326	11.3154	6.32434	4.94496	5.46106	4.62226	5.39865	5.19079	2.39969	0.934703
ENSDARG00000062329	0.899233	1.60762	2.98861	0.364279	0.422104	0.654008	1.84837	2.13524	1.13343
ENSDARG00000062330	11.7032	9.80176	12.8963	4.06894	5.03296	5.69684	11.3047	6.24071	4.90172
ENSDARG00000062335	0.984699	1.7733	0.748327	0.459156	0.385551	1.12313	1.04259	0.324704	0.222879
ENSDARG00000062338	0.412775	1.58724	0.94357	0.266093	0.646967	0.806038	2.98693	0.349449	0.828056
ENSDARG00000062347	1.46215	2.01002	1.49108	0.534962	0.549461	1.02637	1.84194	1.43115	1.1443
ENSDARG00000062352	1.48746	2.15286	1.29931	0.856027	1.54491	1.4527	2.34315	0.760921	0.708052
ENSDARG00000062361	2.87553	2.20642	3.26952	0.626197	0.94958	1.19444	1.4534	0.452233	0.494841
ENSDARG00000062362	1.10066	0.615668	1.35703	0.417833	0.624574	1.3498	1.73649	0.898159	0.375061
ENSDARG00000062363	5.75672	8.01692	7.54965	3.81915	4.23182	4.51285	9.09708	5.00569	1.91536
ENSDARG00000062370	1.1601	1.27187	0.983455	0.492681	0.96333	1.00623	1.71612	0.839849	0.692475
ENSDARG00000062380	4.58917	3.06022	5.48225	2.05335	4.74148	4.66492	3.95072	3.49341	1.06846
ENSDARG00000062385	1.37233	1.23644	1.40583	1.10376	0.689773	1.63397	0.862177	0.508778	0.35983
ENSDARG00000062390	3.835	4.31367	3.94749	0.883556	1.00683	0.836559	3.17814	1.13843	0.354048
ENSDARG00000062396	0	1.96685	1.47583	0	1.36039	0.685965	2.95108	0.543139	0
ENSDARG00000062418	10.5507	13.993	10.3821	4.63688	5.94414	6.73263	15.6718	7.22201	5.17715
ENSDARG00000062445	3.64967	4.20768	3.69051	1.91208	1.50943	2.164	5.49047	3.2434	2.06326
ENSDARG00000062449	1.46732	1.77046	1.87087	0.925944	0.942008	1.07005	4.85189	1.57393	1.60373
ENSDARG00000062450	2.88829	1.72894	2.04828	1.01787	0.810457	0.934927	2.69037	1.3344	1.06166
ENSDARG00000062451	0.373621	0.258086	0.357077	0.344809	0.0841565	0.296695	1.09365	0.74656	0.25256
ENSDARG00000062457	4.28084	4.36474	3.52879	2.8409	3.24124	2.22478	2.81351	4.06764	1.45926
ENSDARG00000062460	0.438702	0.303898	0.596186	0.185441	0.501908	0.842903	0.723037	0.427668	0.261315
ENSDARG00000062463	1.17984	0.988812	0.926682	0.548391	0.470603	0.65691	1.08858	0.468634	0.353313
ENSDARG00000062465	1.05825	1.25937	0.689754	0.827076	0.361411	0.531186	1.43165	0.436913	0.454818
ENSDARG00000062469	9.67194	10.2185	9.50748	5.03656	4.40992	5.48679	6.85338	5.87825	3.68488
ENSDARG00000062472	4.0552	5.41848	6.22141	2.46838	2.39741	3.1872	4.96284	3.54711	2.03344
ENSDARG00000062485	1.98009	2.26387	2.71359	1.5227	2.10816	2.31722	3.01859	2.27532	0.70056
ENSDARG00000062489	3.88775	5.87326	6.00026	4.10138	3.56605	3.60248	7.54711	2.52258	1.8004
ENSDARG00000062506	30.2913	37.7296	30.3863	10.2308	12.5816	12.4457	22.8992	14.3113	8.63058
ENSDARG00000062511	4.26058	5.93663	3.6451	2.58665	2.54347	2.63022	4.21411	2.88604	1.40321
ENSDARG00000062513	1.29968	1.0688	1.0153	0.160753	0.251168	0.439102	0.515173	0.55474	0.362349
ENSDARG00000062515	1.12767	1.32473	0.64095	0.344217	1.13756	0.57054	0.658916	0.324679	0.352207
ENSDARG00000062517	2.29203	0.323217	0	0.68995	0.0343935	0	0	0	0
ENSDARG00000062518	1.46843	1.23162	0.982247	0.726285	0.922034	1.46115	2.97852	0.963641	0.499548
ENSDARG00000062521	0.537375	0.482572	0.615668	0.322491	0.327431	0.50688	1.52045	0.801008	0.561279
ENSDARG00000062524	2.85887	3.50339	9.64075	0.613091	0.109542	0.106146	2.9056	0.370338	0.0903042
ENSDARG00000062531	0.353986	0.335915	0.220344	0.0747075	0.206642	0.0794577	0.247722	0.0190784	0.0355587
ENSDARG00000062532	4.48247	4.65932	4.89927	2.81418	3.32461	3.47726	6.55798	3.14768	2.48787
ENSDARG00000062538	1.08249	0.817764	0.407172	0.454811	0.467957	0.30227	1.00398	0.77202	0.0893913
ENSDARG00000062542	4.23529	4.19839	2.87305	2.92974	3.03183	3.14024	6.18279	2.5294	4.48348
ENSDARG00000062543	1.06268	0.41782	0	0.427906	0.0927697	0.022014	0	0	0
ENSDARG00000062550	2.29644	1.35531	1.51252	0.761367	0.408695	0.654762	2.05349	1.32326	1.05725
ENSDARG00000062553	0.28987	0.331361	0.24701	0.181545	0.353785	0.198042	0.498777	0.221054	0.114598
ENSDARG00000062558	2.13721	2.15353	1.99153	1.33721	1.08702	1.87392	2.45059	1.14028	1.22508
ENSDARG00000062568	1.1063	1.38837	1.23926	1.37173	1.2258	0.996905	0.530218	0.858111	0.756431
ENSDARG00000062573	2.54917	4.66998	3.87324	1.1494	2.54624	1.94985	7.58542	3.9701	1.72103
ENSDARG00000062575	0.661408	0.363218	0.910402	0.82661	1.05394	0.414516	1.14377	0.34337	0.221365
ENSDARG00000062577	6.50754	8.60248	6.65377	3.34032	4.17144	3.59785	5.15961	2.91218	1.5266
ENSDARG00000062585	1.17117	1.94146	1.75345	0.715464	1.06573	1.69578	1.82251	0.660302	0.4722
ENSDARG00000062593	0.924177	0.403593	0.511458	0.555018	0.834702	0.789754	1.28151	0.7035	0.277367
ENSDARG00000062601	2.04354	2.81423	1.21378	0.799858	1.72276	2.31293	0.856297	0.759047	0.0992492
ENSDARG00000062612	3.599	3.91204	4.70568	1.51147	2.61003	2.3226	3.52562	1.69061	1.2621
ENSDARG00000062621	0.23807	0.268352	0.071918	0.0753401	0.103727	0.029598	0.295805	0.159568	0.0220623
ENSDARG00000062627	0.64835	0.493684	0.582994	0.428128	0.56771	0.562482	0.470128	0.179701	0.16902
ENSDARG00000062636	1.98034	1.45015	1.08918	1.11422	1.10333	1.31832	3.13019	0.958298	0.762648
ENSDARG00000062640	0.773428	0.442706	0.127348	0.328437	0.336545	0.273865	0.446629	0.639666	1.1039
ENSDARG00000062650	15.8544	21.7697	17.7845	8.52255	12.8666	13.8569	20.9891	9.39357	4.64016
ENSDARG00000062651	7.81429	8.91104	7.53131	2.92221	2.91296	4.81322	2.17565	1.13367	1.51784
ENSDARG00000062655	1.53575	2.16249	1.0576	0.591849	1.32932	1.02811	3.35814	1.34661	0.61609
ENSDARG00000062674	3.72849	2.02888	1.85732	1.92871	0.570604	0.92699	2.63708	1.87579	1.23514
ENSDARG00000062699	1.92061	3.34166	4.63383	1.06039	1.28856	1.60041	2.09927	1.41999	0.813254
ENSDARG00000062721	0.449245	0.966919	0.849982	0.319719	0.258266	0.574217	1.1836	0.806915	0.194726
ENSDARG00000062727	4.44972	4.85451	3.98855	1.33394	1.52341	1.93222	2.07397	0.989035	0.369266
ENSDARG00000062745	0.323194	0.262017	0.753862	0.678498	0.312272	0.862228	1.37465	1.17733	0.173275
ENSDARG00000062748	0.256573	0.392748	0.611536	0.308619	0.238278	0.215943	0.385738	0.205922	0.145366
ENSDARG00000062749	1.61349	1.97912	2.75338	1.25245	1.88868	1.22659	2.62681	1.29304	0.813085
ENSDARG00000062752	0.267023	0.152161	0.0634105	0.0812589	0.020171	0.0815226	0.0540839	0.0763186	0.0135104
ENSDARG00000062757	1.30701	2.28563	1.13653	0.855932	1.52652	1.33459	2.13882	2.36417	0.649588
ENSDARG00000062765	12.2276	15.138	12.0684	5.93964	6.77308	6.81629	20.965	11.0412	8.65661
ENSDARG00000062770	1.03042	1.26548	0.747285	0.812929	0.383699	1.22851	0.846492	0.761973	1.18811
ENSDARG00000062785	1.11126	1.88	1.19817	0.831217	1.1276	1.24871	2.38757	1.03224	0.818615
ENSDARG00000062794	28.2283	38.7031	40.1883	17.0005	18.1176	27.4861	67.7967	65.2433	37.9436
ENSDARG00000062795	1.37697	2.09293	3.09921	0.274021	1.21067	0.901559	1.02476	0.443423	0.407119
ENSDARG00000062799	0.919692	1.69091	1.51696	0.434786	1.23064	0.874704	2.76332	0.544732	0.512967
ENSDARG00000062801	0.844922	0.702132	1.2657	0.531108	0.533753	0.756425	1.12509	0.798847	0.340083
ENSDARG00000062823	1.8814	1.36545	1.65823	1.58376	1.3883	1.29448	2.09278	1.19985	0.777221
ENSDARG00000062831	9.50229	8.21988	7.2443	5.37488	4.26813	3.84212	7.7676	4.00162	3.02163
ENSDARG00000062837	4.13246	6.09872	5.87964	2.76827	4.1459	4.7169	8.32616	5.57543	4.47677
ENSDARG00000062846	1.49294	2.26462	2.00773	1.04587	1.31036	1.54911	2.91977	1.50891	1.06031
ENSDARG00000062864	0.856996	0.869411	1.3428	0.476342	0.454656	1.03292	1.19108	0.408491	0.432387
ENSDARG00000062868	6.77559	7.50413	4.64066	3.01673	3.5125	3.39385	4.01308	3.67307	2.38589
ENSDARG00000062872	1.41044	2.93841	2.51987	0.913646	1.08111	2.00927	2.24042	0.966988	0.544976
ENSDARG00000062884	1.46155	2.15147	1.25405	0.525082	0.803734	1.18033	2.36602	1.05551	0.630301
ENSDARG00000062893	13.0162	11.7156	9.91613	9.08481	8.71537	9.15879	12.7239	5.86731	2.69307
ENSDARG00000062897	4.10775	6.71588	5.39963	1.91037	2.85719	3.23417	5.3338	3.55854	2.42019
ENSDARG00000062898	2.28262	2.40817	1.33993	0.706266	1.0545	1.29491	1.5952	0.851945	0.270086
ENSDARG00000062904	0.626972	0.186748	0.220208	0.0633601	0.030919	0.0308263	0.0295405	0	0
ENSDARG00000062909	5.82579	4.75878	4.68649	3.68196	4.20115	4.35637	6.41481	3.47407	3.19073
ENSDARG00000062915	0.898435	1.00708	0.792909	0.526467	0.656831	1.03473	1.60697	0.633676	0.613233
ENSDARG00000062916	0.907475	0.720203	1.16864	0.345923	0.515501	0.457684	1.24224	0.389534	0.479684
ENSDARG00000062919	1.75141	1.00806	1.479	0.870978	1.85644	2.05288	1.13284	0.434318	0.247233
ENSDARG00000062933	7.89296	9.60241	8.52134	2.89691	3.14045	3.56123	7.91119	4.3084	3.83924
ENSDARG00000062948	0.809594	1.12429	1.02175	0.236151	0.36979	0.555385	1.50167	0.95794	0.308143
ENSDARG00000062955	1.06166	1.0433	1.46082	0.455275	0.538905	0.686758	0.97488	0.396228	0.444502
ENSDARG00000062956	0.99814	0.961556	1.17017	0.478305	0.599	0.495532	1.14078	0.666172	0.317667
ENSDARG00000062958	4.6769	3.52003	3.91684	1.81439	1.29837	1.2017	1.88413	1.91795	1.02577
ENSDARG00000062962	13.0576	15.5186	15.2126	6.8175	8.54855	10.2861	14.1598	8.47177	4.76745
ENSDARG00000062968	3.67744	4.958	4.40889	2.29776	2.62339	2.61446	5.28544	3.58345	1.84132
ENSDARG00000062970	3.70856	3.39438	3.25941	1.94185	2.41149	2.52529	4.1906	1.60777	0.864506
ENSDARG00000062971	0.44471	0.436759	0.651909	0.153385	0.143258	0.433789	2.76375	0.75148	0.282563
ENSDARG00000062972	2.35307	3.35779	2.80428	1.41604	2.1107	1.95282	2.34229	0.968627	0.720471
ENSDARG00000062973	3.49785	4.02526	3.2424	1.11558	1.23324	1.63674	3.48811	1.29248	1.2461
ENSDARG00000062976	0.373242	0.209948	0	0.202978	0.0519636	0.092869	1.22355	0.284076	0.218969
ENSDARG00000062977	4.35574	3.57007	2.35161	1.69475	1.55698	0.693264	3.68992	1.32265	0.769307
ENSDARG00000062983	3.06002	3.57848	2.87812	1.42607	1.12563	1.34063	1.46951	0.860525	0.597281
ENSDARG00000062986	5.47412	6.93524	6.11897	5.41501	5.10593	6.30351	7.95835	5.0034	3.88618
ENSDARG00000062987	5.37872	6.24295	4.36599	1.90208	3.12545	3.1023	3.54809	1.71484	0.919029
ENSDARG00000062991	4.44405	6.29915	4.68745	2.72672	3.4742	2.93907	10.9723	7.06894	8.56013
ENSDARG00000062997	1.05192	1.51311	0.350729	0.382555	0.369611	0.401011	0.359301	0.554366	0.29015
ENSDARG00000063001	1.07909	4.01046	4.04416	1.33737	2.1868	3.19047	4.50071	3.01841	2.20419
ENSDARG00000063003	0.931895	1.27704	2.27498	0.401516	0.302027	0.375912	0.493603	1.39104	0.55219
ENSDARG00000063005	1.00949	1.04826	0.769088	0.25857	0.235865	0.0486074	0.320799	0.360468	0.394854
ENSDARG00000063007	0.163733	0.341012	0.200482	0.238818	0.211613	0.36397	0.336446	0.12036	0.0492251
ENSDARG00000063021	5.08473	5.25928	5.12339	3.5695	3.60676	4.19298	7.99996	3.88032	1.2194
ENSDARG00000063031	2.18157	2.604	2.30845	1.56031	1.98692	1.84286	2.61508	2.14394	1.96081
ENSDARG00000063049	5.09499	3.48322	3.66127	1.14317	1.25858	1.87677	1.93085	1.28334	0.484207
ENSDARG00000063051	2.45781	2.77483	1.97172	0.774049	0.601234	0.66615	1.47808	1.09624	0.503666
ENSDARG00000063062	8.83275	11.0338	10.1976	3.99117	3.93513	4.8662	9.25286	5.28926	3.95844
ENSDARG00000063069	3.77114	5.31023	6.28443	2.15954	2.6029	4.17223	7.64898	4.47789	3.28
ENSDARG00000063076	3.30325	4.81867	3.73064	1.18404	2.01833	2.60286	2.04173	1.56184	1.15353
ENSDARG00000063079	2.82009	5.29844	3.99693	2.1594	3.50656	3.43172	11.4975	4.50825	3.30856
ENSDARG00000063100	5.21621	4.60708	3.85438	1.40336	2.27736	2.69698	5.12931	1.67357	1.63423
ENSDARG00000063101	3.35806	3.8127	4.42329	1.22059	1.053	1.44316	2.54401	1.685	1.02243
ENSDARG00000063102	13.9193	19.6384	13.8607	4.26027	5.93303	5.1916	12.782	8.05107	4.61981
ENSDARG00000063126	2.09732	2.27403	0.69064	0.788821	0.242478	0.0937103	0.565413	0.319571	0.270427
ENSDARG00000063140	0.558329	0.178351	0.296634	0.159535	0.514103	0.710391	1.94805	1.61418	1.04276
ENSDARG00000063141	20.4557	27.6051	20.066	5.74573	7.97855	7.65491	26.7028	16.6549	13.4376
ENSDARG00000063142	10.5012	7.74288	16.1864	6.15705	4.21915	7.78526	12.6879	8.83439	5.20231
ENSDARG00000063147	5.72945	6.5549	7.26334	2.95985	4.00007	4.84264	11.7279	4.23107	6.47816
ENSDARG00000063161	0.710186	0.841901	0.179341	0.433523	0.226363	0.183095	1.10062	0.402224	0.109998
ENSDARG00000063169	2.83371	3.75184	3.51837	1.24741	1.83768	2.1782	4.11202	2.45984	0.779584
ENSDARG00000063177	13.2662	13.5844	14.2731	6.5792	5.57699	8.56891	8.48064	3.01204	1.19568
ENSDARG00000063182	3.18586	5.29039	4.05002	1.45433	2.12021	1.93276	4.63661	3.88881	2.61564
ENSDARG00000063187	1.7015	1.93517	2.46684	1.28377	0.778325	2.012	2.37136	0.558622	0.483889
ENSDARG00000063190	3.26333	3.38907	3.86493	1.39242	1.87476	2.21973	5.87805	2.85271	1.5995
ENSDARG00000063194	7.50376	8.61585	9.33138	4.58736	6.29155	7.89947	13.6472	12.5103	10.2306
ENSDARG00000063195	1.9813	2.66882	1.69818	0.723624	1.31073	1.30159	2.28475	0.808319	0.634654
ENSDARG00000063211	2.19705	1.91117	1.04877	0.557432	0.427993	0.430506	0.801154	0.434243	0.370487
ENSDARG00000063212	0.643312	1.41482	0.396315	0.563746	0.451137	0.204882	0.354471	0.167361	0.0523909
ENSDARG00000063213	1.40591	1.10432	0.81281	0.603618	0.594522	0.53489	0.633049	0.456677	0.292334
ENSDARG00000063218	12.4038	14.0737	12.4415	3.10549	2.74504	3.67741	4.68896	1.81724	1.66717
ENSDARG00000063219	19.5749	29.1738	25.2348	9.34893	10.4645	12.0773	29.8956	24.7342	13.5689
ENSDARG00000063229	2.20502	1.89162	1.77988	1.23529	1.21343	1.65221	1.5311	0.864117	0.367212
ENSDARG00000063230	1.68518	1.05477	0.75458	0.146341	0	0	0	0.234195	0.14821
ENSDARG00000063233	9.63661	11.3746	10.4962	4.09802	6.44556	6.9292	9.13659	7.09192	3.70633
ENSDARG00000063242	2.95276	2.29304	2.7217	1.23459	1.52421	2.05111	2.4876	0.925748	0.655592
ENSDARG00000063247	6.00649	8.20867	8.62048	3.97773	5.20736	5.73553	9.29237	3.83571	2.30511
ENSDARG00000063250	0.541478	0.862867	0.819237	0.586483	0.631569	0.555643	1.07249	1.34008	0.827194
ENSDARG00000063252	1.99952	2.63495	1.98108	1.24745	0.910849	1.38895	3.79828	1.49475	1.04333
ENSDARG00000063253	0.408995	0.33371	0.356539	0.24539	0.28692	0.290186	0.205676	0.127611	0.118279
ENSDARG00000063254	1.70253	1.57456	2.00688	1.73963	2.29584	3.17723	3.49289	2.23767	1.29242
ENSDARG00000063295	38.5041	46.5747	31.7893	17.5442	20.8984	24.3512	18.6082	13.3583	10.0313
ENSDARG00000063297	3.90789	4.32174	4.06702	2.36349	2.88193	2.85989	10.0465	2.95302	2.92318
ENSDARG00000063300	22.2686	31.6853	22.9318	6.81704	8.65863	10.1745	17.7382	13.5629	8.34773
ENSDARG00000063309	1.20505	2.80349	1.17556	1.39753	1.17762	1.28905	4.65265	2.76436	1.81597
ENSDARG00000063330	1.96521	1.91963	0.744356	0.681988	1.08723	0.698814	0.823326	1.2488	1.0671
ENSDARG00000063332	1.39702	0.624384	1.85626	0.410205	0.850285	0.914989	2.65437	0.879115	0.3918
ENSDARG00000063333	2.25019	2.64939	2.03967	1.25948	1.33879	1.3675	1.85559	1.38651	1.10093
ENSDARG00000063344	1.52684	3.75292	4.76058	0.817831	1.97343	3.95737	2.94726	0.760272	1.09488
ENSDARG00000063345	16.2661	13.0643	13.7793	18.209	18.387	20.1496	20.4957	12.7988	6.74174
ENSDARG00000063347	0.744541	0.882402	0.876616	1.03382	0.622471	0.934035	2.51819	0.629202	0.240507
ENSDARG00000063361	1.17373	1.54713	0.922807	0.4009	0.914049	0.849296	0.953821	0.819138	0.288473
ENSDARG00000063362	5.2737	2.68627	3.17891	3.00747	2.08809	1.93107	4.59361	2.96202	3.2071
ENSDARG00000063373	1.15821	0.550339	0.118109	0.400669	0.668722	0.485662	1.36462	0.430808	0.979049
ENSDARG00000063381	0.257601	0.184946	0.368784	0.348097	0.362585	0.326452	0.406147	0.235273	0.189147
ENSDARG00000063385	20.5085	20.5886	13.7029	9.69338	8.53098	12.0233	21.0701	12.5075	13.0672
ENSDARG00000063416	2.01023	1.11792	1.10082	1.05951	0.605338	0.965153	4.22146	0.683526	2.3616
ENSDARG00000063417	18.1079	21.2042	22.3894	6.04578	6.84676	8.01282	15.6683	9.46453	5.68952
ENSDARG00000063419	1.85677	2.98466	1.81844	0.811178	0.705486	0.817091	1.03395	0.673054	0.890717
ENSDARG00000063420	0.512441	0.205031	0.168296	0.32562	0.23931	0.577588	1.59542	0.62325	0.464704
ENSDARG00000063438	5.00517	4.73406	2.75624	1.51032	1.48485	1.14803	3.00166	2.08433	1.58639
ENSDARG00000063446	1.37559	1.98036	1.9286	1.58497	1.54879	2.68764	2.5634	1.5667	0.561629
ENSDARG00000063457	0.848507	0.788205	1.87031	0.562211	0.894968	1.70116	2.54264	1.06574	1.08969
ENSDARG00000063465	1.76136	2.20224	2.08599	1.08908	1.55983	1.55143	0.829031	0.518238	0.442028
ENSDARG00000063466	2.75916	2.23481	2.69095	1.62287	1.42279	1.60403	2.08401	0.802078	0.748774
ENSDARG00000063474	3.01947	3.424	2.92033	1.53456	1.9967	1.89045	2.68511	2.20056	1.12835
ENSDARG00000063525	1.78864	2.76294	1.49086	0.551322	1.12948	1.44767	1.73989	1.43902	1.22856
ENSDARG00000063535	6.89361	12.1335	8.13203	3.03732	4.41943	3.93002	9.0043	5.55475	2.74814
ENSDARG00000063538	0.581305	1.57216	0.583515	0.612041	0.748963	0.788692	1.15687	0.460382	0.185946
ENSDARG00000063542	2.04518	1.20921	2.02646	0.609427	0.865341	1.39974	1.19217	0.731473	0.914825
ENSDARG00000063553	6.85052	9.13583	7.59806	3.87468	4.97839	5.77412	7.992	3.74305	2.08235
ENSDARG00000063558	0.577024	1.00141	0.661203	0.386491	0.410506	0.810915	0.948881	0.532909	0.327423
ENSDARG00000063563	0.753539	3.44434	0.655192	0.911344	0.833637	0.258977	1.15678	0.84215	0.535909
ENSDARG00000063580	3.66613	5.45518	4.73334	2.59369	1.01859	2.52327	7.15561	2.03707	1.95908
ENSDARG00000063583	3.42237	3.49146	2.83563	1.57782	2.76625	2.17113	5.85733	3.90411	1.78303
ENSDARG00000063588	6.41733	7.69265	4.61349	2.34406	3.03117	2.70268	2.1943	1.86733	0.615272
ENSDARG00000063610	0.669582	0.866625	0.805127	0.178976	0.34171	0.259637	0.779489	0.968089	0.6729
ENSDARG00000063624	1.96757	2.32836	1.23293	0.680111	0.280566	0.510668	0.889901	1.20908	0.49999
ENSDARG00000063626	36.9593	39.2141	29.8488	18.3419	15.8308	16.1722	24.2968	12.6186	9.24006
ENSDARG00000063627	8.12237	10.8308	12.3448	3.15198	3.59444	4.14985	6.82105	4.40864	2.24045
ENSDARG00000063646	2.44854	5.13786	3.9225	1.33332	1.72919	1.98872	2.36959	2.62787	1.47534
ENSDARG00000063649	1.28573	1.8379	1.00062	0.18673	0.318325	0.830704	2.4175	1.16738	1.18455
ENSDARG00000063661	3.69386	3.73245	3.23217	1.34105	1.3251	2.60428	3.80187	1.87756	0.956475
ENSDARG00000063663	4.95247	4.92615	5.84346	0.697111	2.11716	1.51655	9.45443	3.85466	4.7907
ENSDARG00000063667	1.73323	2.1483	0.537518	0.585074	1.0091	0.711359	2.99748	1.6592	0.417063
ENSDARG00000063668	0.506042	0.669344	0.290721	0.471802	0.281275	0.124065	0.244404	0.140714	0.0622101
ENSDARG00000063670	4.24524	5.00734	4.25345	2.8712	3.48353	4.22207	3.77863	2.93774	3.34269
ENSDARG00000063686	2.30302	2.73141	2.37958	0.906852	0.661227	0.855291	2.615	1.33933	0.875424
ENSDARG00000063694	0.160909	0.591233	0.67577	0.351485	0.48874	0.434233	0.661615	0.639814	0.435089
ENSDARG00000063701	9.06961	16.0436	12.5562	7.64263	6.14659	6.56615	19.8347	14.8398	7.04071
ENSDARG00000063708	0.367937	0.923181	0.888837	0.841613	1.05441	2.47356	1.98467	1.08463	1.01258
ENSDARG00000063711	0.532501	0.314502	0.902616	0.323896	0.55171	0.254436	1.44558	0.480995	1.04828
ENSDARG00000063718	1.74193	2.24639	2.89361	1.16236	0.919923	0.424473	3.38419	2.24424	3.03808
ENSDARG00000063719	3.28368	5.75236	5.01179	1.9338	2.05009	2.5378	5.31109	4.27933	2.74983
ENSDARG00000063724	0.586286	0.449923	0.535437	0.292034	0.247674	0.453403	0.514394	0.239464	0.164949
ENSDARG00000063726	12.5263	16.6216	14.4675	3.48324	5.19121	6.42	11.2213	8.59552	6.41513
ENSDARG00000063731	4.0602	4.56133	5.07909	2.23567	3.53402	3.6597	4.84663	4.47926	2.57751
ENSDARG00000063732	0.267897	0.0448156	0.209066	0.238586	0.0726303	0.0732458	0.833219	0.114329	0.106351
ENSDARG00000063895	7270.74	8124.5	10650	8994.47	8241.42	14488.5	169.765	95.8298	67.53
ENSDARG00000063899	7350.9	8481.68	9690.54	5462.31	5476.92	9666.55	221.964	118.339	83.7385
ENSDARG00000063905	14152.2	14718.7	13766.5	43880	42591.7	57806.3	717.323	326.066	256.328
ENSDARG00000063908	7491.96	9304.54	8521.48	5350.6	6131.65	10013.1	154.095	75.7679	42.5349
ENSDARG00000063910	202364	213489	274311	228574	372792	569119	5870.35	3608.52	3663.74
ENSDARG00000063911	41403.4	40792.2	48074.2	46947.1	46492.4	78669.9	1064.38	598.14	455.789
ENSDARG00000063912	8415.26	9628.29	11830.3	9505.5	10978.4	18176.2	240.34	128.244	81.0286
ENSDARG00000063914	9486.61	10868.5	13103.8	19404.9	19121.2	40000.4	303.613	150.266	151.768
ENSDARG00000063916	282069	321298	416774	303286	316522	531897	5325.08	2782.14	2406.53
ENSDARG00000063917	34267.9	38322.1	24743.4	45581.8	49384.6	75146.5	675.393	349.656	276.183
ENSDARG00000063921	23853.9	26892.8	31654.3	34119.8	34480.7	56295	544.816	278.559	223.912
ENSDARG00000063922	26464	21702.4	15049.2	78558.7	96332.8	137106	955.827	549.98	500.607
ENSDARG00000063924	6265.81	7129.35	7068.15	7081.14	7119.52	11195.1	200.067	127.785	69.1104
ENSDARG00000067517	3.73896	4.3399	4.1966	2.18179	1.93711	1.8561	3.10368	1.56948	0.92115
ENSDARG00000067524	0.44135	0.320499	0.528937	0.261712	0.165712	0.491476	2.36218	0.754169	0.211474
ENSDARG00000067546	1.05875	3.12488	1.96265	0.151883	0.590658	1.35833	1.73954	0.433243	0.268382
ENSDARG00000067549	0.836001	1.26427	0.974633	0.265419	0.494067	0.492932	1.37006	0.678045	0.369947
ENSDARG00000067569	0.189737	0.42002	0.553873	0.054709	0.353991	0.382328	0.679765	0.704233	0.524907
ENSDARG00000067592	4.43268	0.806916	0	2.02471	0.0608007	0	0	0	0
ENSDARG00000067601	2.14205	2.49436	2.95526	5.84753	9.45043	2.36448	13.0841	6.82961	6.25099
ENSDARG00000067607	1.31488	0.738398	1.15507	0.70166	0.428744	0.582568	1.69044	0.93386	0.950611
ENSDARG00000067613	3.18831	2.42365	3.25863	1.47889	1.02886	2.40874	3.0361	2.05926	1.22894
ENSDARG00000067639	7.28857	4.75711	6.68817	3.61984	2.85958	4.73391	2.19233	1.44275	1.03503
ENSDARG00000067656	6.71778	7.97374	7.45446	7.02743	7.91597	8.73551	13.5123	8.09606	6.24855
ENSDARG00000067658	1.56825	3.39844	0.817004	0.5285	0.503909	0.875457	1.44477	0.778681	0.32209
ENSDARG00000067669	5.49858	6.38783	5.97617	0.71851	0.768816	2.04654	3.09918	3.17783	1.99295
ENSDARG00000067670	0.807884	0.899881	1.00525	0.250883	0.602613	0.82316	0.61115	0.289241	0.285717
ENSDARG00000067673	4.9783	10.11136	10.25946	1.94354	2.24776	3.12236	3.85952	2.69766	1.29319
ENSDARG00000067677	2.3862	2.08175	1.66567	1.53718	0.565063	1.43772	3.14082	0.483184	0.108889
ENSDARG00000067713	1.24911	1.52259	2.02737	1.35924	1.19953	1.62987	2.16392	1.09183	0.547613
ENSDARG00000067717	5.13785	4.43439	2.44168	1.34355	1.28125	1.60824	1.48141	1.29587	0.435412
ENSDARG00000067718	1.35006	0.571689	0.527816	0.223699	0.515507	0.647976	1.23331	0.408509	0.135009
ENSDARG00000067723	8.49184	15.1672	14.3194	5.84511	7.70073	9.66873	5.10797	3.75331	1.87647
ENSDARG00000067730	1.20741	0.142053	0	0.313252	0.0733536	0	0.070476	0.0316764	0.0301576
ENSDARG00000067741	4.61491	4.8992	4.61651	1.37236	1.25233	2.41443	3.82809	1.86478	0.906882
ENSDARG00000067755	21.4789	21.0714	12.5358	11.3865	9.61085	9.49367	21.8974	20.0449	10.244
ENSDARG00000067784	1.72673	2.77337	2.66244	1.10013	0.918897	1.60447	2.20731	1.89949	0.955981
ENSDARG00000067785	3.88887	4.38453	4.09657	2.05373	2.79948	3.0981	6.42783	2.73118	1.50847
ENSDARG00000067801	0.282352	0.342513	0.151463	0.201185	0.297162	0.225254	0.754364	0.541499	0.654195
ENSDARG00000067805	5.06063	5.08479	1.78384	1.77546	3.78343	3.4042	4.72653	1.4985	1.3294
ENSDARG00000067809	1.06736	1.46065	0.673639	0.26829	0.494074	0.324644	0.179606	0.355945	0.255121
ENSDARG00000067813	0.706464	0.700785	0.289957	0.263395	0.407942	0.208746	0.0858641	0.250939	0.313666
ENSDARG00000067913	0.669301	0.670411	0.366642	0.394512	0.521006	0.673133	1.28839	0.876473	0.30989
ENSDARG00000067916	0.773512	1.18463	1.10381	0.52057	0.592616	0.825145	1.58266	0.493317	0.36919
ENSDARG00000067920	9.81267	12.5763	9.47828	3.37854	4.09915	2.35911	9.3708	3.18679	2.17022
ENSDARG00000067944	2.26701	2.01847	1.8696	1.00449	0.560477	1.31922	1.00356	0.490114	0.516203
ENSDARG00000067947	12.4808	12.3822	8.37775	2.89298	2.26322	2.6713	5.83989	2.79668	1.36362
ENSDARG00000067950	8.94188	7.09485	7.26257	3.43878	2.94098	3.62965	8.63804	6.33537	3.86097
ENSDARG00000067958	2.91394	2.68304	4.94352	2.63598	1.86543	3.19282	2.99778	1.6627	1.25543
ENSDARG00000067969	14.5809	8.3564	11.9278	9.01127	8.43831	8.38215	10.8496	14.3257	10.4386
ENSDARG00000067975	48.3196	47.6396	46.5127	28.3396	24.0745	39.2363	28.6011	18.7394	20.2809
ENSDARG00000067979	1.62555	1.99435	1.40485	0.522594	0.379398	0.938057	1.08369	0.858051	0.169287
ENSDARG00000067981	6.69169	5.34656	3.06719	1.44964	1.08183	2.15085	2.01237	1.19135	0.884228
ENSDARG00000067982	3.98442	4.49082	5.25099	2.18234	2.28779	4.06363	3.38765	1.48649	0.993097
ENSDARG00000067984	0.818439	0.265779	0.154496	0.899854	0.478013	0.184586	0.297456	0.0920443	0.0565319
ENSDARG00000067989	0.601156	0.742252	0.209941	0.247237	0.863771	0.275617	1.34791	1.41968	1.8334
ENSDARG00000067996	1.88477	1.44254	2.86298	1.17411	2.36347	2.42521	2.02063	0.825518	0.558128
ENSDARG00000068013	5.7997	3.6891	2.66325	2.23236	1.30167	1.09447	1.49025	0.863418	0.310451
ENSDARG00000068021	6.91761	3.10381	1.07673	2.05487	0.757419	0.33905	0.539181	0.30114	0.666419
ENSDARG00000068028	0	0.0251118	0.701568	0	0.0404718	0	0.30844	0	0
ENSDARG00000068064	1.92322	2.80404	2.45317	0.718281	1.15169	1.45336	3.76756	1.93123	0.871993
ENSDARG00000068076	2.23075	1.44401	1.75236	0.95835	1.54171	1.57426	2.48397	1.12549	0.805775
ENSDARG00000068096	1.03232	2.04261	2.23406	0.354809	0.479096	1.01031	1.21957	0.757641	0.622357
ENSDARG00000068123	11.1337	16.8836	11.1863	3.2479	5.38688	4.10721	7.39484	3.08101	1.6081
ENSDARG00000068128	1.69238	3.28999	1.83944	0.741655	1.06886	1.21174	1.61282	0.826575	0.253003
ENSDARG00000068143	8.61068	7.46339	6.85948	5.23443	5.33889	5.87298	16.8988	10.9168	6.16416
ENSDARG00000068148	5.40823	4.91962	5.8103	1.43034	2.6532	2.28327	6.02601	3.24935	2.53886
ENSDARG00000068152	0.740783	0.547265	0.587125	0.57499	0.999174	0.411351	0.44301	0.637736	0.251507
ENSDARG00000068157	13.777	20.6394	13.7378	2.54472	2.54285	3.75019	5.25239	2.52419	1.63926
ENSDARG00000068175	26.5516	26.8521	17.2099	3.37284	2.7058	2.37907	3.97171	0.501753	1.074
ENSDARG00000068176	5.13492	4.75114	2.81869	1.06572	1.34336	1.17464	3.599	1.37702	1.12672
ENSDARG00000068177	1.61533	2.68881	1.58288	0.921882	1.48008	2.02478	4.00662	2.20484	1.06255
ENSDARG00000068179	3.16517	1.00454	0.600211	0.314676	0.280879	0.404476	0.572647	0.189698	0.145269
ENSDARG00000068182	3.70916	3.38495	1.65875	0.944605	1.15552	0.379621	2.49654	0.791083	0.86416
ENSDARG00000068187	0.800417	1.7954	1.23127	0.783549	0.758615	0.951056	0.903392	0.292773	0.21916
ENSDARG00000068190	1.41605	0.190139	0	0.0557057	0.067616	0	0	0	0
ENSDARG00000068192	1.41707	3.51438	2.70462	1.10641	0.806074	1.13212	3.46297	3.07932	1.74941
ENSDARG00000068199	1.28143	0.0568637	0.360356	0.0685015	0.323146	0.314661	0.42481	0.450862	0.26837
ENSDARG00000068210	6.10913	12.8103	13.4854	3.4199	4.03156	7.52478	8.74513	3.11631	1.01571
ENSDARG00000068214	10.7519	11.3692	9.04231	5.65495	4.89992	5.75995	10.2202	6.97111	3.17676
ENSDARG00000068217	9.52706	5.73438	8.1929	2.87135	2.80372	4.44735	6.39602	1.53932	0.803488
ENSDARG00000068231	2.07344	0.899935	1.5332	0.961117	1.69109	1.8117	5.19543	2.43484	1.18868
ENSDARG00000068246	3.76561	4.40978	3.80979	2.7334	2.94025	3.35136	5.07083	2.75873	2.18136
ENSDARG00000068255	6.83035	6.3639	6.80831	5.59189	7.36185	6.91699	4.21271	2.65059	3.19026
ENSDARG00000068256	1.32481	1.89167	0.954848	1.11389	0.744461	0.594753	0.747127	0.201529	0.241489
ENSDARG00000068258	0.378321	0.639832	0.554617	0.452497	0.777999	0.797818	2.84	1.63473	0.74073
ENSDARG00000068261	4.47568	6.21945	4.30157	1.02017	1.29217	1.36517	1.45052	1.05832	0.836325
ENSDARG00000068289	11.2376	8.03063	4.71575	3.3431	3.04395	3.10219	6.97987	4.79592	5.09994
ENSDARG00000068319	31.1229	30.0345	29.279	5.58916	5.99261	8.47396	15.6091	8.37686	4.60337
ENSDARG00000068323	4.60101	7.09148	5.55074	0.927785	0.310588	0.252331	0.78406	0.414785	0.136943
ENSDARG00000068366	2.48994	0.640033	0.745299	0.437943	0.562977	1.28141	5.13108	0.837807	0.322884
ENSDARG00000068381	2.35827	1.78392	0.899683	0.927796	0.962513	1.32502	1.85366	0.490723	0.419599
ENSDARG00000068385	9.45724	9.72309	8.11085	3.51451	3.149	5.35219	7.04682	5.07196	3.30406
ENSDARG00000068386	2.1006	3.27177	2.38109	2.31652	1.3561	3.48234	8.0377	5.78034	7.10609
ENSDARG00000068397	0.273537	0.46866	0.205628	0.127583	0.282638	0.358441	0.288657	0.603676	0.0910307
ENSDARG00000068400	11.836	12.2285	11.4764	2.89814	2.38171	4.25917	4.86244	1.46087	1.21407
ENSDARG00000068401	4.56249	5.57267	4.77372	2.79391	3.57062	4.10115	8.38525	4.12947	2.44378
ENSDARG00000068404	3.36222	2.61984	3.62208	2.8398	1.66415	4.6032	1.19353	1.01976	0.214035
ENSDARG00000068406	3.10762	1.99423	1.38263	0.678504	0.59063	0.707977	1.74471	1.45151	0.573871
ENSDARG00000068409	15.2764	2.34843	0	7.9332	0.200051	0.0664385	0	0.0616189	0
ENSDARG00000068420	4.10268	2.27368	1.25495	2.6426	1.16614	0.677756	3.55701	3.35124	1.23246
ENSDARG00000068436	17.8038	11.5956	8.6171	6.85103	6.25572	4.90718	9.28678	5.52584	2.45232
ENSDARG00000068437	0.690064	1.17092	1.07617	0.0688652	0.230173	0.407353	0.290339	0.128687	0.0559003
ENSDARG00000068438	3.04261	3.02893	3.65686	2.1514	1.74484	2.18742	2.64093	1.39116	0.387143
ENSDARG00000068458	2.01421	3.04814	2.04698	1.33286	1.60304	1.12592	2.88424	2.14302	1.95108
ENSDARG00000068462	0.503101	0.320886	0.564717	0.216927	0.471124	0.528904	0.687635	0.461764	0.112193
ENSDARG00000068465	2.18797	1.90732	3.33352	2.2833	1.1999	2.37747	2.16555	1.05459	0.22234
ENSDARG00000068503	9.21009	7.39975	7.86395	6.7647	5.96207	6.10945	15.322	5.81484	2.18556
ENSDARG00000068521	1.43865	1.13365	0.676181	0.539076	0.638768	0.645136	2.54179	0.394099	0.0328075
ENSDARG00000068562	22.0983	24.0011	23.6774	7.72401	9.73608	13.9811	25.5524	16.3053	12.9462
ENSDARG00000068572	2.85104	1.71002	1.56154	1.0185	0.879875	1.13166	1.53208	1.01485	0.322376
ENSDARG00000068575	3.10633	4.69992	3.40206	2.04989	2.3728	2.92459	4.73516	2.13017	1.35256
ENSDARG00000068582	4.8973	6.66715	5.14411	3.0111	2.47349	2.23528	9.68275	6.73978	3.53442
ENSDARG00000068590	0.93492	4.3624	0.973698	0.997727	1.34291	2.17851	1.1389	2.0805	1.24946
ENSDARG00000068593	1.30508	0.741662	1.56418	1.37127	0.293104	0.59191	2.7373	1.21202	0.278356
ENSDARG00000068600	8.28255	7.76168	6.14724	6.95639	6.40332	6.92873	9.95461	5.47869	2.71192
ENSDARG00000068601	0.942233	0.825984	0.29872	0.149483	0.755303	0.41802	1.566	0.772743	0.275008
ENSDARG00000068602	3.68917	4.25403	3.83404	2.22366	2.27167	2.15953	4.04338	3.39541	1.24187
ENSDARG00000068613	0.62449	1.89425	1.23283	1.12541	0.779197	1.00496	2.487	0.729284	0.916781
ENSDARG00000068628	0.20546	0.159861	0.23866	0.158125	0.0911818	0.196204	0.32882	0.0645617	0.0284757
ENSDARG00000068629	1.59732	2.26296	3.09656	2.05549	1.40088	2.0022	1.10773	0.505204	0.485475
ENSDARG00000068635	3.11031	2.04223	2.37779	1.35608	1.10271	1.88818	3.58343	1.14381	0.70216
ENSDARG00000068636	3.40119	4.78794	5.19138	2.89313	2.86247	3.62323	8.45466	3.82486	1.94791
ENSDARG00000068640	36.109	38.6721	21.6201	14.0531	13.0981	8.73683	19.1165	13.35	7.86443
ENSDARG00000068641	6.96115	7.17633	5.36404	1.24637	0.740159	1.31931	0	0.925877	0.713985
ENSDARG00000068650	2.93938	2.44146	5.38746	4.74512	2.00764	2.11562	5.46652	1.58574	1.36738
ENSDARG00000068698	4.13847	3.72325	4.93863	1.56205	2.86112	2.88125	2.58013	1.35972	0.676961
ENSDARG00000068705	2.12656	3.33262	2.03386	0.751983	2.01358	1.2965	3.12925	1.58923	1.12173
ENSDARG00000068708	7.52998	3.39981	0.88014	0.818082	0.629307	0.21054	0.375268	0.416111	0.245374
ENSDARG00000068709	2.49324	5.27148	1.75453	1.30136	3.11945	1.55886	3.98373	0.549917	0.665863
ENSDARG00000068724	2.35439	2.10133	1.76145	1.2439	2.13242	2.38569	6.68237	3.43519	2.09278
ENSDARG00000068732	1.00037	0.0511107	0.0956068	0.374941	0.135372	0	0.151728	0.0450931	0
ENSDARG00000068735	23.4769	27.0887	30.1766	2.75299	3.37893	5.41471	7.14615	3.306	1.65988
ENSDARG00000068759	4.54737	5.53793	3.82348	1.90326	2.46162	2.23838	4.50671	3.18129	1.90818
ENSDARG00000068760	3.04634	1.17468	1.05211	1.54299	0.495574	0.714036	1.88846	0.547131	0.39568
ENSDARG00000068763	2.98239	4.71389	3.91267	0.737003	1.18631	1.45489	2.70612	1.29239	0.864367
ENSDARG00000068814	1.43775	1.92524	1.31835	0.812588	0.543516	1.24647	0.923951	0.802334	0.218965
ENSDARG00000068820	42.338	50.4173	51.5958	10.3081	12.7482	11.9997	8.82922	2.65077	0.929901
ENSDARG00000068830	0.578805	0.360216	0.15577	0.278254	0.185859	0.712439	1.14745	0.437139	0.315376
ENSDARG00000068833	0.919434	1.82835	1.91132	0.574825	0.585748	1.11545	1.75792	1.35141	0.266184
ENSDARG00000068840	1.68388	1.21792	2.28893	0.931454	0.797784	1.10698	2.43092	0.460892	0.167384
ENSDARG00000068856	1.73688	1.15282	1.50185	0.60913	1.12111	0.770732	0.611809	0.444538	0.0891252
ENSDARG00000068868	1.99592	1.34661	1.2754	2.55636	1.80647	3.31406	2.61223	1.48378	0.375062
ENSDARG00000068883	0.431728	0.276407	0.239665	0.199172	0.110231	0.229919	0.0663462	0.0746934	0.0674849
ENSDARG00000068889	1.55036	1.74253	2.349	0.487479	1.29204	1.10217	1.21496	0.493291	0.13164
ENSDARG00000068894	6.40794	12.2459	21.8559	2.66648	4.00859	3.85753	28.7053	17.6425	15.6784
ENSDARG00000068903	4.73749	6.05857	4.5283	1.45595	1.00981	1.8982	3.32019	1.43492	0.832041
ENSDARG00000068912	1.10333	1.73517	1.44462	0.728146	0.465101	1.1691	1.90035	1.60715	1.27968
ENSDARG00000068916	1.13379	0.721604	0.311881	1.32055	0.294084	0.488746	2.14842	0.9887	0.699548
ENSDARG00000068920	1.1552	1.42938	1.57975	0.528364	1.06806	1.68679	1.45414	0.870895	0.293871
ENSDARG00000068926	7.55131	7.70384	7.53963	1.16869	2.23371	2.4653	4.3609	4.05756	1.47273
ENSDARG00000068928	15.8687	7.62815	23.5696	3.56758	2.60847	1.06947	4.5286	6.27438	4.52209
ENSDARG00000068934	1.66839	0	0	0.200609	0.0952108	0	0	0	0.0262672
ENSDARG00000068940	2.58995	1.61115	2.76415	1.84097	1.72276	2.65275	1.01216	1.49106	0.924373
ENSDARG00000068941	10.7206	5.40144	1.5381	4.04469	1.23513	0.102015	0.0975196	0.522161	0.240226
ENSDARG00000068965	1.20179	1.075	0.718167	0.278015	0.453057	0.664535	0.919677	0.701558	0.26072
ENSDARG00000068978	4.40914	3.73947	4.10913	1.81389	2.28615	3.06106	2.64288	1.57059	0.735899
ENSDARG00000068981	4.69794	5.50882	3.95578	2.31599	3.04552	3.37343	7.97081	4.13145	2.85173
ENSDARG00000068983	0.91062	1.10542	1.51862	1.08459	1.06642	1.18462	2.34462	0.803649	0.464631
ENSDARG00000068992	57.1462	61.7098	61.4083	30.4933	29.2277	32.812	55.1539	26.6242	13.3432
ENSDARG00000068995	4.53718	5.93658	3.34301	2.61005	1.99924	1.25014	2.41381	1.47964	0.905955
ENSDARG00000069003	2.80124	2.37182	2.89233	2.41885	2.88315	3.33734	7.75727	2.73765	1.98608
ENSDARG00000069006	3.79575	4.39938	4.32686	2.51884	2.22046	1.93341	5.35776	3.29992	3.19854
ENSDARG00000069009	7.74034	10.1657	7.91792	2.78382	2.47548	4.15209	2.79621	1.48375	1.30981
ENSDARG00000069014	0.411811	0.803328	0.753579	0.648846	0.504178	0.27474	0.741655	0.460873	0.273971
ENSDARG00000069037	2.55027	3.20699	4.05179	1.23838	0.735718	1.59934	2.46874	0.928571	0.148266
ENSDARG00000069042	7.87476	10.6607	11.0687	5.87931	6.15737	9.06413	8.13871	5.74003	2.48436
ENSDARG00000069044	4.45838	6.48191	4.41691	1.41547	1.46302	1.86431	1.83519	0.750078	0.293666
ENSDARG00000069045	1.04022	0.578996	1.97362	1.11054	1.60462	1.95925	2.07802	1.00874	0.556289
ENSDARG00000069054	11.8418	13.5372	10.8798	5.00227	4.55447	6.1787	4.59152	2.17084	1.6081
ENSDARG00000069056	4.38376	5.50756	5.6106	3.58227	5.33431	6.08521	11.8657	6.74909	6.15098
ENSDARG00000069065	59.8865	77.8927	78.6741	21.145	19.6084	26.8486	10.6719	4.73794	2.2543
ENSDARG00000069066	5.6158	6.01288	4.38287	2.39342	2.68431	2.51206	5.03362	2.42318	1.41561
ENSDARG00000069074	5.61232	7.79434	5.9882	2.36292	3.86764	3.81199	11.6386	4.78155	2.87432
ENSDARG00000069082	0.80445	1.78631	1.37556	0.455204	0.932003	0.727095	1.5722	0.729653	0.18034
ENSDARG00000069085	1.37899	2.55203	1.83036	1.22507	1.17465	1.64666	2.64362	1.87836	1.32584
ENSDARG00000069090	1.133	1.53727	2.05362	1.82076	1.89734	1.65052	3.05996	1.1185	0.854106
ENSDARG00000069092	16.6817	19.8857	20.2229	13.1588	15.1635	18.042	16.9792	8.86012	6.7671
ENSDARG00000069099	3.10126	2.08453	1.45199	1.08204	0.92214	0.94257	1.9067	0.232849	0.347648
ENSDARG00000069100	9.59654	10.7366	10.622	4.76543	5.0268	5.14469	3.76826	1.38637	1.16597
ENSDARG00000069102	4.64906	9.28904	7.77155	2.86087	3.54557	2.80093	5.8916	1.84593	0.723123
ENSDARG00000069105	3.59147	0.338089	0.0221911	1.28605	0.211718	0.0196482	0	0	0
ENSDARG00000069114	1.38426	1.55453	1.36645	1.25698	1.08606	1.18463	0.565193	0.435211	0.374384
ENSDARG00000069116	17.2692	23.5462	15.9005	14.4067	17.1218	18.7712	14.7532	7.74734	5.86438
ENSDARG00000069118	18.2303	22.2932	17.2396	7.67071	7.06389	9.41242	31.95	14.6217	6.91748
ENSDARG00000069122	3.15117	2.7126	2.09404	0.843882	1.48572	1.13566	3.63534	1.93322	1.41961
ENSDARG00000069129	36.3066	47.5657	48.2744	21.6605	21.5005	39.7504	50.0466	33.0382	21.1002
ENSDARG00000069135	11.3446	3.0499	0.554466	4.74013	1.06551	0.694089	0.101459	0.139313	0.214895
ENSDARG00000069139	5.05099	6.08005	3.94133	2.01961	2.58803	3.86381	4.9724	3.78722	1.43511
ENSDARG00000069142	4.01057	5.19101	2.73298	2.20519	2.34683	2.53682	2.68979	1.34675	1.19951
ENSDARG00000069147	2.50995	3.89765	5.24928	0.789856	1.55001	1.90461	6.12166	5.76057	2.22808
ENSDARG00000069157	0.45504	0.953516	0.538552	0.396174	0.188486	0.429323	0.417449	0.457378	0.333617
ENSDARG00000069168	10.4618	12.0579	8.46669	3.48189	4.9549	5.71142	16.1835	9.35176	3.42641
ENSDARG00000069169	0.255626	0.565452	0.390196	0.222907	0.458978	0.372667	0.740226	0.351168	0.765703
ENSDARG00000069175	3.34092	3.98489	2.8404	0.95434	1.38056	1.04543	2.14954	1.5521	0.35111
ENSDARG00000069230	0.568954	0.266509	0.815551	0.186573	0.283926	0.214005	0.0357514	0.0957723	0.0289172
ENSDARG00000069242	1.15109	1.49076	1.41349	0.783357	0.850106	1.10678	1.59837	0.77167	0.32251
ENSDARG00000069250	2.1952	2.21605	2.19931	0.926186	1.08514	1.83937	2.50602	0.822249	0.362521
ENSDARG00000069251	0.304551	0.66473	0.918444	0.486628	0.514912	0.536246	1.24564	0.644503	0.386583
ENSDARG00000069252	2.62141	0.522433	0.307735	0.733398	0.0636827	0.0613335	0.161597	0.0277245	0.00911025
ENSDARG00000069274	0.853976	0.812298	1.61819	0.368259	0.479057	0.173076	0.461478	0.298724	0.195942
ENSDARG00000069278	1.31213	0.847178	1.31387	0.881054	1.07838	0.765843	0.876479	0.786982	0.338598
ENSDARG00000069279	8.5739	9.64103	12.0347	3.78819	5.81303	6.5898	15.5296	6.99903	2.8826
ENSDARG00000069282	2.07077	2.50779	0.274734	1.24857	0.203223	0.267482	0.0770612	0.111316	0.0592907
ENSDARG00000069285	0.558491	0.217173	0.360311	0.225604	0.525564	0.828548	1.8109	0.67469	0.483309
ENSDARG00000069286	1.48511	1.74069	0.227057	0.61242	0.40591	0.137645	0.388533	0.346984	0.134477
ENSDARG00000069289	10.5117	10.1351	11.1621	5.80943	3.97164	6.72274	3.84066	2.09093	1.22528
ENSDARG00000069301	0.669133	0.774803	1.23714	0.11168	0.323531	0	1.0995	0.501549	0.291204
ENSDARG00000069302	4.81751	3.79853	4.11242	1.77095	2.67989	2.20951	4.49404	2.20539	1.40153
ENSDARG00000069313	0.714913	0.98897	1.18193	0.480849	0.256857	0.440316	1.50144	0.71221	0.122703
ENSDARG00000069318	1.43712	1.12984	1.7732	0.912238	1.30244	1.13939	2.13901	0.667419	0.616518
ENSDARG00000069324	2.45453	4.05177	2.72522	1.46785	1.33376	2.10672	2.98805	1.54293	0.966599
ENSDARG00000069326	2.88997	4.92468	2.04313	1.20368	2.9851	1.69577	2.72126	0.416056	0.23108
ENSDARG00000069328	0.884942	1.58413	0.810735	0.341359	0.59779	0.794853	1.50923	0.736307	0.480364
ENSDARG00000069331	9.62515	12.0904	8.32961	4.25341	4.60505	6.23221	8.54156	4.27797	2.70874
ENSDARG00000069338	5.82209	9.40502	7.295	2.20754	2.68149	2.96846	5.46049	4.79623	1.51092
ENSDARG00000069339	2.21671	2.50598	1.98743	1.04701	1.71874	1.42139	3.8214	1.47935	1.37361
ENSDARG00000069342	5.12761	4.05105	3.21196	2.77945	2.80862	3.36292	6.10501	2.67567	1.96873
ENSDARG00000069346	0.966489	0.829139	0.493752	0.251103	0.362045	0.564109	0.523984	0.250228	0.13021
ENSDARG00000069356	0.762439	1.25202	0.973454	0.374166	0.283633	0.644965	0.65153	0.823964	0.428249
ENSDARG00000069360	1.83095	2.07647	1.57406	0.883347	1.06629	1.34627	1.29842	0.484239	0.346644
ENSDARG00000069373	1.38974	1.44411	1.56668	1.97946	1.50884	1.08703	3.57034	1.49215	0.233759
ENSDARG00000069378	1.44799	2.66729	2.11099	0.739604	1.14048	1.21216	3.09625	1.86387	0.905488
ENSDARG00000069397	7.70416	14.0915	11.387	2.31927	4.39913	5.74639	9.92226	10.057	3.92354
ENSDARG00000069401	15.1557	17.5213	16.9473	6.43102	5.72638	8.00738	6.5318	3.11556	1.81339
ENSDARG00000069409	1.82483	2.52665	2.1647	0.950043	0.445048	1.06907	1.20897	0.388196	0.408583
ENSDARG00000069419	2.89234	4.11207	4.4228	1.97929	2.346	2.46407	5.15127	2.64564	1.37069
ENSDARG00000069420	0.802543	1.22632	1.63387	0.759205	1.05219	1.20136	1.29278	1.67781	0.831104
ENSDARG00000069422	23.926	23.3641	20.2746	13.1661	11.4928	23.2854	4.49344	1.83371	0.473524
ENSDARG00000069428	8.80962	16.5755	17.0964	9.65814	15.5892	19.7707	32.8328	24.715	14.2802
ENSDARG00000069430	0.829004	1.28908	1.29963	0.556279	0.699624	0.785669	0.842536	0.476034	0.234069
ENSDARG00000069432	2.77515	2.96145	3.53818	0.65979	1.55067	1.76851	3.21651	2.26562	0.571191
ENSDARG00000069433	2.07713	2.2047	2.33484	0.388599	0.210041	0.79043	0.578905	0.595529	0.179909
ENSDARG00000069463	0.734142	0.128338	0.032144	0	0.0283108	0	0	0	0
ENSDARG00000069476	1.87633	2.24564	1.89878	1.04239	1.04982	1.10175	2.91523	1.02114	0.312535
ENSDARG00000069485	1.82025	1.78	1.45008	1.32713	1.6567	1.64007	1.0141	0.977506	0.120676
ENSDARG00000069489	1.84576	2.48692	2.95068	0.899531	1.45734	1.4167	2.13337	0.808323	1.46349
ENSDARG00000069496	4.9275	1.44114	0	2.07043	1.43245	0.369197	0.44763	0.260864	0
ENSDARG00000069507	0.857129	1.46094	1.07977	0.639293	0.976143	1.15673	1.60203	0.190985	0.233116
ENSDARG00000069521	2.98793	2.96823	1.99754	1.04726	0.129107	1.02466	1.37383	0.337321	0.391692
ENSDARG00000069522	2.79063	4.79975	2.43572	0.866089	1.21286	1.02057	1.50297	1.40415	0.539581
ENSDARG00000069527	11.0733	12.3705	8.90298	4.94796	4.86525	6.42733	6.70857	3.17834	1.83351
ENSDARG00000069528	1.66611	1.36956	2.3665	0.44855	0.452349	1.01475	3.9879	2.57949	1.22684
ENSDARG00000069537	4.05827	4.82396	5.54623	1.94195	3.62046	2.20108	5.54024	1.98274	1.40039
ENSDARG00000069538	3.36335	3.57189	4.13532	0.777186	1.48464	2.07014	2.7436	1.32637	0.976812
ENSDARG00000069594	2.20782	2.75015	2.59235	0.711233	1.20906	1.23764	1.24154	0.793293	0.51689
ENSDARG00000069595	7.30544	12.1764	8.78576	4.44467	6.12743	7.61997	12.7705	6.50273	3.62317
ENSDARG00000069600	5.15672	5.64574	3.8898	1.01334	1.89734	1.74451	4.74701	3.6441	1.73781
ENSDARG00000069601	3.51091	4.23115	3.13037	1.8125	2.52783	4.18147	2.53188	0.99829	0.365452
ENSDARG00000069603	0.96705	1.69672	0.509536	0.467896	0.778349	0.491802	2.21944	1.10013	1.13002
ENSDARG00000069619	29.9642	44.0415	36.7823	16.4892	23.3095	26.4135	64.1777	37.6287	24.2686
ENSDARG00000069661	1.14663	0.543226	0.404594	0.145662	0.325672	0.282112	0.684794	0.35838	0.0939086
ENSDARG00000069671	4.17435	4.60629	5.20426	1.976	1.55785	2.54204	1.36924	0.42527	0.218034
ENSDARG00000069681	1.9969	2.04074	2.32525	1.44497	1.18524	1.42937	2.14468	0.557403	0.577437
ENSDARG00000069696	1.14416	0.258395	0.123986	0.2843	0.113765	0.0813413	0.151591	0.0223763	0.0107109
ENSDARG00000069697	3.52656	0.396445	0	0.769881	0.0573823	0	0	0	0
ENSDARG00000069700	9.80799	8.36514	9.45896	5.10351	4.50202	4.63933	13.1969	8.50441	3.90752
ENSDARG00000069706	1.88199	3.28894	1.39774	1.12696	1.26954	1.36762	1.6889	0.726845	0.660243
ENSDARG00000069708	2.87328	4.35225	3.98057	1.47525	1.34318	1.83964	2.73864	1.49627	0.590741
ENSDARG00000069717	3.05075	3.55612	4.20225	0.712768	0.934781	1.21055	2.82929	2.12526	1.44591
ENSDARG00000069742	4.60149	3.65303	4.30002	2.58745	3.11663	2.70588	4.67637	1.97439	0.967917
ENSDARG00000069744	1.85033	3.05746	3.14314	0.402897	1.25397	1.75088	5.67913	2.76172	1.17718
ENSDARG00000069745	3.3563	3.09001	5.0784	1.98247	1.94664	2.23218	1.5361	0.952692	0.342303
ENSDARG00000069763	19.7411	16.7446	17.486	10.8474	10.78	17.0241	18.6184	11.8785	6.40902
ENSDARG00000069790	20.6667	18.9567	11.7936	7.28009	4.93308	8.1287	7.93328	2.96884	1.55147
ENSDARG00000069796	6.59469	3.78319	1.89498	3.58401	2.34379	2.29162	3.62393	1.77503	0.733572
ENSDARG00000069807	0.934713	0.907802	0.862375	0.584265	0.496299	0.576695	1.29076	0.670529	0.374598
ENSDARG00000069829	3.84496	4.29937	4.55583	1.48727	2.58016	3.62053	3.03818	1.25574	0.869637
ENSDARG00000069846	5.62856	5.56243	7.71902	2.20361	2.40371	2.57282	3.3828	0.831888	0.379939
ENSDARG00000069855	35.3248	27.9194	25.4866	14.1459	12.1912	12.6038	12.0847	6.72184	4.25435
ENSDARG00000069857	1.79152	1.10733	0.924752	0.273317	0.805312	0.535112	0.354551	0.332267	0.244779
ENSDARG00000069869	3.90477	1.55104	0.224173	3.37525	0.598693	0.323502	0.250193	0.0902335	0.041413
ENSDARG00000069878	0.637506	0.916895	0.416033	0.617115	0.554558	0.1412	0.287022	0.299808	0.488215
ENSDARG00000069883	1.90126	2.47799	2.23363	1.29348	1.24399	1.25231	1.33284	1.48137	1.43802
ENSDARG00000069893	7.15466	9.79145	9.82329	2.67424	3.13439	2.89198	7.87058	6.25663	4.19063
ENSDARG00000069910	8.68459	6.00946	1.7266	1.69814	2.13576	1.42182	0.733718	0.736674	0.357425
ENSDARG00000069916	1.43293	1.66431	1.64166	1.30884	0.688184	0.92594	1.6912	1.60129	0.676047
ENSDARG00000069917	4.57746	4.09837	2.09178	2.00477	1.98722	1.39344	3.52617	1.54585	1.24736
ENSDARG00000069920	8.84904	12.0177	6.66446	5.41782	4.44153	5.50722	5.38392	1.87689	1.37615
ENSDARG00000069932	0.467438	0.552574	0.204788	0.202639	0.257936	0.252621	0.78691	0.334474	0.21789
ENSDARG00000069937	2.10337	2.81335	4.15705	1.70802	2.33419	2.72646	5.70797	2.71597	2.13982
ENSDARG00000069956	2.83465	4.83821	3.16028	2.05625	3.72662	3.45105	7.48711	2.90017	2.17769
ENSDARG00000069957	7.70579	5.2322	2.92529	4.35707	2.67842	2.32457	4.11595	1.69021	1.20956
ENSDARG00000069977	1.84458	1.5824	2.81713	0.333221	0.456037	0.773426	1.22516	0.418231	0.944249
ENSDARG00000069980	15.9687	17.9709	21.0402	9.21585	21.2464	18.1211	57.1456	45.2753	20.9852
ENSDARG00000070012	2.90033	3.30019	3.09176	1.95867	1.79998	2.72535	3.63815	2.04014	0.802162
ENSDARG00000070019	107.459	135.845	112.85	36.9951	33.3487	42.2204	40.7039	21.01	10.6668
ENSDARG00000070020	20.5284	1.9815	0	4.74888	0.135239	0.0671504	0.220951	0.0673086	0.0638731
ENSDARG00000070025	0.527486	0.557876	0.494708	0.280844	0.276348	0.399657	0.200751	0.151999	0.12406
ENSDARG00000070028	16.7391	11.701	12.4861	2.49193	2.45194	4.33242	3.56093	1.51434	0.975277
ENSDARG00000070029	0.964362	0.426165	0.446627	0.170032	0.392566	0.633725	0.666052	0.160465	0.381508
ENSDARG00000070040	4.39433	3.37535	4.6201	2.39499	1.92064	4.05335	5.01067	3.06812	1.88136
ENSDARG00000070043	2.85068	1.59242	1.17259	1.56757	0.604366	1.4307	1.93099	1.31689	0.466287
ENSDARG00000070046	38.8895	28.3659	27.2985	18.3807	10.6965	17.5828	14.9641	5.22094	4.08297
ENSDARG00000070052	5.92624	6.30836	7.65491	4.98048	4.84802	6.29157	6.93383	2.70732	1.10493
ENSDARG00000070055	2.60615	3.63514	2.74921	1.18807	1.40113	2.02074	2.80986	1.21763	1.14118
ENSDARG00000070061	4.50757	4.76775	4.80919	0.845339	0.983039	1.76656	2.24113	1.73923	0.589146
ENSDARG00000070074	0.312264	0.35032	0.194598	0.16461	0.100355	0.057131	0.441237	0.182811	0.0414492
ENSDARG00000070076	2.1244	2.09533	2.21379	0.392014	0.814302	0.600519	1.06378	0.932295	0.0909963
ENSDARG00000070080	0.142259	0.52736	0.903236	0.114447	0.257474	0.359875	0.96979	0.687993	0.0103719
ENSDARG00000070083	32.5491	35.7764	19.1271	13.6514	16.9095	14.3003	23.9189	18.3691	15.013
ENSDARG00000070084	5.08766	4.55774	0.676972	0.882369	0.906999	0.534597	2.09138	1.0673	0.468566
ENSDARG00000070094	1.07449	0.987691	1.72224	0.641103	0.445064	0.56849	1.15786	0.388535	0.05084
ENSDARG00000070097	3.98226	6.54448	4.47413	1.5932	2.62074	2.13271	5.78234	2.54914	3.1413
ENSDARG00000070098	8.27254	8.06808	7.78199	4.32237	8.99713	7.55348	14.6602	5.76076	4.9566
ENSDARG00000070108	5.64458	4.75433	5.13343	2.00282	1.66962	1.92783	2.98019	1.4046	0.917787
ENSDARG00000070109	6.91714	9.68835	7.28125	2.37478	2.84899	3.07223	5.64642	2.23669	1.2251
ENSDARG00000070122	2.85642	3.8997	3.96476	1.60377	2.0579	2.3792	2.77236	1.52991	0.645267
ENSDARG00000070124	7.74622	9.07815	7.62797	2.50962	2.94232	3.16787	7.61851	5.57704	2.8494
ENSDARG00000070126	1.4287	0.126671	0.00530561	0.576425	0.168374	0	0	0.0101087	0
ENSDARG00000070127	4.59678	3.72257	2.29667	3.20601	2.20002	1.85374	3.15329	1.84228	1.04025
ENSDARG00000070131	7.63466	9.9851	10.3697	4.0851	3.93084	4.79675	5.04926	2.13675	1.34492
ENSDARG00000070145	0.544341	0.83929	0.89614	0.119824	0.221383	0.359823	0.837651	0.483703	0.214023
ENSDARG00000070150	5.8313	6.93003	7.60797	3.75657	3.20744	5.83062	4.58543	1.68731	1.00115
ENSDARG00000070151	5.86713	2.63663	12.7808	4.61262	5.73737	11.8755	15.501	14.6183	4.44826
ENSDARG00000070161	5.28696	5.69819	4.39107	6.48254	3.91224	8.09531	10.8603	3.05849	1.75177
ENSDARG00000070164	4.96857	7.01484	6.8262	2.4327	3.41825	3.77478	4.15283	3.4936	3.05061
ENSDARG00000070165	0.770586	0.999209	0.703098	0.493428	0.830355	0.858212	2.05044	0.668483	0.447697
ENSDARG00000070166	5.0785	4.55738	17.205	3.64946	2.04209	5.78542	7.65798	3.33817	2.78155
ENSDARG00000070171	3.59232	3.61325	3.36123	1.85738	1.07405	1.86507	7.52065	2.6965	1.4143
ENSDARG00000070174	1.15402	1.49741	1.20084	0.675424	0.811238	0.533832	2.40471	1.97668	1.33164
ENSDARG00000070187	16.1662	20.4573	16.9818	4.1527	3.99644	4.84357	18.4026	10.4417	6.8515
ENSDARG00000070212	1928.77	2508.6	4211.09	1353.9	3127.58	3414.5	6403	7531.19	9275.65
ENSDARG00000070216	0.181385	0.0768921	0.0452908	0.354393	0.275405	0.131873	0.129129	0.0797546	0.0708617
ENSDARG00000070227	0.303909	0.302677	0.229258	0.0576522	0.232544	0.163247	0.452758	0.143529	0.0480393
ENSDARG00000070228	1.50261	0.949688	1.01406	0.224055	0.425709	0.357434	3.19433	1.32999	0.607303
ENSDARG00000070239	1.49317	1.61859	1.27664	0.669824	1.01377	1.19675	1.26643	0.863084	0.38105
ENSDARG00000070254	24.5848	36.0276	45.0156	8.74564	12.0786	6.3863	33.647	26.0518	25.0886
ENSDARG00000070256	5.69363	6.1253	6.82004	2.17077	4.29788	4.14319	4.08432	3.95309	2.28824
ENSDARG00000070261	5.12102	5.27998	5.14025	2.52248	1.54147	1.93179	2.7574	1.46801	0.600581
ENSDARG00000070271	8.87289	10.3903	8.78526	3.40654	6.02437	5.77245	5.3142	5.67367	3.52688
ENSDARG00000070278	7.22635	6.86052	6.37798	3.70057	3.3676	3.06917	3.4793	1.7048	1.58748
ENSDARG00000070280	5.53994	6.18667	5.79643	1.57519	1.24165	0.281156	2.01141	2.66231	1.14891
ENSDARG00000070282	29.6387	43.6955	30.8731	19.9444	10.2227	3.74278	23.2442	17.9754	35.889
ENSDARG00000070286	33.124	36.2373	39.1896	6.40172	5.18791	6.11693	13.7319	7.58967	12.118
ENSDARG00000070287	10.1675	19.2199	7.64674	3.75978	1.27685	1.71582	4.21777	14.0896	11.7639
ENSDARG00000070289	25.8234	26.5996	30.119	14.0601	18.7177	17.1946	45.945	31.664	25.343
ENSDARG00000070297	18.0742	14.2386	15.3014	11.4508	8.93832	7.80214	9.24889	11.8893	10.5009
ENSDARG00000070319	2.72184	2.79536	3.12731	0.673204	1.0873	1.37268	0.85016	0.671087	0.531934
ENSDARG00000070329	0.94354	1.9294	0.995633	1.10885	1.43657	1.49759	3.3202	1.7384	0.932368
ENSDARG00000070331	2.8035	1.31367	0.0649406	0.529475	0.410182	0.0201026	0.0207073	0.0178463	0.0159623
ENSDARG00000070333	9.62147	5.5253	10.8007	0.596909	0.848919	2.65538	2.29217	0.264409	0.515437
ENSDARG00000070355	8.66966	10.0443	8.23447	1.92993	2.05484	2.22154	2.37119	0.953827	1.24438
ENSDARG00000070358	6.87732	9.43374	6.97593	2.71146	2.68644	3.98687	4.61398	1.0078	0.794569
ENSDARG00000070360	53.2742	10.8164	0.967336	21.6173	6.31263	0.488255	0	0	0.631121
ENSDARG00000070390	2.29325	2.41022	2.67806	1.49783	1.92333	3.74928	2.01609	1.81819	0.849549
ENSDARG00000070393	1.75021	3.04312	1.94632	0.826908	1.13819	1.31327	2.98472	2.20702	0.671876
ENSDARG00000070395	9.41386	11.8047	7.2893	2.14373	2.28296	2.8828	6.31146	3.22874	2.5178
ENSDARG00000070399	1.8733	2.17815	2.5141	0.827726	0.666769	0.714067	1.2271	0.642303	0.273571
ENSDARG00000070416	0.990081	0.515053	0.550059	0.31564	0.345948	0.806922	0.679528	0.269201	0.0419968
ENSDARG00000070426	14.7907	8.24476	7.66896	5.47497	5.13641	6.45066	6.6373	3.95857	0.987462
ENSDARG00000070430	3.42498	3.24237	3.93112	1.56831	1.0427	2.0281	1.99077	0.752831	0.604662
ENSDARG00000070431	4.18567	6.47272	4.94733	2.64219	3.81509	4.12252	3.69815	3.43604	2.0863
ENSDARG00000070432	3.6989	2.51088	2.42232	1.87155	1.70177	1.89755	2.8538	1.51556	1.06818
ENSDARG00000070433	1.35642	1.59135	1.70489	1.09322	1.60303	1.53797	1.98756	0.728501	0.48665
ENSDARG00000070434	11.8303	2.22054	0.518699	5.21369	0.618355	0.343156	0.0535643	0.0496818	0
ENSDARG00000070435	4.82488	3.6562	5.04561	1.09499	1.88845	1.54427	4.60128	1.69529	1.14234
ENSDARG00000070441	0.76028	1.41268	1.02022	0.353522	0.32559	0.520438	0.956991	0.419788	0.460748
ENSDARG00000070447	1.65844	2.32503	1.77011	1.17926	1.06544	1.18216	0.987093	0.622164	0.547731
ENSDARG00000070455	1.23877	0.985606	0.785617	0.35192	0.330184	0.301759	0.181873	0.268563	0.166844
ENSDARG00000070463	5.76086	5.14745	3.65828	1.50877	1.72663	1.69724	2.6081	1.63887	0.727244
ENSDARG00000070470	4.24283	5.026	5.81981	1.59321	1.91661	2.32131	4.44457	3.08617	1.88949
ENSDARG00000070471	5.41643	5.38663	7.84156	2.48792	3.8544	3.72748	7.13767	3.48751	1.61464
ENSDARG00000070472	25.1035	26.2051	25.8489	17.2545	14.6092	20.7307	18.513	6.97197	3.87765
ENSDARG00000070474	14.7088	20.9049	17.4802	5.91128	6.74797	7.29299	19.4215	12.5309	8.12514
ENSDARG00000070475	38.3796	16.6348	8.54361	15.4025	8.69689	5.80809	10.9902	5.49064	2.27776
ENSDARG00000070477	15.9106	16.9225	11.0103	4.16992	3.7295	2.95012	6.37821	3.44204	1.63563
ENSDARG00000070489	0.173663	0.0425761	0.727104	0.0522468	0.0212838	0.135761	0.355761	0.0067942	0.0499076
ENSDARG00000070512	7.08152	6.56592	5.72639	2.24225	2.30166	2.79767	2.28305	1.0932	1.17002
ENSDARG00000070513	0.733593	0.544022	0.733818	0.393929	0.525238	1.0873	2.04797	0.691167	0.489835
ENSDARG00000070522	1.37728	1.345	1.25499	0.725939	1.07649	1.06983	1.85188	1.3181	0.846382
ENSDARG00000070530	3.15587	4.66091	1.45774	1.05243	0.870194	0.922856	0.853341	0.369213	0.282338
ENSDARG00000070537	0.586455	1.47352	1.31018	0.362119	0.862186	1.01914	1.30622	0.95906	0.276209
ENSDARG00000070543	1.54206	2.04111	2.25226	0.715296	0.985277	1.65683	1.65853	1.13564	0.637848
ENSDARG00000070545	41.6826	27.8844	36.225	17.4121	11.9147	16.3282	40.5354	18.2317	11.7614
ENSDARG00000070553	11.925	11.0844	11.8143	3.57927	3.21581	4.94533	2.32424	1.29092	0.862939
ENSDARG00000070555	0.837977	0.719569	1.03153	0.322339	0.379578	0.280466	0.566679	0.461014	0.157004
ENSDARG00000070560	3.80818	4.14893	5.24443	2.3171	2.11819	2.91697	5.14883	2.21881	1.08475
ENSDARG00000070566	1.46036	2.35753	1.48847	0.530916	0.640611	1.20618	0.868122	0.908806	0.597352
ENSDARG00000070568	12.4219	11.4246	8.79587	10.8777	4.80019	15.1055	16.3659	5.96524	11.1958
ENSDARG00000070570	12.8944	13.4838	13.8429	6.03883	5.18858	6.76158	4.15382	2.30057	1.68143
ENSDARG00000070573	10.988	15.8906	7.85489	3.92266	4.88314	4.82825	13.0117	6.21534	4.3591
ENSDARG00000070585	6.42331	8.49845	8.06287	1.83525	2.52229	2.66936	5.06636	3.166	1.44009
ENSDARG00000070600	4.0907	3.57014	1.94404	1.26044	2.27998	1.89478	2.64016	2.48959	1.73225
ENSDARG00000070606	0.898739	1.56754	1.23302	0.354652	0.48204	0.836889	1.6792	0.385366	0.12391
ENSDARG00000070611	1.83233	2.56131	1.8563	2.13881	2.01383	3.22085	1.49788	2.01352	1.4045
ENSDARG00000070618	3.69278	5.64608	5.79475	2.48326	4.16072	4.38657	8.99073	4.60122	2.38721
ENSDARG00000070620	0.599279	0.986749	0.372353	0.195206	0.273982	0.146165	0.354	0.288553	0.314903
ENSDARG00000070625	0.245193	0.263892	0.22793	0.070502	0.0177933	0.0902288	0.256161	0.258165	0
ENSDARG00000070643	5.00735	3.82862	1.99757	2.6683	1.77626	1.33546	2.70313	1.94836	1.70447
ENSDARG00000070651	0.627654	0.443942	0.441378	0.226686	0.198496	0.321516	0.608441	0.153257	0.10911
ENSDARG00000070654	2.51921	2.35227	2.14849	1.07304	1.18553	1.04531	1.85543	1.27323	0.755129
ENSDARG00000070656	16.2481	9.10329	11.1506	6.73033	5.75298	6.5248	12.7649	7.32389	2.91867
ENSDARG00000070657	4.69971	3.55677	4.11794	2.66305	3.13117	3.41215	3.71702	2.34166	1.12811
ENSDARG00000070670	8.38454	13.0021	12.9808	3.84703	3.20605	5.2915	5.2511	2.48143	1.13619
ENSDARG00000070674	2.46319	2.11496	4.43609	1.4342	0.784765	1.28612	1.75628	1.26732	0.500784
ENSDARG00000070675	3.55995	3.48692	3.07843	1.0048	1.30435	1.70653	2.86687	2.1908	0.822277
ENSDARG00000070677	1.18879	0.357397	0	0	0	0	0	0	0
ENSDARG00000070682	2.36184	2.45496	1.75562	0.809793	0.89826	1.33466	0.846451	0.85988	0.287686
ENSDARG00000070686	20.7888	26.6093	22.9706	3.91059	4.31056	5.08929	6.73783	3.29604	2.05666
ENSDARG00000070688	4.50472	5.61363	5.17465	2.48744	3.0654	3.61026	3.94028	1.39884	1.11141
ENSDARG00000070698	14.2344	12.1243	8.74153	3.6755	3.26113	4.08763	4.37125	2.86125	3.21193
ENSDARG00000070704	2.70869	2.58596	2.39346	0.929512	0.787997	1.21522	1.76182	0.742119	0.560069
ENSDARG00000070705	23.2939	6.06736	0.253432	5.28391	1.55602	0.0850619	0.0721543	0	0
ENSDARG00000070709	16.1374	13.4618	19.8739	2.3325	4.24278	5.84432	19.6754	10.9706	6.02137
ENSDARG00000070714	0.0594027	0.929868	1.1938	0	0.27298	0.535214	1.41534	0.912309	0.053997
ENSDARG00000070722	6.15804	5.1919	4.90887	1.29833	0.82577	1.36337	1.14974	0.301994	0.519292
ENSDARG00000070746	2.00472	1.81048	3.22018	1.65089	1.04033	1.44798	1.97786	0.363173	0.160717
ENSDARG00000070786	0.965593	0.74803	0.628906	0.662279	0.424746	0.273759	1.11422	0.191792	0.253401
ENSDARG00000070787	7.67758	8.38504	9.4911	3.22105	5.29662	5.98897	6.84522	4.78792	2.02668
ENSDARG00000070791	1.16025	1.30782	1.27299	0.977521	1.13708	0.568775	2.30532	0.638042	0.87517
ENSDARG00000070795	2.19687	2.36345	2.40675	1.55189	0.739249	4.51482	2.24542	1.42157	0.81764
ENSDARG00000070798	0.654351	0.652431	0.547045	0.474597	0.451929	0.533006	0.778122	0.13274	0.145378
ENSDARG00000070800	1.31546	1.97682	2.18329	0.821482	0.722627	0.760748	0.689478	0.586015	0.457253
ENSDARG00000070801	1.01085	0.833357	0.778682	0.503261	0.707175	0.556628	1.07106	0.543887	0.262749
ENSDARG00000070804	1.42404	1.26658	1.69179	0.912576	0.941378	1.21488	1.07593	0.41993	0.167308
ENSDARG00000070805	3.3521	4.18278	5.00668	1.51197	2.48256	3.27075	5.61029	1.73804	1.15231
ENSDARG00000070822	4.33094	5.23282	11.128	6.5127	7.55412	9.673	11.238	3.44775	1.45658
ENSDARG00000070828	3.0083	3.30152	2.70646	4.53461	3.19278	3.52096	2.79508	2.75138	1.72127
ENSDARG00000070832	2.93209	4.15242	4.05129	1.76112	1.95968	2.19185	3.57218	2.08481	1.32986
ENSDARG00000070834	6.26016	3.36825	3.34783	2.60835	1.55662	2.86133	0.905391	0.675062	0.11913
ENSDARG00000070839	4.86783	7.85965	6.18318	1.93442	1.89915	3.47958	5.07822	3.57044	2.09049
ENSDARG00000070866	9.56012	10.0336	9.61764	3.37545	3.35043	3.42549	10.1509	9.27389	7.09192
ENSDARG00000070867	4.48654	4.71839	4.03541	1.12114	0.522477	1.31109	0.470691	0	0.0980133
ENSDARG00000070870	3.91311	2.55406	4.63447	2.0637	2.09302	1.91535	6.50827	2.78151	1.9354
ENSDARG00000070883	2.47077	0.304069	0.453715	1.78562	0.752839	0.498265	1.43835	0.448461	0.209045
ENSDARG00000070898	27.9243	10.8896	3.32502	11.1416	4.20806	1.46804	1.76146	1.01768	0.75465
ENSDARG00000070903	0.637541	1.20419	0.916743	0.212979	0.204112	0.554319	0.953698	0.323267	0.156825
ENSDARG00000070907	1.41404	1.20254	0.912997	1.0913	1.60784	1.12188	3.37262	1.48535	1.37453
ENSDARG00000070914	62.9277	21.3357	0.46415	10.967	4.33489	0.0344283	0.170486	0.0301357	0.110094
ENSDARG00000070916	0.260814	0.5831	0.255673	0.257871	0.178468	0.183206	0.527012	0.250779	0.162253
ENSDARG00000070939	6.89433	7.49575	5.18937	1.93547	1.90954	2.43968	4.06469	1.47948	1.75926
ENSDARG00000070957	2.40598	5.98672	1.2171	2.21044	1.36496	1.08814	2.28355	1.2059	0.735467
ENSDARG00000070958	2.1071	2.62558	1.65558	1.47008	0.60948	1.17359	1.86893	1.44093	0.743909
ENSDARG00000070959	15.2414	16.9862	14.0148	9.75803	9.19487	12.0357	14.3087	7.54461	4.49741
ENSDARG00000070971	2.42002	1.60649	1.31683	1.38235	1.06806	1.61857	2.02983	1.3973	1.71081
ENSDARG00000070981	1.75946	2.08935	1.7579	1.36633	1.26811	1.15549	2.06685	2.09137	1.74011
ENSDARG00000071004	1.16355	0.981398	0.848998	0.238487	0.679203	0.466912	1.8791	0.690089	0.197479
ENSDARG00000071005	17.2943	7.47277	0.965523	5.23744	2.18645	1.25954	0.818689	0.60007	0.367472
ENSDARG00000071009	4.09562	5.20381	4.12349	1.81715	2.55118	3.19599	3.79967	1.89291	0.81468
ENSDARG00000071013	0.356649	0.844994	0.548285	0.274618	0.543674	0.363356	0.544951	0.519107	0.329682
ENSDARG00000071015	20.006	26.9154	19.5332	4.32907	6.45505	7.30019	8.06481	9.17936	5.34019
ENSDARG00000071018	3.0237	4.18774	3.6059	0.925818	0.973511	1.47795	2.53581	1.71332	1.01954
ENSDARG00000071031	2.47454	2.86887	2.98826	1.83634	1.70624	2.15177	4.3249	1.69026	0.884001
ENSDARG00000071037	2.64678	3.07828	3.68009	0.983511	1.22249	1.54647	2.51428	1.00077	0.509294
ENSDARG00000071051	0.848618	1.21833	1.37864	0.39113	0.456071	0.410186	0.995004	0.576894	0.318539
ENSDARG00000071052	1.43265	0	0	0	0	0	0	0	0
ENSDARG00000071060	25.7508	28.6687	20.8756	8.26646	4.90813	5.95165	9.70353	2.44336	1.44423
ENSDARG00000071062	1.33952	1.3047	1.4443	1.29201	1.29566	0.773882	2.22831	1.03711	0.621216
ENSDARG00000071065	4.28119	0.839965	0.74017	1.99176	1.53376	0.729393	0.379955	0.375645	0.183526
ENSDARG00000071076	1.70056	0.771335	0	1.18724	0	0	0	0	0
ENSDARG00000071082	1.63504	1.9912	1.65613	0.686583	0.932943	1.7669	2.47137	1.09154	0.387786
ENSDARG00000071083	14.5126	19.7457	19.1153	6.66471	9.85439	9.21807	19.2765	7.49704	4.07528
ENSDARG00000071084	0.711327	0.724888	0.985339	0.520491	0.265488	0.490967	0.28628	0.377835	0.371219
ENSDARG00000071087	2.49612	2.0542	1.69021	0.235818	0.396166	0.350598	0.487322	0.133164	0.124661
ENSDARG00000071116	0.682054	0.339627	0.614272	0.151117	0.136838	0.227596	1.15263	0.539667	0.211261
ENSDARG00000071150	5.21737	6.76293	5.83366	2.58379	2.93601	3.1753	9.14201	6.37216	3.93562
ENSDARG00000071152	0.262229	0.344852	0.752463	0.233748	0.932116	0.572116	0.482122	0.40167	0.600014
ENSDARG00000071164	0.942229	1.0359	1.92867	0.190158	0.175817	0.355552	0.875148	0.0772349	0
ENSDARG00000071197	0.809455	1.19997	0.960463	0.398803	0.466778	0.601728	0.622608	0.374314	0.283687
ENSDARG00000071203	2.48145	1.41576	1.68461	0.685433	0.263237	0.267208	0.341556	0.0982307	0.259405
ENSDARG00000071213	1.15816	1.33956	1.44072	0.243002	0.690268	0.580381	1.08105	0.88506	0.310013
ENSDARG00000071219	2.46762	2.19552	2.42011	1.26033	0.727669	0.939269	1.05156	1.02885	0.155595
ENSDARG00000071230	3.74531	6.17463	4.45091	0.417599	0.852768	1.07611	2.41451	4.20306	1.52474
ENSDARG00000071233	0.525006	0.480055	0.448763	0.232301	0.301123	0.211134	0.830504	0.229858	0.177281
ENSDARG00000071240	0.859313	1.06748	1.65028	0.600921	0.54114	0.662225	0.561385	0.35681	0.331447
ENSDARG00000071250	9.94699	10.1799	3.90821	4.75364	1.41215	0.896916	6.26853	3.41188	2.65812
ENSDARG00000071253	12.2227	22.0436	11.2804	10.0671	12.3626	16.341	17.9319	11.9508	5.14999
ENSDARG00000071259	3.38541	3.80214	3.43183	2.60594	2.92443	4.28683	6.33591	3.88119	3.04164
ENSDARG00000071269	1.02034	1.2999	1.15464	0.790685	1.27228	1.31692	3.19975	1.87034	1.33323
ENSDARG00000071271	8.19944	9.12263	4.41087	0.704934	0.484463	0.567181	0.554262	0.368773	0.920106
ENSDARG00000071272	21.9837	28.6724	21.4809	10.3347	12.8645	14.3679	38.4323	23.0851	13.5294
ENSDARG00000071274	0.203827	4.05253	0.19627	0.139989	0	0	0.511541	0.50702	0.49393
ENSDARG00000071288	5.84456	6.40402	5.46592	4.66879	6.12056	5.87526	9.00999	5.48354	2.82221
ENSDARG00000071294	0.933957	1.93198	1.19338	0.924749	0.98184	1.08109	2.41661	1.72143	0.917264
ENSDARG00000071314	1.07948	3.55931	3.38939	0.669151	0.443849	2.03433	1.38903	1.44303	0.241732
ENSDARG00000071319	1.77333	1.29425	2.66794	1.73346	1.7181	2.53323	4.42988	1.45013	0.669414
ENSDARG00000071347	2.92852	3.62138	3.07791	2.73727	2.25126	3.35024	8.5057	4.58403	2.15787
ENSDARG00000071353	1.26619	1.21737	0.784737	0.526673	0.36233	0.930795	2.82842	1.00176	1.0656
ENSDARG00000071357	0.225915	0.169722	0.158083	0.0489888	0.062864	0.0793902	0.264329	0.0600061	0
ENSDARG00000071393	10.0704	11.0463	10.5533	2.26343	3.46931	3.47352	8.07005	4.80913	2.94237
ENSDARG00000071395	7.8991	9.08613	12.7215	3.72408	4.26635	6.08559	10.9935	4.90624	3.59756
ENSDARG00000071396	3.48989	4.66205	4.70582	2.74971	1.48307	2.32166	2.90569	1.28221	0.575308
ENSDARG00000071403	57.1464	72.0178	51.6626	22.0901	17.8622	23.18	12.1799	10.4216	11.6517
ENSDARG00000071409	1.74439	2.03774	0.921483	0.574049	0.702532	0.880254	1.30261	0.333968	0.350438
ENSDARG00000071413	1.25596	1.466	0.971928	0.785134	4.16022	0.592529	2.88942	1.30177	0.855952
ENSDARG00000071414	0.743974	0.640776	1.03417	0.413836	0.491898	2.27508	1.89126	0.212856	0.377059
ENSDARG00000071424	5.00069	4.26069	4.45554	2.16762	2.44202	2.63327	4.47409	2.38385	1.90865
ENSDARG00000071426	6.33145	10.217	8.1787	1.36491	1.79491	2.09216	1.94203	1.44994	0.310179
ENSDARG00000071442	4.60877	5.11055	4.39378	2.48504	3.0855	4.16664	3.80375	1.3884	0.820352
ENSDARG00000071449	1.82644	0.947896	0.751575	1.05233	0.888582	2.09705	2.21555	1.42874	0.732488
ENSDARG00000071450	1.56276	1.18291	1.66331	1.22491	1.09349	1.70391	3.52115	0.914638	0.490601
ENSDARG00000071467	1.73612	0.851497	0.705135	0.819099	0.56194	0.720675	1.92484	0.508186	0.384183
ENSDARG00000071469	1.03632	0.969006	1.07636	0.833824	0.701003	1.00906	1.60163	1.08908	0.801627
ENSDARG00000071478	2.75252	4.44278	3.81768	1.64149	2.78106	2.46692	5.234	3.12394	0.755084
ENSDARG00000071487	1.45948	1.97412	2.15875	0.814911	1.76169	1.5018	2.29683	1.82368	1.06191
ENSDARG00000071492	10.9372	11.4226	7.17459	2.69603	2.20054	3.81662	3.15235	1.29737	0.938734
ENSDARG00000071506	0.457362	0.417317	0.672862	0.461258	0.458444	0.418944	0.663763	0.33838	0.259825
ENSDARG00000071511	0.621247	0.467811	0.999141	0.192524	0.143602	0.239812	0.6422	0.342158	0.267746
ENSDARG00000071524	5.05105	6.66825	5.37259	2.09504	3.11006	3.09309	5.75459	3.34485	2.88905
ENSDARG00000071547	2.32925	2.49944	2.36911	1.10223	0.975701	1.10854	2.88729	1.09318	0.560322
ENSDARG00000071548	4.51414	4.04186	4.39968	2.19492	2.55634	2.94272	4.64463	2.50414	1.3254
ENSDARG00000071555	2.65577	2.4941	2.05348	0.752016	1.67176	1.53161	3.19798	1.39841	0
ENSDARG00000071562	5.93843	8.35739	7.29738	2.84956	4.31014	5.70282	10.3031	4.64429	2.25573
ENSDARG00000071566	7.458	8.76167	11.3676	3.75188	3.82285	8.02952	7.25677	3.86482	1.39452
ENSDARG00000071570	2.75022	3.91435	3.15007	2.40585	1.96218	2.8906	4.1529	2.13417	0.846197
ENSDARG00000071583	2.65469	2.78432	2.13349	2.30077	3.17259	3.57388	6.5344	2.87377	2.28066
ENSDARG00000071589	1.75269	2.95501	3.39855	0.816603	1.81975	0.788013	3.35666	1.90743	0.654209
ENSDARG00000071644	0.532122	0.41092	0.615357	0.755617	0.277261	0.465721	0.445957	0.339711	0.168531
ENSDARG00000071652	3.13186	4.05563	3.83715	0.969657	1.20785	1.14336	3.47535	0.836103	0.432299
ENSDARG00000071670	2.90401	1.23181	0.999235	0.16478	0.640626	0.500176	0.436126	0.363442	0.113586
ENSDARG00000071672	3.52626	4.96318	3.97007	1.71555	2.45964	2.22089	4.60633	2.58591	1.47421
ENSDARG00000071673	2.14086	1.88518	1.89614	1.03771	1.54316	1.66701	3.09518	1.75524	0.508742
ENSDARG00000071674	1.00338	1.07708	0.567464	0.998014	0.603812	0.673799	0.957833	1.06218	0.588882
ENSDARG00000071683	5.90036	9.16415	7.71742	2.13234	1.48506	1.96919	6.07569	7.5526	4.19568
ENSDARG00000071691	2.01247	2.29323	1.19232	1.0953	0.836927	1.57266	2.48389	1.34184	0.518139
ENSDARG00000071694	7.19169	7.71996	4.70678	3.59684	3.42463	4.97762	6.14687	1.81286	1.51583
ENSDARG00000071697	2.8224	3.45409	3.89206	1.53709	1.74329	1.77597	2.59728	2.35167	0.7105
ENSDARG00000071699	0.602559	0.692509	1.01929	0.862156	0.742461	1.06005	2.76006	1.24089	0.60336
ENSDARG00000071707	3.11888	4.4627	3.75754	2.32464	3.04801	3.3197	4.50973	2.958	1.56526
ENSDARG00000071716	3.70034	1.29951	0.551133	2.23481	1.27862	0.338873	0.703612	0.321294	0.411751
ENSDARG00000071724	1.03356	1.36202	1.01917	0.875445	0.721092	1.42846	1.45222	0.532697	0.60384
ENSDARG00000071725	0.619376	0.758215	0.4115	0.890558	0.626918	0.477912	1.51	0.235802	0.169732
ENSDARG00000071772	1.24845	2.47253	2.29306	1.31446	1.30199	1.49846	2.41042	0.721147	0.216051
ENSDARG00000071808	4.71674	5.79163	3.54442	0.401297	1.97292	0.585625	0.585902	0.722009	0.331163
ENSDARG00000071819	2.13353	0.318709	0.9565	0.394267	0.00059955	0.309958	0.249979	0.261795	0.0969549
ENSDARG00000071862	0.567022	1.23471	0.132234	0.141907	0.270531	1.08994	0.802628	0.272897	0.125735
ENSDARG00000071868	6.20438	7.84143	6.84295	2.19379	2.51776	2.36363	4.94858	2.66862	1.64697
ENSDARG00000071872	0.677176	0.758443	0.356925	0.408593	0.253182	0.643372	0.609291	0.31461	0.142071
ENSDARG00000071881	0.439036	0.686824	2.39353	0.802101	0.673122	1.23091	1.33958	0.729719	0.293124
ENSDARG00000071906	5.74113	8.45565	6.07411	2.51876	3.38682	3.61071	9.49998	6.69271	4.31025
ENSDARG00000073665	2.43023	2.20608	1.63601	0.461255	0.624263	1.75017	1.81042	1.29804	0.484168
ENSDARG00000073673	1.49163	1.9619	2.05867	0.630619	0.931175	1.87185	2.42443	1.62677	0.93829
ENSDARG00000073681	0.672541	0.72311	0.596153	0.251301	0.223298	0.368567	1.03123	0.578598	0.239559
ENSDARG00000073686	0.561623	1.16139	1.0313	0.559057	0.633708	0.611113	1.3909	1.16736	0.576344
ENSDARG00000073688	0.251817	0.314417	0.30912	0.135595	0.154604	0.289899	0.402539	0.221258	0.180587
ENSDARG00000073696	2.60818	1.88721	1.36353	1.16368	0.982363	1.2306	2.76805	1.32601	0.947085
ENSDARG00000073705	2.12436	1.54375	1.39177	1.48836	0.652306	0.743559	1.50315	0.785233	0.587917
ENSDARG00000073710	5.66199	7.34296	7.82964	3.82921	5.19068	5.31004	6.95062	3.53703	2.17617
ENSDARG00000073721	0.278487	0.62909	1.48936	0.229788	0.212102	0.556398	0.945979	0.593262	0.559525
ENSDARG00000073724	0.737452	1.53562	0.884275	0.324077	0.389169	0.668893	0.709634	0.373844	0.355072
ENSDARG00000073728	1.07669	1.4856	2.63149	0.608817	0.676819	0.850848	2.71189	1.36971	0.660636
ENSDARG00000073732	0.547295	0.35387	0.0858824	0.11796	0.16396	0.0563592	0.0971901	0.0898776	0.151514
ENSDARG00000073734	3.82182	4.22925	2.97979	1.05733	1.30384	2.02285	8.25959	2.24348	1.91989
ENSDARG00000073737	2.05989	1.49695	0.780274	0.904582	0.243159	0.913001	0.754145	0.39336	0.252693
ENSDARG00000073738	1.33517	2.20154	1.42859	0.856987	1.38121	1.55161	1.29795	0.925258	0.349232
ENSDARG00000073741	1.68257	1.63303	0.586047	0.927063	0.388845	0.56218	0.763303	0.473434	0.588604
ENSDARG00000073743	2.31823	2.84435	1.66779	0.338921	0.69972	0.889127	2.28594	1.11279	0.902186
ENSDARG00000073756	1.1503	1.37512	0.615373	0.691585	0.754748	1.08559	1.54816	0.952135	0.686122
ENSDARG00000073760	1.23805	0.0160449	0.00279593	0.447262	0.215815	0.021474	8.29403e-05	0.0320844	0
ENSDARG00000073761	1.29214	2.20502	0.54315	0.553465	0.884567	1.03923	1.6978	1.17656	1.32394
ENSDARG00000073765	0.507263	0.5022	0.496714	1.0397	0.867808	1.62004	2.62151	0.552327	0.298899
ENSDARG00000073771	0.231422	0.196674	0.377018	0.0952487	0.0722316	0.129257	0.247186	0.0275586	0.012526
ENSDARG00000073787	9.82677	10.3362	11.0844	4.36449	4.22148	4.48786	11.1952	3.66888	4.15865
ENSDARG00000073788	4.1095	0.691404	0.374763	1.87576	0.370789	0.368696	0.40814	0.235149	0.258499
ENSDARG00000073789	0.921816	0.947708	0.75798	0.363936	0.648822	0.433656	0.947772	0.188502	0.0564686
ENSDARG00000073797	0.370694	0.592068	1.21236	0.424482	0.329685	0.456653	1.15223	0.217732	0.197478
ENSDARG00000073798	5.39435	6.36284	4.79331	2.36449	1.93104	2.88459	4.33331	2.17926	1.60997
ENSDARG00000073800	0.925102	0.714935	1.0527	0.173172	0.620967	0.58453	1.49393	0.237374	0.319346
ENSDARG00000073801	0.975928	1.6356	1.48694	0.374393	0.954591	0.8274	2.32857	1.49528	0.651223
ENSDARG00000073805	0.181363	0.217083	0.185749	0.14515	0.0724275	0.155943	0.342115	0.172851	0.199524
ENSDARG00000073811	13.1361	16.3344	19.2043	7.91284	10.5459	11.483	30.489	18.8788	11.5306
ENSDARG00000073817	2.13952	5.71062	4.43517	1.99872	2.82127	3.94556	10.2133	7.17265	5.16843
ENSDARG00000073837	15.2494	17.0295	12.9228	3.71272	4.07587	4.34781	4.55599	2.39884	1.57506
ENSDARG00000073841	4.3251	4.8253	4.00959	1.82326	2.11771	2.42511	2.7948	1.7521	1.15272
ENSDARG00000073843	0.757931	0.662762	0.543303	0.485548	0.530786	0.662093	0.784401	0.48209	0.293084
ENSDARG00000073845	4.11316	2.79093	0.927775	3.42071	2.22694	1.81119	7.78038	2.42363	4.77282
ENSDARG00000073847	2.61304	1.73982	1.87895	0.694644	0.664863	1.11105	1.56771	0.916465	0.632818
ENSDARG00000073848	2.69243	4.07216	4.06472	1.04387	1.52982	2.81607	3.8263	1.91841	1.06133
ENSDARG00000073856	0.90693	0.750707	0.600531	0.498598	0.355821	0.577881	2.74595	1.36822	1.33517
ENSDARG00000073859	5.57321	6.51128	8.58185	2.8977	3.19757	4.85019	5.26847	3.24763	2.0939
ENSDARG00000073862	19.1089	24.9109	25.4889	9.34038	9.20968	12.0433	15.3106	9.91814	8.58706
ENSDARG00000073869	0.460925	0.858113	1.16054	0.204455	0.283189	0.216866	0.579613	0.246608	0.16334
ENSDARG00000073870	0.997112	1.20079	0.802968	0.16354	0.234912	0.604603	0.455733	0.517869	0.324369
ENSDARG00000073872	9.9424	15.4278	13.1275	3.58269	14.3468	7.07801	7.11279	14.0486	4.85363
ENSDARG00000073881	0.108165	0.340665	0.623055	0.292044	0.434945	0.444527	0.751098	0.603621	0.181056
ENSDARG00000073892	2.79798	2.35211	2.26606	2.36473	1.54185	2.44696	6.15715	2.408	1.53062
ENSDARG00000073893	4.6016	6.01679	6.08071	2.22831	1.82668	2.31888	5.60294	3.37967	2.23506
ENSDARG00000073898	5.35256	8.0346	5.6019	2.61453	5.18535	4.84886	5.55805	2.1648	1.17392
ENSDARG00000073899	1.41696	1.70593	1.56873	0.923464	0.747389	0.64641	0.702648	0.342147	0.346411
ENSDARG00000073902	1.63301	1.55234	1.64127	1.26386	1.4895	1.47433	5.83521	3.67726	3.02563
ENSDARG00000073905	2.37836	1.07952	0.2746	0.5419	0.372047	0.0833411	0	0.105525	0
ENSDARG00000073909	0.712392	0.700908	0.565158	0.7271	0.923024	0.943406	1.47003	0.675838	0.555033
ENSDARG00000073915	0.994473	0.54236	0.15672	0.89518	0.304673	0.0488069	0.25369	0.26377	0.0192877
ENSDARG00000073923	1.76309	1.25334	1.55811	0.48952	0.337578	0.574921	0.91244	0.858162	0.164398
ENSDARG00000073926	4.30957	6.45764	4.46368	1.08228	1.51593	1.89954	3.25684	2.25132	1.33618
ENSDARG00000073944	1.64396	2.57383	1.75476	0.89765	1.21121	1.14812	1.8412	0.654008	0.403875
ENSDARG00000073952	3.26624	4.37454	4.03267	1.67931	2.69675	2.55778	5.6088	4.05283	2.71035
ENSDARG00000073957	1.96001	3.02649	3.30586	1.11277	0.974057	1.71511	1.96021	1.79508	0.698985
ENSDARG00000073970	2.8715	4.37127	2.41736	1.38047	1.43986	2.45155	3.0838	1.22961	0.975422
ENSDARG00000073975	2.31345	4.79954	3.68935	1.97167	2.76842	3.07408	6.01522	2.40296	1.81797
ENSDARG00000073976	0.533381	1.65743	0.965139	0.133533	0.191599	0.0629179	0.663759	0.537772	0.329618
ENSDARG00000073985	0.56992	0.496638	0.312866	0.235227	0.161078	0.277925	0.326242	0.177245	0.0914614
ENSDARG00000073988	4.98906	7.95417	5.45986	1.0952	1.91468	1.27249	5.62033	3.46601	2.50194
ENSDARG00000073996	0.216945	0.978673	0.706354	0.322434	0.0495799	0.200107	1.12246	0.209911	0.156347
ENSDARG00000073997	4.87006	7.31389	6.19993	2.10741	2.61045	2.96764	4.86501	2.50416	1.08497
ENSDARG00000074009	0.520091	0.236642	0.0249919	0.214818	0.101504	0	0.0307267	0	0
ENSDARG00000074012	26.3154	4.09572	0.26689	13.9376	3.05334	2.44369	2.09362	2.12634	0.884378
ENSDARG00000074017	2.4598	2.90034	1.84426	0.943571	1.21419	1.47229	2.00677	1.59058	0.659837
ENSDARG00000074020	4.05713	6.29801	4.18091	2.4385	3.60287	3.24617	6.71496	3.26648	2.1898
ENSDARG00000074024	1.32079	0.0903059	0.0128962	0.943615	0.00945843	0.019273	0.0067884	0	0.0188851
ENSDARG00000074028	0.584405	0.321012	0.200164	0.183179	0.148519	0.163801	0.118491	0.0463456	0.00838066
ENSDARG00000074030	5.97363	4.20643	4.06956	3.06831	1.70414	1.30416	2.63132	0.728417	0.756837
ENSDARG00000074031	0.572089	0.558273	1.2539	0.281324	0.519579	0.579488	1.40779	0.544077	0.0487297
ENSDARG00000074034	0.158797	0.566174	0.343597	0.285599	0.105186	0.109716	1.18889	0.44325	0.602441
ENSDARG00000074040	21.7547	26.8921	26.5892	12.0399	15.6555	15.5236	26.2121	18.2736	13.8619
ENSDARG00000074041	2.55682	4.81635	3.78656	2.29811	2.97012	3.18879	4.40902	1.95853	1.79936
ENSDARG00000074057	10.0249	7.84999	10.5721	3.92933	4.38688	6.00936	6.47742	2.18696	1.49554
ENSDARG00000074059	5.21327	4.98233	3.71929	2.54428	2.39679	2.07878	4.45714	3.31023	2.20371
ENSDARG00000074067	1.68077	0.242193	0.0664415	0.704846	0.254604	0	0.220422	0.0663971	0
ENSDARG00000074074	2.56889	2.58774	2.11183	1.02599	1.67253	0.721638	1.61038	1.52969	0.607501
ENSDARG00000074084	7.35697	4.03406	7.92138	1.36728	1.20791	2.51637	2.95323	0.918368	0.995191
ENSDARG00000074093	1.61743	0.292193	0	0.235462	0.173779	0	0	0	0
ENSDARG00000074098	2.58937	1.74953	1.07126	1.07594	0.559039	0.789293	1.49244	0.469323	0.837337
ENSDARG00000074100	1.29841	2.46126	1.63826	0.686843	1.04624	1.23327	1.96686	0.977517	0.388818
ENSDARG00000074121	9.71482	12.6171	9.11505	3.66552	5.33996	5.38459	10.2276	5.43151	4.05082
ENSDARG00000074125	0.687797	0.229521	0.0260591	1.02751	0.605556	0.33124	0.887891	0.0964394	0.0451582
ENSDARG00000074131	6.60175	8.50413	6.62418	2.70966	3.38484	3.36727	4.31962	2.55732	1.1415
ENSDARG00000074137	1.32106	2.33067	1.2905	1.25235	1.46471	1.57153	2.60738	1.42064	1.09662
ENSDARG00000074139	0.197153	0.185809	0.40522	0.0175757	0.118569	0.120925	0.0941382	0.0663887	0.0236488
ENSDARG00000074142	0.471454	0.357657	0.204286	0.090073	0.0638057	0.0857693	0.209874	0.0578862	0.0528012
ENSDARG00000074149	0.898968	1.43038	0.869918	0.568354	0.569589	0.808568	0.995253	0.565458	0.412558
ENSDARG00000074158	7.88514	16.693	11.8766	5.13956	3.50681	5.73934	14.281	6.28498	7.63341
ENSDARG00000074161	8.85291	11.2509	10.0484	3.25988	4.02326	3.55192	7.16873	4.80524	3.41408
ENSDARG00000074163	14.2476	16.4069	20.59	6.58891	7.81124	8.9116	10.7687	4.79062	2.58673
ENSDARG00000074164	0.729612	0.923739	0.197706	0.491883	0.183923	0.154411	0.182526	0.0102307	0.116298
ENSDARG00000074166	2.62082	3.87648	3.30712	2.32722	3.418	3.41163	6.4358	4.99941	3.54389
ENSDARG00000074168	4.87886	5.13831	4.83238	5.22774	4.69399	2.75212	2.86578	3.62478	3.53378
ENSDARG00000074169	1.57918	2.28236	1.60036	1.46393	1.35385	1.65288	3.51433	1.41855	1.66108
ENSDARG00000074171	2.69371	2.26996	1.42611	1.46941	1.86025	2.20574	1.64016	0.344697	0.420286
ENSDARG00000074184	2.19686	2.0487	2.10751	0.694051	1.09032	1.25549	2.7787	1.37889	0.530673
ENSDARG00000074186	8.86639	12.6175	12.9249	4.72456	5.88036	7.13466	8.2995	4.15365	2.9183
ENSDARG00000074195	7.06259	12.6243	9.67199	6.25114	7.96949	8.45699	13.3932	10.4786	6.67956
ENSDARG00000074201	20.1866	24.1409	28.5098	23.4801	27.5333	26.7722	35.3428	19.9258	12.548
ENSDARG00000074221	0.280824	0.45752	0.317988	0.233431	0.201285	0.243498	0.377028	0.295746	0.128025
ENSDARG00000074225	0.324202	0.335839	0.251621	0.0831513	0.0753235	0.281167	0.711339	0.210196	0
ENSDARG00000074229	19.5611	21.1079	16.6376	10.1812	11.53	12.2808	25.5029	18.5232	12.452
ENSDARG00000074238	12.6901	14.462	18.014	5.44054	6.4112	6.94763	20.6896	10.0388	7.78045
ENSDARG00000074242	11.165	10.1031	8.44603	4.08222	4.33059	5.45015	5.66326	2.52989	2.66065
ENSDARG00000074245	5.9523	6.94096	5.46108	2.4315	3.33151	3.66052	4.83259	2.71259	1.46249
ENSDARG00000074248	1.48312	2.53709	2.96513	0.829595	0.479173	0.759647	1.25796	0.7891	0.624216
ENSDARG00000074254	0.818721	0.828449	0.9716	0.467218	0.691427	1.09189	1.27878	0.708514	0.28312
ENSDARG00000074255	0.395577	0.431873	0.217848	0.260234	0.241143	0.246588	1.33267	0.554653	0.127645
ENSDARG00000074260	25.5166	23.3273	35.7167	5.39559	2.99479	1.8559	9.74817	24.5927	15.1444
ENSDARG00000074266	33.2697	23.4664	14.9246	7.01494	4.55666	5.86007	6.96656	7.42286	7.84016
ENSDARG00000074270	1.09449	1.48105	0.807232	0.782503	0.749959	0.824783	1.00837	0.379405	0.263477
ENSDARG00000074275	0.77415	1.12685	0.772725	0.506207	0.888131	0.631919	1.12689	0.715362	0.517512
ENSDARG00000074282	1.93635	3.84278	2.59352	1.87336	2.58719	3.06229	3.95021	1.81514	1.60392
ENSDARG00000074287	0.697663	0.62609	0.583943	0.283442	0.888524	0.720856	0.942101	0.514716	0.331914
ENSDARG00000074289	5.97361	8.48616	8.33701	1.14825	2.0463	1.85444	3.51156	1.92753	0.991373
ENSDARG00000074293	2.53079	3.09688	2.57196	1.5078	1.45642	1.90491	4.60479	1.87896	0.832599
ENSDARG00000074297	1.23974	1.8735	2.38485	0.965162	0.92733	1.39655	1.74808	0.964159	0.392866
ENSDARG00000074303	0.641071	0.934144	0.211282	0.247931	0.262132	0.225801	0.488515	0.347938	0.420222
ENSDARG00000074307	0.42502	1.19785	0.322918	0.430051	0.310582	0.912591	1.11901	0.44447	0.166649
ENSDARG00000074308	1.00302	1.19426	1.57068	0.433883	0.443406	0.662938	1.86256	0.410279	0.351835
ENSDARG00000074309	4.19886	5.20795	5.12309	2.34593	3.82892	4.59264	9.19996	3.96182	4.78848
ENSDARG00000074311	2.89199	3.3529	3.58024	1.90077	2.2661	2.95581	5.06327	3.53714	2.20391
ENSDARG00000074314	0.396135	1.27674	0.961053	0.610388	0.692627	0.911083	0.801659	0.510507	0.595499
ENSDARG00000074319	0.54926	0.963966	0.574963	0.201792	0.48612	0.520924	0.919973	0.566348	0.09429
ENSDARG00000074326	0.818289	0.646132	0.63912	0.601349	0.654553	0.813276	1.17626	0.89533	0.483841
ENSDARG00000074331	21.0307	21.6409	15.8128	9.80806	16.018	17.0301	22.8414	12.8109	11.5187
ENSDARG00000074332	75.562	116.09	120.639	29.5351	35.2483	39.6065	67.4561	45.871	27.429
ENSDARG00000074346	9.40302	8.14752	8.18121	8.67992	6.68463	9.81587	6.62235	3.68743	5.89871
ENSDARG00000074356	1.27088	0.936589	0.773606	1.10804	0.746951	0.935485	3.2258	0.451025	0.632081
ENSDARG00000074359	6.72511	1.11978	0.0341289	1.68664	0.350811	0.00499289	0.0145832	0	0.0239108
ENSDARG00000074366	0.709801	1.18211	0.766516	0.156028	0.400644	0.633466	1.24932	0.69467	0.0930791
ENSDARG00000074367	1.68711	2.36905	2.82066	0.889251	0.97462	1.19136	2.6597	0.873522	0.6924
ENSDARG00000074379	2.83306	2.05854	2.55243	0.651425	0.641336	1.17338	0.674901	0.200259	0.183594
ENSDARG00000074393	2.29762	3.62438	4.71427	1.80316	1.96245	2.14953	6.06568	3.44082	0.557787
ENSDARG00000074401	0.574705	0.933334	0.76489	0.354224	0.537345	0.758549	0.977029	0.870772	0.513666
ENSDARG00000074410	3.61195	5.20056	2.81025	1.20612	1.26441	2.45839	2.87494	2.54683	1.32212
ENSDARG00000074413	5.64325	8.29031	6.35611	3.82683	4.28472	5.75501	8.37801	5.2736	2.57536
ENSDARG00000074422	0.219645	0	0	0.0431656	0	0	0	0	0
ENSDARG00000074424	1.07737	0.928237	1.28507	0.40642	0.480613	0.551349	1.02254	1.16543	0.812898
ENSDARG00000074428	1.25141	2.63489	1.82339	0.679133	0.576761	1.43176	1.44484	0.808133	0.783141
ENSDARG00000074431	10.4713	10.0978	9.34149	3.08875	3.1926	4.63434	11.44	9.47076	7.63944
ENSDARG00000074446	1.45983	0.0992488	0	0.365578	0	0	0	0.0142015	0
ENSDARG00000074447	3.34561	3.12786	4.19922	2.71113	3.27912	5.28147	6.79182	3.70857	2.97957
ENSDARG00000074453	18.5302	5.52368	6.0133	2.67819	2.41483	3.19546	3.82243	1.4696	0.817477
ENSDARG00000074465	4.28068	4.3224	5.10187	2.59827	2.75991	4.5056	3.32719	1.67669	1.03358
ENSDARG00000074471	1.74304	2.65846	1.85009	0.804029	1.63774	1.0398	4.92563	2.30803	2.30438
ENSDARG00000074474	6.10239	6.17065	3.90929	1.3803	2.35738	1.8568	5.56773	5.17531	4.27461
ENSDARG00000074481	1.28412	1.6979	2.65083	1.37065	1.25078	2.02629	3.69058	2.17471	1.18582
ENSDARG00000074485	0.969755	1.32684	1.34317	0.680115	0.806899	0.814639	3.30059	0.973663	0.817158
ENSDARG00000074490	2.83718	4.06716	2.68559	1.20719	1.62287	1.70624	2.0689	1.06469	0.570508
ENSDARG00000074491	29.7019	16.6291	17.2566	9.88265	3.47595	2.97112	14.0495	6.09744	4.22176
ENSDARG00000074493	0.620649	1.02344	0.652251	0.540953	0.550999	0.541016	1.68213	1.02676	0.758262
ENSDARG00000074498	0.669946	0.490838	0.551596	0.351103	0.242631	0.376299	0.537903	0.460188	0.283202
ENSDARG00000074502	0.954927	2.41177	1.29164	0.689318	1.03365	1.14198	3.16619	2.55494	1.16052
ENSDARG00000074506	1.91277	1.84954	1.31214	0.580754	0.794276	1.05775	2.0449	1.62751	0.92973
ENSDARG00000074508	1.73536	1.47792	1.37762	0.516758	0.507836	0.382674	0.772392	0.597769	0.29088
ENSDARG00000074522	21.6712	27.214	23.0053	7.38184	9.10143	11.8088	19.6516	16.5711	12.0516
ENSDARG00000074531	1.48058	1.3158	2.22925	0.782195	0.509564	0.604531	0.84548	0.925414	0.695304
ENSDARG00000074533	3.48234	3.70701	3.92427	1.73468	1.94062	2.30352	2.91288	2.6241	2.44862
ENSDARG00000074540	6.35469	6.60442	4.89354	3.82377	4.01378	4.62707	6.17607	3.98486	4.2788
ENSDARG00000074544	1.30761	0.768228	0.613804	0.99915	0.682613	1.13076	2.52606	1.0235	0.456342
ENSDARG00000074548	2.85833	2.11336	2.01338	1.47577	0.886485	0.815424	2.31256	1.0663	0.694058
ENSDARG00000074554	7.34372	7.78509	5.89565	2.36018	3.05183	4.10128	4.78168	1.85022	0.79964
ENSDARG00000074572	2.55638	2.42124	3.01298	2.32925	1.86264	1.62862	2.33513	1.37272	0.972277
ENSDARG00000074575	9.84178	12.224	8.72726	3.54088	3.46916	4.26787	6.93501	4.05901	1.831
ENSDARG00000074577	1.0497	0.279475	1.04135	0.207087	0.194683	0.285547	1.37949	0.432627	0.465359
ENSDARG00000074580	2.02246	2.88091	2.64232	1.07033	1.07045	1.25202	1.48259	0.780772	0.482157
ENSDARG00000074590	0.483493	0.992992	0.466192	0.142867	0.551251	0.130567	0.577971	0.441975	0.266522
ENSDARG00000074599	3.44166	2.4545	3.19348	1.64369	2.1768	2.68138	4.77465	1.8429	1.06036
ENSDARG00000074611	0.924688	0.865706	1.1662	0.163865	0.200179	0.437897	0.33869	0.0842017	0.22081
ENSDARG00000074612	19.208	27.5635	22.6403	15.827	14.9805	18.3674	13.6398	6.1469	3.29324
ENSDARG00000074617	0.376725	0.528241	0.430138	0.393533	0.667816	0.268335	0.441987	0.322211	0.17194
ENSDARG00000074622	2.59963	2.07343	2.31382	2.37391	3.03166	3.95628	4.02953	2.0733	1.21373
ENSDARG00000074623	3.26474	3.7265	3.17447	1.20222	1.76704	2.03138	2.65535	1.89191	1.21791
ENSDARG00000074624	16.5011	11.5552	9.61223	4.6779	4.43567	4.70323	5.96933	3.05881	2.12665
ENSDARG00000074626	0.369033	0.341502	0.388543	0.245346	0.234904	0.387276	0.60181	0.764379	0.493388
ENSDARG00000074631	54.8577	14.9116	8.01341	24.5225	4.31367	4.41284	8.29252	4.36337	5.14802
ENSDARG00000074634	0.613741	0.462289	0.471231	0.155713	0.190885	0.249702	0.197741	0.350618	0.317115
ENSDARG00000074636	10.7811	5.61983	2.53384	8.07209	5.36058	4.32754	7.11933	3.95612	2.3772
ENSDARG00000074641	2.78385	3.0555	2.58494	1.7824	1.69338	2.14414	2.7458	1.81898	1.55337
ENSDARG00000074645	4.39999	3.58477	5.20583	2.7183	3.93485	6.45249	4.69926	2.41695	2.48763
ENSDARG00000074646	0.186402	0.129474	0.253922	0.0791767	0.023399	0.0949677	0.149347	0.109571	0.394478
ENSDARG00000074656	9.20449	13.7591	18.252	5.42418	9.56955	9.50409	10.0304	7.16077	4.17673
ENSDARG00000074658	6.29975	5.00972	1.53521	1.41076	1.33068	0.5265	1.06823	0.523149	0.388085
ENSDARG00000074661	41.2951	24.5854	0.485564	9.98686	6.34041	0.265139	0.126263	0	0.238869
ENSDARG00000074662	7.6326	6.43075	3.27933	0.791938	0.824662	0.375266	1.14567	0.933062	0.530318
ENSDARG00000074663	1.33915	1.17316	0.805881	0.512868	0.404766	0.207903	1.03337	0.646516	0.325013
ENSDARG00000074667	8.53125	7.95096	5.85833	2.64	3.53752	3.27362	3.36194	2.19475	1.27627
ENSDARG00000074675	2.17768	1.94318	2.33934	1.04901	1.16325	0.917509	1.11279	1.02632	0.624601
ENSDARG00000074676	5.87438	6.84187	5.60093	2.68805	3.2716	3.29008	7.09666	5.09228	3.82803
ENSDARG00000074681	0.824081	0.664973	0.936519	0.221306	0.60607	0.541313	1.22942	0.625463	0.500662
ENSDARG00000074686	2.59517	1.83637	1.16832	1.18845	0.859354	0.907199	0.794143	0.362345	0.456202
ENSDARG00000074688	9.12994	10.5438	8.60428	3.08907	4.40607	4.50482	12.2412	8.75704	5.11321
ENSDARG00000074691	1.81493	2.68363	1.98448	1.2042	1.60731	1.32423	2.6753	1.46191	1.16614
ENSDARG00000074697	5.2615	7.024	6.06053	3.0784	4.40072	4.86537	16.7121	12.8615	8.35075
ENSDARG00000074702	2.98106	2.76758	2.45008	1.50156	1.68711	1.63467	2.95488	1.76352	1.16931
ENSDARG00000074703	2.99283	2.896	2.66465	0.792091	0.644739	1.0704	1.65266	1.04809	0.133169
ENSDARG00000074705	9.22991	11.5222	10.1487	3.77901	4.41479	5.71613	6.32365	3.12372	1.94313
ENSDARG00000074715	0.652308	0.277604	0.321018	0.139605	0.110336	0.364724	0.649958	0.382572	0.308052
ENSDARG00000074721	0.436263	0.400553	0.56771	0.379416	1.04114	0.770999	0.720642	0.123813	0.163583
ENSDARG00000074726	1.31701	1.47557	0.893393	0.581252	0.73041	1.17371	1.55764	0.904439	0.705666
ENSDARG00000074727	1.0511	1.30878	0.919286	0.462984	0.764041	0.861455	1.23384	0.419099	0.310129
ENSDARG00000074730	3.32607	4.02651	3.92453	2.77897	4.3965	4.76853	10.097	3.91985	2.21842
ENSDARG00000074735	3.11349	4.31893	2.47013	1.22756	0.90465	0.708584	1.84618	0.77417	0.370486
ENSDARG00000074737	4.06924	4.91273	3.66511	1.90171	2.20776	1.97807	3.26574	1.57358	2.2814
ENSDARG00000074747	12.8027	14.2695	10.1984	5.40504	5.97685	6.84155	7.89638	4.0169	2.19631
ENSDARG00000074752	1.2237	2.15879	2.2645	0.24068	0.506578	0.767085	1.72362	1.28713	0.49316
ENSDARG00000074757	1.76733	0.957005	1.42217	0.291645	0.499834	0.454102	0.703769	0.453231	0.168824
ENSDARG00000074758	40.105	36.8295	32.328	19.854	27.2065	28.9383	29.4604	15.5181	13.617
ENSDARG00000074759	3.40193	5.57179	4.73827	1.04803	1.53449	1.50165	5.09524	3.32025	1.79324
ENSDARG00000074764	1.4078	1.0918	1.42823	0.360568	0.519867	0.911429	1.41681	0.826303	0.265194
ENSDARG00000074768	1.65383	0.284444	0	0.954445	0.106773	0	0	0.0700754	0.0907683
ENSDARG00000074779	2.12379	3.21711	2.14461	1.01625	1.46281	1.77965	3.74395	2.04345	1.05113
ENSDARG00000074783	0.96017	1.43792	0.791005	0.437524	0.488925	0.843721	0.169669	0.0803308	0.149127
ENSDARG00000074786	12.6811	17.1464	15.4233	4.79716	5.87777	7.22729	15.5186	11.1748	10.5904
ENSDARG00000074789	5.98818	1.96829	1.34964	1.50298	0.584064	0.0664144	0.475434	0.364752	0.170707
ENSDARG00000074790	1.64774	1.2386	1.58389	0.751778	1.61929	1.25108	1.98185	1.01497	0.232056
ENSDARG00000074796	0.944107	0.418117	0.327967	1.19716	0.809463	1.10418	0.498183	0.363019	0.234032
ENSDARG00000074804	0.488969	0.378981	0.628544	0.360305	0.163921	0.424998	0.744384	0.405879	0.255288
ENSDARG00000074807	0.524406	0.364175	0.673331	0.268204	0.649296	0.377653	0.957867	0.289046	0.414791
ENSDARG00000074825	2.79981	3.54326	2.60258	1.57486	1.38774	2.07224	4.72468	2.30368	1.82512
ENSDARG00000074843	3.83586	6.03628	4.74416	2.83271	3.74904	3.62269	6.19793	3.58917	1.7162
ENSDARG00000074848	12.0727	4.35212	0.415279	3.80388	1.30736	0.176774	0.147336	0	0.273305
ENSDARG00000074849	13.9246	12.5874	14.4471	8.73387	9.21734	16.7205	11.6097	7.71453	3.78487
ENSDARG00000074852	0.434601	0.503122	0.522444	0.510669	0.515042	0.471994	0.916623	0.340812	0.266192
ENSDARG00000074853	1.07461	1.19795	0.675089	0.796866	0.27026	0.502811	1.11552	1.20868	0.587773
ENSDARG00000074858	5.38625	4.46594	5.82032	1.61911	3.21238	3.34382	4.34218	2.69257	1.47131
ENSDARG00000074867	0.60522	0.181408	0.179177	0.362565	0.0917296	0.0309985	0.119159	0	0.0511321
ENSDARG00000074868	4.82033	1.69496	1.16884	3.42316	0.525398	0.774869	1.76815	0.643731	0.24025
ENSDARG00000074894	0.236944	0.778857	1.06222	0.382995	0.399543	0.823847	1.23683	0.446063	0.18168
ENSDARG00000074899	10.4957	11.1422	8.63734	3.857	5.04558	4.98857	6.99585	3.66367	2.72872
ENSDARG00000074902	0.226647	0.887559	2.00092	0.322131	2.28252	0.444512	0.550061	0.742399	0.519291
ENSDARG00000074903	0.967043	0.476396	0.760726	0.724691	0.760177	0.699267	1.70329	0.54744	0.476187
ENSDARG00000074909	1.01099	0.762119	0.897053	0.554284	0.782749	0.817864	1.30502	0.672811	0.427449
ENSDARG00000074910	2.9862	2.78821	2.55168	1.29781	1.24493	1.00715	3.7352	1.86608	0.736254
ENSDARG00000074915	2.3882	2.77121	2.40466	1.03263	1.55844	2.86173	6.45667	2.08647	1.33539
ENSDARG00000074922	2.16665	0.541826	0.0897738	1.51739	0.225045	0.0569582	0.0876874	0	0.0633841
ENSDARG00000074924	0.835575	1.73332	1.25817	1.01579	0.937607	0.815972	2.26024	1.60956	0.466839
ENSDARG00000074927	3.08106	3.39011	2.26379	1.5463	2.22956	2.67669	7.86722	3.07796	3.28833
ENSDARG00000074936	3.38698	3.16534	2.40749	2.07648	2.41599	2.48605	4.08372	3.29422	1.55013
ENSDARG00000074940	14.2228	10.3581	14.9147	5.75504	5.60063	5.61062	4.52962	1.90434	1.47762
ENSDARG00000074955	23.9055	39.5258	27.5731	4.16997	7.10738	6.78846	8.85166	4.98388	2.76979
ENSDARG00000074967	2.19388	2.95252	1.44707	1.30894	1.18684	1.8394	1.39804	0.738972	0.360107
ENSDARG00000074974	6.78387	4.86451	4.53539	2.2413	2.44752	3.65673	3.23246	1.83418	1.03172
ENSDARG00000074979	5.94329	1.78035	1.22911	1.36395	0.542174	0.580959	1.44632	0.575347	0.762175
ENSDARG00000074985	4.0895	3.80278	3.7518	2.90129	1.92448	2.7434	4.21251	2.48699	1.20523
ENSDARG00000074995	0.974731	0.496478	0.287284	0.487381	0.191584	1.0441	0.878363	0.165176	0.114103
ENSDARG00000074996	0.35095	0.506331	0.944598	0.280331	0.368691	0.472422	1.18034	0.353202	0.181213
ENSDARG00000074997	1.81754	3.11928	1.65314	1.01795	0.744449	0.855184	1.75351	1.0577	0.903013
ENSDARG00000075000	2.52772	3.10967	4.11826	1.34265	2.29652	1.82792	2.86637	2.345	1.77502
ENSDARG00000075007	2.20947	2.22769	2.2571	0.820066	0.965031	0.99927	1.99985	0.885806	0.319299
ENSDARG00000075008	4.27189	6.85295	6.91313	4.88884	7.03738	4.52768	8.32109	6.77796	5.78249
ENSDARG00000075013	1.49437	1.97279	2.4406	1.36936	1.71812	1.50576	4.68841	2.76065	1.04318
ENSDARG00000075021	0.407495	0.107305	0.753636	0.124036	0.322387	0.259516	1.01694	0.752968	0.375645
ENSDARG00000075022	34.033	33.0512	28.9373	20.9909	20.327	25.3835	41.7721	34.3497	13.0684
ENSDARG00000075030	1.77476	3.29148	2.17461	1.1086	1.76014	1.59805	3.24762	1.18108	1.5902
ENSDARG00000075034	0.014563	0.140718	0.0684325	0.0653147	0.0924315	0.0924304	0.248074	0.100899	0.123799
ENSDARG00000075072	1.92581	3.67897	2.67036	1.14494	1.38789	1.47544	2.41322	1.06636	0.611138
ENSDARG00000075083	1.39395	1.92883	1.53586	0.724518	0.847774	1.19431	0.759826	0.410661	0.268154
ENSDARG00000075084	1.35184	1.26699	1.22502	0.356697	0.818319	0.534425	0.994903	0.299985	0.429401
ENSDARG00000075090	0.826254	1.11011	1.37766	0.918082	1.53096	1.5462	2.73653	1.4433	0.777086
ENSDARG00000075092	1.56455	2.34953	1.94067	0.125646	0.837129	0.737119	1.30455	0.60525	0.188853
ENSDARG00000075100	9.38799	10.3979	10.0946	2.17046	2.92015	2.3196	7.7234	4.92465	2.69213
ENSDARG00000075109	1.108	0.214687	0	0.98326	0.237238	0	0	0	0.0134117
ENSDARG00000075110	1.19169	1.08552	1.90633	0.457199	0.568948	0.887972	1.90604	1.18197	1.4546
ENSDARG00000075113	502.944	296.985	210.258	289.712	178.093	171.676	225.088	117.911	79.6549
ENSDARG00000075116	0.861357	0.878551	0.586168	0.38564	0.460914	0.476167	1.00094	0.876918	0.701526
ENSDARG00000075120	0.392972	0.412187	0.650208	0.266406	0.402875	0.313777	0.547872	0.324359	0.191504
ENSDARG00000075121	4.96771	6.47788	6.97271	1.40147	2.01162	1.87091	5.32988	2.02125	0.5947
ENSDARG00000075123	0.39062	0.276487	0.54578	0.248863	0.137479	0.443266	0.841791	0.339426	0.231698
ENSDARG00000075132	2.35571	1.68866	1.47116	0.785623	0.944091	1.39555	1.46693	0.55448	0.756687
ENSDARG00000075139	0.249494	0.56657	0.462629	0.233371	0.345992	0.399966	0.501212	0.402372	0.309467
ENSDARG00000075156	0.545766	0.541933	0.284195	0.215598	0.235067	0.18115	0.676911	0.184428	0.331593
ENSDARG00000075158	1.30839	3.01036	1.54328	0.826989	0.905818	0.836815	1.97108	2.15721	2.04687
ENSDARG00000075162	0.374557	0.0328327	0	0.0810574	0.0306545	0	0	0.0124158	0
ENSDARG00000075164	0.932335	0.900378	0.608094	0.758453	0.535198	0.848693	1.48606	0.513078	0.217583
ENSDARG00000075165	4.83397	4.47869	4.92198	1.48746	1.71922	1.24333	3.35245	1.7656	2.66418
ENSDARG00000075169	1.08027	0.721322	0.157839	0.359596	0.150621	0.115252	0.148224	0.198988	0.0297363
ENSDARG00000075172	1.30926	1.90663	1.97612	1.06796	0.782435	1.56791	0.921174	0.603052	0.135236
ENSDARG00000075173	4.23533	6.03143	4.1637	1.92417	1.8292	2.55768	2.9902	1.63247	1.58066
ENSDARG00000075178	1.59561	1.1292	0.889798	0.936676	0.559448	0.650792	1.06184	0.339965	0.215403
ENSDARG00000075192	2.51659	3.78897	3.60801	1.94851	1.45577	1.75543	3.07038	1.11492	0.859704
ENSDARG00000075194	0.944475	1.48538	1.35113	0.906752	1.10437	1.07261	2.27316	1.22019	0.477748
ENSDARG00000075198	10.3975	11.9495	17.0167	2.67342	7.6139	5.4272	12.3002	3.86831	5.47529
ENSDARG00000075205	0.669935	0.495713	0.458073	0.42157	1.05987	0.883044	2.84679	2.44355	1.15323
ENSDARG00000075211	34.9397	37.0402	32.9236	20.3361	21.1405	23.202	53.9641	30.4123	20.7317
ENSDARG00000075215	5.41234	4.50683	3.52461	3.35711	3.43881	2.3848	8.1918	5.16976	4.30142
ENSDARG00000075216	9.31746	17.1358	12.5763	3.06315	2.12266	1.23735	5.9952	6.92216	2.73612
ENSDARG00000075217	0.720822	0.457306	0.670325	0.23248	0.333054	0.274085	0.707448	0.378094	0.277133
ENSDARG00000075220	51.4415	82.3813	53.9915	14.9163	9.50136	9.26465	37.9495	58.1384	55.6384
ENSDARG00000075226	2.64806	2.66363	11.0119	1.77003	2.01591	1.48225	5.30024	2.20061	1.7968
ENSDARG00000075245	0.686456	0.606712	0.630154	0.477607	0.464935	0.36385	0.516764	0.474152	0.178571
ENSDARG00000075252	7.82986	8.93329	7.44963	2.6761	3.06538	3.80542	5.15675	1.83928	1.01631
ENSDARG00000075281	2.34572	2.97284	2.87724	0.854633	1.19521	1.29445	2.24301	1.54931	1.20841
ENSDARG00000075291	2.47241	0.929518	0.0336129	1.17259	0.111397	0.00507859	0.0146904	0	0.00128702
ENSDARG00000075296	0.656942	0.948306	0.619533	0.500161	0.523795	0.416485	1.05545	0.386721	0.584693
ENSDARG00000075314	2.16105	2.39945	2.95894	1.9566	1.25112	2.24457	2.11047	1.53115	0.618922
ENSDARG00000075317	0.41184	0.134438	0.00276663	0.183451	0.077566	0.00604649	0.122572	0.0538427	0.0490286
ENSDARG00000075323	7.63115	9.34737	5.43411	2.1126	3.34449	2.27809	3.66892	1.60779	1.49583
ENSDARG00000075325	0.214472	0.127772	0.299778	0.187952	0.395146	0.24594	0.726459	0.383534	0.304122
ENSDARG00000075326	4.62736	4.69834	4.85179	1.71349	2.90891	2.8796	2.05489	2.31627	0.778811
ENSDARG00000075327	0.369339	0.393824	0.243847	0.392367	0.413361	0.531091	0.405562	0.27614	0.346431
ENSDARG00000075331	20.2823	21.6777	12.6917	6.90855	6.5845	6.20389	6.87653	3.39603	2.1811
ENSDARG00000075333	2.46515	3.54805	1.99686	1.66681	1.13125	1.47688	2.47259	2.09715	0.79092
ENSDARG00000075334	2.21549	2.67813	2.4633	1.32594	2.20413	4.10841	7.02289	3.63304	1.90067
ENSDARG00000075337	0.829669	1.56774	1.01738	0.116138	0.164247	0.326319	0.414465	1.11071	0.346596
ENSDARG00000075347	6.52481	7.70505	6.16261	1.85418	1.42984	1.62498	2.99939	1.59172	0.765552
ENSDARG00000075349	15.8203	22.4163	16.2546	5.30022	5.96524	7.0122	11.991	6.71129	2.93153
ENSDARG00000075354	5.73078	8.84614	8.14833	4.12716	5.76492	7.16468	11.056	5.62577	3.71129
ENSDARG00000075362	0.783878	1.41412	0.984595	0.25366	0.493053	0.372753	2.14668	0.657165	0.42592
ENSDARG00000075366	11.4441	5.31025	0.596105	7.94788	1.36271	1.96314	2.05823	1.45255	2.93823
ENSDARG00000075378	8.25606	11.8717	13.1686	4.10267	6.45568	5.68469	11.6693	7.12209	6.24045
ENSDARG00000075380	9.40718	9.58348	7.93876	3.33381	2.70557	2.64845	4.73087	1.78551	1.00732
ENSDARG00000075385	3.15502	6.87288	4.26189	1.04985	1.82765	1.83027	2.29129	2.39975	1.39778
ENSDARG00000075391	32.1326	9.64983	0.569948	12.6764	4.41293	0	0	0	0.120397
ENSDARG00000075397	2.13839	3.00662	1.50309	0.611872	1.28409	1.23438	2.21928	1.56141	0.346135
ENSDARG00000075400	3.48447	4.03289	4.09004	1.55195	2.60461	2.24942	8.64592	5.68648	4.60404
ENSDARG00000075408	0.405443	0.331221	0.626501	0.328867	0.212189	0.444402	0.816916	0.749696	0.332013
ENSDARG00000075435	1.92519	3.61686	2.5361	1.55339	1.7415	2.12792	4.17455	1.01257	0.828513
ENSDARG00000075437	0.702743	1.24941	1.16369	0.791698	0.862584	0.693916	2.02302	1.05869	0.416296
ENSDARG00000075445	4.80981	4.52938	5.47725	4.17336	4.14314	6.34825	4.60902	1.953	0.822308
ENSDARG00000075446	12.0016	16.3192	12.4261	3.20765	3.77949	4.81318	9.03457	4.72002	2.90939
ENSDARG00000075451	1.44843	2.00094	1.61877	0.983517	1.57749	0.904781	1.94438	2.32316	1.55914
ENSDARG00000075460	0.62433	0.306026	0.547774	0.511104	0.313157	0.606064	0.988889	0.52072	0.378524
ENSDARG00000075461	12.3812	15.2876	15.7224	5.32756	5.54618	6.70955	14.735	4.2187	3.04504
ENSDARG00000075482	10.5422	8.15684	7.72637	1.47734	1.62645	1.20572	3.53973	2.22158	1.59438
ENSDARG00000075483	1.31231	1.75341	1.71745	1.01194	1.79684	2.16396	3.4914	1.65215	0.388628
ENSDARG00000075485	5.5911	7.37033	6.32313	2.61552	2.26013	2.12024	4.83372	2.9589	1.94438
ENSDARG00000075490	1.88142	3.48728	1.94384	1.49453	2.06704	2.11669	3.71735	2.71439	1.51807
ENSDARG00000075492	6.91815	4.5111	2.51062	2.11563	1.51309	1.32783	1.46304	0.95161	0.082241
ENSDARG00000075504	0.409318	0.498074	0.265614	0.189576	0.101072	0.427785	0.311568	0.0665004	0.0447841
ENSDARG00000075508	5.66143	2.71162	0.251527	3.71687	0	0	0	0.64373	0
ENSDARG00000075509	4.07174	3.10864	2.22532	2.71418	2.45663	2.77464	4.94803	2.37605	1.29689
ENSDARG00000075526	2.28842	1.65466	1.68453	0.735464	1.34372	1.47339	4.31191	2.54866	2.13121
ENSDARG00000075530	2.48374	3.22962	2.84526	0.541538	1.43249	1.33049	1.99724	1.01847	0.480776
ENSDARG00000075532	0.311076	0.371431	0.231893	0.165584	0.208117	0.15954	0.330935	0.160123	0.0310692
ENSDARG00000075533	0.787231	0.626395	0.543989	0.388651	0.310846	0.368412	0.687779	0.442844	0.30806
ENSDARG00000075536	1.61183	1.3627	1.56549	0.588562	0.827685	1.30938	1.76755	1.07152	0.482975
ENSDARG00000075542	0.494031	0.302706	0.335293	0.254388	0.164905	0.128994	0.629071	0.241686	0.200637
ENSDARG00000075543	37.3091	47.7251	40.119	17.2641	20.7532	22.9871	23.264	14.4633	10.1089
ENSDARG00000075545	7.44392	8.7187	7.47905	3.98767	5.29418	5.35182	11.2427	7.58784	5.6585
ENSDARG00000075552	2.87277	3.28666	2.00703	1.96382	2.52908	3.16582	1.53341	0.584073	0.274989
ENSDARG00000075556	10.3614	15.0542	13.3953	3.95536	4.18541	6.18607	7.64778	4.01425	2.42743
ENSDARG00000075559	24.7081	31.1393	30.0659	7.09756	8.87972	11.3386	11.5742	6.05463	3.25479
ENSDARG00000075560	2.74729	3.29012	3.96699	1.85134	1.38718	2.02239	1.39977	0.790059	1.75365
ENSDARG00000075567	2.43872	2.01192	2.02255	2.07513	1.00444	1.67988	1.43221	1.10963	0.834209
ENSDARG00000075569	6.71632	6.25472	6.80933	2.1105	2.74781	3.06891	4.80244	3.43599	1.53401
ENSDARG00000075570	12.1959	18.7219	15.3455	6.05347	8.8845	8.80477	15.671	8.12813	3.6541
ENSDARG00000075571	1.11492	1.22473	1.16663	0.527839	0.528214	0.343784	0.825782	0.41675	0.359285
ENSDARG00000075575	4.40459	7.67426	7.21203	2.19311	0.635211	1.84316	8.14562	2.63138	0.944098
ENSDARG00000075584	0.313449	0.228395	0.201672	0.15072	0.261245	0.118196	0.515459	0.182338	0.0407478
ENSDARG00000075593	15.2446	16.5008	11.4637	6.98412	6.86589	7.61349	11.1903	4.9864	3.33694
ENSDARG00000075596	0.0573854	0.435093	0.98018	0.131514	0.244825	0.29814	0.687675	0.664712	0
ENSDARG00000075600	0.161236	0.367418	0.111302	0.152203	0.257976	0.189795	0.471494	0.118991	0.0431277
ENSDARG00000075606	0.250191	0.388596	0.098213	0.291515	0.440616	0.634488	0.475725	0.225361	0.13037
ENSDARG00000075620	1.25368	0.0658938	0	0.23898	0.147478	0	0	0	0
ENSDARG00000075625	2.10902	2.14326	1.97372	1.2934	1.66556	1.52009	2.36488	1.38988	0.875304
ENSDARG00000075627	5.60913	5.72552	4.95317	3.08803	2.53246	3.37399	2.87202	1.78747	1.7573
ENSDARG00000075639	5.58001	4.71821	2.23952	1.6206	1.68397	2.37788	3.43799	1.28255	0.582672
ENSDARG00000075647	1.03358	1.04088	0.654067	0.243265	0.21362	0.315575	0.425938	0.364965	0.220106
ENSDARG00000075650	3.34206	3.86394	0.91882	2.16997	0.594252	0.930449	0.868341	0.447573	0.736672
ENSDARG00000075657	0.173968	0.274383	0.281963	0.188677	0.130863	0.340263	1.32807	0.823179	0.395512
ENSDARG00000075664	1.99157	1.36925	0	0.975935	0.546023	0	0	0	0.0457052
ENSDARG00000075666	4.47966	0.983647	0.163073	2.06999	0.317492	0	0.0639477	0	0
ENSDARG00000075670	1.42196	1.35178	1.61519	0.326956	0.343907	0.561191	1.45946	0.809701	0.487381
ENSDARG00000075672	1.3204	0.637226	1.01607	1.29904	0.732806	1.20424	1.50778	0.594094	0.298854
ENSDARG00000075673	8.68185	16.4629	7.40575	5.83451	4.65942	8.40466	15.2359	4.67728	4.75656
ENSDARG00000075682	4.71595	5.29318	6.80437	2.04377	2.25667	2.73028	2.70743	0.946	1.14752
ENSDARG00000075685	0.170176	0.32946	0.461103	0.259172	0.134283	0.406361	0.629175	0.319225	0.12158
ENSDARG00000075687	7.4291	9.19839	8.78751	3.79158	3.84969	5.79595	8.7059	6.24358	3.53796
ENSDARG00000075690	3.13489	3.9963	2.68051	1.61257	2.27957	2.75913	3.94045	1.77194	1.22712
ENSDARG00000075693	4.44909	4.50258	1.98246	3.29235	4.34128	5.33294	9.5778	5.38202	3.56196
ENSDARG00000075710	0.887584	0.906959	1.39984	0.449226	0.686714	0.580172	0.356889	0.253959	0.0889937
ENSDARG00000075716	1.57489	1.21751	1.30625	0.77702	0.755788	0.872374	1.80026	1.57674	0.436175
ENSDARG00000075721	2.41498	2.62704	2.07201	1.08068	0.607612	1.12717	1.89611	0.863092	0.499058
ENSDARG00000075725	4.17022	4.69885	4.54897	2.02399	2.57603	2.45594	5.68987	3.20316	2.02295
ENSDARG00000075732	0.154007	0.208216	1.20405	0.0771438	0.324135	0.386881	0.99802	0.418125	0.390681
ENSDARG00000075733	19.7456	24.4398	22.8062	4.94339	5.84403	6.1443	22.5741	12.356	6.46578
ENSDARG00000075737	1.21157	1.8126	1.51347	1.06324	1.21801	1.95756	1.62029	0.714171	0.77041
ENSDARG00000075747	1.36895	3.66325	3.24173	1.0137	1.89478	0.976205	1.50648	1.71055	0.49003
ENSDARG00000075758	14.6957	19.1141	17.1636	6.31474	7.32757	8.16202	13.0722	6.46591	4.25343
ENSDARG00000075768	5.83211	2.06653	2.35843	0.841726	1.24191	0.381045	0.931564	0.636646	0.393568
ENSDARG00000075774	15.4932	16.4346	15.825	2.72796	3.36	4.17073	14.0993	11.5951	9.15811
ENSDARG00000075793	1.63618	2.0119	2.43587	1.20981	1.70704	1.77906	1.74791	0.945004	0.621547
ENSDARG00000075795	4.40569	3.24461	4.45982	2.1312	2.36171	2.16491	4.71903	2.86448	0.789008
ENSDARG00000075796	106.928	34.7014	0.942367	87.857	21.3308	0.600292	0.0388254	0.11689	0.643831
ENSDARG00000075798	1.79858	0.921818	1.26162	1.05032	0.586755	0.963502	1.20584	0.729656	0.645385
ENSDARG00000075799	4.65454	5.40497	5.95493	1.16041	2.67952	2.48054	2.4769	1.36413	0.507891
ENSDARG00000075801	6.45425	6.58604	6.28578	2.92529	2.5764	3.86722	5.74807	3.82303	1.99074
ENSDARG00000075805	4.27786	4.17201	5.36948	1.7631	2.48995	2.18104	8.23259	5.9839	3.58324
ENSDARG00000075821	8.49882	11.53855	7.42379	1.17205	4.23516	1.75427	7.67684	4.64090	0.689564
ENSDARG00000075824	1.79159	1.97981	2.15222	1.75532	1.24883	1.49585	1.61489	1.46838	1.08037
ENSDARG00000075825	0.22031	0.219698	0.110153	0.175289	0.252395	0.208428	0.307191	0.204873	0.132384
ENSDARG00000075831	0.553305	0.155584	0.159205	0.0280953	0.0539577	0	0.0497734	0.0217352	0
ENSDARG00000075837	0.3672	0.512629	1.28795	0.692075	0.754202	0.57914	1.12606	0.845534	0.503198
ENSDARG00000075845	4.75249	7.62441	5.77894	2.90513	5.48243	5.52716	15.1886	9.36565	7.37959
ENSDARG00000075849	1.88015	1.57016	1.20223	0.940303	0.861652	1.0042	2.26468	1.69071	1.01395
ENSDARG00000075850	2.82932	4.02359	2.77308	3.7786	3.90591	3.62168	6.38787	3.3124	2.06457
ENSDARG00000075851	3.94852	4.17735	5.38116	1.46636	3.30512	3.79187	4.4129	4.1303	4.04618
ENSDARG00000075853	2.12193	3.04768	3.10919	1.51671	2.17401	1.92719	2.80868	2.37555	1.26288
ENSDARG00000075857	0.8852	0.792826	1.44816	0.730633	0.676342	1.0834	1.56353	1.43958	0.27179
ENSDARG00000075867	2.10253	2.32956	2.93149	0.818236	1.41835	0.886446	3.1586	2.13795	0.838842
ENSDARG00000075883	8.94968	3.94789	2.28538	1.71147	1.47885	0.598365	1.67658	1.19693	0.955831
ENSDARG00000075884	1.28133	1.91566	1.78248	1.2482	1.24534	1.38928	2.0126	0.925702	0.695389
ENSDARG00000075887	0.93542	1.17803	1.02728	0.345205	0.406916	0.532555	0.787929	0.460542	0.421994
ENSDARG00000075892	3.7028	4.10719	3.00462	1.28065	1.69312	1.97756	4.56198	3.19376	2.25115
ENSDARG00000075904	5.73617	3.99126	1.75764	4.87708	2.81251	2.51587	3.97534	3.5567	2.30149
ENSDARG00000075907	0.433402	0.50742	0.827984	0.24229	0.264849	0.245811	0.570593	0.304645	0.350371
ENSDARG00000075916	10.6433	7.69089	6.92968	4.17711	3.07651	3.34491	5.94902	2.66531	1.04845
ENSDARG00000075919	1.17628	1.42706	1.29227	0.693587	0.976303	0.929247	2.7319	3.07445	1.156
ENSDARG00000075923	4.36181	4.96457	2.40212	0.622358	0.675635	0.908221	1.92748	0.768823	1.34185
ENSDARG00000075926	0.512002	0.283215	0.270643	0.104651	0.072843	0.0503796	0.0756736	0.0441018	0
ENSDARG00000075936	6.60452	1.55378	1.09602	3.79862	1.51984	1.54714	1.401	1.23238	0.914911
ENSDARG00000075951	0.341871	0.365663	0.334366	0.137133	0.106397	0.12265	0.177865	0.180538	0.0363964
ENSDARG00000075953	8.54888	7.76513	7.13545	3.06187	3.51064	3.04353	3.04299	1.95641	1.712
ENSDARG00000075957	2.93698	4.10151	2.84784	0.94605	1.28861	1.01609	2.28466	1.08479	0.482117
ENSDARG00000075964	0.158513	0.133772	0.174437	0.149197	0.0910032	0.19636	0.116742	0.0811795	0.0654971
ENSDARG00000075986	1.66447	1.94771	2.80455	1.05146	0.846611	1.23808	2.15751	0.634263	0.0994887
ENSDARG00000075989	7.85498	3.78914	3.59859	1.88265	0.853787	2.35934	3.66511	1.34544	1.91173
ENSDARG00000075996	8.36	0.841496	0.000632898	2.2598	0.39967	0.0837012	0.00686416	0	0.00488832
ENSDARG00000076001	0.904154	0.145084	0	0.158416	0	0	0	0.0421335	0.108843
ENSDARG00000076002	0.43352	0.696935	0.527086	0.189525	0.260453	0.323878	0.425131	0.303743	0.102177
ENSDARG00000076003	2.28041	2.55404	2.41947	1.1413	2.73552	3.39634	4.25254	2.49282	1.82971
ENSDARG00000076004	0.506884	0.895821	0.834623	0.391562	0.375083	1.22432	0.989636	1.01694	0.23681
ENSDARG00000076009	3.5946	3.4605	4.02279	1.40343	1.28065	1.43596	4.57654	2.64529	1.42345
ENSDARG00000076028	0.524863	0.719069	0.685371	0.394938	0.416765	0.364376	0.565298	0.25167	0.0988476
ENSDARG00000076041	0.306724	0.565043	0.422767	0.328517	0.165635	0.470217	0.732629	0.594319	0.263778
ENSDARG00000076053	2.09469	2.15091	1.78807	0.837576	1.15401	2.13936	3.0604	3.47927	3.06134
ENSDARG00000076066	5.55944	6.22681	4.56235	3.85234	5.1144	4.84487	5.5129	4.35086	2.29454
ENSDARG00000076067	1.10296	0.194735	0.0688494	0.782842	0.110825	0.00664238	0.192926	0.0733935	0
ENSDARG00000076074	4.50003	3.91154	3.02303	2.24307	2.37902	2.949	3.31861	1.4349	1.31612
ENSDARG00000076076	7.87381	5.80699	8.45637	1.93834	2.68103	3.21622	8.58512	4.8106	6.39564
ENSDARG00000076092	2.09675	2.28186	0.611146	0.643091	0.464063	0.412303	0.46015	0.669321	0.201612
ENSDARG00000076104	0.927265	0.775533	0.937504	0.481674	0.4233	0.676771	1.11878	0.567552	0.189304
ENSDARG00000076111	9.49501	2.96558	0.773476	1.62107	1.57068	0.365529	0.979895	0.703025	0.846336
ENSDARG00000076116	14.0094	13.6414	14.1548	7.35695	10.5963	10.9269	14.8737	12.1449	8.69113
ENSDARG00000076118	1.50283	1.42611	1.4746	0.551778	0.586001	0.700283	0.532965	0.291726	0.260528
ENSDARG00000076120	0.615135	0.56023	0.470073	0.0988302	0.105307	0.277686	0.828443	0.215902	0.165145
ENSDARG00000076121	1.05361	0.881154	2.16466	0.536711	0.762827	1.01168	2.43772	1.44943	0.663489
ENSDARG00000076126	2.51031	0.400348	0	0.295849	0.0853075	0	0	0.035369	0
ENSDARG00000076128	2.15537	2.63693	2.85272	0.628852	0.911339	1.85795	2.47735	1.08689	0.701487
ENSDARG00000076129	30.0359	31.0951	35.3357	21.3397	10.0833	7.31684	24.4044	22.1058	17.1481
ENSDARG00000076143	1.07146	1.01127	1.12841	0.317675	0.546068	0.467298	0.736701	0.468991	0.332796
ENSDARG00000076144	1.04233	0.676131	0.413683	0.291231	0.351148	0.504632	1.4951	0.200098	0.0302839
ENSDARG00000076149	1.57326	1.20609	0.622286	0.660736	0.711178	0.941856	1.56887	1.42707	0.53762
ENSDARG00000076153	2.28451	2.33937	2.28786	0.700299	0.519117	0.945373	1.53565	0.913046	0.574586
ENSDARG00000076155	1.42267	1.38064	1.36444	0.750035	0.423174	1.13934	1.58074	0.90588	0.414954
ENSDARG00000076160	11.9409	4.99374	0.101293	6.48917	2.68328	0.0491889	0.026524	0.0334142	0.0987963
ENSDARG00000076163	0.331414	0.126891	0.335937	0.0478232	0.112609	0.0320728	0.134059	0.0454929	0
ENSDARG00000076169	5.88653	6.21664	5.27493	3.57833	4.18862	3.84185	5.9126	2.81392	1.44715
ENSDARG00000076174	0.306904	0.627553	0.616324	0.257147	0.623112	0.417361	0.723351	0.579635	0.680492
ENSDARG00000076176	0.585512	0.79481	1.20286	1.30895	0.991922	1.09354	2.18301	1.07184	0.555099
ENSDARG00000076177	65.1732	57.3872	40.4083	19.2739	21.4863	21.1295	39.6797	27.2637	19.808
ENSDARG00000076179	1.51694	2.27321	1.81661	1.11884	1.07523	0.764186	2.00063	1.4441	0.644972
ENSDARG00000076210	0.168789	0.672889	0.513058	0.299334	0.311109	0.249917	1.34049	0.326242	0.329185
ENSDARG00000076212	1.01146	1.56025	1.0519	0.851211	0.925772	0.917392	0.802767	0.456724	0.338779
ENSDARG00000076213	0.333239	0.197665	0.209436	0.120274	0.0796178	0.160805	0.310775	0.0912888	0.129209
ENSDARG00000076215	0.777614	0.896366	1.52763	0.288132	0.562669	1.01139	0.984509	0.601591	0.413159
ENSDARG00000076223	2.04457	2.21009	1.80614	1.96807	3.02457	2.46216	2.80352	1.03382	0.459345
ENSDARG00000076227	5.15061	7.58305	6.06259	2.95622	3.61117	4.53904	7.31893	5.12239	3.45847
ENSDARG00000076228	6.51745	6.83108	6.63456	3.60192	5.47049	9.10962	9.21923	4.0878	2.58356
ENSDARG00000076229	8.33477	12.1061	10.7666	2.33119	3.35692	2.9774	10.1836	7.06231	5.4167
ENSDARG00000076238	9.24594	9.37567	4.64776	3.25687	3.75349	3.04772	4.00035	1.51804	0.694666
ENSDARG00000076239	1.7362	0.46822	0	0.510729	1.19157	0.475736	1.46065	2.89613	3.87288
ENSDARG00000076255	0.823571	0.138641	0.142188	1.13098	0.365618	0.146837	0.0949789	0.176293	0.00543442
ENSDARG00000076264	15.3151	8.40996	0	6.5282	1.78203	0	0	0	0
ENSDARG00000076283	18.9512	17.7758	10.7183	12.2246	10.0442	13.606	6.78576	2.66172	1.55605
ENSDARG00000076290	2.46081	2.02918	1.75538	0.802291	1.36447	2.0076	1.43863	0.911027	0.323875
ENSDARG00000076297	1.00111	0.988466	1.26598	0.344625	0.453632	0.625537	1.30292	0.90465	0.580742
ENSDARG00000076302	2.14367	2.74047	1.98273	0.640177	0.859221	0.756276	2.07249	1.16918	0.82559
ENSDARG00000076303	5.98542	9.07238	6.00064	3.78902	5.12415	5.32226	5.77711	3.19135	2.25775
ENSDARG00000076308	5.72879	5.76283	7.5928	3.63975	3.5404	4.31387	10.0284	3.80505	3.54564
ENSDARG00000076309	7.04561	5.88344	5.25754	4.50986	4.52544	5.60532	6.73185	3.88094	1.97155
ENSDARG00000076317	5.57941	4.98097	9.11661	1.77542	1.93465	2.7246	2.40095	1.31741	1.54
ENSDARG00000076318	0.471709	0.733857	0.800634	0.320499	0.66263	0.499383	0.796367	0.409624	0.291905
ENSDARG00000076320	1.58411	0.275381	0.0395968	0.798607	0.22617	0.0640452	0.15899	0.0923785	0.0570395
ENSDARG00000076324	4.21217	5.28153	3.9687	2.13795	2.88461	2.79845	4.47752	2.24707	2.02757
ENSDARG00000076328	1.1859	1.98507	1.15042	1.20963	0.966748	1.22338	3.43904	1.78733	1.37875
ENSDARG00000076331	1.72986	0.823344	0.087831	0.846375	0.322321	0.1926	0.176963	0.259412	0.161307
ENSDARG00000076334	1.02445	1.76451	0.860613	0.438148	0.953484	1.28356	2.81257	0.870356	0.500336
ENSDARG00000076338	0.0931	0.283242	0.796005	0.204664	0.299234	0.252371	0.747732	0.0716797	0.130059
ENSDARG00000076350	2.01811	3.24677	7.81013	0.883724	1.92734	3.13732	7.26619	4.06049	1.61
ENSDARG00000076356	0.520636	0.970696	0.561327	0.387778	0.551855	0.686493	1.29906	0.914443	0.341383
ENSDARG00000076357	0.928601	1.17189	0.871883	0.244779	0.389624	0.404931	0.527491	0.429855	0.359755
ENSDARG00000076362	0.38017	0.148038	0.350789	0.0645565	0.121282	0.217405	0.580665	0	0.0260606
ENSDARG00000076366	1.74093	3.22907	2.3593	0.988869	2.34894	1.41742	2.06094	0.684569	0.453183
ENSDARG00000076380	0.36413	1.00791	0.0803124	0.187861	0.142336	0.27969	0.704579	0.171904	0.184381
ENSDARG00000076383	0.693352	0.123367	0.0823501	0.168076	0.034745	0.0359622	0.0334993	0	0
ENSDARG00000076389	2.82946	0	1.95735	0.997777	0.550431	0.778821	4.19561	4.55313	0
ENSDARG00000076391	0.688933	1.56169	0.410242	0.127825	0.372588	0.260984	1.00312	0.495058	0.615273
ENSDARG00000076400	13.4474	1.94029	0.409509	5.14499	1.9358	0.0215662	0.00365286	0.00226183	0.0900043
ENSDARG00000076414	0.103969	0.0543084	0.0662997	0.091467	0.101493	0.0512488	0.855831	0.406683	0.0778715
ENSDARG00000076416	3.22781	2.91669	3.51056	1.92668	2.35011	2.61507	4.93966	2.96092	1.37067
ENSDARG00000076417	0.437948	0.314174	0.522658	0.129804	0.194058	0.209479	0.385133	0.409936	0.127749
ENSDARG00000076430	9.06296	9.96314	7.97088	3.56872	3.99308	4.36699	8.84502	5.07454	3.28561
ENSDARG00000076439	8.41533	13.5052	10.7722	5.0253	4.72486	7.08331	9.01672	3.42463	2.06944
ENSDARG00000076451	3.584	2.84096	2.79779	1.15624	1.70071	1.22954	2.85271	1.44265	1.19928
ENSDARG00000076464	0.306301	0.566661	2.40604	1.32141	0.94696	1.9199	5.40218	4.01945	2.90888
ENSDARG00000076466	2.75025	3.25014	2.56566	1.21842	1.04986	1.45393	3.47825	2.0666	1.12609
ENSDARG00000076472	1.49387	0.513534	0.519597	0.480736	0.452177	0.698757	1.09536	0.436706	0.167375
ENSDARG00000076473	2.62546	4.65087	4.19843	1.22738	1.54675	1.61301	3.50604	2.36727	1.25119
ENSDARG00000076474	11.6792	20.5243	21.8578	14.3792	14.5422	20.9849	21.3236	9.94044	7.05316
ENSDARG00000076476	3.72105	5.86695	5.03306	1.82816	2.18215	2.26535	6.22906	6.03858	2.79737
ENSDARG00000076477	0.193405	0.565807	0.138424	0.150619	0.137288	0.133641	0.391549	0.399032	0.295825
ENSDARG00000076486	6.18445	4.66054	1.30841	5.12567	3.9473	2.88039	5.58263	1.95122	4.27433
ENSDARG00000076490	0.976604	1.06586	0.154358	0.134367	0.220374	0.130718	0.173715	0.197467	0.108645
ENSDARG00000076498	8.20674	11.514	7.99584	4.24057	5.17967	7.64186	9.00439	5.31911	4.37299
ENSDARG00000076507	18.0585	11.0639	12.4982	9.78524	6.30776	3.71685	11.7322	11.2307	14.8916
ENSDARG00000076518	1.37552	0.977129	1.32445	0.886938	0.716215	1.40413	0.950479	0.366018	0.59855
ENSDARG00000076525	0.432639	0.430331	1.93341	0.45378	0.839571	1.15767	1.7918	1.06359	0.710116
ENSDARG00000076526	108.467	102.419	80.5265	63.7421	54.5265	48.9581	37.1762	14.0508	11.0212
ENSDARG00000076532	11.6472	8.22918	9.67554	3.92729	3.94739	5.04869	3.63678	1.06884	0.528639
ENSDARG00000076534	2.03022	1.01473	1.08419	0.524893	0.369026	0.244644	0.345633	0.0217355	0.0842311
ENSDARG00000076542	1.27542	1.08353	0.982869	0.632601	0.886097	0.621168	1.11661	0.732166	0.388586
ENSDARG00000076551	27.6772	22.8245	15.2388	11.6377	8.66553	13.6988	21.2884	8.31113	5.93008
ENSDARG00000076554	2.9581	2.23221	0.278191	1.41335	0.696231	0.116611	0.156394	0	0
ENSDARG00000076559	3.82312	3.35201	2.58425	1.56629	1.84089	2.13043	3.97533	1.72846	1.19192
ENSDARG00000076560	1.21488	1.0112	1.12626	0.201864	0.918761	0.87378	1.30943	0.494511	0.289051
ENSDARG00000076564	0.0369816	0.0883068	0.0484403	0.0399609	0.0918745	0.102747	0.248795	0.11933	0.0421661
ENSDARG00000076568	49.6902	58.9822	64.9598	18.8489	17.7735	18.6534	46.5002	34.146	18.9704
ENSDARG00000076571	3.11734	1.6631	0.11889	1.43528	0.273672	0	0	0	0
ENSDARG00000076584	1.44598	2.49895	2.13339	0.842344	0.857874	1.08327	3.00565	1.53186	1.54795
ENSDARG00000076585	1.19753	1.12089	1.0729	0.841087	0.712649	0.782882	2.05004	0.904004	0.394669
ENSDARG00000076590	10.8584	13.0148	12.5926	3.4326	4.20403	4.13705	7.51163	4.05684	1.82275
ENSDARG00000076592	1.10755	0.928887	0.89903	0.510268	0.393291	0.719039	2.18418	0.633021	0.820989
ENSDARG00000076602	0.711438	1.43526	1.08783	0.273119	0.0618218	0.68598	0.465015	0.439718	0.118608
ENSDARG00000076618	5.20505	8.07177	8.11526	1.4807	0.420457	1.09872	2.66033	0.361633	0.686021
ENSDARG00000076623	1.72886	0.152059	0	0.250008	0	0	0	0	0
ENSDARG00000076647	0.531353	0.613283	0.678857	0.173865	0.42434	0.396	0.480878	0.404083	0.25168
ENSDARG00000076651	1.14288	0.798172	1.24175	0.148959	0.747722	0.613533	1.90211	0.866071	0.365334
ENSDARG00000076659	4.82369	4.78372	5.40037	2.55032	3.74835	4.14575	6.492	4.34382	3.27374
ENSDARG00000076662	3.03978	4.18097	3.63328	1.48221	2.65326	2.4547	4.23834	2.05097	1.35064
ENSDARG00000076667	31.6211	32.5942	32.215	16.4626	17.0045	22.6594	14.3425	6.81699	4.96892
ENSDARG00000076670	19.1768	5.25242	0.222657	11.6207	2.03081	0.0511387	0.221846	0.139633	0.636032
ENSDARG00000076673	1.86549	2.93708	1.71392	0.971961	1.02658	1.54069	2.44464	0.93435	0.308986
ENSDARG00000076679	0.28351	0.420614	0.114985	0.263693	0.155804	0.121775	0.386346	0.173188	0.162176
ENSDARG00000076689	1.43438	0.338268	0.439521	0.371795	0.132729	0.368818	0.625592	0.350091	0.276793
ENSDARG00000076703	3.8316	4.91353	5.05983	1.54736	1.64202	2.54874	3.82488	2.28505	1.23678
ENSDARG00000076704	0.999266	1.74653	1.30979	0.354009	0.947423	1.12229	2.68887	1.48876	0.34528
ENSDARG00000076717	2.19251	2.26311	2.32444	1.61808	1.41838	1.65597	0.86998	0.788857	0.158408
ENSDARG00000076722	0.682509	0.600629	0.833857	0.247489	0.3488	0.404206	0.815442	0.393138	0.191512
ENSDARG00000076724	0.657013	0.799613	0.788752	0.620265	0.623099	0.642992	1.06799	0.864702	0.452068
ENSDARG00000076729	1.88926	2.62023	1.80473	1.26393	1.63746	1.73168	2.76483	2.42675	1.14058
ENSDARG00000076732	366.609	108.016	3.76549	164.547	43.8347	1.55117	0.191419	0	0.572278
ENSDARG00000076733	1.57717	1.84423	1.68015	0.88721	1.41927	1.74627	2.10059	1.30092	0.72616
ENSDARG00000076735	0.0726579	0.364265	0.146583	0.134488	0.164863	0.222635	0.198784	0.173195	0.0528428
ENSDARG00000076742	1.40211	1.37758	1.99424	1.01996	1.16197	1.81883	1.27206	0.450084	0.304024
ENSDARG00000076744	13.4302	3.36678	11.2578	2.76263	5.18558	5.98931	13.9902	4.9834	12.1127
ENSDARG00000076752	2.01561	0.987711	0.858913	1.00414	0.612351	0.697627	0.7317	0.505066	0.24121
ENSDARG00000076754	1.90044	1.96711	1.359	0.808334	1.34444	1.37661	2.56633	1.06001	0.666479
ENSDARG00000076761	9.92997	12.7714	5.70345	2.5851	2.49757	2.12857	2.99864	2.31514	1.39434
ENSDARG00000076763	1.42167	1.48512	0.953647	0.540281	0.949293	0.564605	1.19541	0.934546	0.591093
ENSDARG00000076768	0.327094	0.219616	0.0801139	0.0606653	0.0593312	0.0588313	0.223081	0.122199	0.120293
ENSDARG00000076771	1.23011	1.87678	2.03369	0.648349	0.957854	1.66811	1.48056	1.12056	0.406762
ENSDARG00000076772	8.29985	4.74583	2.77827	3.24807	2.3629	1.56193	1.34928	2.56945	2.11977
ENSDARG00000076780	10.6618	8.30245	11.4599	5.69826	5.11264	5.28472	5.59911	6.52773	4.70667
ENSDARG00000076783	0.511499	0.211868	0.131101	0.364351	0.109	0.655242	0.907147	0.227109	0.120588
ENSDARG00000076791	5.57165	8.52157	5.03083	2.27673	3.02902	5.06568	7.44371	7.94014	4.10966
ENSDARG00000076796	3.05211	5.46716	4.92091	1.02684	1.14259	1.4776	3.58299	1.43769	1.22995
ENSDARG00000076799	0.769678	0.598762	0.692546	0.249096	0.329115	0.268975	0.577837	0.232003	0.0135804
ENSDARG00000076801	1.65484	1.7501	2.02364	0.797959	0.818841	1.16611	1.83387	1.14415	0.691587
ENSDARG00000076805	23.3956	17.4052	11.2598	5.03904	4.81877	4.34815	8.33197	4.35557	2.62537
ENSDARG00000076807	5.76009	1.41703	0.0639515	2.15781	0.656352	0.143989	0.269697	0.146402	0.0500805
ENSDARG00000076811	0.34837	0.460056	0.778112	0.450092	0.890017	1.22412	2.20715	1.24386	0.545598
ENSDARG00000076815	19.6948	25.4064	16.985	6.87473	7.37983	8.38244	10.98	6.21495	3.25484
ENSDARG00000076829	2.35919	3.03841	2.62918	1.55538	1.80666	2.03613	3.4364	1.95681	1.7573
ENSDARG00000076836	5.10757	5.48061	4.57558	1.76961	1.51223	1.67919	2.67233	1.3919	0.318515
ENSDARG00000076839	1.99713	2.48363	2.33179	2.47962	2.97944	3.23425	4.65495	3.55025	2.79693
ENSDARG00000076847	0.404623	0.527716	0.56979	0.196645	0.431557	0.282669	0.53727	0.386031	0.357547
ENSDARG00000076856	0.147409	0.180547	0.125274	0.0297945	0.0739064	0.0834198	0.0628585	0.0557503	0.0216749
ENSDARG00000076857	8.12737	2.09643	0.308789	1.61138	0.144202	0	0	0	0.141153
ENSDARG00000076861	2.82928	3.85697	3.21009	1.38728	1.91751	2.0078	2.61899	1.43199	0.599959
ENSDARG00000076865	0.712758	1.53243	0.743861	0.186393	0.450254	0.381931	0.904513	0.263693	0.464919
ENSDARG00000076867	4.19531	4.65874	3.91629	1.00486	1.79482	1.43951	5.96602	2.29929	1.7665
ENSDARG00000076870	0.102729	0.235907	0.166088	0.0389302	0.0647414	0.197915	0.0849912	0.11687	0.0326927
ENSDARG00000076873	0.231986	0.281625	0.325568	0.107414	0.15607	0.102989	0.625191	0.146089	0.0221577
ENSDARG00000076888	0.947192	1.29428	1.17034	0.682223	0.79529	1.08707	1.57217	0.641032	0.591422
ENSDARG00000076889	3.60628	3.88833	2.61415	1.81664	2.30339	2.96555	4.63438	3.77533	2.40984
ENSDARG00000076892	17.467	18.3931	15.8993	7.912	7.12799	6.97562	8.41044	6.70782	5.66403
ENSDARG00000076895	0.69739	0	0	0.443288	0.0266439	0	0	0	0
ENSDARG00000076903	0.396591	0.591787	0.487837	0.548231	0.380912	2.24945	0.230737	0.550025	0.0361809
ENSDARG00000076913	4.37299	7.47302	6.34169	3.34807	3.2759	3.12241	9.20053	3.82706	2.49357
ENSDARG00000076916	4.1745	4.87781	4.45074	1.35429	1.42301	1.93321	4.13015	1.95227	1.19977
ENSDARG00000076920	1.57724	1.98445	1.1652	0.963933	1.36165	1.34189	1.64583	1.3033	0.683917
ENSDARG00000076923	1.28191	0.740639	0.827673	0.648545	0.586674	1.0738	1.29202	0.380529	0.267985
ENSDARG00000076924	3.00075	4.13242	3.47061	0.568257	0.931148	1.0026	0.974032	0.527533	0.418477
ENSDARG00000076927	0.777649	0.360329	0	0.292333	0.164472	0	0	0.0572006	0
ENSDARG00000076929	2.11497	1.4254	1.70476	0.897742	0.636522	0.725185	1.94174	1.67433	1.35443
ENSDARG00000076930	44.1005	48.3296	38.5381	8.94883	3.01065	2.4593	4.65866	1.9295	3.26538
ENSDARG00000076931	0.936965	0.557577	0.799849	0.684357	0.867781	0.728739	1.77116	0.975702	0.354036
ENSDARG00000076934	4.72846	4.86506	3.54637	1.37999	1.46093	1.21275	1.98468	0.939391	0.378841
ENSDARG00000076938	0.469974	1.3114	1.97951	0.410527	0.253592	0.588956	1.82947	1.25208	0.786922
ENSDARG00000076939	2.2491	4.89254	4.74392	2.30098	1.93307	4.82908	4.1825	1.87349	0.45242
ENSDARG00000076945	0.897156	1.07181	1.57651	0.288811	0.333663	0.431228	0.689409	0.305134	1.97717
ENSDARG00000076949	2.44699	2.62048	2.5863	0.770001	1.38902	0.924814	3.10808	2.59663	0.530422
ENSDARG00000076962	2.62055	4.55127	3.05864	0.627244	1.48454	1.80079	2.13939	0.890811	0.628369
ENSDARG00000076964	6.60942	8.43246	6.81371	2.21501	3.19975	2.26875	7.74656	3.85595	1.83243
ENSDARG00000076968	8.27409	9.59119	4.36028	5.11426	6.70385	5.58005	13.1389	4.50556	4.51381
ENSDARG00000076988	2.2967	1.51679	3.21773	1.79478	2.6975	3.31069	4.67705	4.18935	1.5446
ENSDARG00000077004	3.02351	2.44851	3.9512	0.584465	0.840293	1.93318	1.03426	0.307315	0.442446
ENSDARG00000077009	7.64361	7.79175	4.02558	4.32569	3.84847	5.96836	6.28733	3.23774	2.26997
ENSDARG00000077013	7.47276	9.0843	7.06141	4.55999	6.00626	6.33342	7.6508	3.72217	1.99689
ENSDARG00000077024	2.36688	3.33552	3.96274	1.93005	2.16668	3.58316	5.47799	2.36537	1.71934
ENSDARG00000077029	3.67846	4.16332	3.57983	2.33699	2.07075	2.44666	4.61312	3.60476	2.97145
ENSDARG00000077037	9.09621	8.52729	7.50281	3.88643	3.0892	4.25448	6.75779	3.30987	1.72481
ENSDARG00000077038	14.7713	10.8757	9.99755	9.7961	6.6916	5.16213	10.9462	4.26758	3.76375
ENSDARG00000077052	4.45047	5.89694	4.89795	2.3487	2.92349	2.90993	5.64868	4.35975	2.2445
ENSDARG00000077053	0.236969	0.146078	0.159177	0.0959467	0.173869	0.0899138	0.214507	0.065345	0.0148462
ENSDARG00000077057	1.67415	2.52477	2.44526	1.49459	1.71285	1.78646	3.19432	1.38679	0.688446
ENSDARG00000077060	2.0879	2.56522	2.61002	1.15067	1.09153	1.08389	1.16056	0.695291	0.330026
ENSDARG00000077064	0.774252	0.340093	0.385965	0.247076	0.163815	0.19224	0.223548	0.124703	0.181703
ENSDARG00000077067	69.6838	14.3542	4.81456	25.0469	8.10169	2.74978	1.70641	0.892102	0.883575
ENSDARG00000077073	1.11574	1.98958	1.56384	0.490284	0.760666	0.886204	1.158	0.931246	0.688075
ENSDARG00000077075	3.04991	3.38431	3.25797	1.32794	2.1696	1.83124	4.5064	3.37499	2.35486
ENSDARG00000077077	2.52855	1.30999	0.103399	0.618822	0.596976	0.359504	0.509658	0	0
ENSDARG00000077078	8.28744	2.56424	1.82849	3.67398	2.15291	1.90141	4.41565	1.66362	1.50192
ENSDARG00000077081	4.34626	5.02295	5.65003	0.957362	1.54883	2.30679	2.03734	1.08035	0.663249
ENSDARG00000077085	0.941763	0.773584	0.695123	0.402833	0.462426	0.702629	1.02581	0.552214	0.19246
ENSDARG00000077089	40.2485	41.245	46.4838	8.02559	9.00568	9.32805	27.1549	10.7608	5.51449
ENSDARG00000077093	5.97234	6.61405	6.5917	2.33382	3.44684	4.0295	4.1321	2.74824	2.48747
ENSDARG00000077095	4.73682	5.74742	6.78913	2.20546	2.71634	2.51224	8.95982	7.37047	5.07505
ENSDARG00000077101	3.36987	2.84801	2.50626	1.01758	0.838766	0.726946	7.89483	3.38231	1.11894
ENSDARG00000077111	8.32509	1.96984	0	2.64266	0.0689482	0	0	0	0
ENSDARG00000077113	2.06212	1.27144	2.59909	1.08644	0.53191	1.63584	4.10949	2.42693	1.24366
ENSDARG00000077115	1.64349	0.38887	0.489762	0.131801	0.376602	0.129046	0.334236	0	0.00758179
ENSDARG00000077116	10.9589	15.7679	12.4824	4.06625	5.76632	7.53495	11.2922	5.30664	3.72478
ENSDARG00000077119	2.93134	5.02279	4.56259	2.16218	1.45233	1.66015	2.12267	1.19858	1.32071
ENSDARG00000077120	2.02651	2.19996	1.4537	0.381894	0.906289	0.98759	2.05178	2.12426	0.92482
ENSDARG00000077126	36.6586	27.3863	21.741	7.29073	5.12454	4.67108	9.12748	6.34933	3.85919
ENSDARG00000077129	4.03182	3.24348	1.96854	2.34876	2.63356	2.39529	4.7595	3.99212	2.33432
ENSDARG00000077143	5.72462	6.59582	5.01725	2.78552	2.18511	2.60285	4.32029	2.83198	1.24765
ENSDARG00000077159	0.954896	0.842458	1.45111	0.90717	0.62842	0.955364	1.16326	1.42551	1.23337
ENSDARG00000077166	3.90234	2.99765	2.83602	1.76695	2.13259	2.44212	3.50914	1.94743	0.842125
ENSDARG00000077171	1.39813	1.10846	1.02733	1.20117	1.57947	1.54905	1.52453	0.866422	0.357148
ENSDARG00000077174	1.26985	0.591986	0.866369	0.747531	0.463639	0.551223	1.32832	0.780469	0.655295
ENSDARG00000077177	9.21447	3.43722	0.832356	3.47196	1.34656	0.597034	1.62203	1.05128	0.831404
ENSDARG00000077178	5.60418	5.99266	10.7039	4.14979	6.46895	5.97926	11.5128	7.20489	4.49315
ENSDARG00000077189	0.768643	0.639664	0.917959	0.362156	0.32033	0.568567	0.738733	0.37655	0.41133
ENSDARG00000077205	3.74137	2.28396	0.923274	2.25425	1.53403	0.639632	2.26313	1.0291	0.974105
ENSDARG00000077215	2.63542	3.81643	3.18225	1.87858	2.17393	2.15046	2.97425	3.11035	1.90553
ENSDARG00000077226	37.6322	60.5862	45.2751	6.31471	8.3236	9.24524	16.5855	11.6523	6.25374
ENSDARG00000077237	0.674761	0.652184	0.618292	0.46627	0.365972	0.87302	0.770677	0.337775	0.296761
ENSDARG00000077242	2.22378	1.17676	0.674198	1.39533	1.44282	2.88134	2.76507	2.61188	1.24846
ENSDARG00000077264	12.2397	13.4923	11.9126	5.90359	6.78014	7.80654	12.6874	6.17829	3.89403
ENSDARG00000077265	0.856864	0.639102	0.785298	0.533858	0.162609	0.333422	0.406637	0.634097	0.167215
ENSDARG00000077270	56.1307	66.4812	45.3154	21.4722	27.147	27.5542	71.6953	39.283	19.8682
ENSDARG00000077288	3.40882	4.17963	4.48242	1.88764	2.25117	2.37867	5.10916	2.28104	1.17191
ENSDARG00000077291	9.53258	13.4794	11.794	2.64132	2.77385	2.92359	2.95614	0.873611	0.962313
ENSDARG00000077297	0.59324	0.480231	0.202407	0.227214	0.331987	0.403929	0.364839	0.185505	0.146725
ENSDARG00000077300	16.65330	11.64272	12.65683	6.89328	7.15084	9.90341	16.05599	6.90052	3.55686
ENSDARG00000077307	1.17275	1.29444	2.38159	0.813407	0.568629	0.942806	0.837147	0.661969	0.37713
ENSDARG00000077317	1.65867	2.56063	3.2522	1.29253	1.1801	2.22713	2.99437	1.74629	0.803703
ENSDARG00000077318	2.87161	0.372139	0.132316	0.90579	0.378999	0.137933	1.04811	0.281202	0.338106
ENSDARG00000077323	1.27821	1.64271	2.23116	0.624971	0.822319	1.0768	1.76387	0.582359	0.460592
ENSDARG00000077353	22.9873	31.4279	27.03	11.969	14.8811	14.0875	45.0555	40.7843	32.3876
ENSDARG00000077361	7.52958	8.06	5.70138	3.89918	5.20886	4.69021	9.6384	5.32881	3.82133
ENSDARG00000077375	6.34933	8.33934	7.47496	3.39477	4.93488	4.66033	10.4026	5.6553	2.30091
ENSDARG00000077383	1.52012	1.64329	1.08496	0.433533	0.429002	0.611372	1.05049	0.579989	0
ENSDARG00000077396	0.873863	0.958712	0.967077	0.416789	0.627213	0.662743	1.25413	0.556216	0.238843
ENSDARG00000077402	2.09154	3.47123	3.20947	0.367567	0.561189	0.994245	0.57261	0.371226	0.827656
ENSDARG00000077404	3.14279	4.18669	3.04609	1.53911	1.80072	1.52244	2.0562	1.59925	1.09471
ENSDARG00000077405	172.161	84.8817	66.7778	55.8132	29.6927	34.0008	26.3646	11.7482	7.55094
ENSDARG00000077410	3.33527	4.11626	4.36367	1.68224	2.0571	3.58561	4.01193	2.84717	1.47901
ENSDARG00000077431	10.7308	12.9024	9.48403	4.00701	4.82691	5.32398	9.9262	5.73088	3.45094
ENSDARG00000077434	1.84597	2.56908	2.22002	1.28162	1.3876	1.50391	3.43393	2.19863	1.00249
ENSDARG00000077437	1.85867	2.09124	2.19599	0.829268	1.04844	0.968859	1.75014	1.1267	0.422685
ENSDARG00000077440	0.506966	1.52397	0.804554	0.377554	0.482293	0.27599	0.559282	0.381739	0.572403
ENSDARG00000077442	2.29404	2.36834	1.31269	0.68996	0.836806	1.06947	1.60508	1.22073	0.577404
ENSDARG00000077456	9.09299	3.50312	1.3971	11.7241	1.54553	0.784	0.75691	1.34841	2.25729
ENSDARG00000077461	1.31719	1.8961	1.78531	0.832062	0.697429	0.752337	1.92533	0.698155	0.952023
ENSDARG00000077462	4.45565	4.9842	3.41964	1.43691	1.37475	2.32493	2.1381	1.11722	1.04228
ENSDARG00000077473	26.2147	3.92776	0.96619	18.6328	2.58987	0.817041	0.87793	0.66711	0.259934
ENSDARG00000077477	1.50829	2.1983	1.72461	1.25101	1.8111	1.81425	2.28813	0.968134	0.655859
ENSDARG00000077485	0.37046	0.215225	0.0532061	0.243624	0.0426773	0.00974357	0.0249307	0.00391086	0.0386677
ENSDARG00000077486	3.25528	6.47554	2.91307	0.693298	1.09949	2.01189	3.11306	2.30305	1.37813
ENSDARG00000077492	0.366204	0.30292	0.319845	0.126268	0.474005	0.120369	0.4049	0.137956	0.102293
ENSDARG00000077495	0.175517	0.270615	0.0430072	0.109435	0.0450727	0.0611398	0.160811	0.0224878	0.0100191
ENSDARG00000077506	12.8804	15.9936	13.7753	5.48953	6.67964	7.94366	14.6309	9.34328	5.91362
ENSDARG00000077508	1.12554	1.61929	1.44095	0.512363	0.593087	0.424171	1.00741	1.69848	1.22909
ENSDARG00000077513	3.57178	4.01917	3.39197	1.31788	1.54899	1.41488	1.81363	0.970274	0.447758
ENSDARG00000077515	2.20877	1.88781	1.38094	1.99848	1.51308	1.60276	2.86718	1.69722	1.33599
ENSDARG00000077516	3.66322	3.94843	3.36658	1.01248	1.51393	1.29681	2.39074	1.26536	1.15723
ENSDARG00000077523	0.722798	0.700164	0.75453	0.161276	0.277308	0.239539	0.303268	0.248822	0.280189
ENSDARG00000077526	5.42174	7.72726	3.34501	1.22009	1.14079	1.64807	2	1.38827	0.994948
ENSDARG00000077530	10.5643	12.238	11.4618	5.6005	6.90203	7.89278	9.83475	5.64281	3.52179
ENSDARG00000077531	1.49099	3.18321	2.01165	0.897112	1.72497	1.62087	5.03354	2.86909	2.72745
ENSDARG00000077532	0.717072	0.449243	0.745708	0.464782	0.711368	1.07667	1.33805	0.965471	0.332708
ENSDARG00000077536	6.06599	7.29196	5.02629	1.8877	2.42739	2.18823	2.87965	1.60467	0.74348
ENSDARG00000077538	3.47617	1.06238	0.298428	1.26086	0.263123	0.398523	0.433671	0.185869	0.18354
ENSDARG00000077540	4.88489	2.38128	2.95157	1.39122	1.36969	1.71524	3.05673	1.54182	0.578785
ENSDARG00000077546	3.09507	2.82441	3.51363	1.81702	2.01061	1.23486	5.71466	3.19726	1.67574
ENSDARG00000077549	3.29097	3.19357	2.61121	1.99731	1.45076	2.50094	1.91248	1.1997	0.67719
ENSDARG00000077553	1.16482	1.37353	1.24825	1.13704	1.06909	1.45716	2.02514	1.8273	0.902111
ENSDARG00000077566	10.6977	10.6255	8.45567	19.1212	14.7019	16.6211	9.23305	8.55599	4.5179
ENSDARG00000077567	1.23836	1.48051	1.92133	1.13164	1.36466	1.66736	3.3465	1.99639	0.567189
ENSDARG00000077581	4.23158	5.47808	4.88471	5.76914	4.51536	5.39538	10.7816	9.3279	5.16324
ENSDARG00000077587	6.02231	8.0926	3.27682	4.38401	2.48706	2.55336	7.48562	6.32187	3.54938
ENSDARG00000077589	63.1749	10.5556	0.166394	29.0957	4.86112	0.422277	0.0422683	0.0325119	0.334303
ENSDARG00000077607	7.79661	4.34502	6.35817	4.11223	3.75556	4.84791	4.67076	2.18399	2.71368
ENSDARG00000077614	2.14699	1.49257	1.00113	0.404893	0.375861	0.667209	0.882752	0.511123	0.0669441
ENSDARG00000077615	1.6228	2.0601	1.89769	1.04153	1.75236	2.58651	2.96746	3.04828	0.996017
ENSDARG00000077620	49.157	65.4085	50.8261	10.9908	13.6764	15.3069	21.7662	10.7954	7.35916
ENSDARG00000077623	0.749766	0.955343	0.660207	0.545992	0.397634	0.418137	1.24679	1.03123	0.580047
ENSDARG00000077631	11.1887	3.92629	1.07201	3.8377	1.32884	1.57429	1.47158	0.296223	0.134633
ENSDARG00000077633	1.07077	1.1218	0.495424	0.484025	0.643582	1.00248	1.57666	0.479349	0.172711
ENSDARG00000077638	3.6061	0.651495	0.557458	2.22883	0.272591	0.424046	1.08316	0.16398	0.155031
ENSDARG00000077639	0.828651	1.16932	0.747961	0.292995	0.423355	0.48381	0.925886	0.524035	0.454828
ENSDARG00000077648	1.28329	1.30857	1.88692	0.721456	0.762806	1.09777	0.95409	0.868895	0.700302
ENSDARG00000077650	2.09966	3.57886	2.78235	0.892638	1.48235	1.17639	3.3918	2.41614	2.38219
ENSDARG00000077652	10.8035	2.01136	0	1.62723	0.744567	0	0	0	0.138539
ENSDARG00000077653	2.06011	1.84041	2.05341	0.644206	1.2454	0.667896	1.45309	1.32468	0.923991
ENSDARG00000077664	43.3715	42.1999	27.1826	17.4674	15.0657	16.7572	29.8709	12.5589	9.37916
ENSDARG00000077668	2.98038	2.7527	1.25049	1.12687	0.342947	0.859741	1.14341	0.805918	0.207724
ENSDARG00000077671	0.785884	0.870284	0.907947	1.06905	0.949825	1.08614	0.965477	1.05565	0.5623
ENSDARG00000077677	7.82231	6.43017	4.48486	5.35126	5.97632	4.30362	11.336	4.15271	4.69226
ENSDARG00000077683	0.991461	0.177721	0.276808	0.40343	0.0483153	0.15972	0.407961	0.236964	0.000607851
ENSDARG00000077686	0.674127	0.66954	0.499663	0.367498	0.378025	0.603344	1.74293	0.957486	0.533901
ENSDARG00000077693	2.90257	2.68715	3.97565	0.950017	0.784906	1.22332	4.20326	1.74165	1.30238
ENSDARG00000077694	2.8727	3.12792	3.5946	1.17542	1.23257	2.14563	2.60047	1.64507	0.614233
ENSDARG00000077703	0.89933	1.11233	1.1674	0.753563	0.603047	0.829334	1.39418	0.713818	0.834374
ENSDARG00000077710	2.7638	2.13805	2.02978	0.541638	0.174729	0.791748	0.928194	0.773262	0.667589
ENSDARG00000077712	838.45	423.885	23.5848	522.683	193.057	8.60437	0.641748	1.52176	2.03554
ENSDARG00000077717	21.2315	25.0732	4.55863	7.58286	3.82434	2.25586	11.0394	0.842215	2.39214
ENSDARG00000077719	1.22641	0.246769	0.0122701	1.21214	0.00038319	0	0	0	0.00470874
ENSDARG00000077721	10.1523	7.83772	2.9964	2.43014	1.36898	1.77786	1.28011	1.00497	0.147416
ENSDARG00000077722	1.71285	2.01916	2.35066	1.23413	1.35898	2.19842	5.38733	1.9005	0.658471
ENSDARG00000077726	12.1106	7.36336	1.03901	3.78924	1.85621	0.340323	1.59873	0.9686	0.564728
ENSDARG00000077728	1.53613	1.5506	1.72955	1.42815	1.42326	1.67831	2.75912	1.65132	0.923103
ENSDARG00000077730	0.0792727	0.15106	0.0957571	0.102461	0	0.0200453	0.0133311	0.0649492	0.012504
ENSDARG00000077732	43.9143	39.581	31.1396	22.8381	20.3936	23.9543	12.0355	8.8986	8.46334
ENSDARG00000077737	0.359986	0.168302	0.138144	0.0643697	0.140892	0.063769	0.130269	0.0924294	0.014018
ENSDARG00000077739	0.108754	0.298374	0.195338	0.129184	0.0663649	0.106426	0.033258	0.0324372	0.0252964
ENSDARG00000077741	1.45391	2.51063	3.19853	1.55592	1.82646	1.369	3.94285	2.16849	0.396776
ENSDARG00000077748	0.748439	2.638	0.56692	0.310625	0.282417	0.0950469	0.110765	0.799896	0.117084
ENSDARG00000077751	1.72559	2.79002	1.91789	1.00503	1.67419	1.65088	3.26606	1.49138	1.06146
ENSDARG00000077753	0.642906	1.0479	0.600693	0.50413	0.486681	0.571664	1.35374	0.732016	0.616885
ENSDARG00000077761	0.734335	1.04687	0.613353	0.182644	0.390934	0.168236	1.43135	0.960479	0.872587
ENSDARG00000077765	3.45327	2.63591	4.45813	1.16354	1.8248	2.44376	3.23672	0.967773	0.746438
ENSDARG00000077766	2.8309	2.57704	2.42002	0.80712	1.03145	0.905589	2.3106	2.10811	1.91674
ENSDARG00000077769	6.86003	1.0643	0.133477	1.96915	0.128005	0.0658323	0.777536	0.325043	0.0988734
ENSDARG00000077776	11.3097	8.91063	6.80645	5.26748	3.36362	3.36978	4.36663	2.16546	1.19853
ENSDARG00000077777	12.3651	7.75313	5.53653	7.67247	3.91866	2.83393	0.605651	0.165174	0.584847
ENSDARG00000077788	5.96344	10.4443	14.5575	5.71378	8.41116	9.41362	9.73401	4.56957	6.96472
ENSDARG00000077790	0.582547	1.48898	1.49276	0.387565	0.356723	0.801902	0.363551	0.210448	0.295164
ENSDARG00000077791	0.973107	0.629818	1.29839	0.198563	0.31452	0.749588	1.37524	0.429774	0.103026
ENSDARG00000077792	1.57452	0.892783	0.663363	0.359172	0.213164	0.434618	0.51184	0.102562	0.238117
ENSDARG00000077800	0.632987	0.438957	0.203914	0.875262	0.819328	0.604504	1.09321	0.845674	1.10219
ENSDARG00000077804	0.459795	0.53386	0.128841	0.309131	0.229295	0.237128	0.244045	0.142262	0.0417193
ENSDARG00000077805	3.29845	4.37221	3.42557	1.4081	2.34704	2.45293	5.09243	2.97898	1.34609
ENSDARG00000077810	19.1737	24.7923	19.5	7.60933	10.3531	10.5809	22.087	11.7611	7.62324
ENSDARG00000077811	11.424	0.745612	0	3.12964	0.269589	0.0320157	0.0367188	0.0651016	0.0252931
ENSDARG00000077818	2.95202	2.91619	4.62285	0.530108	1.06096	1.3543	2.31409	0.856765	0.245499
ENSDARG00000077822	7.9911	9.18985	8.20277	2.86299	2.24248	2.40552	6.83596	2.16658	1.24252
ENSDARG00000077823	3.28396	3.30171	1.78094	1.16949	1.91027	1.64	5.02026	2.29603	1.8582
ENSDARG00000077830	7.1736	7.01169	4.75436	7.24643	6.72994	6.15976	5.76062	2.38966	1.95637
ENSDARG00000077839	1.35395	1.37699	1.45285	0.700713	0.607153	0.719244	1.31889	1.17087	0.896163
ENSDARG00000077842	2.66029	1.45983	0.943489	0.880089	0.948573	1.30206	3.26952	1.86298	1.16823
ENSDARG00000077846	0.704428	0.410981	1.02976	0.502604	0.892499	0.551301	1.00155	0.318698	0.472569
ENSDARG00000077850	5.84844	3.95426	3.30477	1.0506	0.515558	0.650027	2.13677	1.34732	1.13522
ENSDARG00000077860	11.7751	15.8604	13.2048	4.10201	5.36066	5.86383	16.4176	11.6977	7.50321
ENSDARG00000077870	8.01406	5.68931	5.83563	3.76674	3.36885	5.91853	14.5099	8.65097	4.83033
ENSDARG00000077871	10.8949	14.4653	9.91956	4.22516	4.96898	5.41639	12.3583	7.0964	4.6499
ENSDARG00000077873	0.823748	2.269	1.13471	1.01946	1.18001	1.32859	2.45965	2.2757	1.18102
ENSDARG00000077877	4.22037	0.947166	0.0552032	1.52857	0.162686	0.013886	0	0	0.0103205
ENSDARG00000077883	3.12973	2.25478	1.91725	0.695745	0.762574	0.893467	1.95572	0.629547	1.02194
ENSDARG00000077897	0.374913	0.37806	0.318187	0.229565	0.188553	0.537848	0.501066	0.358122	0.189479
ENSDARG00000077901	1.34709	2.69136	2.16036	0.559385	0.714079	0.926313	1.49899	1.42204	0.89861
ENSDARG00000077906	49.1772	11.7893	3.44917	8.64335	1.31379	2.65177	2.84633	0.82379	0.779937
ENSDARG00000077909	1.63927	1.97757	2.65141	0.983757	0.383368	0.937425	1.54765	0.990373	0.41508
ENSDARG00000077912	6.80752	7.23225	6.15637	4.42117	3.97488	4.48186	9.71902	4.73326	3.24447
ENSDARG00000077928	1.52723	2.3516	1.93414	0.555386	0.323785	0.38382	0.784013	0.547235	0.0889608
ENSDARG00000077934	19.1273	20.8724	19.8629	5.95177	4.5735	8.08055	8.80964	4.72362	3.48395
ENSDARG00000077943	0.699933	0.916695	0.838551	0.427504	0.452346	0.50804	1.33042	0.785999	0.172549
ENSDARG00000077946	0.946623	0.802111	0.621681	0.526867	0.349004	0.276783	0.577191	0.198825	0.204328
ENSDARG00000077948	1.63588	1.88275	1.56345	0.39278	0.63114	0.496874	0.93633	0.748983	0.899564
ENSDARG00000077950	5.50953	5.97895	3.74181	1.81182	1.91547	2.30151	2.59254	0.679357	0.787545
ENSDARG00000077955	0.218771	0.41728	0.360188	0.127734	0.153833	0.152078	0.832161	0.173343	0.506889
ENSDARG00000077983	0.75054	1.39206	1.19055	0.437996	0.567118	0.682251	1.3218	0.733986	0.812552
ENSDARG00000077987	0.525014	0.328278	0.68368	0.383503	0.366761	0.279359	0.729509	0.432699	0.147411
ENSDARG00000077988	1.59339	1.74173	2.22762	1.10571	1.72967	2.10367	1.71041	1.29925	0.875896
ENSDARG00000077991	3.87472	2.64335	2.1804	1.81394	1.2341	1.54879	1.28474	1.313	1.96654
ENSDARG00000077995	1.71399	1.034	0.583877	0.576006	0.415377	0.334824	0.29865	0.249276	0.0559889
ENSDARG00000078004	16.6401	3.6901	0.0531913	6.04538	0.997581	0.0200597	0	0.0702787	0.00952891
ENSDARG00000078008	0.781084	0.5305	0.965277	0.336659	0.155805	0.728689	1.23359	0.805295	0.164994
ENSDARG00000078014	5.57655	6.41364	5.8237	5.28277	6.52086	5.34207	5.6336	3.73004	3.08181
ENSDARG00000078018	0.398811	0.350727	0.381662	0.141872	0.57397	0.308833	1.20629	0.318282	0.19482
ENSDARG00000078022	0.64076	0.710459	0.84982	0.230379	0.404309	0.575235	0.929527	0.607685	0.240034
ENSDARG00000078024	6.93789	4.1836	0	1.87989	0.964721	0.0969203	0	0.0765987	0
ENSDARG00000078036	1.31375	1.1764	1.70753	0.599919	0.963308	0.98948	1.7682	0.842556	0.46563
ENSDARG00000078041	4.84144	4.20965	4.60908	3.44213	3.85816	4.60768	5.76559	3.65617	1.97071
ENSDARG00000078042	2.00598	1.41451	0.944556	2.5364	1.88108	0.993533	1.25686	1.6234	0.965288
ENSDARG00000078044	9.31189	9.30687	7.55618	2.76037	4.34963	3.46162	12.5401	8.96892	5.12719
ENSDARG00000078045	2.04724	1.56891	1.47054	1.00336	1.35393	1.27823	1.48688	0.753134	0.610223
ENSDARG00000078054	2.75568	1.75676	1.30794	1.32586	0.867269	0.780773	1.52473	0.60382	0.357668
ENSDARG00000078055	1.15098	1.31913	1.27612	0.289734	0.880947	1.14502	1.75054	2.64879	0.89484
ENSDARG00000078059	2.19849	1.68131	0.488999	0.908915	0.767312	0.12994	0.796635	0.252308	0
ENSDARG00000078061	2.80363	2.44503	2.28166	0.942501	1.36653	1.54301	5.72517	3.04385	1.50289
ENSDARG00000078063	0.941154	0.572601	0.621439	0.413153	0.336388	0.37421	0.745259	0.283893	0.126963
ENSDARG00000078066	0.242661	0.246248	0.261066	0.123889	0.0682075	0.172165	0.279239	0.163954	0.111489
ENSDARG00000078069	26.6238	23.3176	15.5873	16.4405	16.1254	13.3523	28.4563	13.4899	9.43511
ENSDARG00000078073	2.01441	1.66521	1.62498	1.08188	0.594616	0.598814	0.400254	0.282243	0.251743
ENSDARG00000078075	19.6849	21.3733	13.2762	8.91255	8.06892	7.79074	13.5047	6.27772	5.68297
ENSDARG00000078083	2.60553	1.80604	2.41482	0.877136	1.12997	1.0019	1.68655	1.45133	1.45115
ENSDARG00000078092	15.7697	21.2904	19.709	9.51028	10.3223	10.8399	43.7968	19.5999	15.4277
ENSDARG00000078094	2.24729	2.59158	3.0369	0.925898	0.79143	1.35797	2.64266	2.04085	1.2839
ENSDARG00000078095	22.6584	21.7712	19.8378	5.46769	3.90507	6.7761	21.6961	9.96463	5.14922
ENSDARG00000078106	3.01182	3.8683	4.56348	1.39213	1.89299	2.53654	4.79688	3.35013	1.6107
ENSDARG00000078111	0.626704	0.79433	0.949464	0.411924	0.249836	0.377853	0.620355	0.31008	0.171507
ENSDARG00000078113	4.51784	3.74979	2.87438	2.20462	0.97212	1.60344	3.23289	1.5583	1.92489
ENSDARG00000078117	0.811934	0.618069	0.161684	0.079939	0.204467	0.169449	0.272614	0.0708473	0.049208
ENSDARG00000078118	6.1062	8.0546	5.25327	2.25913	2.69135	3.97936	2.94876	1.41194	0.58962
ENSDARG00000078123	0.458697	1.35965	0.834887	0.63729	0.332423	0.731505	0.729826	1.24744	0.404974
ENSDARG00000078127	3.84974	4.09855	4.19668	1.28838	1.64222	1.54837	2.17071	1.64108	1.5172
ENSDARG00000078133	12.2999	16.1018	14.8681	5.41859	6.89915	7.19871	13.3616	8.66653	5.64179
ENSDARG00000078136	0.557571	1.12031	0.912869	0.289579	0.385878	0.801024	0.913371	0.479996	0.420543
ENSDARG00000078139	0.654137	0.414165	0.544567	0.227733	0.209172	0.550024	1.06159	0.329602	0.343086
ENSDARG00000078142	0.909207	1.63334	1.98435	0.748499	1.09867	1.04674	1.01143	0.56482	0.648276
ENSDARG00000078164	8.33473	11.2525	8.50855	3.4059	3.84629	3.9546	4.92799	3.34256	2.17715
ENSDARG00000078166	2.97769	2.5007	3.65845	2.74884	1.41271	1.89252	5.17477	2.62582	1.36073
ENSDARG00000078172	0.652503	0.524498	0.695026	1.09188	0.238745	0.651908	2.15638	1.87908	1.0086
ENSDARG00000078179	1.88814	0.977448	1.79286	0.497681	1.42959	0.883071	2.5877	1.23981	0.509336
ENSDARG00000078185	0.779878	1.4536	1.01105	1.05392	0.950351	1.29883	2.3151	1.83901	1.40212
ENSDARG00000078186	4.57491	5.87845	6.48105	3.34676	3.85407	3.75096	5.45461	3.16264	2.01385
ENSDARG00000078188	3.25361	6.12041	3.6734	1.11468	1.55457	1.7785	4.93392	3.71391	2.277
ENSDARG00000078199	9.73772	15.7506	9.06162	3.65687	2.40001	3.6147	10.324	8.58231	5.11181
ENSDARG00000078216	1.86498	1.99121	1.46414	1.01021	1.58615	1.5516	4.63704	2.55064	2.11546
ENSDARG00000078220	1.03301	1.07611	1.08094	0.518816	0.648818	0.865951	2.03394	0.785405	0.506145
ENSDARG00000078221	0.589322	0.695038	1.76383	0.101996	0.387268	0.888475	0.762254	0.319976	0
ENSDARG00000078233	14.153	16.1802	13.9567	5.31705	7.62771	7.96379	18.5185	7.48023	4.73056
ENSDARG00000078238	0.353587	0.425982	1.24801	0.526585	0.329119	0.935048	0.867139	0.447688	0.453049
ENSDARG00000078270	1.39649	2.45206	0.928931	0.644874	0.831542	0.663719	1.64177	1.0986	0.589575
ENSDARG00000078274	1.90685	0.932134	0.655262	1.02534	0.595462	0.444232	1.20972	1.17156	0.674455
ENSDARG00000078276	0.291704	0.00819884	0	0	0	0	0	0	0
ENSDARG00000078281	1.82525	0.868612	0.546457	0.666475	0.189874	0.506534	0.644941	0.255284	0.0952317
ENSDARG00000078285	0.602309	0.961592	1.87211	0.906423	1.37568	1.87776	2.02644	1.61973	0
ENSDARG00000078293	5.4768	4.35616	2.58119	2.23242	2.16436	1.51363	3.75546	1.16537	1.19042
ENSDARG00000078301	13.6781	7.29449	2.0058	2.95395	1.01245	1.29195	1.9779	0.850523	0.747679
ENSDARG00000078306	7.77556	2.85918	3.97077	1.55066	3.29094	3.29889	8.76552	1.94433	1.14249
ENSDARG00000078310	5.46665	6.03959	6.23624	2.90269	3.59455	4.31059	8.32605	3.6457	1.94502
ENSDARG00000078311	0.329867	0.675791	0.760924	0.267023	0.624474	0.734784	0.80137	0.674418	0.451494
ENSDARG00000078313	4.08612	6.25183	4.36666	2.04259	2.82381	2.664	5.91175	2.43366	3.05003
ENSDARG00000078317	0.742687	0.985086	0.283682	0.446266	0.147044	0.37528	0.202937	0.161882	0.0611514
ENSDARG00000078324	0.393349	0.472274	0.617951	0.145897	0.252136	0.305856	0.492776	0.697866	0.15944
ENSDARG00000078326	2.19715	4.10949	3.08568	1.34782	0.948148	1.8459	3.38697	1.18203	0.268522
ENSDARG00000078335	2.64074	3.1437	2.52747	2.04931	2.44725	2.17359	4.74245	2.72758	1.95141
ENSDARG00000078348	47.6826	60.8252	60.6176	23.4371	30.0606	35.7497	65.0262	37.3734	19.7499
ENSDARG00000078355	33.4212	40.3748	31.0373	10.8706	12.6884	13.7351	28.542	20.6015	15.4874
ENSDARG00000078381	28.4886	31.1548	17.9077	9.43625	12.0324	13.1876	14.3412	6.26929	5.39167
ENSDARG00000078382	10.6634	16.3033	18.7539	5.90535	8.6994	16.9959	22.0026	5.85904	3.1408
ENSDARG00000078383	2.16111	3.04084	2.38191	1.26716	1.33396	1.11138	1.75165	0.647252	0.280026
ENSDARG00000078386	4.13548	4.53481	4.43188	1.45226	1.45977	1.68323	2.63126	1.42684	0.458118
ENSDARG00000078389	0.647092	0.813344	1.01999	0.55639	0.824403	1.17984	1.57525	0.545509	0.0739901
ENSDARG00000078391	3.20797	3.27563	3.66239	2.18192	1.67691	2.15556	1.93828	1.34852	0.735366
ENSDARG00000078392	1.31464	1.28711	1.17292	2.09922	2.09283	3.21069	5.54472	2.58014	3.39409
ENSDARG00000078394	3.6452	6.34907	5.22882	0.339613	1.62791	2.64032	2.98484	2.90465	1.78047
ENSDARG00000078396	5.64833	4.40215	5.88779	5.66714	2.14455	5.36165	8.50584	2.43507	0.423193
ENSDARG00000078399	5.75459	4.17357	2.73846	1.65111	1.40201	1.13652	1.95831	1.2175	0.37475
ENSDARG00000078401	7.06029	8.11421	7.06144	2.07147	2.30153	3.01507	4.69878	5.18526	2.63186
ENSDARG00000078415	2.31791	2.98498	3.0832	1.50417	1.84732	2.10416	1.55981	1.64234	1.28917
ENSDARG00000078418	1.49878	0.988757	1.02686	0.379067	1.0977	1.74393	2.2629	2.28846	0.763602
ENSDARG00000078419	10.1023	3.68851	0	3.79008	1.06488	0	0	0	0.0652032
ENSDARG00000078442	1.96747	2.05037	0.945564	0.754227	0.55975	0.479444	0.797143	0.583482	0.157623
ENSDARG00000078452	4.62608	3.9863	2.3378	1.42039	0.267075	1.02322	1.33822	0.616684	0.30122
ENSDARG00000078458	3.13454	4.39731	3.24353	1.87287	2.32808	2.40043	3.14727	1.55527	0.88933
ENSDARG00000078459	1.9024	1.72549	1.42005	0.521311	1.00628	0.920081	1.52433	1.10289	0.708342
ENSDARG00000078462	12.4763	13.1043	11.6712	4.47051	5.45515	5.36874	12.5289	4.45913	4.23038
ENSDARG00000078473	18.4632	23.6884	22.3338	4.9734	7.54083	10.1193	16.4756	6.52621	4.31651
ENSDARG00000078497	7.13467	10.2304	9.01165	3.0792	3.69236	4.04828	6.01264	2.88218	1.89158
ENSDARG00000078500	4.17224	4.04004	4.39074	1.60787	1.40201	2.10455	1.95851	0.766082	1.15154
ENSDARG00000078502	0.403255	0.834129	0.222033	0.151562	0.243692	0.144264	0.52483	0.357133	0.0273672
ENSDARG00000078512	2.05329	1.89271	4.92699	1.4254	1.7873	2.83048	1.65353	1.22521	1.52042
ENSDARG00000078514	6.82073	11.7695	6.8181	3.12763	3.80785	3.74351	12.9035	6.53943	5.36653
ENSDARG00000078520	0.42942	0.240068	0.204434	0.252591	0.144305	0.197193	0.0821123	0.254546	0.0970416
ENSDARG00000078523	1.16319	1.104	1.11666	0.636567	0.489396	0.700688	1.40412	0.60129	0.35469
ENSDARG00000078535	6.45873	7.38418	7.57002	1.984	2.94411	3.126	2.62352	1.74207	0.80091
ENSDARG00000078552	236.586	36.9799	0.74425	81.6979	11.6067	1.1796	0.207796	0.107167	1.00966
ENSDARG00000078562	1.01999	0.790879	0.568373	0.783698	0.398215	0.593956	1.02961	0.440015	0.207857
ENSDARG00000078567	9.47834	9.1887	7.4617	7.41859	6.46367	7.40767	14.6848	5.97738	4.63477
ENSDARG00000078571	2.86691	3.86644	3.47593	0.779765	0.413137	0.676168	1.16059	0.168987	0.266539
ENSDARG00000078572	1.50489	1.53278	1.03321	0.554166	0.927525	0.546975	2.484	1.29942	1.97452
ENSDARG00000078574	4.65597	6.51782	5.07702	3.81505	4.97878	6.67994	9.23408	4.1711	2.53193
ENSDARG00000078576	8.16308	8.98325	8.899	5.27272	6.29621	7.43989	12.7836	9.03329	6.01804
ENSDARG00000078578	22.8148	27.1041	20.6904	6.92194	8.40621	10.6612	36.8522	28.0497	19.1897
ENSDARG00000078581	1.44095	1.68739	1.03664	0.40681	0.210389	0.302511	0.89358	0.275076	0.156981
ENSDARG00000078582	1.10755	1.70291	1.0604	0.339434	0.849104	0.317261	1.55405	0.61841	0.599992
ENSDARG00000078585	1.29288	2.55859	1.69661	1.06079	0.51195	1.12179	1.52445	0.969879	0.383229
ENSDARG00000078592	0.846237	1.39059	1.42956	0.639325	0.756023	1.02512	1.68191	0.738704	0.513771
ENSDARG00000078593	0.267749	0.416837	0.493374	0.325241	0.372685	0.26775	0.364583	0.33971	0.159533
ENSDARG00000078604	6.08022	7.79957	7.26551	2.68178	3.555	3.51168	8.09042	5.08598	3.29291
ENSDARG00000078606	1.7933	0.377646	1.86357	0.773892	0.376453	0.12709	0.578412	0.284931	0.256568
ENSDARG00000078615	1.82187	1.59063	1.71617	2.11926	2.56115	1.92109	3.47637	1.61897	1.05325
ENSDARG00000078630	0.918759	0.579796	0.741648	0.483524	0.294887	0.32495	0.888142	0.320775	0.174139
ENSDARG00000078638	9.26285	13.3625	13.1421	4.44956	6.16438	8.21116	14.8939	6.61896	3.21347
ENSDARG00000078640	1.50027	1.19097	1.19609	0.546214	0.713554	0.712893	3.24747	1.01401	1.86507
ENSDARG00000078641	1.83707	1.08358	1.46617	0.999832	1.70705	2.83501	4.24894	1.96532	1.72264
ENSDARG00000078653	1.53564	1.59293	1.77751	1.12084	0.957383	0.895627	2.68409	0.736642	0.7379
ENSDARG00000078654	91.4078	123.292	127.073	70.9409	99.8466	116.488	171.151	127.348	66.0573
ENSDARG00000078658	5.6199	7.22617	7.46097	3.15432	3.33882	3.43484	8.53455	5.64311	3.3792
ENSDARG00000078675	6.94911	10.1575	10.0388	4.63818	8.08507	11.4351	10.9721	5.55005	3.73924
ENSDARG00000078680	0.246345	0	0.0242222	0.0354177	0.011027	0	0.0107421	0.0179836	0
ENSDARG00000078685	3.22676	5.6671	4.68852	2.34178	2.40479	3.96869	4.11991	1.94533	1.44928
ENSDARG00000078686	2.39222	3.08431	2.91802	0.965533	1.01634	0.834974	2.12982	1.06171	0.670853
ENSDARG00000078687	2.53193	2.54274	2.24209	2.4377	2.97832	2.62302	8.88071	4.75055	2.47984
ENSDARG00000078690	0.486213	0.385784	1.04192	0.926917	0.904449	2.13904	1.62049	0.200759	0.25959
ENSDARG00000078691	4.36351	2.44181	1.70711	2.03488	1.51879	1.43864	1.98918	1.19012	0.797697
ENSDARG00000078694	1.1815	0.84797	0.501564	0.830657	0.195238	0.227053	0.603526	0.559321	0.197546
ENSDARG00000078703	2.53174	1.95379	1.80381	1.03107	1.28913	1.03442	1.498	0.963413	0.198426
ENSDARG00000078722	6.82164	8.47227	6.12255	3.42565	5.30729	5.38735	10.0812	5.22091	3.24148
ENSDARG00000078724	22.3672	18.1662	14.6601	12.8378	8.90059	5.39303	8.96708	14.3543	10.0521
ENSDARG00000078744	2.79999	4.0988	3.66717	1.139	1.60836	1.05533	4.19828	1.42929	1.14924
ENSDARG00000078751	17.6055	17.8537	15.96	19.1906	23.6504	19.0904	28.4932	20.5082	13.1932
ENSDARG00000078752	2.26848	2.10324	1.99015	0.855056	1.43796	1.36945	3.6503	3.10382	1.3762
ENSDARG00000078753	12.3934	5.07192	0.0216433	8.93945	2.48637	0.0683277	0.0670486	0.00106904	0.116278
ENSDARG00000078754	2.13621	1.31851	1.96906	1.10696	0.748951	0.977351	1.24749	0.661112	0.387114
ENSDARG00000078758	0.280286	0.173839	0.230005	0.260907	0.277613	0.332232	0.19137	0.258231	0.285383
ENSDARG00000078759	2.34459	3.88482	3.78229	2.10293	3.07982	3.26002	3.7988	2.30278	1.3805
ENSDARG00000078762	2.1886	1.2671	1.93086	1.31429	0.681966	1.07356	2.41617	0.873416	0.185282
ENSDARG00000078767	3.79129	3.92042	3.21191	1.15677	1.14294	1.48038	3.32453	1.54338	1.17898
ENSDARG00000078772	0.977883	1.19512	1.35032	0.61231	0.697875	0.616474	1.072	0.534471	0.357129
ENSDARG00000078775	0.387567	0.182615	0.310862	0.298418	0.394047	0.598103	0.893454	0.57661	0.315335
ENSDARG00000078778	1.52545	1.83013	0.985071	0.604442	0.866346	1.06755	1.94981	0.884272	0.998464
ENSDARG00000078784	22.2379	17.5083	15.0257	6.69891	10.7389	13.2925	22.3519	12.581	5.84393
ENSDARG00000078785	11.0754	6.44769	6.18687	1.29296	2.11156	0.419311	1.15391	0	0
ENSDARG00000078789	0.441662	0.319803	0.352504	1.38959	0.361789	0.476993	0.368319	0.212689	0.088492
ENSDARG00000078797	1.14983	1.21945	1.20099	0.69336	0.74308	0.821186	1.36679	0.766537	0.4254
ENSDARG00000078802	5.84676	8.2125	8.4532	2.86509	3.57275	3.64151	9.5945	8.43541	4.47081
ENSDARG00000078805	1.0889	0.436989	0.556282	0.267482	0.258322	0.484458	0.793233	0.19709	0.158449
ENSDARG00000078814	5.17326	4.39612	4.87876	2.38252	1.71196	2.99069	6.64499	2.14232	0.723269
ENSDARG00000078815	2.91894	2.01846	2.11572	1.09768	0.988437	1.51053	2.02828	1.08115	0.674
ENSDARG00000078822	1.93355	2.69376	2.31194	1.13668	1.36996	1.38174	2.04263	1.66464	1.19327
ENSDARG00000078850	2.19126	1.91248	1.28444	0.91054	1.15886	1.53143	3.38934	2.24009	1.03853
ENSDARG00000078856	0.578175	0.666592	0.635539	0.283008	0.412242	0.41712	0.536117	0.368715	0.129549
ENSDARG00000078863	0.762114	1.57678	0.818731	0.907694	0.785252	1.21316	1.77869	1.2921	1.14155
ENSDARG00000078872	1.10703	1.36227	1.17598	0.694539	0.834475	0.760208	2.68962	1.13684	1.3516
ENSDARG00000078877	2.65648	2.54403	2.03203	1.39703	1.5952	1.34503	1.46956	0.82512	0.356333
ENSDARG00000078882	1.71351	2.06044	1.74136	0.710345	1.33522	0.708474	2.20881	0.95386	0.463685
ENSDARG00000078887	0.570022	0.541485	0.61404	0.314654	0.251768	0.655241	0.793692	0.252917	0.34603
ENSDARG00000078888	5.98119	8.66039	7.29155	4.37303	5.86536	7.44969	9.46363	3.89621	2.36725
ENSDARG00000078890	1.63564	2.01483	2.30055	1.0924	1.33691	1.62215	2.48206	1.41348	1.01333
ENSDARG00000078891	0.15433	0.44478	0.300493	0.0881373	0.189436	0.128563	0.161742	0.156715	0.157326
ENSDARG00000078895	0.373729	0.60695	0.465722	0.258088	0.421204	0.344356	0.923924	0.50188	0.286721
ENSDARG00000078904	18.7253	27.6791	22.4707	6.74914	9.15287	10.1809	35.9826	32.4229	18.4887
ENSDARG00000078911	2.93428	3.30631	3.67538	1.26437	2.00856	2.07208	2.29853	1.64011	0.720257
ENSDARG00000078917	7.9937	10.6667	11.1002	2.56774	2.19113	3.91237	7.49862	5.36675	1.07784
ENSDARG00000078929	3.54027	3.31676	3.31599	1.23381	1.46656	1.74851	2.59954	0.845114	0.3657
ENSDARG00000078935	6.19335	9.86038	10.0968	5.06002	7.01987	6.8352	10.7074	7.63904	2.89823
ENSDARG00000078941	8.87198	3.71141	5.27466	5.33042	2.91412	3.2658	6.06054	6.14583	8.04336
ENSDARG00000078942	0.304873	1.01142	0.713577	0.196682	0.140638	0.234167	0.738121	0.423808	0.210447
ENSDARG00000078945	4.79046	4.82151	6.72872	2.61111	4.26875	3.52099	3.28453	2.01042	0.870074
ENSDARG00000078947	8.60146	5.43957	6.52945	3.32082	4.89708	4.57508	7.99779	2.6269	1.03484
ENSDARG00000078952	1.14798	0.70696	0.397621	0.64662	0	0.159428	0.161844	0.149173	0
ENSDARG00000078953	0.808481	0.818278	1.29534	0.368597	0.303161	0.548716	0.670697	1.59647	0.713519
ENSDARG00000078954	4.07187	5.58389	3.37688	1.64573	2.35395	1.83272	4.68471	2.29137	1.71191
ENSDARG00000078959	0.800048	1.22485	0.846224	0.521559	0.416594	0.934811	1.33307	0.521771	0.455482
ENSDARG00000078964	0.407703	0.684538	0.628084	0.450213	0.233682	0.429895	0.598629	0.197069	0.1177
ENSDARG00000078966	2.55413	3.40996	2.46105	1.25966	1.46655	1.35013	3.75804	2.20609	1.20899
ENSDARG00000078969	9.65646	11.0235	7.10361	3.88158	4.28007	3.64972	5.65947	3.73564	3.32124
ENSDARG00000078973	2.59804	4.20892	3.34996	0.748364	0.874574	1.88732	2.86979	0.808467	0.679048
ENSDARG00000078979	0.273574	0.329536	0.278743	0.0358785	0.0806869	0.0986303	0.276179	0	0.0284433
ENSDARG00000078986	8.0478	2.73608	0.25269	3.37693	1.11708	0.0843418	0.0913194	0.0810387	0.149649
ENSDARG00000078992	7.65223	10.3418	8.7877	3.90573	5.10278	6.24943	10.3212	5.65192	3.00482
ENSDARG00000079000	2.96158	3.98868	3.46628	1.83789	2.15008	2.26392	4.6615	3.00822	1.70408
ENSDARG00000079004	0.829947	1.23629	1.10797	0.512492	0.663696	0.519813	1.92504	2.27694	0.814154
ENSDARG00000079015	4.08029	3.90432	3.22375	2.43556	3.22546	3.60145	3.73272	1.46768	0.834608
ENSDARG00000079018	3.99137	6.63775	2.26771	0.499145	1.92704	2.55522	4.09849	4.10858	3.62372
ENSDARG00000079020	1.80321	2.24355	1.59036	0.784111	0.511016	1.18845	1.64917	0.586621	0.309367
ENSDARG00000079027	7.88426	8.97013	7.06321	3.02248	4.40263	5.44222	8.95909	5.44531	3.38342
ENSDARG00000079034	0.357969	0.673937	0.723507	0.303698	0.556192	0.705611	1.33947	0.690902	0.180383
ENSDARG00000079036	1.53347	0.222086	0.0072716	0.683752	0.0856699	0.0253265	0.000604249	0	0.00548117
ENSDARG00000079046	1.4055	1.40125	1.14243	0.553531	1.48371	0.92262	2.25767	0.832386	0.933102
ENSDARG00000079055	1.43967	2.20467	5.00631	1.33105	2.09883	2.52593	3.2215	2.32176	1.72322
ENSDARG00000079060	0.595123	0.529906	0.378068	0.357643	0.244292	0.178638	0.668382	0.512593	0.364789
ENSDARG00000079061	2.65483	5.85409	4.61165	3.1847	2.09181	2.07499	5.47113	2.80809	3.25731
ENSDARG00000079067	0.652868	0.517914	0.819512	0.52004	0.343695	0.954952	1.24305	0.569099	0.752653
ENSDARG00000079085	0.824289	1.07605	1.71579	1.10127	0.715568	0.852935	0.849554	1.03195	0.345503
ENSDARG00000079089	1.05178	0.433802	0.155743	0.469893	0.31328	0.0803427	0.127654	0.161421	0.227302
ENSDARG00000079097	2.70244	3.76472	4.27128	1.2657	1.5415	2.22121	4.78454	3.21437	2.41039
ENSDARG00000079104	0.453784	0.859024	0.409668	0.332142	0.251043	0.253401	0.285179	0.15601	0.0708495
ENSDARG00000079110	2.61732	3.08043	4.13533	1.89164	0.783286	0.647241	1.82717	0.555858	0.0632341
ENSDARG00000079113	7.74828	10.9621	12.5145	2.31302	2.64087	3.14197	5.36441	4.53219	3.74227
ENSDARG00000079128	2.11964	3.25878	3.13091	1.15373	1.19257	0.822507	1.7141	0.792997	0.45356
ENSDARG00000079131	1.1349	1.09385	0.930084	0.757314	0.602992	0.830761	1.29791	0.380222	0.321174
ENSDARG00000079146	1.91523	4.17013	5.31881	1.9063	1.57941	2.9547	6.9726	2.74772	1.40631
ENSDARG00000079148	7.59471	7.79181	6.07025	3.88284	4.46229	4.65613	9.85442	6.34295	3.62081
ENSDARG00000079161	0.325758	0.389657	0.390794	0.247177	0.21523	0.192172	0.28571	0.282558	0.305979
ENSDARG00000079167	16.5645	16.2371	24.2314	6.63973	14.1878	9.29131	21.9174	14.9854	11.7482
ENSDARG00000079173	16.8249	4.96075	1.23816	3.31939	2.12857	2.09876	2.68209	0.414174	0.338228
ENSDARG00000079182	0.344946	0.291393	0.17245	0.0818309	0.309581	0.264469	0.784009	0.423084	0.158373
ENSDARG00000079190	0.719852	0.535035	0.775685	0.207229	0.595064	0.723084	1.43975	0.34928	0.0293831
ENSDARG00000079193	147.073	80.1481	37.8076	92.9326	45.3541	34.114	22.7016	8.21741	4.47386
ENSDARG00000079195	1.11686	1.25272	0.718698	0.486468	0.812114	0.738927	2.40539	0.808714	0.966031
ENSDARG00000079198	0.35026	0.17886	0.223269	0.0790514	0.193451	0.176795	0.323959	0.182201	0.0864793
ENSDARG00000079201	0.888474	0.506791	0.861147	0.260106	0.251494	0.580638	1.11228	0.473535	0.0287826
ENSDARG00000079202	3.6602	3.39657	3.89339	1.42176	2.56618	1.72217	3.42758	0.682966	0.502364
ENSDARG00000079203	55.1923	16.4588	0.0906724	39.2947	7.67423	0.276398	1.10499	0.973068	0.0763832
ENSDARG00000079220	19.7729	28.6286	24.5443	14.2331	12.8112	16.2941	21.7673	13.0775	8.78835
ENSDARG00000079233	0.476896	0.325763	0.603719	0.263632	0.248002	0.126184	0.549467	0.16654	0.0865893
ENSDARG00000079238	1.59671	1.42877	1.17026	1.07722	0.33245	1.49877	2.2454	2.1925	1.62626
ENSDARG00000079241	2.12239	2.4353	3.29865	0.995005	1.62879	2.00963	2.61338	1.00888	0.589231
ENSDARG00000079250	1.37746	1.44233	0.930199	0.672883	1.3552	0.788111	2.76046	2.42762	1.09326
ENSDARG00000079252	6.28736	7.41145	5.55124	1.55083	2.11881	2.499	3.37718	1.54549	0.664219
ENSDARG00000079257	1.18047	1.99405	1.6947	0.817004	0.717738	0.893246	1.7969	0.757609	0.381711
ENSDARG00000079261	6.74824	5.62101	8.46131	2.07992	1.94669	2.70117	4.07647	2.00764	1.70106
ENSDARG00000079271	2.66274	5.62144	3.45115	0.863517	0.948764	0.75855	0.480776	0.117482	0.291381
ENSDARG00000079281	3.64805	6.20464	5.52264	3.49663	3.72013	3.62897	5.53738	4.6048	2.02196
ENSDARG00000079289	8.01599	12.3264	8.84394	5.97498	7.27699	7.44353	14.8389	6.96495	5.41354
ENSDARG00000079306	2.42186	1.50671	1.82828	1.69986	1.24481	0.960268	1.52285	0.663941	0.901498
ENSDARG00000079312	15.1188	18.2758	14.423	9.78446	14.8369	13.4486	20.3596	10.6757	6.52634
ENSDARG00000079313	10.2212	8.89112	5.86376	3.39046	4.43057	3.06592	5.90921	3.77777	2.1344
ENSDARG00000079324	4.14309	0.861907	0.89702	1.71357	0.786114	0.633293	1.03581	0.420122	0.21936
ENSDARG00000079326	2.62663	3.30796	2.53743	1.17319	1.50012	1.38514	2.3401	2.09193	1.27747
ENSDARG00000079328	2.08744	0.508258	0.793215	0.962036	0.484557	0.705217	1.51603	0.327135	0.2225
ENSDARG00000079329	5.59884	8.00597	9.81055	4.53023	7.09161	7.63546	10.9894	6.77425	3.10664
ENSDARG00000079343	0.444864	0.454569	0.531675	0.300369	0	0.186711	1.98064	0.308963	0
ENSDARG00000079350	2.34505	1.01346	0.652548	1.08779	0.610614	0.434644	0.593479	0.183784	0.166731
ENSDARG00000079352	22.0998	21.1545	26.0498	20.0594	8.43161	18.6366	44.3069	31.2338	23.0154
ENSDARG00000079358	0.203842	0.275342	0.144076	0.110468	0.265342	0.161716	0.14361	0.156688	0.0854238
ENSDARG00000079366	0.241895	0.494031	0.43017	0.252132	0.32532	0.2351	0.205717	0.11076	0.035741
ENSDARG00000079368	10.5262	3.02478	0.620681	1.08151	1.07077	0	0	0	0
ENSDARG00000079370	2.95611	1.75076	1.43707	0.882582	0.399533	0.41442	0.305061	0.178539	0.517694
ENSDARG00000079374	3.69324	5.27402	4.51865	1.66606	1.68298	2.59129	4.45693	4.46524	3.06403
ENSDARG00000079393	1.02785	0.907478	0.744695	0.290281	0.539605	0.642704	0.288737	0.464534	0.325333
ENSDARG00000079401	1.12392	0.649906	0.912495	0.246677	0.481586	0.300861	1.23012	0.292496	0.275198
ENSDARG00000079423	0.246967	0.112559	0.833121	0	0	0	0.0495613	0.0469378	0.0925309
ENSDARG00000079427	1.34628	1.16318	0.158199	1.00549	0.569705	0.615001	0.892759	0.116851	0.247202
ENSDARG00000079434	1.98851	3.44568	2.44039	1.78458	2.29731	2.23211	4.47074	2.86963	1.54198
ENSDARG00000079438	0.506673	0.674076	0.73364	0.155217	0.142374	0.428093	1.02404	0.35323	0.0938578
ENSDARG00000079440	0.906625	0.151779	0.0199792	0.745738	0.0816255	0.0282331	0	0	0
ENSDARG00000079444	11.6945	9.53034	4.14824	3.28219	2.95162	5.4721	4.55171	3.56456	3.74829
ENSDARG00000079451	0.931242	1.53371	0.760373	0.688016	0.714138	0.756747	3.65542	1.23706	0.804747
ENSDARG00000079452	1.26444	0.819579	1.561	0.593956	0.888135	0.855097	0.658779	0.809745	0.373845
ENSDARG00000079457	0.493264	0.865982	0.403531	0.364133	0.255394	0.470313	0.767962	0.334725	0.0347115
ENSDARG00000079463	0.674999	1.05831	1.65487	0.477922	0.802491	1.13431	1.73063	0.771487	0.303957
ENSDARG00000079467	1.95027	2.774	4.2796	2.21303	1.27987	3.14103	3.2164	2.07106	0.315134
ENSDARG00000079470	0.65082	0.937787	1.072	0.934262	0.737928	0.555601	2.27684	1.85835	1.76769
ENSDARG00000079475	2.73548	3.26762	2.22394	1.32381	1.04887	1.87098	4.25862	3.84915	2.18058
ENSDARG00000079482	9.49348	8.435	5.90443	2.79321	3.05099	3.58731	7.30864	2.97645	1.88982
ENSDARG00000079483	0.364807	0.073641	0.128354	0.110364	0.106216	0.127402	0.137297	0.0348659	0.0788381
ENSDARG00000079485	3.04566	0.927458	0	0.655873	0.0438313	0	0	0	0.0318403
ENSDARG00000079488	0.334197	1.89344	0.190018	0.140943	0	0	0.276544	0.267822	0.128023
ENSDARG00000079492	0.542416	0.314069	0.955805	0.29037	0.130695	0.200103	0.585522	0.456323	0.627236
ENSDARG00000079504	2.4468	2.5813	3.38228	1.13764	1.35136	2.1561	3.3508	1.40774	0.869643
ENSDARG00000079508	3.7039	4.13146	3.88656	2.51063	1.84656	2.50503	6.72097	2.147	1.31113
ENSDARG00000079512	3.29668	4.69182	5.04026	1.66903	2.00103	2.64343	6.42913	5.15004	3.83069
ENSDARG00000079516	9.17732	7.63235	6.98053	7.27743	6.34358	7.14382	6.00225	4.03669	2.09742
ENSDARG00000079524	20.2712	3.4323	0.166307	3.65267	1.12109	0	0	0	3.47565e-07
ENSDARG00000079528	7.03185	6.70112	7.47605	2.49075	2.81065	6.22168	6.38274	4.22827	6.32115
ENSDARG00000079530	3.17597	5.28389	4.58036	1.31715	1.28494	1.63569	3.24941	1.54143	0.611768
ENSDARG00000079533	1.98729	2.04724	2.11374	1.27673	1.32979	1.59781	2.61273	1.17963	1.15542
ENSDARG00000079534	0.96476	1.1734	1.46776	0.735619	1.11878	1.49425	1.983	0.849978	0.347161
ENSDARG00000079539	30.9709	9.3005	0.365912	21.2288	4.75527	0.554154	0.152113	0.220324	0.199444
ENSDARG00000079546	5.085	5.60252	3.40016	1.77978	3.2552	2.67312	12.2194	7.2139	2.79514
ENSDARG00000079552	3.93161	5.30384	4.85106	2.01377	2.439	3.16863	5.32983	3.19092	2.78927
ENSDARG00000079571	1.40715	1.73358	1.91817	0.183829	0.824717	0.653078	2.16581	1.58587	0.804585
ENSDARG00000079578	41.8519	63.8852	64.8374	8.94032	17.7599	14.3828	33.8645	30.5165	20.6394
ENSDARG00000079585	1.08723	1.41867	1.24598	0.51474	1.09202	1.30213	2.05517	1.29206	0.734874
ENSDARG00000079588	5.09532	6.25993	6.78494	1.99653	2.13416	1.85213	2.55139	0.863131	1.07335
ENSDARG00000079591	5.60467	5.23453	5.43212	3.16953	3.50879	3.20979	7.70228	3.64956	3.9016
ENSDARG00000079605	7.5048	10.7028	9.09777	4.34366	5.63577	5.97824	8.91595	5.51028	2.06099
ENSDARG00000079610	3.85768	3.41173	1.59581	1.44226	1.47964	1.02957	1.61164	1.60074	2.08408
ENSDARG00000079616	1.67661	1.27071	1.73174	0.684764	0.933813	1.15736	1.5882	0.816288	0.681915
ENSDARG00000079623	4.65814	4.03402	2.94029	0.74463	1.17201	2.10127	2.41235	2.25445	2.18018
ENSDARG00000079624	2.49641	1.85875	1.28651	1.32991	0.908605	0.989204	2.33395	1.15149	0.587329
ENSDARG00000079625	0.718623	0.918448	0.9067	0.406037	0.735892	0.644503	0.752696	0.429776	0.3012
ENSDARG00000079626	1.68462	2.41557	1.79589	0.856738	0.854759	1.30743	1.88854	1.30046	0.67761
ENSDARG00000079631	4.30674	3.92623	3.38767	1.28599	0.847272	1.07524	3.59931	1.52455	2.03051
ENSDARG00000079634	0.365614	0.36613	0.511736	0.159456	0.0299618	0	0.993679	0.265566	0.147133
ENSDARG00000079636	1.3337	0.901288	0.699259	0.475278	0.175478	0.710108	0.448564	0.364738	0.143526
ENSDARG00000079637	0.339794	0.218497	0.546904	0.201971	0.230683	0.441675	0.652004	0.186141	0.124831
ENSDARG00000079639	20.2031	7.96157	4.20346	4.96174	2.8521	2.22039	7.35261	6.58754	4.04924
ENSDARG00000079651	9.89742	12.3938	8.8815	2.03688	2.39144	2.42132	3.1542	2.5293	1.10731
ENSDARG00000079652	20.6823	5.85724	1.53632	3.72858	1.03185	0.466686	0.571179	1.07447	0.901683
ENSDARG00000079681	8.81674	12.4884	5.77561	3.01372	4.69952	6.72612	11.6113	7.35466	4.88162
ENSDARG00000079684	3.33485	4.34899	4.89586	1.94403	3.28705	4.03693	8.94501	5.64426	2.83008
ENSDARG00000079686	4.50873	5.33703	5.09346	2.88135	3.53339	3.71747	10.0838	5.61756	4.37597
ENSDARG00000079687	3.88152	3.18402	2.48707	2.06102	1.53214	1.30705	2.24267	1.00647	0.72331
ENSDARG00000079688	16.5897	19.6473	14.302	5.05849	6.55361	6.34881	16.7036	9.43572	6.16029
ENSDARG00000079701	9.50065	12.5436	9.83766	3.25861	4.42179	4.53883	9.01882	2.83764	1.57163
ENSDARG00000079702	4.0887	5.09107	4.17155	1.1783	1.70265	1.33753	1.59868	0.879806	0.665787
ENSDARG00000079703	2.33286	0.449629	0	0.845218	0	0	0	0	0
ENSDARG00000079716	5.26246	7.3231	5.55464	2.36157	3.05229	3.10331	6.95906	4.44052	2.51826
ENSDARG00000079717	2.58812	2.24068	2.9613	0.699185	0.435178	1.66132	0.846609	0.344159	0.128
ENSDARG00000079720	2.30001	1.30647	1.67139	1.21316	1.11829	1.51017	2.96376	1.79905	1.41588
ENSDARG00000079721	0.178582	0.108357	0.398511	0.0808503	0.228959	0.359456	0.542673	0.3729	0.230354
ENSDARG00000079723	1.60609	28.7975	24.5885	1.04603	0.558397	15.5006	34.3644	24.7376	21.7427
ENSDARG00000079725	2.29474	1.61256	1.35176	0.835679	0.848652	0.908985	1.14272	0.325363	0.377128
ENSDARG00000079731	4.66435	4.78057	4.58634	1.92655	1.92194	2.42338	3.62082	1.93103	1.25163
ENSDARG00000079745	1.14976	4.46813	3.02301	0.729436	1.14488	1.78554	2.28076	2.87439	0.942506
ENSDARG00000079751	0.741533	0.909502	0.881892	0.574115	0.632786	0.668655	0.647481	0.531682	0.58755
ENSDARG00000079753	0.398579	0.273281	0.388361	0.289991	0.355455	0.315362	1.66362	0.731143	0.270472
ENSDARG00000079755	14.0681	15.2072	12.1249	5.27507	6.75741	5.78309	20.5153	13.435	8.73171
ENSDARG00000079756	2.22655	3.16534	2.31999	1.5088	1.84356	2.24096	3.23088	2.24564	1.39346
ENSDARG00000079772	1.58865	1.31408	1.05153	2.11369	0.844096	1.39263	2.04649	0.558331	0.430145
ENSDARG00000079778	14.4448	13.4806	5.48719	15.9526	13.4362	10.9334	8.03265	5.61072	3.4109
ENSDARG00000079780	4.08249	4.81634	2.40448	1.71786	2.08052	2.39221	1.80618	2.1915	1.17065
ENSDARG00000079783	1.47394	0.980065	0.523823	0.813802	0.609734	0.523898	1.50956	0.364138	0.130931
ENSDARG00000079788	13.6517	18.5217	17.9596	5.11861	7.46377	8.12481	17.4334	8.84939	4.52416
ENSDARG00000079811	1.50708	3.00442	1.67763	0.820714	1.01656	1.16289	3.0728	2.3761	0.804888
ENSDARG00000079812	1.95709	1.05878	1.41134	0.205034	0.480076	0.38262	2.86216	3.6995	2.01703
ENSDARG00000079818	0.772006	0.952431	0.605563	0.343126	0.275439	0.376024	0.816392	0.213088	0.11964
ENSDARG00000079823	2.16856	2.58625	2.71938	0.879388	0.98544	3.09648	3.35674	3.41365	1.41292
ENSDARG00000079834	9.56713	9.08677	5.5653	6.98048	6.07867	5.626	29.5681	12.5115	18.6943
ENSDARG00000079839	0.382259	0.175621	0.312505	0.127916	0.0249752	0.304181	0.422939	0.125408	0.128611
ENSDARG00000079848	36.1342	50.5718	50.1097	17.4215	21.6662	28.6243	32.0421	21.9962	12.497
ENSDARG00000079850	0.383479	1.02122	0.635626	0.202059	0.602232	0.494353	0.555162	0.327698	0.0515838
ENSDARG00000079854	3.53284	3.81652	3.07984	0.832136	1.0891	1.34278	1.56594	0.647567	0.519353
ENSDARG00000079862	0.268308	0.582689	0.839454	0.156131	0.0910612	0.270259	0.505949	0.48977	0.18284
ENSDARG00000079870	0.268876	0.533458	1.11915	0.624114	0.239896	0.435594	0.746143	0.778563	0.814956
ENSDARG00000079876	1.29703	3.36395	2.86204	0.603752	1.17708	0.72611	4.98807	1.91156	0.209439
ENSDARG00000079879	17.3239	20.2948	17.3693	5.87428	7.67046	8.01603	17.9945	11.1789	9.31781
ENSDARG00000079884	2.53522	2.94099	2.12935	0.604992	0.795218	0.80825	0.799324	0.421515	0.65958
ENSDARG00000079891	0.74191	1.08623	1.33212	0.611975	0.642467	0.432272	1.65406	1.03219	0.524408
ENSDARG00000079900	8.97911	12.2618	8.21421	2.60971	3.39575	4.58654	5.38155	2.47001	1.92602
ENSDARG00000079905	25.3646	26.3893	29.5868	4.12255	6.15073	7.63027	21.9303	12.7405	8.41452
ENSDARG00000079909	10.6223	18.9539	19.6838	6.33283	3.92585	1.78473	7.71936	7.34272	7.06556
ENSDARG00000079915	1.01666	0.971818	0.848367	0.189649	0.397733	0.837606	1.27182	0.439826	0.10841
ENSDARG00000079927	2.80232	0.450064	0	0.980285	0	0	0	0	0
ENSDARG00000079931	0.605278	0.800679	0.129257	0.336127	0.523448	0.559334	0.915692	0.566833	0.378441
ENSDARG00000079932	1.89733	2.08245	2.73864	1.00245	0.973859	1.12717	2.11712	1.30897	0.870491
ENSDARG00000079934	10.3118	12.093	8.8373	3.56954	4.5575	3.91453	8.70614	6.13028	2.71636
ENSDARG00000079939	0.918765	1.52626	1.20143	0.537105	0.86888	0.847895	1.36809	0.945625	0.350635
ENSDARG00000079944	0.801893	1.30424	1.40595	0.775191	1.23988	0.733888	3.21775	1.33669	1.10968
ENSDARG00000079949	10.2745	13.0423	12.4815	8.67401	9.33777	11.9824	16.2206	9.42553	4.86824
ENSDARG00000079957	7.60306	10.253	9.42731	3.69296	5.32903	6.44601	8.11419	5.70525	2.34208
ENSDARG00000079967	0.360994	0.149287	0.455615	0.169458	0.141712	0.188398	0.278151	0.174287	0.0430288
ENSDARG00000079969	1.29903	3.18398	2.64684	1.30971	0.58286	0.799547	2.2932	1.2677	0.504424
ENSDARG00000079992	1.4471	0.953655	2.75726	0.705097	0.370024	1.67085	2.95752	1.38409	0.848149
ENSDARG00000079994	6.9961	8.38221	6.82503	5.09625	6.27973	6.45654	13.1053	6.76139	5.38825
ENSDARG00000079999	20.8652	19.0508	15.1233	4.04689	4.87944	6.73339	18.4771	12.1661	6.92246
ENSDARG00000080009	1.26734	1.9	1.61424	0.786565	0.718197	1.01895	2.09822	1.4955	1.03903
ENSDARG00000080010	4.0784	8.10721	5.92709	0.970295	1.51402	2.49786	1.63596	0.86237	0.778765
ENSDARG00000080019	0.677701	0.862723	0.817252	0.626952	0.580349	0.616842	1.42388	0.33121	0.268188
ENSDARG00000080128	3189.1	5214.05	4202.61	2354.74	2493.95	4813.37	206.258	251.439	0
ENSDARG00000080151	36189	71761.8	58965.4	21869.6	28477.8	44913.5	0	172.569	0
ENSDARG00000080317	101.157	21.4696	0.971809	12.0071	0.891003	0	0	0	0
ENSDARG00000080329	159138	224655	266524	48202.6	38874.9	91993.6	1469.1	361.356	181.594
ENSDARG00000080337	20603.9	21039	18632.5	55278.4	56444.1	72584.3	62750	29355.8	13474.2
ENSDARG00000080493	867.631	977.321	28.9916	136.399	48.17	0	0	0	0
ENSDARG00000080630	2694.78	5682.98	4121.71	1203.63	813.588	1860.97	0	0	0
ENSDARG00000081126	22.5972	19.927	0.635989	10.7488	5.58481	0	0	0	0
ENSDARG00000081218	533.493	726.433	485.339	157.628	195.652	218.718	281.52	221.705	315.917
ENSDARG00000081270	38.3393	10.8679	0	29.6733	5.75144	2.18418	0.949747	2.95836	2.97609
ENSDARG00000081280	4274.3	8541.52	9238.33	4751.64	4758.87	5273.14	0	159.977	159.121
ENSDARG00000081299	1.2111	1.68825	0.619177	0.264932	0.629594	0.258759	0.249174	0.255085	0.659284
ENSDARG00000081369	443473	527612	491175	27400.5	28511.4	36948.8	922.644	248.533	234.389
ENSDARG00000081443	7959.04	9387.19	11665.2	2011.71	1152.49	1744.71	181.026	0	0
ENSDARG00000081623	1066.5	393.556	0	210.422	67.0251	0	0	0	0
ENSDARG00000081650	12370.2	1453.51	113.084	457.781	0	0	0	0	0
ENSDARG00000081758	18327	27206.9	33115.4	247.326	0	225.264	0	0	0
ENSDARG00000082084	21483.1	30444.2	50767.3	6153.95	4479.46	4552.78	776.103	0	0
ENSDARG00000082269	293.947	429.441	250.787	118.319	206.078	198.992	160.765	92.1928	40.5957
ENSDARG00000082716	20639.5	60020.9	31856	1979.25	3220.08	3327.9	0	0	0
ENSDARG00000082753	25299.1	27939.9	27469.8	48043.2	42667.7	59985.2	55835.5	25889	15058.8
ENSDARG00000082789	7114.49	7885.49	8890.19	701.365	647.851	1033.53	0	93.5691	0
ENSDARG00000082979	3.236	4.69792	3.33508	0.66839	1.56757	1.03011	2.661	1.39713	1.00461
ENSDARG00000083046	9433.47	10196.9	11931.7	6137.54	4227.68	7116.19	100.279	0	120.116
ENSDARG00000083118	2499.49	3924.09	6006.51	1740	2833.5	2836.64	0	0	119.871
ENSDARG00000083189	7.62191	7.31119	4.83524	3.66909	3.71249	3.20266	4.222	3.41431	2.74728
ENSDARG00000083312	94951	113766	104805	625.113	421.096	1116.76	0	0	0
ENSDARG00000083325	36.3473	8.82748	0	9.84931	4.93462	0	0	0	3.58231
ENSDARG00000083403	101.157	21.4696	0.971809	12.0071	0.891003	0	0	0	0
ENSDARG00000083462	1352.28	2259.73	3532.56	909.351	220.782	1379.93	0	0	0
ENSDARG00000083519	11184.8	20277.2	20866	1794.87	939.054	2923.74	0	0	0
ENSDARG00000083760	20.4243	2.07538	0	6.17099	1.13828	0	0	0	0
ENSDARG00000084533	181.351	411.47	623.186	18.0998	30.0482	20.2089	75.8467	178.135	107.155
ENSDARG00000084622	23.0798	7.15858	3.50295	5.89225	0	0.974026	0.952239	1.77591	1.81101
ENSDARG00000085067	17320.3	20947.8	38613.4	13561.2	40228.2	44725.4	91023.5	145403	199555
ENSDARG00000085168	7049.87	11714.8	21259.5	2499.65	3566.27	2540	10689	15596.4	14305.5
ENSDARG00000085949	2375.98	3787.48	6411.75	3323.42	6704.8	8470.03	31146.3	35744.9	30425.3
ENSDARG00000086014	0.905984	0.413558	0.968267	0.625131	0.375866	0.449287	0.863672	0.461847	0.301681
ENSDARG00000086041	0.922502	0.021654	0	0.898616	0.0812073	0.0652342	0.0174602	0.0597024	0.00296797
ENSDARG00000086052	2.95073	0.847133	0.0523002	0.482174	0.0780822	0	0.0528057	0.0304213	0
ENSDARG00000086075	3.93148	4.66218	2.42114	1.77362	2.88666	1.82947	3.07494	2.66822	1.43637
ENSDARG00000086081	25223.7	17286.8	2803.34	24636	13827.9	768.201	162.155	129.993	43.1131
ENSDARG00000086085	978.09	948.364	1227.21	853.652	2584.14	3801.68	5946.91	10166.6	13639.8
ENSDARG00000086086	12.2554	18.9859	14.6294	4.84788	10.7272	8.4926	18.4922	7.50509	4.19451
ENSDARG00000086099	0.4181	0.531072	0.52599	0.532774	0.440043	0.606854	0.48601	0.313377	0.170966
ENSDARG00000086103	3.10895	3.37317	3.36162	2.17281	1.44275	1.79313	5.62061	2.57826	2.05971
ENSDARG00000086104	4.71469	5.41845	6.35439	2.82645	3.88183	2.68207	7.71103	5.85089	4.79306
ENSDARG00000086112	27.5347	40.6897	33.3614	17.4538	20.2376	25.6216	35.4211	16.6327	10.0005
ENSDARG00000086116	7175.56	5939.18	327.208	5516.49	4450.58	147.63	3.42863	0	169.491
ENSDARG00000086124	7.43766	10.4344	8.09535	3.88481	6.69975	5.94331	12.9031	5.59005	3.33518
ENSDARG00000086126	5.75348	4.68417	4.93254	2.1992	2.00774	2.78168	4.47518	2.78389	1.23267
ENSDARG00000086137	10.8205	9.18775	7.62565	3.22405	4.46907	5.57683	14.3614	7.90591	6.58926
ENSDARG00000086139	0.860077	0.154375	0.0493513	0.889916	0.210973	0.283935	0.343675	0.111713	0.419329
ENSDARG00000086145	2.04837	1.3086	1.47051	0.793843	0.740557	0.280172	0.944088	0.393849	0.378108
ENSDARG00000086147	0.614601	0.470819	0.646632	0.374316	0.555039	0.600828	1.49332	0.925309	0.336621
ENSDARG00000086164	0	0.601103	0	0	7.7072	2.23591	20.6864	4.39099	36.0357
ENSDARG00000086173	0.668252	1.03127	1.00818	0.750035	0.662945	1.03163	0.659467	0.4438	0.222628
ENSDARG00000086174	3.00393	5.56373	3.76096	1.22961	1.1917	2.26319	5.67299	1.90096	1.15853
ENSDARG00000086184	3.7894	4.17049	1.65314	1.02403	1.69139	2.21779	2.67249	1.11773	0.404026
ENSDARG00000086195	2.32099	4.18254	3.58962	0.876907	1.76642	2.27446	4.24984	2.01972	1.31602
ENSDARG00000086207	0.525743	0.644163	0.463079	0.16033	0.176642	0.197933	0.268614	0.171271	0.0855291
ENSDARG00000086215	0.440861	1.60144	2.00543	0.850635	0.617936	1.0017	2.11731	1.38895	0.7204
ENSDARG00000086216	32.8244	29.9903	20.0841	6.26864	5.55656	7.66767	25.5747	13.0685	4.82059
ENSDARG00000086223	21.5939	12.0277	9.83015	17.0382	5.42118	1.47576	4.65581	1.66847	1.13339
ENSDARG00000086225	1.34865	2.53147	2.22501	0.721362	0.839009	0.379555	0.549664	0.642979	0.424041
ENSDARG00000086230	3.28511	3.26488	2.5077	1.09718	2.73714	2.58906	2.84922	0.869265	0.77476
ENSDARG00000086233	27.1676	33.2821	41.4005	8.67027	4.09024	1.67882	22.7809	17.7529	26.4362
ENSDARG00000086235	18837.9	11278.7	783.982	617839	397915	13008.9	2456.41	618.756	1531.1
ENSDARG00000086239	0.906475	0.101716	0.000764183	1.28958	0.257552	5.71405e-05	0	0	8.27097e-05
ENSDARG00000086269	4.5707	5.7794	3.50139	1.76463	3.06067	2.4162	4.26562	2.92815	3.18843
ENSDARG00000086271	24.834	8.10515	0	1.29489	1.24194	0	1.2773	3.65995	0
ENSDARG00000086274	1.54482	2.28673	1.90717	1.35313	1.55733	1.75737	3.16475	1.57288	1.16831
ENSDARG00000086283	1.02163	0.967302	0.851045	0.442396	0.406937	0.528021	0.69069	0.233926	0.179938
ENSDARG00000086284	18.0745	22.8811	17.6364	6.18378	6.46226	8.23632	13.6287	10.5515	8.25
ENSDARG00000086287	1.3278	1.0452	0.665154	0.939477	0.914293	0.31074	1.14734	0.764776	0.47182
ENSDARG00000086289	3.94927	1.08371	0.02205	4.6891	1.01877	0.023415	0	0.00511023	0.100174
ENSDARG00000086296	12.6501	3.66337	0.0524398	3.85089	0.611049	0	0.00355078	8.49065e-05	0.00471633
ENSDARG00000086302	2.71323	2.08866	2.87466	0.797341	1.08887	0.999239	2.72333	1.23668	0.714712
ENSDARG00000086304	17.7736	24.9666	10.9103	3.61579	3.04688	6.8469	12.1951	12.3254	14.7666
ENSDARG00000086309	7.60344	10.1471	9.44985	2.75997	2.77704	3.41503	3.48218	2.16976	0.881092
ENSDARG00000086317	2.83906	4.48225	1.75957	0.314717	0.392658	1.73199	2.95914	0.987406	0.232833
ENSDARG00000086332	1.30505	0.937401	0.373832	0.509573	0.583329	0.548675	0.595887	0.5205	0.204744
ENSDARG00000086342	0.237362	0.141391	0.402995	0.308144	0.301609	0.945326	1.05125	0.559698	0.143105
ENSDARG00000086345	1.00976	1.61792	1.12824	0.567428	0	0.703149	1.85997	1.62274	1.42411
ENSDARG00000086346	0.347361	0.142797	0	0.159867	0.0447991	0.0226921	0.0191905	0	0.0309053
ENSDARG00000086352	2.32709	5.78316	4.32506	1.9657	3.44099	3.1085	3.83327	2.01433	1.55836
ENSDARG00000086355	1.48619	1.43091	1.72826	0.855835	0.851392	1.10347	1.12189	1.15787	0.616295
ENSDARG00000086364	5.60708	0.694235	0.0579737	4.76564	0.637562	0	0.0710012	0	0.0157907
ENSDARG00000086368	0.512553	0.102469	0.0120731	0.447165	0.113715	0.140285	0.100822	0.0307483	0.0170946
ENSDARG00000086371	0.4181	0.531072	0.52599	0.532774	0.440043	0.606854	0.48601	0.313377	0.170966
ENSDARG00000086372	214.239	440.318	723.198	19.7762	32.4632	21.5241	74.1624	161.484	101.704
ENSDARG00000086379	1.78033	0.147051	0	0.900143	0.0875926	0	0	0	0.036914
ENSDARG00000086385	0.620963	0.333977	0.307415	0.258499	0.323934	0.361541	1.47484	1.24302	0.91932
ENSDARG00000086389	3.50257	0.633644	0.0360512	4.83721	0.796154	0	0.0601196	0.0230155	0.0575421
ENSDARG00000086396	978.09	948.364	1227.21	853.652	2584.14	3801.68	5946.91	10166.6	13639.8
ENSDARG00000086399	1.09716	0.662603	0.256506	0.873465	0.162013	0.205907	0.21871	0.0593169	0.0286743
ENSDARG00000086407	0.554284	0.839261	0.830173	0.25617	0.358741	0.275722	1.58035	0.880256	0.200731
ENSDARG00000086411	18.2841	12.1454	11.1121	9.32668	8.7648	5.76656	14.3215	15.1829	12.8499
ENSDARG00000086415	0.764305	0.912518	1.4737	0.743606	0.785091	0.791694	1.8398	1.15984	1.06379
ENSDARG00000086425	5.01601	8.4202	4.54726	2.79763	2.24494	2.76309	4.36528	1.57048	0.734097
ENSDARG00000086426	0.198048	3.02371	6.18013	1.71681	2.65957	2.0722	12.5026	11.7673	16.7368
ENSDARG00000086436	38546.3	22063.6	2254.71	32084.8	15836.8	1030.07	53.0641	0	175.626
ENSDARG00000086439	1.22952	0.0827929	0	0.278028	0	0	0.0357767	0	0.0365413
ENSDARG00000086453	1.9977	0.789499	0.069479	0.41299	0.0945776	0	0.0611746	0.0658429	0.0650309
ENSDARG00000086455	1.53492	3.15869	2.37875	2.54356	1.33217	1.77972	1.3945	1.87455	0.855255
ENSDARG00000086457	7.39497	6.15604	3.60568	3.57916	4.37701	2.66863	8.44703	2.44635	3.37229
ENSDARG00000086458	0.628933	0.695918	0.617073	0.365629	0.838273	0.553955	0.403194	0.179449	0.114192
ENSDARG00000086459	9.3619	11.7737	10.2426	3.66673	5.09328	4.76044	11.0843	6.77708	6.35066
ENSDARG00000086463	3.09009	4.751	4.68321	1.51894	2.40187	2.41948	3.71419	3.50672	2.77096
ENSDARG00000086471	11.0738	11.5754	14.0289	2.7005	3.35996	5.0637	5.01846	3.38779	1.19808
ENSDARG00000086478	687.082	197.814	3.50515	255.067	68.1169	2.78401	2.05632e-09	0.847579	1.93772
ENSDARG00000086482	69454.6	49966.9	3009.58	136272	77954.3	3057.23	355.399	192.868	296.494
ENSDARG00000086484	3.15443	1.26983	0.607919	1.06564	0.494801	0.681162	0.665599	0.567304	0.245053
ENSDARG00000086494	1.38147	0.791206	1.2158	0.922041	0.602415	0.876763	1.45641	0.618232	0.302352
ENSDARG00000086495	1.16091	0.0546685	0	0.231588	0.048084	0	0	0	0.0231973
ENSDARG00000086505	5.15924	4.49445	5.61551	2.57238	3.14572	3.54548	5.03877	4.41143	3.21403
ENSDARG00000086514	8.50221	14.8835	12.9637	4.98958	7.19134	8.74459	19.8745	13.5362	9.44769
ENSDARG00000086515	27.794	40.2561	37.3448	9.88241	9.93873	11.6841	21.1464	9.30348	4.83359
ENSDARG00000086520	1.83509	2.0147	1.69638	0.818004	0.972067	1.58476	2.39782	1.16071	0.527108
ENSDARG00000086522	2.13174	3.07428	2.25335	1.74074	2.56096	2.85032	4.20293	2.00462	1.01068
ENSDARG00000086525	5.27766	8.7785	4.53103	1.2585	2.27482	1.48652	4.7241	2.84706	1.22687
ENSDARG00000086536	0.88612	5.09814	3.83509	2.06004	6.1214	4.85109	18.0561	13.3517	24.4834
ENSDARG00000086540	0.447446	0.882144	0.527445	0.556237	0.561065	0.751642	0.974066	0.249537	0.153486
ENSDARG00000086543	0.171882	0.36663	0.2341	0.0687169	0.114625	0.0811328	0.0976963	0.0454359	0.0144758
ENSDARG00000086546	26.8965	19.286	19.606	7.69884	2.44102	3.88622	7.98008	7.731	8.11386
ENSDARG00000086550	2.51659	2.83846	1.86862	1.31449	1.35374	1.78759	3.79661	2.13366	1.47057
ENSDARG00000086551	0.473122	0.824233	1.03683	0.518624	0.620811	0.867355	1.31899	0.886009	0.436021
ENSDARG00000086552	37.8202	23.759	23.8986	18.5085	9.26579	6.8318	19.4312	23.2365	18.3381
ENSDARG00000086555	101.937	148.825	129.651	37.5562	25.6319	17.9477	25.0101	30.4792	41.3689
ENSDARG00000086557	0.711724	1.06145	1.86721	0.347333	0.697355	0.800959	2.18051	0.44301	0.558356
ENSDARG00000086561	0.886807	0.56251	0.61357	1.36599	0.657784	0.458582	2.99761	1.22538	0.861094
ENSDARG00000086579	2.18376	2.05815	2.56585	0.690217	0.973036	1.02559	6.92813	2.08696	2.10079
ENSDARG00000086582	11328.5	5715.49	414.394	96287.6	57094.9	2197.86	211.47	115.417	325.022
ENSDARG00000086592	4.43923	1.61105	0.545467	0.4752	0.836573	0.727248	1.41343	0.773782	0.730692
ENSDARG00000086604	38.2842	30.0727	35.3399	7.49483	5.11506	4.06639	13.6023	10.1206	16.3158
ENSDARG00000086606	1678.56	3144.48	4102.23	643.159	1936.49	1739.28	3833.32	4709.69	6226.17
ENSDARG00000086611	8.94472	11.9463	13.885	6.16807	6.94661	10.4502	8.18849	4.4728	3.31826
ENSDARG00000086618	7.00936	5.41273	2.66605	2.14794	2.31962	1.21937	2.8393	1.11674	0.29311
ENSDARG00000086626	5.27496	6.56129	5.86519	4.20266	5.22156	5.59728	11.1789	6.26307	2.3694
ENSDARG00000086627	2.03429	1.67439	1.52111	0.793863	0.840871	1.15456	1.73835	0.229969	0.289264
ENSDARG00000086638	2375.98	3787.48	6411.75	3323.42	6704.8	8470.03	31146.3	35744.9	30425.3
ENSDARG00000086639	18.6683	27.3233	26.9941	9.90784	13.7137	9.82506	13.9949	7.1843	6.81556
ENSDARG00000086666	13.4755	4.96865	0	7.30257	0.629194	0	0	0	0.576025
ENSDARG00000086670	2.92249	2.59959	2.90497	0.714074	1.32796	1.33791	2.74033	1.11178	1.06427
ENSDARG00000086690	7.00625	1.67438	0	1.09695	0.50055	0	0	0	0.184006
ENSDARG00000086694	0.992084	0.671902	0.19344	0.228557	0.302271	0.133608	0.281024	0.173893	0.0628525
ENSDARG00000086712	2.84037	3.47219	3.04075	1.16016	1.95936	2.29029	2.35042	1.21603	1.31235
ENSDARG00000086717	0.711467	0.0614219	0	0.076078	0.0379082	0	0	0	0.0162484
ENSDARG00000086720	1.92351	0.554521	0.0649376	1.24186	0.420871	0.124354	0.338657	0.205262	0.200274
ENSDARG00000086735	0.121785	0.0863113	0.0725899	0.27253	0.161739	0.107524	0.309305	0.278424	0.0542064
ENSDARG00000086739	0.923462	0.216947	0.198096	0.14803	0.14354	0.265874	0.406041	0.200271	0.0538714
ENSDARG00000086751	61.8592	54.74	44.6117	27.3625	17.8384	12.6667	46.2794	41.0909	37.4554
ENSDARG00000086761	1.37262	1.19229	0.584421	0.333195	0.669033	0.545357	2.09104	0.572316	0.0743878
ENSDARG00000086764	13.9285	14.614	9.42325	5.21004	4.5451	5.08305	4.12239	2.18609	1.00095
ENSDARG00000086768	19.8476	27.0141	28.4087	1.38309	1.59895	1.62775	4.06708	1.70968	0.870518
ENSDARG00000086779	11562.9	9341.39	474.097	55022.2	29130.1	1288.94	100.689	155.945	258.766
ENSDARG00000086786	0.824679	2.21284	1.12225	0.308733	0.709661	0.785201	1.13083	0.401341	0.093429
ENSDARG00000086791	12.9906	2.34594	0.0606785	2.9566	0.456878	0.025788	0.00236703	0.0768117	0.0314561
ENSDARG00000086792	1.67613	1.77699	0	0.937986	0.233532	0.05312	0.0599975	0.0253116	0.0944281
ENSDARG00000086795	5.70754	6.30646	7.09393	2.38839	2.50469	2.28146	4.15972	2.50931	0.911412
ENSDARG00000086797	2.13753	3.03688	3.79444	0.469333	0.384429	0.562393	1.03149	0.705373	0.328765
ENSDARG00000086808	0.793172	1.04824	1.59982	0.488699	0.423862	0.692489	1.63484	0.580075	0.429478
ENSDARG00000086810	0.403906	0.926456	0.407325	0.210402	0.482955	0.719166	1.2638	0.398987	0.335607
ENSDARG00000086813	1.91923	0.23009	0	0.910802	0.209965	0	0.328122	0	0
ENSDARG00000086821	21.9916	24.1249	35.8032	13.7569	13.3011	17.755	26.6339	15.4404	7.75965
ENSDARG00000086823	1.37512	1.82495	2.14992	0.796907	1.47487	1.78299	1.86969	1.5028	1.28392
ENSDARG00000086826	3.37652	0.16236	0	1.0126	0	0	0	0	0
ENSDARG00000086831	0.592026	0.197101	0.0669413	0.252436	3.74379e-05	0.0298056	0.105913	0.070653	0.10258
ENSDARG00000086835	3.33016	2.17101	3.5429	1.10545	0.833625	1.18277	3.34207	0.780678	0.555841
ENSDARG00000086839	7.43777	1.02144	0.0273513	4.23108	0.733162	0.082764	0.0319285	0.031209	0.148326
ENSDARG00000086840	1.60331	1.86328	1.65525	1.48152	1.35605	1.66368	2.00557	1.4031	0.643405
ENSDARG00000086850	5.58734	9.19902	9.9877	1.59312	7.49526	5.86528	8.95918	4.73416	1.70751
ENSDARG00000086864	1.57194	1.9915	1.95765	0.627857	1.06427	1.03486	1.15529	0.64532	0.253387
ENSDARG00000086866	1.41099	0.903322	0.477359	1.01063	1.79175	0.828442	3.92094	2.14143	2.02406
ENSDARG00000086870	1.40542	1.03912	2.56489	1.04257	1.16723	2.18755	1.54631	2.5415	4.99504
ENSDARG00000086896	65.049	110.735	83.6792	10.0088	9.63694	14.3141	36.2794	26.2013	36.6233
ENSDARG00000086905	1.91055	2.09735	1.81415	1.24184	3.23579	2.3814	2.2255	1.15661	0.862046
ENSDARG00000086906	1.87936	2.3066	3.14449	1.63082	1.45077	2.2357	3.63316	2.15254	1.34141
ENSDARG00000086907	10.518	19.0894	15.0963	9.24935	11.6032	9.52629	12.9586	11.7729	8.51678
ENSDARG00000086908	3.59554	3.0924	4.75821	2.07425	2.19181	3.33146	3.58808	1.98835	1.48268
ENSDARG00000086915	0.69713	0.557367	0.18696	0.353819	0.165335	0.374352	1.01194	0.449536	0.459462
ENSDARG00000086927	2.19558	3.32397	2.89598	1.55095	2.543	2.6215	3.75934	2.63507	1.45765
ENSDARG00000086928	15.1735	1.91769	0	2.38318	2.25875	0	0	0	0
ENSDARG00000086935	0.782752	0.341716	0.175813	0.286701	0.134981	0.093259	0.0863882	0.0575504	0
ENSDARG00000086956	0.19919	1.36533	0.90893	1.21114	2.27628	1.34214	0.394364	0.560837	1.17314
ENSDARG00000086966	214.239	440.318	723.198	19.7762	32.4632	21.5241	74.1624	161.484	101.704
ENSDARG00000086968	65802.2	45738.8	3700.63	32605.5	19181.2	870.028	50.5366	51.9751	70.7852
ENSDARG00000086970	0.416249	0.347554	0.206314	0.18202	0.251323	0.0940986	0.201535	0.0851933	0.0616106
ENSDARG00000086977	8.08823	10.8847	6.53366	3.46783	2.22057	1.98598	7.18375	3.84709	5.07893
ENSDARG00000086980	1.81008	2.18832	1.5795	1.84843	2.34661	2.09577	2.18118	4.47767	5.18234
ENSDARG00000086988	7.08405	7.15445	5.78023	4.81575	4.42386	5.55496	8.74088	4.43727	1.80194
ENSDARG00000087007	0.35479	0.545378	0.0586177	0.823662	1.04617	0.837861	0.506603	0.252905	0.192551
ENSDARG00000087024	11328.5	5715.49	414.394	96287.6	57094.9	2197.86	211.47	115.417	325.022
ENSDARG00000087034	8438.67	14712.8	17626.9	140413	289127	262244	533829	346948	217063
ENSDARG00000087043	1.69718	2.39037	2.00657	0.518721	1.10011	0.863633	1.37772	0.466459	0.330213
ENSDARG00000087053	6.21554	6.61269	1.95964	1.13886	2.16266	1.48149	4.88604	1.02922	0.946964
ENSDARG00000087058	5.87233	6.09286	6.31493	2.7553	2.49922	1.30631	8.65922	6.69225	5.79654
ENSDARG00000087066	1.5666	0.568817	0	0	0	0	0	0	0
ENSDARG00000087070	1.68676	0.472271	0.0459104	0.990191	0.367621	0.0375384	0.238761	0.0718429	0.0327709
ENSDARG00000087074	1.23694	1.977	1.67552	0.686639	0.815748	0.992524	2.21934	1.93445	1.21199
ENSDARG00000087089	16.0982	15.0032	11.9425	7.80749	5.48349	7.53565	14.0234	7.46204	2.76854
ENSDARG00000087094	10.5728	5.72032	5.71523	4.31501	2.06474	1.70682	9.1519	2.49422	1.16553
ENSDARG00000087101	5.01388	3.52652	8.00626	2.32931	5.8861	4.03166	2.09968	4.62896	5.05392
ENSDARG00000087102	0.68349	0.0569342	0	0.669807	0.00806577	0	0	0	0
ENSDARG00000087110	1.28198	1.68607	1.429	0.814021	0.634965	0.975228	1.28358	1.23101	0.646321
ENSDARG00000087135	7.42589	9.19376	5.96654	7.25494	5.29409	6.53674	5.56411	3.79022	1.53007
ENSDARG00000087146	2.09593	1.74755	1.37423	1.00824	1.01579	1.0547	1.8099	0.578195	0.62075
ENSDARG00000087162	3.86341	4.35978	6.89155	1.55755	1.61734	2.33758	2.45629	1.68337	1.42715
ENSDARG00000087171	25223.7	17286.8	2803.34	24622.3	13827.9	768.201	162.155	129.993	43.1131
ENSDARG00000087180	1.85061	1.45004	1.64583	0.72032	0.908563	1.36706	1.77287	1.79368	0.809826
ENSDARG00000087182	30.5952	10.3693	0.0845229	28.2779	7.99156	0.473259	0.0903002	0.117838	0.328795
ENSDARG00000087183	266.651	132.921	6.25945	180.453	64.6832	4.8494	3.30576	1.71447	2.32955
ENSDARG00000087185	0.76116	0.951675	0.228147	0.267214	0.436414	1.43999	0.546421	0.589864	0.227004
ENSDARG00000087186	2.1064	1.88491	0.176457	0.482094	0.53053	0.512128	1.55381	0.646228	0.295638
ENSDARG00000087187	4.10285	7.10037	7.62682	2.57351	1.68355	2.96347	8.99491	3.86636	1.57051
ENSDARG00000087193	3.28602	3.34002	3.69204	2.19474	1.66331	3.01712	5.64577	3.43964	1.01986
ENSDARG00000087205	1.39081	2.79694	2.15452	0.993772	1.2159	1.98313	2.27141	1.56672	0.45274
ENSDARG00000087209	5.00988	6.02504	8.74743	3.49383	4.37743	5.85906	5.8188	2.85415	1.33957
ENSDARG00000087226	1.57253	2.21373	2.45359	0.714532	1.15012	1.05111	1.58713	0.752082	0.326693
ENSDARG00000087229	0.808174	1.17217	1.21747	0.281945	0.470843	0.515957	1.31323	0.666706	0.198571
ENSDARG00000087235	17.0325	5.33686	3.65892	6.15504	1.87974	2.59859	1.71319	0.0298063	3.5085
ENSDARG00000087238	3.15319	3.21438	3.05021	1.69013	1.43013	2.2654	3.39333	0.927207	0.757512
ENSDARG00000087243	4.02556	2.28904	0.985738	0.919726	1.41543	1.09302	2.57593	1.40813	0.463875
ENSDARG00000087247	1.14162	0.876394	1.83196	0.495797	0.809921	0.466084	0.803383	1.45964	0.332885
ENSDARG00000087253	2.39104	1.3899	2.21794	0.19411	1.9294	1.24866	1.86845	1.24726	1.43802
ENSDARG00000087256	4.60319	1.70896	0.214243	0.948623	0.0548176	0	0.211652	0	0.275823
ENSDARG00000087263	2.90252	2.23232	1.70175	0.708404	0.588161	0.743285	1.46929	0.640032	0.31043
ENSDARG00000087264	0.737026	0.702306	6.63751	0.843642	4.4188	7.7798	19.4443	18.1844	52.1733
ENSDARG00000087281	25448.6	21593.6	2117.12	5747.47	3086.71	199.064	55.4664	39.655	4.33514
ENSDARG00000087299	0.799176	2.03273	1.55326	1.06619	0.711027	0.66554	0.978425	1.16093	0.879454
ENSDARG00000087307	3.22509	2.60061	3.92906	2.28714	2.58821	4.73798	4.76711	1.84867	0.78265
ENSDARG00000087313	4.15159	4.85762	5.87495	3.01674	3.74923	5.81923	6.37857	2.18471	1.53517
ENSDARG00000087330	2.90224	3.8551	2.43812	0.729583	1.01372	1.49715	2.5955	1.8202	1.42294
ENSDARG00000087332	6.74621	5.10407	4.9023	4.31512	3.07478	2.79858	10.4434	9.44406	4.38451
ENSDARG00000087337	978.09	948.364	1227.21	853.652	2584.14	3801.68	5946.91	10166.6	13639.8
ENSDARG00000087346	1.48984	1.95801	1.64415	0.756644	0.87756	1.05525	1.34482	0.618607	0.182897
ENSDARG00000087348	27.0007	36.3357	34.158	14.4416	16.4395	17.1088	19.6807	14.4531	7.49042
ENSDARG00000087352	0.252989	0.283844	0.247056	0.175093	0.218348	0.248846	0.349269	0.127886	0.0481601
ENSDARG00000087358	1.26045	0.0865989	0	0.73535	0.154288	0.0674475	0.203466	0.0899496	0.0622422
ENSDARG00000087363	5.87182	7.56343	11.1799	4.57526	4.29677	4.09581	4.79093	2.76561	1.40133
ENSDARG00000087366	2.51758	3.45273	5.97676	1.13099	8.55078	8.01043	42.1663	16.1189	58.6827
ENSDARG00000087369	1.12473	1.78159	1.79592	0.534183	0.496791	0.62911	1.90614	0.632396	0.422883
ENSDARG00000087372	9.51906	15.1357	17.3619	2.24721	4.40149	5.07857	4.90266	2.44977	2.15825
ENSDARG00000087377	12.2253	11.6851	8.04711	5.59821	10.5273	14.4739	9.20563	6.50462	14.9637
ENSDARG00000087387	0.962929	0.274353	0.0152659	0.227996	0.0779156	0.0278044	0.0178531	0.00747277	0.0915188
ENSDARG00000087391	2375.98	3787.48	6411.75	3323.42	6704.8	8470.03	31146.3	35744.9	30425.3
ENSDARG00000087392	4.61337	6.18852	6.21219	1.09832	1.11803	1.49031	4.58316	3.05907	1.43702
ENSDARG00000087393	10.5794	13.6762	12.2454	3.9131	3.7881	4.29267	6.38834	3.23677	1.8107
ENSDARG00000087394	0.314339	0.561843	0.309062	0.371992	0.423001	0.698924	1.15934	0.639969	0.11361
ENSDARG00000087396	7.73861	8.59488	4.00417	2.06825	3.8657	3.93361	12.1782	2.65681	2.01426
ENSDARG00000087402	11.1327	12.2755	13.589	5.3066	5.38162	6.79461	7.78715	3.36168	1.86624
ENSDARG00000087412	328.064	193.59	10.7915	348.121	136.679	9.9582	0.913358	0.0299357	1.09675
ENSDARG00000087417	0.221514	0.346133	0.1576	0.298908	0.21196	0.174071	0.766346	0.441187	0.237201
ENSDARG00000087418	2.24333	2.74333	1.72396	1.58999	2.95427	2.9501	1.98518	1.89205	2.06381
ENSDARG00000087421	8.06445	10.5603	9.976	6.11096	7.61606	9.13994	11.877	8.17754	6.00046
ENSDARG00000087439	7.64891	8.19587	7.35397	3.18063	3.2704	3.95654	6.4502	3.15372	1.83626
ENSDARG00000087443	3.61166	1.96422	2.08071	0.870732	0.373033	1.33517	0.759608	0.25015	0.163568
ENSDARG00000087448	1.80299	2.12752	3.44889	0.854847	1.32462	1.3727	5.60802	5.77345	4.84746
ENSDARG00000087450	1.67739	1.13241	0.597201	0.410377	0.898428	0.415577	3.07164	1.19882	0.20685
ENSDARG00000087451	29.9008	20.7604	21.1113	9.62076	1.55527	3.41849	8.16475	5.13212	3.52709
ENSDARG00000087452	1.89991	0.473394	0	0.126731	0	0	0	0	0
ENSDARG00000087453	3.12389	1.96643	0.863926	0.871706	0.266205	0.490275	1.115	0.89474	0
ENSDARG00000087461	1.59124	0.610292	1.25857	0.740276	0.619598	0.801317	0.864719	0.424514	0.0777745
ENSDARG00000087472	8.27897	10.7064	1.28927	4.56179	0.456104	0	1.37862	0.445826	1.40007
ENSDARG00000087473	1.21428	1.4768	2.1209	1.08095	1.31198	1.17211	1.27535	1.16458	1.11037
ENSDARG00000087475	2375.98	3787.48	6411.75	3323.42	6704.8	8470.03	31146.3	35744.9	30425.3
ENSDARG00000087483	2.1091	2.3954	1.60517	0.605532	1.34295	1.10042	1.31359	0.857551	1.06983
ENSDARG00000087486	1.69554	2.65131	0.77088	1.86001	2.65549	1.34652	3.03737	1.4404	1.05352
ENSDARG00000087491	2.75566	1.55302	4.02387	1.03926	0.770439	2.13499	3.91964	2.7566	1.31898
ENSDARG00000087492	0.679775	0.585982	0.525767	0.297221	0.446736	0.320853	2.22062	0.724154	0.493078
ENSDARG00000087500	11336.5	5715.49	414.394	96149.8	57064.8	2197.86	211.47	115.417	325.022
ENSDARG00000087504	8438.67	14712.8	17626.9	140413	289127	262244	533829	346948	217063
ENSDARG00000087505	9.4587	2.76704	0.201412	0.519012	0.729071	0.253793	0	0.218801	0.222512
ENSDARG00000087506	2256.1	1184.63	904.817	8406.35	17221.9	14682.7	43217	18190.8	8432.29
ENSDARG00000087508	0.50779	0.284108	0.168017	0.436683	0.177319	0.149159	0.101982	0.072261	0.113368
ENSDARG00000087514	0.724253	0.403337	0	0.126677	0.0861394	0	0	0	0
ENSDARG00000087527	11343.3	5715.49	414.394	96163.3	57106	2197.86	211.47	115.417	325.022
ENSDARG00000087528	3.6047	2.12603	1.76092	0.842958	0.701404	1.08891	1.52084	0.273263	0.183654
ENSDARG00000087529	2.47038	2.13299	1.47058	1.578	1.56971	1.42162	1.79793	2.56732	2.40865
ENSDARG00000087530	3.9622	6.29623	6.10695	3.24828	3.70683	3.50168	5.3299	2.47628	1.22152
ENSDARG00000087535	1.27341	0.347227	0	0.530821	0.0383272	0	0.000186371	0	0.0147487
ENSDARG00000087536	2.02899	1.60193	1.48775	1.03145	0.997279	1.51462	1.40892	0.700637	0.718046
ENSDARG00000087538	2.21151	0.617792	0.790421	0.329233	0.449653	0.440846	1.72843	0.289151	0.153095
ENSDARG00000087543	40.9417	7.08795	6.89984	31.3479	3.7836	1.72468	3.85012	2.02324	4.76853
ENSDARG00000087554	4.70384	3.05544	4.18559	1.735	2.48858	2.938	4.00463	1.7769	1.15952
ENSDARG00000087555	2.8401	3.06609	2.57444	1.14648	1.0373	1.21527	1.52331	0.654999	0.330478
ENSDARG00000087570	11328.5	5715.49	414.394	96287.6	57094.9	2197.86	211.47	115.417	325.022
ENSDARG00000087582	8.19975	11.4817	13.6892	4.8129	6.58159	9.5106	9.90505	5.31639	2.20195
ENSDARG00000087596	14.1977	19.6391	16.1274	4.53152	5.9826	6.53323	14.7498	8.33113	4.00427
ENSDARG00000087600	2.36224	2.24108	1.92614	0.456876	0.857953	1.25107	2.75348	1.6807	0.377176
ENSDARG00000087607	1.0136	0.529156	0.916305	1.04399	0.834084	0.502196	1.13874	0.425721	0.361563
ENSDARG00000087609	38734.1	27807.9	3017.79	24975.5	13794.8	683.455	56.2867	0	125.143
ENSDARG00000087619	2.35538	2.06356	2.98032	0.841829	1.25926	1.03159	2.89172	2.25957	1.59629
ENSDARG00000087626	20.8098	6.7088	0.194322	16.6365	4.47976	0.11029	0.0247678	0.0468724	0.277586
ENSDARG00000087640	5.20088	5.60995	4.48175	1.15988	1.07174	1.05638	1.11967	0.565097	0.411917
ENSDARG00000087644	1.04321	0.471953	0.666763	0.421908	0.158349	0.486714	0.257981	0.458104	0.0865213
ENSDARG00000087647	24.351	31.6512	30.2653	10.057	11.9739	13.7564	35.7267	12.3415	11.6198
ENSDARG00000087655	55.0309	71.5518	51.2795	21.9814	21.2359	20.4464	32.0405	19.8586	14.7364
ENSDARG00000087657	1.40758	2.05528	1.72945	1.50478	0.914974	1.03977	2.02655	1.38137	0.479677
ENSDARG00000087658	0.572972	0.0929119	0.00262461	0.462285	0.0724532	0.00229842	0.023038	4.12763e-05	0.00204093
ENSDARG00000087673	0.950392	0.207921	0.178999	0.628738	0.172618	0.151925	0.455787	0.165101	0.0506543
ENSDARG00000087678	3.71132	3.89704	4.73252	0.722309	0.970643	1.17398	2.63198	1.00939	0.678184
ENSDARG00000087688	1.17972	1.49265	0.940775	0.187023	0.69427	0.345617	0.993583	0.695737	0.366513
ENSDARG00000087694	21.5952	14.9004	6.13792	7.84348	4.62691	4.38241	8.16468	5.29243	8.9715
ENSDARG00000087701	1.14653	3.88499	2.00592	2.43125	4.54716	3.9774	7.54618	3.83993	2.58256
ENSDARG00000087711	1.06632	1.32586	1.68337	0.923463	1.40499	1.77427	2.78409	0.946136	0.805739
ENSDARG00000087718	1.12837	0.279195	0.0305957	0.640927	0.161615	0.0128654	0.00581686	0.0302984	0
ENSDARG00000087742	26.8045	36.6682	33.2224	7.20807	7.40631	8.82046	28.0837	12.7706	8.66922
ENSDARG00000087744	4.66344	1.77978	0.0107196	8.03669	1.70475	0.116227	0	0	0.109639
ENSDARG00000087747	1678.62	3144.33	4091.43	643.34	1922.59	1726.6	3832.79	4707.97	6210.9
ENSDARG00000087749	4.44349	4.77713	4.44453	2.67669	3.22715	3.40274	6.70878	3.82205	2.54308
ENSDARG00000087752	16.5279	13.1181	10.0779	2.45674	2.33187	1.91769	3.87226	3.26294	2.75482
ENSDARG00000087755	0.900819	1.09908	0.818175	0.511555	0.576838	0.302937	0.572507	0.314531	0.256011
ENSDARG00000087758	4.81937	4.63633	5.03358	3.03611	4.20395	5.63851	4.82158	2.68638	2.5931
ENSDARG00000087759	1.61104	2.26107	1.79036	0.674054	0.952227	0.640736	1.64691	0.787984	0.643873
ENSDARG00000087774	2.36912	1.60785	1.81601	3.03098	21.1599	14.0405	59.2763	14.7125	59.9552
ENSDARG00000087779	3.51899	4.62673	2.61482	1.74358	1.91431	2.54106	2.57393	1.36875	0.305282
ENSDARG00000087791	5.4999	2.12637	0.0957938	4.42959	0.913563	0.00695384	0.215318	0.108922	0.0134672
ENSDARG00000087815	0.371543	0.187637	0.26184	0.261283	0.261593	0.202064	0.292269	0.294964	0.107479
ENSDARG00000087816	0.478169	0.199899	0.0279565	0.188901	0.036546	0.180477	0	0	0
ENSDARG00000087822	0.746868	0.909324	1.09679	0.150235	0.479918	0.450033	0.91202	0.969369	0.6418
ENSDARG00000087824	3.71371	0.744653	0.124221	3.31539	0.724742	0.0260572	0.03272	0.0127336	0.0902066
ENSDARG00000087837	2.4975	0.400069	0.0512018	1.03599	0.385924	0.0552788	0.0405965	0	0
ENSDARG00000087844	9.23275	0.574371	0	2.19234	0.196845	0	0	0	0
ENSDARG00000087850	6.78553	5.2015	1.76262	0.318405	2.3439	1.7205	6.7474	2.4171	1.43844
ENSDARG00000087854	94.9883	90.6137	71.2638	59.8753	26.661	17.5668	37.7475	30.0501	29.813
ENSDARG00000087866	8.35715	11.113	10.3121	1.94745	2.13384	3.49923	8.77505	2.75731	1.56488
ENSDARG00000087867	0.0567046	0.113829	0.130388	0.0785509	0.0904908	0.122093	0.343144	0.12503	0.112176
ENSDARG00000087869	8.5359	8.52292	9.82451	3.40409	3.66844	5.16218	6.30343	2.00428	1.8569
ENSDARG00000087882	30.7618	41.2517	26.9669	7.86186	10.1169	11.6772	12.8772	6.04753	5.20347
ENSDARG00000087886	5.204	1.98285	0.544262	4.09096	1.63956	0.496011	0.792574	0.111609	0.353114
ENSDARG00000087893	3.44807	4.83562	3.71529	1.83744	2.63835	3.11639	3.68753	2.23711	1.55557
ENSDARG00000087895	1.42837	0.620409	0.329701	0.303045	0.241912	0.328142	0.243163	0.10771	0.0640389
ENSDARG00000087914	214.239	440.318	723.198	19.7762	32.4632	21.5241	74.1624	161.484	101.704
ENSDARG00000087917	9.73324	1.71264	0.0351897	6.45365	0.718985	0	0.0252095	0	0.147412
ENSDARG00000087921	0.360692	0.472099	0.511699	0.382306	0.416998	0.444564	0.858197	0.618512	0.363506
ENSDARG00000087923	1.81462	3.10355	1.17732	0.769676	0.541391	0.392129	0.537064	1.06336	1.03145
ENSDARG00000087925	1.19543	0.844994	1.1231	0.479578	0.459143	0.44367	1.40241	0.402131	0.439329
ENSDARG00000087942	65993.1	45738.8	3700.63	32476.9	19047.2	870.028	50.5366	51.9751	70.7852
ENSDARG00000087950	47.1919	41.7857	25.6308	17.2551	10.3249	11.6179	16.4211	6.30817	4.02057
ENSDARG00000087953	978.09	948.364	1227.21	853.652	2584.14	3801.68	5946.91	10166.6	13639.8
ENSDARG00000087959	2.20062	0.212231	0	2.64288	0.0480805	0	0.168595	0.0456358	0
ENSDARG00000087961	7.87141	10.1373	5.25935	1.56449	4.07333	2.4128	3.47094	1.85683	0.317778
ENSDARG00000087962	1.04147	1.41672	0.48044	0	0.29631	0.220409	0.919963	0.653992	0.237315
ENSDARG00000087964	25223.7	17286.8	2803.34	24669.3	13827.9	768.201	162.155	129.993	43.1131
ENSDARG00000087965	1.40685	2.15276	1.92543	0.323255	0.12227	0.665927	1.23638	0.51626	0.220809
ENSDARG00000087970	8438.67	14712.8	17626.9	140413	289127	262244	533829	346948	217063
ENSDARG00000087972	2.12311	1.51448	0.571763	1.00223	0.827469	1.17106	3.39715	1.08552	0.196035
ENSDARG00000087977	6.46447	8.71671	8.30986	3.00084	3.41456	3.99359	10.3764	7.13776	4.81188
ENSDARG00000087996	13.7499	16.859	21.0781	7.50501	7.71699	10.4315	9.52628	2.69825	1.22471
ENSDARG00000088004	2.70867	2.12289	1.0178	0.863009	0.852261	0.896232	3.54511	1.45744	1.19261
ENSDARG00000088014	2.67162	1.00117	0	0.933739	0.314508	0	0.01352	0	0.00232116
ENSDARG00000088041	1.31686	0.676858	0.627298	0.226647	0.299418	0.141551	0.337996	0.323837	0.145539
ENSDARG00000088043	2.04755	1.84153	1.37763	1.62006	1.01788	1.72776	1.46047	0.696483	0.468032
ENSDARG00000088057	0.779815	0.181596	0.0851728	0.907506	0.185804	0.160485	0.122849	0.133354	0.0258548
ENSDARG00000088073	4.85297	6.67964	5.49254	1.44142	1.51359	2.00385	1.96058	1.46979	0.791834
ENSDARG00000088076	25223.7	17286.8	2803.34	24669.3	13827.9	768.201	162.155	129.993	43.1131
ENSDARG00000088081	3.1114	1.24813	1.00868	1.33415	0.58186	0.910023	0.8346	0.502717	0.0904197
ENSDARG00000088084	0.938975	0.990738	0.227702	0.863852	0.326472	0.445613	0.971585	0.359882	0.134248
ENSDARG00000088087	13.2674	15.239	12.2983	5.84353	6.98702	8.32074	13.4867	6.2791	3.60061
ENSDARG00000088091	6.37368	7.61046	6.27288	2.33528	1.38569	1.57331	4.12314	2.6343	0.852667
ENSDARG00000088093	51470.6	38360.9	2732.82	42398.4	21346.4	1369.42	36.5281	54.7384	141.659
ENSDARG00000088123	2.96604	3.37846	3.13953	1.90612	2.72249	3.42428	6.26348	3.4661	1.71049
ENSDARG00000088130	2.17558	4.25014	2.782	2.07403	1.70749	2.52452	7.46043	3.07525	3.4761
ENSDARG00000088139	1.68269	5.48939	6.69474	5.73966	18.2504	8.7696	43.3791	17.4147	51.5361
ENSDARG00000088146	1.40303	0.690531	2.16929	0.861106	1.09567	1.17211	1.36627	1.02939	0.373101
ENSDARG00000088158	3.79333	7.23364	2.91626	3.09939	7.41379	12.1145	14.343	12.8195	13.2027
ENSDARG00000088164	4.2925	3.8281	3.08358	1.34196	2.29174	1.51394	2.17846	1.63132	0.99208
ENSDARG00000088165	5.01814	3.2209	0	0.128203	0.607385	0	0.338536	0	0
ENSDARG00000088171	0.79218	0.588582	0.237795	0.319586	0.193521	0.305079	0.30979	0.114005	0.0413376
ENSDARG00000088180	8.83462	10.6431	11.3628	2.36187	3.20756	3.63606	7.24385	5.37187	2.73381
ENSDARG00000088202	5.87264	2.2304	6.40438	0.253632	2.3818	3.77807	14.7366	5.7176	1.37759
ENSDARG00000088209	3.11828	6.35702	7.7654	7.89876	21.1332	11.3182	119.492	46.8116	212.064
ENSDARG00000088224	1.09063	0.361895	0.0103831	0.329776	0.143537	0.0133764	0.0183654	0.0384682	0.0261634
ENSDARG00000088225	0.174276	1.40178	0.44027	0.558493	0.252148	0.518369	0.973192	2.7412	0.915928
ENSDARG00000088238	17.8103	20.8133	16.5831	4.00306	3.33534	4.09955	15.044	12.1095	7.31697
ENSDARG00000088246	2.69313	2.69706	3.45387	0.936446	0.776368	1.75617	1.89507	1.78395	1.11547
ENSDARG00000088248	0.0952334	0.170313	0.0425481	0.0896165	0.0665423	0.0660679	0.17898	0.0282418	0.0513072
ENSDARG00000088253	3.53313	3.51295	0.173084	1.75923	0.71525	0.258351	0	0	0
ENSDARG00000088259	5.25574	6.19548	3.4046	7.60353	4.9858	5.25077	8.04252	4.20695	5.69002
ENSDARG00000088264	0.479213	0.975859	0.764444	0.189074	0.25947	0.559774	0.829646	0.700643	0.0899896
ENSDARG00000088272	6.69603	4.82029	5.25879	1.19366	1.91576	1.89879	2.36536	1.14488	0.767014
ENSDARG00000088291	25.4425	27.9829	26.2823	15.3483	8.85809	6.05704	13.5223	18.3865	24.6629
ENSDARG00000088305	1.16535	1.12751	1.94711	1.20138	1.52694	0.680907	3.62596	2.53346	1.49146
ENSDARG00000088307	1.4672	1.96115	1.61857	0.500442	0.776975	0.615542	0.968467	1.34506	1.64455
ENSDARG00000088311	978.09	948.364	1227.21	853.652	2584.14	3801.68	5946.91	10166.6	13639.8
ENSDARG00000088313	4363.35	8385.28	11698.6	110007	232519	213439	366302	189822	111471
ENSDARG00000088318	7.16603	10.2065	9.07314	2.87648	3.82905	4.08705	9.91765	7.78263	4.98604
ENSDARG00000088321	0.913786	0.172473	0.0857396	0.866105	0.166649	0.04428	0.403752	0.0975132	0.089924
ENSDARG00000088331	1.38562	0.827967	0.18684	1.77897	1.1367	0.390414	1.32573	0.812793	0.534216
ENSDARG00000088337	0.707752	1.15609	0.892038	0.419937	0.686404	0.907534	0.45613	0.451811	0.159043
ENSDARG00000088346	0.570604	0.62176	1.35312	0.294659	0.567248	0	0.625593	0.184421	0.166024
ENSDARG00000088347	6.54	7.09218	6.00092	2.20886	2.67834	2.57685	5.79381	5.49982	3.42161
ENSDARG00000088357	1.41312	2.81599	1.20583	0.615577	0.964779	1.51936	0.923696	0.664545	0.174239
ENSDARG00000088373	0.315706	0.0575127	0.0144403	0.089444	0	0.022472	0	0.0145648	0
ENSDARG00000088381	2.3663	1.5626	2.73357	5.90601	12.568	6.12164	74.1353	75.2201	85.0375
ENSDARG00000088391	9.78271	12.1258	8.57665	6.49605	7.35101	8.30461	11.6841	8.83553	4.9913
ENSDARG00000088392	4.76836	0.957258	0.271708	4.26042	1.07995	0.109913	0.734089	0.271042	0.263971
ENSDARG00000088395	38546.3	22063.6	2254.71	32084.8	15836.8	1030.07	53.0641	0	175.626
ENSDARG00000088396	0.417536	1.07849	0.58414	0.313315	0.63528	0.593967	0.512729	0.46729	0.182819
ENSDARG00000088406	1.1587	0.974255	1.46602	0.313951	0.407041	0.413892	3.78231	1.66996	0.345455
ENSDARG00000088407	5.65657	7.34841	6.45509	2.66307	3.63667	4.09406	9.10014	4.50545	2.78195
ENSDARG00000088409	3.17038	0.77571	0.0876047	1.1803	0.275754	0.192165	0.123639	0.0555931	0.0864196
ENSDARG00000088414	2.30437	2.02504	7.07647	0.663447	1.0341	1.43908	5.35998	2.98529	2.4213
ENSDARG00000088420	100.995	125.216	84.02	7.06501	9.24712	11.1824	9.63874	8.16524	13.3907
ENSDARG00000088424	0.158808	0.384646	0.497432	0.118143	0.0758484	0.210936	0.178645	0.187316	0.0770587
ENSDARG00000088436	1356.94	1804.02	2081.44	2390.74	5073.24	4332.08	21063	22517.2	12768.7
ENSDARG00000088439	3.87733	4.88707	3.20878	0.329662	1.75269	0.869371	1.42959	0.965366	0.199734
ENSDARG00000088440	2.97758	6.36865	5.13929	3.32104	4.51318	4.83864	8.08089	6.25361	4.44684
ENSDARG00000088454	48.7845	44.5108	43.8086	12.1921	8.28203	11.9861	34.5568	17.3815	7.39839
ENSDARG00000088466	14.613	18.1122	11.187	7.13584	10.2613	5.7862	6.33233	5.33292	17.1024
ENSDARG00000088472	0.387266	0.27901	0.431918	0.200802	0.444149	0.539618	1.107	0.355507	0
ENSDARG00000088477	11343.3	5715.49	414.394	96163.3	57106	2197.86	211.47	115.417	325.022
ENSDARG00000088478	47.1882	32.0776	15.7447	25.4979	26.0738	12.2594	24.0501	12.3616	15.954
ENSDARG00000088479	0.00337846	0.769361	1.47685	0.835805	1.21306	1.19829	12.9217	3.25587	19.1855
ENSDARG00000088485	1678.62	3144.33	4091.43	643.34	1922.59	1726.6	3832.79	4707.97	6210.9
ENSDARG00000088487	13402.7	8331.19	541.308	34331.5	17342.7	844.97	88.796	51.1228	105.686
ENSDARG00000088490	1.18656	0.162214	0.00235923	0.48316	0.00101633	0.0994032	0.00848904	0	0
ENSDARG00000088494	4283.66	8233.44	10279.2	110031	232300	213316	365837	190079	111706
ENSDARG00000088495	0.451228	0.55025	0.213852	0.497717	0.173851	0.475022	0.737103	0.25347	0.733317
ENSDARG00000088507	0.918221	0.408556	0.571214	0.823633	0.166498	0.328259	0.565427	0.159714	0.0743362
ENSDARG00000088513	15.6063	9.64125	5.64435	4.2943	3.45513	3.65129	5.97904	14.6478	9.48997
ENSDARG00000088515	0.763078	1.90001	0.948967	0.353041	0.839476	0.419431	2.87321	1.51269	1.09903
ENSDARG00000088532	0.943032	0.704913	0.902973	0.535995	0.327444	0.438229	0.838044	0.886482	0.925208
ENSDARG00000088533	8438.67	14712.8	17626.9	140413	289127	262244	533829	346948	217063
ENSDARG00000088550	69454.6	49966.9	3009.58	136272	77954.3	3057.23	355.399	192.868	296.494
ENSDARG00000088554	2.63677	0.872632	0.622732	0.415645	0.0942243	0.0908102	0.271179	0.124673	0.0966866
ENSDARG00000088558	2.34884	2.94464	2.73079	4.79453	4.15441	5.9919	3.1844	2.26066	1.55305
ENSDARG00000088560	3.77112	9.1374	4.02162	2.66014	2.77785	3.03971	9.15593	5.04989	4.09379
ENSDARG00000088562	44.9282	7.69952	5.36336	15.7531	4.77151	1.23507	1.70734	5.87968	2.47037
ENSDARG00000088564	978.09	948.364	1227.21	853.652	2584.14	3801.68	5946.91	10166.6	13639.8
ENSDARG00000088572	1.29187	1.59	1.55036	1.01339	0.54461	1.44372	2.52218	0.614735	0.310989
ENSDARG00000088574	3.08473	3.60988	4.82286	1.17496	1.50398	1.81752	5.58774	2.28034	1.83289
ENSDARG00000088582	1678.62	3144.33	4091.43	643.34	1922.59	1726.6	3832.79	4707.97	6210.9
ENSDARG00000088590	0.368327	0.807908	0.538298	1.16005	0.979465	1.04163	3.49144	1.42593	1.55332
ENSDARG00000088616	0.712655	0.0456255	0.00305393	0.668468	0.141252	0.0502941	0.0541633	0.00847483	0.0484225
ENSDARG00000088619	8.06818	5.75025	6.54056	2.14918	2.17366	2.6821	3.96259	1.48897	0.475869
ENSDARG00000088635	0.84248	0.00841868	0.0832618	0.469308	0.0589246	0.0148665	0.201762	0.00578545	0.00337255
ENSDARG00000088639	1.97265	2.97902	2.74658	1.10309	1.03668	2.68985	2.06089	1.11057	0.105736
ENSDARG00000088640	0.575239	0.26216	0.00129573	2.48664	0.275368	0.00529397	0.00259451	0.0335504	0.00012662
ENSDARG00000088646	13402.7	8331.19	541.308	34331.5	17342.7	844.97	88.796	51.1228	105.686
ENSDARG00000088663	0.905939	1.49652	1.1844	0.888598	1.01853	1.47821	1.56751	0.542587	0.334013
ENSDARG00000088672	1.74357	2.19707	1.38499	1.2657	0.962574	1.17676	1.30617	0.783656	0.419769
ENSDARG00000088686	18.0253	7.44099	10.2893	4.19327	2.27736	2.17811	1.95608	5.24417	4.71937
ENSDARG00000088695	2.12147	0.784812	0.368154	0.512642	1.4926	2.14056	11.3034	6.35283	25.3122
ENSDARG00000088699	10.0909	13.3777	9.90234	4.64941	5.5021	7.14846	14.9361	7.17255	4.11407
ENSDARG00000088700	5.45953	5.01555	10.5555	5.92512	12.4627	7.97149	38.1958	16.7341	60.7891
ENSDARG00000088703	62.0783	30.9293	25.1067	18.0135	11.2606	12.8401	43.9507	29.3916	23.7299
ENSDARG00000088707	2.14208	0.439843	0	2.327	0.283744	0.186855	0.521632	0.0797461	0.0728302
ENSDARG00000088723	0.496885	0.422257	0.266042	0.541145	0.313374	0.367656	0.26212	0.116101	0.0366235
ENSDARG00000088730	0.760384	0.775168	0.980258	0.511623	0.505565	0.634468	1.12833	1.2484	0.747856
ENSDARG00000088734	3.22713	0.805707	0.295983	1.80081	0.465149	0.415882	0.301753	0.224766	0.217029
ENSDARG00000088741	0.547479	0.55752	0.289099	0.196283	0.390489	0.259024	0.552361	0.441377	0.137108
ENSDARG00000088750	0.394684	3.63755	0.551009	1.60063	0.864191	1.1657	0.951459	0.671748	0.114441
ENSDARG00000088755	1.54362	2.03401	2.65929	0.614358	1.36199	1.39275	2.62028	2.23437	0.87126
ENSDARG00000088763	1.37425	0.51456	0.203615	0.344289	0.14529	0	0	0.214499	0.0680069
ENSDARG00000088768	3.24173	5.08212	0.826035	1.80434	4.48405	2.53121	9.72259	5.78368	4.34423
ENSDARG00000088772	10.8827	10.9829	8.42536	3.18656	4.0806	3.75386	19.1855	15.9878	7.77988
ENSDARG00000088774	0.493688	0.717077	0.515176	0.631056	0.703117	0.619028	0.960782	1.19135	0.621541
ENSDARG00000088785	1.95322	4.44371	2.50612	8.64252	18.9348	32.797	72.7806	39.6382	168.981
ENSDARG00000088789	0.253083	0.267651	0.105718	0.0281355	0.0654906	0	0.0989659	0	0.0116915
ENSDARG00000088799	1.12762	0.824039	1.38286	0.588726	0.742842	0.905636	1.29712	0.580876	0.124274
ENSDARG00000088806	4.11291	1.03381	4.95168	7.4342	27.879	19.2237	117.562	32.9227	185.099
ENSDARG00000088810	0.725048	0.326678	1.10451	0.340198	0.160674	0.298614	0.599518	0.0747413	0.327077
ENSDARG00000088817	0.793555	0.786896	1.21768	0.290856	0.521031	0.55592	1.74169	0.720052	1.01408
ENSDARG00000088820	0.557253	0.76081	0.42385	0.754528	0.275558	0.334349	0.522877	0.312092	0.0607225
ENSDARG00000088835	8.02819	3.53188	0.0619189	2.74855	1.26119	0.0607841	0.0581198	0.0365543	0.0508849
ENSDARG00000088838	978.09	948.364	1227.21	853.652	2584.14	3801.68	5946.91	10166.6	13639.8
ENSDARG00000088847	182.872	65.711	1.61514	229.658	53.7724	2.18472	0.531852	0.422581	1.05718
ENSDARG00000088862	1.78401	2.3679	2.74374	1.20289	1.46785	1.69409	1.72163	1.10852	0.888092
ENSDARG00000088865	181.351	411.47	623.186	18.0998	30.0482	20.2089	75.8467	178.135	107.155
ENSDARG00000088880	19.677	29.1209	21.2729	11.6733	17.2524	20.6829	22.7183	11.3243	7.43787
ENSDARG00000088889	10.5785	2.24681	0.380471	4.59264	0.757118	0.212954	0.330233	0	0.431647
ENSDARG00000088890	2.11108	2.72516	2.15564	1.51836	1.80114	2.94948	2.44502	1.98771	1.96248
ENSDARG00000088899	3.42103	4.8074	3.14427	1.16363	1.48284	1.53091	3.74857	2.31699	2.46351
ENSDARG00000088914	3.25816	0.593157	0.0146757	2.66255	0.259297	0	0.011226	0.000337224	0.000666871
ENSDARG00000088925	0.573702	0.573081	0.590523	0.296771	0.364811	0.404963	0.893569	0.608209	0.349247
ENSDARG00000088927	3.04271	0.158364	0	0.983927	0.625738	0	0	0	0
ENSDARG00000088929	14.9431	20.1272	11.0549	6.86656	5.19221	3.8211	18.3676	8.78776	3.60381
ENSDARG00000088930	0.32674	1.46721	0.953344	2.54477	5.20901	7.13104	6.12392	15.4223	30.4483
ENSDARG00000088938	1678.59	3144.3	4091.4	643.338	1922.57	1726.61	3832.56	4707.56	6210.55
ENSDARG00000088946	374.409	178.05	9.75086	251.286	88.9315	6.85951	0.506357	0.349834	1.36413
ENSDARG00000088951	15714.7	9150.99	7370.63	11946.5	23705.2	20518.8	64101	27199.8	13272.4
ENSDARG00000088962	4.79836	6.12905	5.85499	2.94282	4.05682	4.45168	11.571	5.46629	4.76756
ENSDARG00000088967	1.3444	2.23728	2.84321	0.581804	0.940107	1.12367	1.0014	0.867663	0.373994
ENSDARG00000088972	0.713399	0.947126	1.08296	0.274074	0.413098	0.307744	0.293328	0.286286	0.181417
ENSDARG00000088976	181.351	411.47	623.186	18.0998	30.0482	20.2089	75.8467	178.135	107.155
ENSDARG00000088979	17.8837	13.33	12.3779	2.55677	1.31258	1.66699	13.9161	5.78192	2.89152
ENSDARG00000088984	1.86674	2.53442	2.39175	0.613037	0.501965	0.701367	1.11538	0.64639	0.225024
ENSDARG00000088989	23.4616	28.1733	26.0853	14.1014	13.6344	17.9324	8.05715	5.76826	4.42982
ENSDARG00000088990	4.54142	6.14156	6.38363	2.13259	2.7824	2.07077	6.37535	4.99707	2.95238
ENSDARG00000088999	3.39933	4.16131	4.08142	0.673518	0.830501	1.13088	2.21339	0.966585	0.451351
ENSDARG00000089002	13.8906	15.382	12.4042	5.24242	5.063	5.21884	5.17241	1.4282	0.546205
ENSDARG00000089010	1.12746	0.215089	0	0.172868	0	0	0	0	0
ENSDARG00000089024	0.320558	0.489143	0.458308	0.233044	0.0880732	0.171624	0.676785	0.694561	0.242931
ENSDARG00000089034	0.469123	0.805289	0.420014	0.195493	0.584414	0.542271	0.543874	0.222375	0.317809
ENSDARG00000089038	3.70921	2.65526	1.91014	2.84157	3.2617	2.45114	4.86667	2.59701	1.81868
ENSDARG00000089039	32.7392	43.0626	37.1217	7.10694	5.89755	4.23676	12.2055	16.0905	10.1447
ENSDARG00000089042	14.137	3.97621	0.0634663	9.92774	1.86031	0	0.0766375	0	0.0127726
ENSDARG00000089054	3.47748	3.64757	6.36149	2.0882	2.19649	5.04473	3.20314	1.98447	1.5463
ENSDARG00000089055	4.13903	3.43154	2.78962	1.01104	1.48807	1.55607	3.95469	1.96609	0.833188
ENSDARG00000089056	21.2905	25.1437	19.9499	9.54085	8.70527	9.63736	40.3879	14.4165	17.433
ENSDARG00000089062	1.07819	2.21126	2.78629	0.534006	0.326554	0.657035	1.08849	0.268345	0.454047
ENSDARG00000089066	0.425404	0.377347	0.221296	0.246258	0.181423	0.353903	0.421235	0.203899	0.0948568
ENSDARG00000089068	1678.56	3144.48	4102.23	643.159	1936.49	1739.28	3833.32	4709.69	6226.17
ENSDARG00000089073	34.2424	13.6544	7.04424	16.6513	5.95115	3.04784	3.88014	3.79009	2.75328
ENSDARG00000089075	0.791614	0.794235	1.02229	0.514707	0.55991	0.412162	1.62574	0.98853	0.702705
ENSDARG00000089097	4.43768	1.85555	0.174621	3.39766	0.576909	0	0	0.000849815	0.00272849
ENSDARG00000089106	1.96335	1.25859	0.812962	0.947947	0.824587	0.776927	1.11329	1.4923	1.07946
ENSDARG00000089107	3.31335	4.50904	5.70142	1.21571	0.331346	1.36045	1.99242	1.58915	1.564
ENSDARG00000089108	2.5297	2.48288	4.87496	0.941709	1.53623	3.15081	10.3995	4.17243	2.49695
ENSDARG00000089140	1.13759	0.102289	0.0320417	0.520612	0.323922	0.185361	0	0.187912	0
ENSDARG00000089154	11343.3	5715.49	414.394	96163.3	57106	2197.86	211.47	115.417	325.022
ENSDARG00000089155	9.81172	3.16828	0.0284624	5.96723	1.18127	0.00900128	0	0.00525341	0.0589096
ENSDARG00000089162	1.00677	1.86273	0.950444	0.394674	0.575843	0.627252	0.514829	0.312203	0.133095
ENSDARG00000089163	56867.1	40365.7	3007.04	109178	53865.8	3112.43	297.613	171.951	368.244
ENSDARG00000089168	0.837751	0.866611	0.965036	0.430483	0.702916	0.616406	3.55473	2.68867	2.22729
ENSDARG00000089169	7.11987	5.89003	1.29192	4.61361	2.84741	1.81566	3.3844	3.07861	1.23328
ENSDARG00000089170	0.894029	0.803759	0.47518	0.320965	0.287878	0.173678	0.751496	0.623485	0.491954
ENSDARG00000089174	1.88101	0.407623	0.204582	1.65975	0.399642	0.503608	0.396443	0.0719059	0.00972458
ENSDARG00000089181	2.06486	4.34341	4.49512	1.84074	0.907898	1.33512	3.51985	1.92384	1.46788
ENSDARG00000089186	0.652098	0.0428512	0.0020998	1.11763	0.276861	0.0931021	0.0105407	0.0825655	0.0605783
ENSDARG00000089190	0.343618	0.190735	0.233945	0.0588141	0.177474	0.189289	0.319132	0.34304	0.163714
ENSDARG00000089204	5.13257	28.5327	31.678	8.15042	10.4082	8.21154	5.569	8.53378	3.84698
ENSDARG00000089210	5.07159	1.48743	0	2.07435	0.242369	0	0	0	0
ENSDARG00000089213	0.039577	0.0394848	0.103813	0.0586471	0.0413	0.0556815	0.264387	0.101266	0.011664
ENSDARG00000089225	0.793751	0.451996	1.09279	0.253902	0.727844	0.381962	0.631272	0.0992318	0.215228
ENSDARG00000089232	4.45994	5.07377	4.48097	1.38708	2.06955	2.26935	3.92757	1.89856	0.720493
ENSDARG00000089236	4.01656	5.44785	6.20051	0.780834	1.27454	1.11285	1.80607	0.559153	0.291623
ENSDARG00000089243	0.973392	0.722825	0.902068	0.374511	0.475224	1.44697	0.930531	0.336283	0.262032
ENSDARG00000089252	0.562081	0.666948	0.281604	0.20332	0.106521	0.132878	0.21707	0.0992524	0.110501
ENSDARG00000089260	5.56404	6.19958	5.48789	2.43705	2.54962	3.67834	3.39413	1.59734	1.30002
ENSDARG00000089271	0.576455	1.3752	0.57456	0.320027	0.455023	0.502565	1.16744	0.669757	0.258197
ENSDARG00000089273	214.239	440.318	723.198	19.7762	32.4632	21.5241	74.1624	161.484	101.704
ENSDARG00000089282	1.95611	3.81109	3.5972	1.03919	1.76091	1.65056	1.71356	2.61827	1.06272
ENSDARG00000089301	11562.9	9341.39	474.097	55022.2	29130.1	1288.94	100.689	155.945	258.766
ENSDARG00000089302	4.11743	1.59536	0.316806	2.89354	0.475822	0.341317	0.674028	0.320223	0.0741026
ENSDARG00000089303	16.3653	17.8736	14.0216	2.57567	5.41542	6.12661	13.6238	7.88804	5.29375
ENSDARG00000089311	3.13597	0.252606	0	2.12351	0.317112	0	0	0	0.0182812
ENSDARG00000089321	10.519	10.0513	10.4783	3.72071	3.74053	3.30664	7.06275	4.31828	3.2899
ENSDARG00000089331	4.28594	2.83073	1.99572	1.21501	1.58708	1.60025	0.807703	0.691362	0
ENSDARG00000089340	0.644773	0.775646	0.923356	0.149786	0.278078	0.465485	1.81294	1.09243	0.41948
ENSDARG00000089342	0.528394	0.0919624	0	0.181927	0	0	0	0	0
ENSDARG00000089345	1.78632	1.02851	0.606147	0.540365	0.467774	0.42301	1.11445	0.41778	0.245058
ENSDARG00000089347	3.85222	4.56847	2.57029	0.680028	2.29826	1.96421	3.30011	3.93094	1.81229
ENSDARG00000089352	4.78308	9.37142	7.44182	2.66155	3.06132	4.70301	4.72167	3.47885	1.59728
ENSDARG00000089355	4.84144	4.61044	3.77728	1.90467	1.84115	1.96688	3.71407	1.62529	0.62293
ENSDARG00000089357	0.172163	0.434016	0.332876	0.371589	0.340159	0.344558	1.26975	0.365931	0.637829
ENSDARG00000089363	1.34527	0.440468	0.00998287	1.22028	0.24044	0.0173639	0.0216527	0.02596	0.0260642
ENSDARG00000089368	1.78923	1.84745	1.63558	0.613455	0.0982984	0.100445	0.180726	0.161816	0.0749611
ENSDARG00000089369	0.718738	0.552911	0.451652	1.4322	1.18943	1.60526	1.53533	0.540185	0.366856
ENSDARG00000089372	6.94386	2.56029	2.26843	2.89174	1.99093	2.90089	3.39475	1.99117	1.12907
ENSDARG00000089376	1.30833	0.277068	8.20216e-06	1.06903	0.440334	0	0.0133064	0	0.0186751
ENSDARG00000089382	1761.21	3413.07	3106.82	25.8962	84.5605	59.0069	154.728	206.898	282.174
ENSDARG00000089390	4.2892	2.39609	1.51295	0.720342	0.311581	0.0994794	0.244754	0.215555	0.0277021
ENSDARG00000089396	1.48172	1.92257	2.14933	0.850894	1.3907	1.43311	2.11093	1.10992	0.916758
ENSDARG00000089397	27.5184	26.2413	26.3921	10.9211	6.94405	3.8715	15.3096	12.6747	12.5479
ENSDARG00000089405	88.0925	98.159	89.3657	36.235	27.3623	22.4629	59.0801	60.2719	55.4435
ENSDARG00000089413	1.45851	1.63572	1.62589	0.619586	0.721458	1.28091	2.03043	0.42582	0.213574
ENSDARG00000089414	0.952111	0.319659	0.339617	0.455399	0.297289	0.294543	1.07269	0.291905	0.435767
ENSDARG00000089423	0.639487	1.15616	0.704011	0.48485	0.544788	0.643829	0.467459	0.166744	0.0753146
ENSDARG00000089426	8.13499	6.94932	4.01184	6.25664	7.24674	8.55824	8.52563	9.54854	7.91389
ENSDARG00000089437	24.3707	10.684	3.32149	7.48585	1.82861	0.0321723	1.72415	0.215648	0.256141
ENSDARG00000089438	0.0656508	0.195001	0.47148	0.224649	0.511738	0.30083	1.13831	0.954975	0.260942
ENSDARG00000089448	0.625034	0.023258	0	0.102246	0	0	0	0	0
ENSDARG00000089458	0.669458	0.842873	0.698402	0.26464	0.229967	0.312793	0.407883	0.137368	0.155501
ENSDARG00000089461	1.02663	1.59454	0.750106	0.50737	0.474754	0.434144	1.01435	0.740025	0.417873
ENSDARG00000089464	0.153113	0.230844	0.355813	0.0216435	0.113988	0.168938	0.251482	0.188528	0.0147009
ENSDARG00000089465	2.93003	2.14161	0.0308097	0.144483	0.212821	0	0	0	0.0271806
ENSDARG00000089478	6.59407	6.85001	7.0591	6.14797	8.07855	9.94372	3.32962	3.42668	0.688688
ENSDARG00000089480	1.2559	1.07944	1.09708	0.412036	0.763331	0.485006	0.797878	0.334524	0.226816
ENSDARG00000089483	2.65541	1.26343	0.602937	0.600489	0.841341	0.633081	0.736095	1.1497	0.13713
ENSDARG00000089488	56867.1	40365.7	3007.04	109178	53865.8	3112.43	297.613	171.951	368.244
ENSDARG00000089499	5.61794	1.34273	0.032455	7.56757	1.64643	0.00356178	0.116798	0.0551331	0.393395
ENSDARG00000089505	10.2735	10.3975	6.1864	6.22342	4.06368	4.56476	5.83517	6.48927	4.28961
ENSDARG00000089517	7.40399	11.5027	5.11951	1.89948	1.61826	0.778138	3.93871	2.54568	0.648319
ENSDARG00000089518	14.5994	17.5627	14.5162	3.90003	4.97307	4.22497	8.78219	4.90373	2.05191
ENSDARG00000089521	2.96163	3.29266	7.23337	12.8019	30.3364	17.2189	141.356	65.8017	244.571
ENSDARG00000089532	19.0422	22.554	23.5137	10.7347	8.21319	13.7319	14.8139	9.63647	7.2188
ENSDARG00000089533	3.88797	3.16503	0.676131	0.82161	0.611003	0	0	0	0
ENSDARG00000089536	2.30713	4.3817	3.14199	0.640036	1.01259	0.785368	2.47324	2.37483	0.763759
ENSDARG00000089546	1.26138	2.16855	1.62862	0.638341	1.07104	0.86531	2.04837	1.26859	1.06464
ENSDARG00000089550	0.31615	0.498446	0.0350053	0.0562263	0.101842	0.0530388	1.55078	0.418126	0.239682
ENSDARG00000089554	11.2838	12.2947	9.56098	5.33212	10.2932	7.86244	17.1001	14.1802	9.79984
ENSDARG00000089555	65802.2	45738.8	3700.63	32476.9	19047.2	870.028	50.5366	51.9751	70.7852
ENSDARG00000089564	2.31993	1.37541	2.99456	0.885226	1.4235	1.90871	4.0168	2.80849	0.339605
ENSDARG00000089567	4.78746	7.33097	4.86963	5.7112	8.54933	7.84678	22.3623	11.4538	6.36671
ENSDARG00000089581	0.2581	0.364441	0.265399	0.24765	0.254811	0.523032	0.918982	0.354288	0.152099
ENSDARG00000089586	0.55292	1.13164	0.963525	0.27835	0.533324	0.440223	0.500431	0.206836	0.228376
ENSDARG00000089587	2.52249	0.404652	0.098778	3.36721	0.639917	0.114065	0.399093	0.130569	0.129985
ENSDARG00000089588	1.24213	0.1442	0.0300199	0.427734	0.227676	0.0383882	0	0	0.0188768
ENSDARG00000089598	0.649677	0.794985	0.8263	0.349538	0.196097	0.520512	1.44866	0.436683	0.177744
ENSDARG00000089601	0.607029	0.905801	1.29794	0.346258	0.453946	0.61354	0.949483	0.964634	0.456804
ENSDARG00000089606	66.394	60.102	62.8258	48.5583	58.6239	69.7254	65.6658	39.2216	37.071
ENSDARG00000089613	38546.3	22063.6	2254.71	32084.8	15836.8	1030.07	53.0641	0	175.626
ENSDARG00000089620	1.30943	2.76417	3.59163	1.9682	8.12927	3.0967	49.2922	20.6028	83.1415
ENSDARG00000089638	3.09754	3.86415	3.99214	1.25295	1.53497	1.35981	2.56403	1.31451	1.12943
ENSDARG00000089644	1.5402	2.01516	2.18496	1.14278	0.916901	1.86431	2.08668	0.903796	0.332045
ENSDARG00000089646	5.95406	7.28811	7.07738	2.72663	2.57334	4.47673	5.12941	1.99406	0.977254
ENSDARG00000089650	1.02522	1.12751	0.673507	0.876563	1.63245	1.39055	2.01106	1.95424	1.83189
ENSDARG00000089653	11328.5	5715.49	414.394	96287.6	57094.9	2197.86	211.47	115.417	325.022
ENSDARG00000089663	9.9453	4.8694	6.93352	5.63756	3.55804	2.45876	4.10631	1.34836	0.338069
ENSDARG00000089671	25184.6	17286.8	2803.34	24636	13827.9	768.201	162.155	129.993	43.1131
ENSDARG00000089679	1.7709	2.61693	2.48179	0.883903	1.41233	2.18245	2.24183	1.7266	0.631743
ENSDARG00000089680	1.61619	2.23879	1.39004	0.911274	1.41018	0.621178	1.60663	2.05847	0.870592
ENSDARG00000089681	1.87791	4.1352	1.78796	0.455629	0.527582	1.05122	0.841244	0.298604	0.513682
ENSDARG00000089693	1.30094	1.71862	0.629452	0.656827	0.449172	1.19325	2.66934	1.39048	1.12292
ENSDARG00000089695	1.04777	0.534342	1.0153	0.804959	1.15484	1.15164	1.86841	1.50634	0.98636
ENSDARG00000089697	6.54265	1.5844	0.394812	1.47598	0.592686	0.419032	1.85536	0.348617	0.324817
ENSDARG00000089698	2.58336	4.82615	3.3658	1.51434	1.57271	2.48175	2.21603	1.13626	0.553179
ENSDARG00000089700	2.26762	2.48868	1.76444	1.31558	1.48927	1.58063	3.10424	0.866747	0.760614
ENSDARG00000089705	1.96847	2.95787	3.51795	1.10785	1.20781	1.43842	1.97867	1.31952	0.263453
ENSDARG00000089711	3.27498	0.975708	0	1.11507	0.126511	0	0.00573681	0	0.0319713
ENSDARG00000089719	22.4358	41.6671	20.8558	16.1231	7.11726	5.73383	17.8171	17.1666	12.5209
ENSDARG00000089727	6.86087	4.94527	1.88706	0.512576	0.688796	1.11613	1.09048	1.3589	0
ENSDARG00000089734	8.90785	4.1429	0.145824	1.11523	0.955511	1.96629e-08	0	0	0
ENSDARG00000089737	34.2847	9.79274	9.71168	20.4522	8.47682	0.909999	1.39374	3.50164	5.94035
ENSDARG00000089739	1.52847	1.87476	1.40014	0.378421	0.698788	0.35425	0.741729	0.80786	0.356057
ENSDARG00000089755	11343.3	5715.49	414.394	96163.3	57106	2197.86	211.47	115.417	325.022
ENSDARG00000089765	1.93357	2.94596	1.08296	0.491191	0.233283	0.9361	0.768711	0.588166	0.158134
ENSDARG00000089772	49.2888	43.1874	35.5888	17.5039	10.6711	17.6831	22.4123	13.186	3.00678
ENSDARG00000089776	10.3762	16.7408	12.7869	5.21753	7.73572	8.35373	11.5446	5.05439	3.46769
ENSDARG00000089779	1.3612	0.504414	0	0.664119	0.28294	1.38078e-07	0.0048381	0	1.98023e-07
ENSDARG00000089781	11.337	9.62475	12.225	4.88717	2.58756	3.95072	12.0134	8.29674	4.70676
ENSDARG00000089785	2.6382	8.32903	4.93599	0.445233	1.97676	2.24966	8.17648	3.29329	1.43506
ENSDARG00000089787	14.2479	3.8649	0.552344	2.87347	0.694586	0.347324	0.332372	0.145908	0
ENSDARG00000089789	0.422956	0.715293	0.442674	0.0709403	0	0	0	0.0681169	0
ENSDARG00000089791	0.49844	0.598695	0.322518	0.367894	0.243581	0.463124	1.10211	0.414192	0.584139
ENSDARG00000089793	0.364677	0.52573	3.30366	1.69834	2.10402	2.83897	8.26267	6.69008	19.2035
ENSDARG00000089794	5.75825	1.50599	0	2.63249	0.00799685	0	0	0	0
ENSDARG00000089802	7.48001	6.25877	4.80241	2.58393	3.516	3.43063	5.24415	2.56329	1.70104
ENSDARG00000089814	11.0581	2.58914	0.0653555	7.07553	2.12231	0.0310898	0.0298419	0.000151505	0.00930517
ENSDARG00000089822	34.2367	11.1856	0.355058	11.2261	2.28698	0	0	0	0.0609955
ENSDARG00000089827	1.84741	0.409966	0	1.2334	0.11135	0	0.0629768	0	0.000220204
ENSDARG00000089828	2.47541	1.73461	2.86397	0.929733	1.30973	1.2566	3.0665	1.37854	0.559987
ENSDARG00000089831	1.49321	0.582242	0	0.90839	0.142069	0	0	0	0
ENSDARG00000089832	27.5477	8.30575	0.342003	2.94562	2.39802	0	0	0	0
ENSDARG00000089842	11.5471	2.1809	0.163417	2.87126	1.25354	0	0.0901478	0	0.127127
ENSDARG00000089854	6.70283	1.00287	0.143872	3.25855	0.475027	0.119931	0	0	0.0862256
ENSDARG00000089856	1.78335	1.93353	1.64619	0.645529	0.781857	0.902355	1.11422	1.21413	0.790471
ENSDARG00000089858	5.08025	6.33853	5.07972	4.31255	3.00858	3.12934	11.7584	4.6149	2.20077
ENSDARG00000089861	11.5635	10.221	13.0415	6.40715	7.76016	10.1682	8.9596	4.46824	2.34789
ENSDARG00000089863	0.497986	0.892286	0.469269	0.06586	0.365569	0.660951	0.780891	0.371621	0.303364
ENSDARG00000089867	65802.2	45738.8	3700.63	32605.5	19181.2	870.028	50.5366	51.9751	70.7852
ENSDARG00000089877	3.70359	3.8598	2.03191	0.944869	1.22616	1.36497	1.54412	0.698988	0.222582
ENSDARG00000089880	3.5234	2.7777	3.38736	2.28267	2.50056	3.08423	2.14869	1.30355	0.75087
ENSDARG00000089886	2.10096	0.740224	0.56864	0.515545	0.10211	0.416909	0.725406	0.0753626	0.305811
ENSDARG00000089893	4.83319	6.75894	5.95047	2.98818	3.98838	3.99339	5.87572	5.10861	2.85849
ENSDARG00000089913	0.712386	1.28364	0.65152	0.528612	0.687849	0.535112	0.996802	0.534245	0.319514
ENSDARG00000089922	1.97286	1.3766	1.09303	1.26838	1.29338	1.29666	2.595	0.678893	1.19909
ENSDARG00000089925	1.92346	2.61729	2.18109	1.01798	1.29455	1.33711	1.8354	1.39349	1.39675
ENSDARG00000089928	4.80325	6.17896	11.9246	1.87604	3.84071	5.42656	12.9032	8.29672	4.17424
ENSDARG00000089930	0.626354	1.08286	1.00691	0.343764	0.438008	0.438719	1.22821	0.741212	0.569171
ENSDARG00000089942	5.85282	6.81719	4.60098	0.679454	2.26531	1.87743	1.97834	0.85194	0.795568
ENSDARG00000089954	1.37184	2.08338	2.69454	1.65732	1.80316	2.95938	2.68541	1.09319	0.494912
ENSDARG00000089960	0.0707806	0.0405236	0.0105827	0.0307305	0.00858532	0	0.00935896	0	0
ENSDARG00000089966	2.08336	4.69481	3.67118	2.18695	2.37355	2.46518	2.90724	2.17833	1.13314
ENSDARG00000089967	9.84922	13.9183	12.3935	3.69118	6.37196	8.02131	16.7421	10.0674	4.31225
ENSDARG00000089968	2375.98	3787.48	6411.75	3270.24	6704.8	8418.79	32103.7	35650.9	30368.2
ENSDARG00000089977	0.88612	5.09814	3.83509	2.06004	6.1214	4.85109	18.0561	13.3517	24.4834
ENSDARG00000089981	6.89368	6.94597	7.9836	2.35572	2.80862	3.50874	7.23368	4.78762	4.47238
ENSDARG00000089982	11343.3	5715.49	414.394	96163.3	57106	2197.86	211.47	115.417	325.022
ENSDARG00000089988	66.6601	63.9185	69.4223	73.6674	87.5017	105.167	68.4593	36.3732	21.307
ENSDARG00000089999	6.74131	5.05555	4.60282	3.0312	2.6335	2.74867	7.0686	4.69566	3.35318
ENSDARG00000090020	0.701186	0.872458	0.841029	0.794144	0.538832	0.536415	0.990217	0.312506	0.306816
ENSDARG00000090022	1.83504	0.293147	0.143968	0.713313	0.41179	0.0377668	0.115392	0	0.0783253
ENSDARG00000090027	1.14582	0	0	0.339208	0.0510126	0	0	0	0.0685563
ENSDARG00000090043	0.209991	0.352883	0.0418524	0.220201	0.320401	0.0686012	0.828445	0.405927	0.255679
ENSDARG00000090053	31.2072	32.6903	4.71772	7.4071	4.6608	4.18931	8.39984	3.76557	3.57874
ENSDARG00000090054	7.40371	10.3751	8.28794	2.06792	2.54252	2.70461	5.33294	2.34988	1.46142
ENSDARG00000090059	1.27826	0.370282	0.222079	0.854806	0.151793	0.0352968	0	0.0839927	0.0505617
ENSDARG00000090072	0.852455	1.15689	0.561277	0.372018	0.758174	0.249252	0.959011	0.640995	0.497391
ENSDARG00000090077	12.3703	12.8888	6.25472	6.34116	4.60362	5.2342	4.55996	2.12316	1.20344
ENSDARG00000090079	12.5473	5.53163	16.3733	10.3296	18.8541	13.3998	80.3363	46.5908	188.769
ENSDARG00000090085	65993.1	45738.8	3700.63	32476.9	19047.2	870.028	50.5366	51.9751	70.7852
ENSDARG00000090109	1.84456	0.561873	0.0308905	3.21306	0.752811	0.112232	0.194943	0.0146669	0.260981
ENSDARG00000090116	0.914097	0.0198102	0.0865187	0.487069	0.134045	0.0446952	0.291225	0.0237802	0.00543857
ENSDARG00000090130	1.29866	0.303766	0.123125	0.344333	0.164854	0.16622	0.0622247	0.0233895	0.0100718
ENSDARG00000090139	2.49866	0.866322	0.546625	0.778431	0.294212	1.62153	1.47592	1.05304	1.03371
ENSDARG00000090141	10.1349	3.7636	0.0215138	8.32166	2.02269	0.249485	0	0.183244	0.10784
ENSDARG00000090142	0.338272	0.144802	0.195976	0.0574003	0.138479	0.196943	0.247376	0.0925694	0.0522202
ENSDARG00000090146	978.09	948.364	1227.21	853.652	2584.14	3801.68	5946.91	10166.6	13639.8
ENSDARG00000090149	95.6828	30.8013	35.6655	46.8812	5.7892	3.61668	5.66295	6.01079	6.17367
ENSDARG00000090153	0.384037	0.872234	0.359798	0.271421	0.449293	0.418723	0.607474	0.296045	0.213288
ENSDARG00000090165	2.51758	3.45273	5.97676	1.13099	8.55078	8.01043	42.1663	16.1189	58.6827
ENSDARG00000090180	1.03489	0.548788	0.325218	0.225394	0.753427	0.528318	1.77303	2.51685	1.03549
ENSDARG00000090183	4.36187	5.35489	5.7005	2.61024	3.03782	3.9892	6.42084	4.32591	2.93202
ENSDARG00000090186	5.08216	1.60572	0.509371	4.13593	0.689697	0.354567	0.716018	0.679696	0.992405
ENSDARG00000090188	0.290311	0.7145	0.265176	0.227407	0.260286	0.257085	2.23338	0.871339	0.415606
ENSDARG00000090209	7.71616	1.78911	0.0243976	3.18819	1.33794	0	0	0.00161503	0.10889
ENSDARG00000090220	4.60022	1.09181	0	2.26394	0.632478	0	0.0588521	0	0.0568579
ENSDARG00000090222	1.16316	1.42094	1.8585	0.528743	0.876682	1.04051	1.08326	0.882991	0.421289
ENSDARG00000090232	65.1795	40.4523	16.3201	18.6777	11.1241	6.38519	14.6432	4.44803	2.67491
ENSDARG00000090237	2.72812	3.33925	3.69862	1.70618	2.33613	2.005	3.9326	2.09306	0.903996
ENSDARG00000090238	1.34213	0.590938	2.06959	2.15539	4.19946	2.34309	36.4522	30.566	41.1714
ENSDARG00000090252	0.894933	0.244882	0.0423006	0.283535	0.0473109	0.0189126	0.000562501	0.0638186	0
ENSDARG00000090259	18837.9	11278.7	783.982	617839	397915	13008.9	2456.41	618.756	1531.1
ENSDARG00000090270	1678.62	3144.33	4091.43	643.34	1922.59	1726.6	3832.79	4707.97	6210.9
ENSDARG00000090280	978.09	948.364	1227.21	853.652	2584.14	3801.68	5946.91	10166.6	13639.8
ENSDARG00000090281	56867.1	40365.7	3007.04	109178	53865.8	3112.43	297.613	171.951	368.244
ENSDARG00000090283	11343.3	5715.49	414.394	96163.3	57106	2197.86	211.47	115.417	325.022
ENSDARG00000090296	15.2952	3.81038	0.0894243	14.1216	3.11809	0.146441	0	0.0458004	0.195211
ENSDARG00000090301	2.9835	3.15442	3.27854	1.17646	1.48885	0.920173	1.17326	0.607863	0.502242
ENSDARG00000090307	29.5816	4.57682	0.149668	14.883	3.75709	0.143936	0.0789664	0	0.483154
ENSDARG00000090309	2.59249	3.79461	4.22198	0.65279	0.993391	0.568378	1.55887	1.03315	0.328372
ENSDARG00000090316	17.8394	4.76385	0.377725	9.24477	1.08652	0.0286366	0.095649	0.105577	0.297679
ENSDARG00000090337	42.4427	41.8223	34.4386	20.8268	20.907	20.8559	50.3306	28.8762	14.4321
ENSDARG00000090346	0.476008	0.473791	0.404304	0.170883	0.168567	0.310801	0.515002	0.245917	0.0538892
ENSDARG00000090354	1.00906	0.546274	0.475102	0.389625	0.491352	0.35012	2.93747	1.26217	1.71152
ENSDARG00000090357	56816.6	40365.7	3007.04	109078	53815.6	3112.43	297.613	171.951	368.244
ENSDARG00000090358	7.98873	2.07535	0	2.55642	0.41479	0	0	0	0.0967459
ENSDARG00000090361	0.479724	0.164663	0.36773	0.121484	1.02193	0.837084	4.52459	0.552816	0.539825
ENSDARG00000090366	1.59842	0.050023	0	0.950655	0.248285	0.0821641	0.0653513	0.0124134	0.0319421
ENSDARG00000090386	1.65354	3.52249	2.04746	0.22415	0.527913	0.526279	0.978527	0.551666	0.209188
ENSDARG00000090392	0.277509	0.168907	0	0.317172	0.0462847	0.00891968	0	0	0.00325794
ENSDARG00000090393	11343.3	5715.49	414.394	96163.3	57106	2197.86	211.47	115.417	325.022
ENSDARG00000090397	25223.7	17286.8	2803.34	24669.3	13827.9	768.201	162.155	129.993	43.1131
ENSDARG00000090402	3.16768	10.0281	5.83142	1.46662	2.54227	4.04132	7.12665	2.7171	1.6868
ENSDARG00000090442	5.19571	6.4589	5.27338	3.45072	4.90089	4.42515	7.37495	6.42932	3.48291
ENSDARG00000090447	5.29308	5.62869	4.61853	1.47975	2.20023	2.06029	5.34721	3.40698	1.84354
ENSDARG00000090453	3.25823	2.39914	5.39453	7.04486	13.5634	7.20163	71.3574	29.3607	130.111
ENSDARG00000090454	8.36464	7.02105	7.29516	2.82901	2.45969	3.08292	11.6442	7.97658	2.66964
ENSDARG00000090455	2375.98	3787.48	6411.75	3270.24	6704.8	8418.79	32103.7	35650.9	30368.2
ENSDARG00000090491	0.284801	1.92607	1.66951	2.88113	22.7854	9.6996	75.2648	28.2117	143.559
ENSDARG00000090493	0.805298	0.203007	0	0.596313	0.136691	0	0	0	0.0186421
ENSDARG00000090495	3.62657	3.95653	3.40693	1.30698	1.522	2.11091	5.09725	2.23947	1.85979
ENSDARG00000090506	0.470149	1.54389	1.09212	0.852109	1.04504	0.799635	2.83565	1.78184	0.745611
ENSDARG00000090512	2.25515	2.30747	1.97862	0.28723	1.10414	1.02805	1.79144	0.854814	0.593042
ENSDARG00000090527	4.05099	4.62124	6.42345	2.04342	2.95535	3.39276	7.98694	4.32736	1.88793
ENSDARG00000090535	1.14252	0.643367	0.854992	0.690782	0.638215	0.979944	2.24875	1.01917	0.894142
ENSDARG00000090543	4.16975	4.65166	3.95051	1.29155	1.60568	1.81227	2.50184	0.940108	0.823792
ENSDARG00000090552	1.64801	1.29627	1.50095	0.772027	0.523177	0.870706	1.88816	0.523911	0.883352
ENSDARG00000090567	0.731174	1.77302	1.19849	1.34506	3.98985	1.6424	31.3292	17.5183	25.9128
ENSDARG00000090569	6.03767	1.71268	0.920512	6.63393	1.55017	0.910062	2.02529	1.4357	0.492425
ENSDARG00000090578	1.10812	0.625724	0.258791	0.406248	0.341996	0.296279	0.217389	0.250563	0.175618
ENSDARG00000090585	4.18558	3.19378	3.09413	1.58043	2.22342	3.23549	2.58014	1.76313	0.848814
ENSDARG00000090587	6.08919	1.71284	0	1.40509	0.787906	0	0	0	0.0885632
ENSDARG00000090590	4.0634	2.80636	13.2462	1.04057	13.2937	11.543	43.0974	27.6003	87.3945
ENSDARG00000090591	12.4371	5.67248	2.26985	5.72674	1.81466	2.38921	0.0636352	3.23291	1.56594
ENSDARG00000090600	0.440495	0.420195	0.211237	0.385636	0.469881	0.389071	0.307585	0.080702	0.129788
ENSDARG00000090602	5.23343	5.43512	3.62616	1.96792	2.53564	2.7828	2.38005	1.01077	0.92279
ENSDARG00000090617	2.85196	4.10377	3.46768	2.62088	2.0246	2.1695	8.33604	5.7298	4.32064
ENSDARG00000090622	4.36771	1.2345	0.0727107	3.48818	0.537332	0	0.086799	0.288927	0.159409
ENSDARG00000090625	5.20376	3.92482	2.55069	2.16063	1.49503	1.48382	3.11388	1.05201	0.677717
ENSDARG00000090634	9.44647	7.49484	2.66621	2.82887	1.80496	1.99447	1.61065	1.32002	0.714447
ENSDARG00000090640	18.1297	4.09688	0	12.7101	3.65983	0	0	0	0.0626566
ENSDARG00000090651	28.1135	12.476	6.39886	14.2531	8.73326	3.7765	5.86484	2.19551	3.4885
ENSDARG00000090654	0.63692	1.47723	1.823	1.03887	1.3772	1.01139	3.88996	2.69569	0.633224
ENSDARG00000090656	3.01124	4.74166	4.30574	2.13497	3.28622	3.27951	5.07505	3.82926	1.75322
ENSDARG00000090657	2.50634	1.93966	0.506758	0.864394	0.701033	0.503876	0.524089	0.503584	0.76803
ENSDARG00000090664	0.841532	0.456033	0.609315	0.294075	0.201169	0.31945	0.514615	0.311844	0.191577
ENSDARG00000090673	2.61938	0.582922	0.194484	0.641739	0.265053	0.0917117	0.0364647	5.43578e-113	0.0754337
ENSDARG00000090675	1.98466	3.02871	4.88649	1.32312	1.72821	2.21884	2.71344	1.22849	0.675113
ENSDARG00000090697	23.4185	66.3368	60.9462	5.81004	1.8971	8.85426	7.28736	11.343	5.91972
ENSDARG00000090702	0.999235	1.15731	0.766626	0.408882	0.34827	0.564683	0.760236	0.508338	0.157232
ENSDARG00000090704	9.50636	10.651	9.78592	8.09392	9.60509	10.8051	20.1948	11.6408	10.5124
ENSDARG00000090706	1.60133	2.57474	2.2208	0.725361	0.989554	1.47218	2.36567	1.93771	0.94221
ENSDARG00000090712	0.598213	0.515305	0.304657	0.809103	0.566043	0.699744	0.454289	0.230426	0.175839
ENSDARG00000090716	9.71237	12.4296	14.0154	2.69427	3.49895	5.16526	6.0628	3.08576	2.10029
ENSDARG00000090721	1.34824	1.5554	1.36286	0.643241	0.966825	1.10152	1.81929	1.07241	0.368929
ENSDARG00000090725	0.544586	0.452594	0.554608	0.187289	0.185476	0.189164	0.295615	0.0910208	0.207911
ENSDARG00000090735	214.239	440.318	723.198	19.7762	32.4632	21.5241	74.1624	161.484	101.704
ENSDARG00000090747	0.875481	0.255951	0.353702	0.39572	0.418203	0.425734	0.611071	0.304595	0.159943
ENSDARG00000090751	1.41678	1.43723	1.216	0.481408	0.750639	0.805878	2.43386	1.20356	0.525987
ENSDARG00000090755	25223.7	17286.8	2803.34	24622.3	13827.9	768.201	162.155	129.993	43.1131
ENSDARG00000090764	3.16668	3.226	3.37552	1.92279	1.85679	3.08875	5.07568	2.8359	3.31962
ENSDARG00000090767	4.53526	3.88492	2.39888	1.38307	1.36353	1.12605	0.826431	0.216315	0.157354
ENSDARG00000090768	14.776	24.528	15.5818	9.66569	14.5826	15.591	19.1337	8.44084	6.05093
ENSDARG00000090770	1.29464	1.74909	1.85859	0.826781	1.64662	0.733633	2.49138	1.2854	1.55843
ENSDARG00000090779	18.8241	25.6052	30.5702	5.2308	6.83065	9.498	7.34207	3.73956	2.78517
ENSDARG00000090784	214.239	440.318	723.198	19.7762	32.4632	21.5241	74.1624	161.484	101.704
ENSDARG00000090785	4.86238	5.58425	5.16897	2.57585	2.27479	3.90276	5.47485	2.7735	2.35336
ENSDARG00000090788	1.57432	2.08622	1.7984	0.647386	0.945917	1.03815	1.09706	1.29788	0.811496
ENSDARG00000090791	0.812033	0.122167	0.0274653	0.849908	0.273426	0	0.0212736	0.000628142	0.0012356
ENSDARG00000090797	1.35833	2.50005	1.06159	0.743768	0.410087	0.404204	3.99278	1.74247	1.09305
ENSDARG00000090801	44.8301	56.668	43.7403	6.22145	12.0856	14.5969	25.7123	13.5377	8.77305
ENSDARG00000090802	1.02455	0.319971	0.0187401	0.247197	0.133096	0.0178707	0.018288	0.206935	0.0296824
ENSDARG00000090804	1.53687	2.37138	1.61765	1.31787	1.99906	1.84365	4.12508	1.66609	1.53936
ENSDARG00000090807	4.54712	6.91251	5.07191	0.342691	1.1387	1.39426	3.5946	0.746088	0.355724
ENSDARG00000090820	1.22989	1.77974	1.56343	0.777653	0.525649	0.807705	0.927676	0.432253	0.465582
ENSDARG00000090821	2.93467	3.72034	1.789	1.17457	1.09973	0.464229	2.67749	0.934281	0.419779
ENSDARG00000090828	0.130753	0.43372	0.38619	0.158099	3.57694	1.76352	12.0017	9.55168	18.4986
ENSDARG00000090830	0.508993	0.706551	0.59459	0.415331	0.859869	0.731624	0.968131	0.391513	0.3107
ENSDARG00000090832	0.654293	0.153428	0.241702	0.774109	0.174725	0.237009	0.515849	0.544926	0.277407
ENSDARG00000090840	1.41298	0.421416	0.115899	0.689265	0.185875	0.0160106	0.229989	0.0704142	0.0124503
ENSDARG00000090854	1.4964	2.06844	2.60021	0.836711	0.85519	1.60137	1.69911	1.22739	0.428959
ENSDARG00000090857	0.772079	0.898456	0.727548	0.384409	0.544522	0.437177	0.781927	1.05012	0.402773
ENSDARG00000090858	6.22532	11.2052	6.83076	1.58933	2.55516	2.5208	3.90707	2.4951	0.834092
ENSDARG00000090870	17.4608	20.5405	19.5113	4.95396	7.58817	11.1205	22.2673	7.63149	1.98956
ENSDARG00000090872	2.71125	1.35614	1.26826	0.880131	0.524229	0.452073	0.776348	0.453334	0.414529
ENSDARG00000090893	168.703	67.1936	23.3756	80.6645	15.5197	3.81138	4.74915	4.1567	2.68401
ENSDARG00000090895	5.84505	5.46952	6.94453	3.24775	3.664	3.80031	10.2156	6.69009	4.59326
ENSDARG00000090904	2.18254	1.17704	1.40922	1.0016	1.18902	1.32011	4.65342	1.12816	0.522437
ENSDARG00000090906	11.3505	9.15346	12.9486	3.98364	3.58245	5.59635	7.7615	1.82516	1.64662
ENSDARG00000090909	214.239	440.318	723.198	19.7762	32.4632	21.5241	74.1624	161.484	101.704
ENSDARG00000090912	20.0182	19.7974	19.3567	8.53269	5.88773	9.22233	18.6025	9.86649	5.69095
ENSDARG00000090914	0.698015	0.344681	0.398117	0.134258	0.27939	0.240398	0.612021	0.288856	0.0293095
ENSDARG00000090920	0.991273	1.00618	1.3793	1.05608	1.94984	1.86774	1.68711	0.874575	0.244416
ENSDARG00000090929	6.54322	4.93525	4.78525	6.42852	6.7552	12.4628	4.99249	1.25529	0.603053
ENSDARG00000090933	0.880021	0.696912	1.04617	0.662113	0.638846	0.707563	2.1044	0.981228	0.713729
ENSDARG00000090938	0.962078	1.03251	1.16901	0.224751	0.332342	0.470593	1.37579	0.493721	0.401646
ENSDARG00000090941	59.233	23.5902	23.4863	39.1527	8.35217	5.52421	6.92996	8.13954	7.46179
ENSDARG00000090942	0.316018	0.448147	1.18691	0.117673	0.22077	0.481786	1.35752	0.529173	0.124655
ENSDARG00000090952	7.13239	11.7501	8.30121	2.66197	3.90829	3.51563	14.5738	9.58685	4.42363
ENSDARG00000090954	31.9214	10.4103	0.406873	15.5325	5.22395	0.128333	0.0832124	0.0354543	0.139436
ENSDARG00000090955	0.511056	0.925624	0.661729	0.238985	0.225767	0.170475	0.46974	0.388397	0.362273
ENSDARG00000090962	1.12326	0.916007	1.35222	0.637736	0.149028	0.235544	0.343438	0.0636008	0.115728
ENSDARG00000090971	0.836028	1.23575	0.682665	0.234346	0.431075	0.408616	0.790843	0.701423	0.3474
ENSDARG00000090975	2.7046	0.243687	0	1.90507	0.051961	0	0	0	0
ENSDARG00000090979	0.571743	0.241003	0.0782221	0.511129	0.200318	0.00563877	0.121506	0.0774285	0.0114344
ENSDARG00000090983	25223.7	17286.8	2803.34	24636	13827.9	768.201	162.155	129.993	43.1131
ENSDARG00000090986	14.1852	14.5181	12.2682	7.65048	9.34256	10.513	14.3117	5.85582	2.71648
ENSDARG00000090987	189.88	104.198	4.11807	113.599	38.7519	1.75781	0.355867	0.602551	0.51673
ENSDARG00000090989	2.92814	3.75258	3.49886	1.59373	2.39086	3.4905	4.32155	2.97312	1.6473
ENSDARG00000090993	0.816557	0.618771	1.33931	0.614853	0.742082	1.06247	1.39832	0.8118	0.304092
ENSDARG00000091011	8.46038	8.97023	1.0694	5.81632	0.179261	0	0	0.272505	0.390791
ENSDARG00000091017	200.223	108.208	8.41788	212.135	77.0928	5.27308	0.437185	0.311423	1.42389
ENSDARG00000091021	3.99989	0.93812	0.00484079	7.5873	1.71661	0.00869665	0	0.0135964	0.102966
ENSDARG00000091025	0.277642	0.499691	0.0211291	0.299466	0.0248158	0.165409	0.210042	0.264339	0.0483163
ENSDARG00000091031	0.666756	1.13651	0.746427	0.897752	0.441364	0.768226	3.56448	1.13133	0.248039
ENSDARG00000091032	11.2009	5.53139	2.73567	4.14077	4.3445	0.887647	2.12038	2.03258	2.02652
ENSDARG00000091048	56867.1	40365.7	3007.04	109037	53815.6	3112.43	297.613	171.951	368.244
ENSDARG00000091051	27.7984	23.0179	23.3654	6.61472	6.85445	2.01298	11.0657	13.6317	18.2782
ENSDARG00000091061	0.20645	0.474007	0.294075	0.0830441	0.232599	0.280077	0.445626	0.232571	0.0956787
ENSDARG00000091062	43.4421	11.9497	0.222027	28.7158	7.20498	0.132457	0.0164611	0.0797686	0.490192
ENSDARG00000091066	47.7668	39.426	41.5905	20.0304	13.254	12.721	46.6984	40.8622	25.2964
ENSDARG00000091079	6.08	3.31978	3.05155	2.96735	3.99136	5.49358	0.647868	1.07843	0.410197
ENSDARG00000091092	4.10307	5.26305	3.78379	1.78894	3.22968	2.40517	7.73393	3.15181	2.36339
ENSDARG00000091094	1.57419	1.2812	0.206793	0.202052	0.243482	0.0784869	0	0.068806	0
ENSDARG00000091098	492.057	287.61	18.5581	536.114	214.66	10.5333	2.5252	0.856192	2.82073
ENSDARG00000091111	8.65848	1.78288	0.76714	0.277662	0	0	0.324174	0.295613	0
ENSDARG00000091115	51470.6	38360.9	2732.82	42398.4	21346.4	1369.42	36.5281	54.7384	141.659
ENSDARG00000091124	6.38229	1.36547	1.88733	3.49052	1.07568	0.694796	0.780292	0.581785	0.362634
ENSDARG00000091131	1.28041	0.824229	0.758367	0.51664	1.07457	0.465596	1.4797	0.920111	0.382956
ENSDARG00000091137	50.646	27.8787	2.34501	22.4482	14.036	2.24846	0	0.0707841	0.0608314
ENSDARG00000091145	11328.5	5715.49	414.394	96287.6	57094.9	2197.86	211.47	115.417	325.022
ENSDARG00000091150	21.5808	22.9021	16.9286	9.97391	12.3709	13.3654	16.2568	5.87968	2.72229
ENSDARG00000091157	1.27672	4.22129	2.39446	1.63465	1.94417	3.64845	2.78025	1.97182	2.16072
ENSDARG00000091176	19.1041	5.50039	0.0873545	17.0809	3.60018	0.120605	0	0.0461234	0.364019
ENSDARG00000091178	2.2544	1.16732	0	0.311786	0	0	0	0	0
ENSDARG00000091187	1.54546	1.86633	1.75353	1.09066	1.28992	1.32734	2.82006	1.01357	0.476589
ENSDARG00000091201	3.44027	4.55492	1.90052	3.34278	2.43114	0.954916	2.65414	0.213056	0.425278
ENSDARG00000091205	61.0549	54.9847	41.148	15.7599	12.4197	8.31223	17.3253	25.9435	26.0229
ENSDARG00000091208	0.950218	0.861353	1.00658	0.388701	0.961139	0.926771	0.636928	0.572785	0.419478
ENSDARG00000091214	1.11739	0.640056	0.0203106	0.563896	0.126073	0.0132258	0.0106849	0	0.0392161
ENSDARG00000091227	0.14194	0.6549	0.172876	1.38701	4.87201	2.37163	14.2885	8.2772	21.5599
ENSDARG00000091228	2.98613	2.52699	2.91336	1.31516	2.239	1.96562	2.56852	1.18975	0.115895
ENSDARG00000091229	1.74728	0.604569	0.509387	0.913403	0.404685	0.344964	0.411315	0.233245	0.0915415
ENSDARG00000091241	1.69939	0.891232	0.399253	0.7749	0.239508	0.88462	1.16545	0.402552	0.0899133
ENSDARG00000091245	8.70828	9.53284	9.56938	2.51072	3.60504	3.63398	8.94062	5.5383	3.28209
ENSDARG00000091265	91.0783	81.1943	72.4927	68.5012	20.7964	19.5426	36.3296	36.6139	57.1613
ENSDARG00000091271	5.53749	5.56567	5.05763	3.41075	4.06684	4.70956	4.95232	2.54454	1.86212
ENSDARG00000091276	44.9659	14.4727	0.3346	48.7591	13.7946	0.205384	0.0970918	0.0810918	0.649829
ENSDARG00000091293	10.1467	19.0511	11.1469	1.69622	2.46191	2.64513	11.6129	8.25699	3.71255
ENSDARG00000091305	4.28924	3.84877	4.72573	2.07623	3.2748	2.74283	4.50122	2.52581	1.65278
ENSDARG00000091312	11343.3	5715.49	414.394	96163.3	57106	2197.86	211.47	115.417	325.022
ENSDARG00000091326	1.35463	2.37512	1.52904	1.14841	1.36459	1.73893	4.75325	3.41881	3.17833
ENSDARG00000091342	2.06273	1.81398	2.02654	1.06735	1.35113	2.00024	2.26723	1.4839	1.01617
ENSDARG00000091343	2.1809	0.15667	0.0803264	0.924026	8.25684	5.30807	23.6403	10.3574	59.3512
ENSDARG00000091348	4.79162	6.38993	5.48619	1.02924	1.74416	1.77073	4.14838	2.13651	1.31445
ENSDARG00000091351	12.4331	15.6089	6.75135	3.18181	2.43842	5.67677	4.41594	7.15308	3.71377
ENSDARG00000091364	2.53776	1.31545	0.000475333	0.732076	0.134375	0	0.157667	0.016969	0.00621349
ENSDARG00000091367	6.21555	9.07513	4.88607	6.01913	5.60095	5.4	6.25309	3.97876	1.86641
ENSDARG00000091376	1.31176	1.72362	2.10646	1.28704	1.09469	1.9924	2.68068	1.05806	0.491755
ENSDARG00000091382	17.8228	3.38155	2.53247	7.9402	2.48184	0.0580627	4.13908	0.00767696	1.22072
ENSDARG00000091385	2.12129	2.70437	2.41394	1.62229	1.38299	1.43864	8.40931	2.41184	3.03676
ENSDARG00000091387	1.49002	2.33484	4.10683	1.21156	1.77133	1.71027	2.95403	1.86639	0.903602
ENSDARG00000091397	4.83379	8.7004	4.58092	1.68483	1.79591	5.24023	3.27306	2.53251	0.563274
ENSDARG00000091401	20.5451	10.0332	8.13153	5.93441	4.00925	3.55071	4.97232	3.00649	2.21489
ENSDARG00000091409	3.53702	6.79595	5.7945	1.74518	2.41685	2.75814	2.80794	1.72091	1.2294
ENSDARG00000091418	2.68723	3.6476	3.23753	0.483725	1.00007	0.887442	2.12567	0.774634	0.412033
ENSDARG00000091419	10.8959	3.13119	0.46185	1.89218	0.565421	0.335738	0.429619	0.182538	0.162203
ENSDARG00000091423	25223.7	17286.8	2803.34	24589	13827.9	768.201	162.155	129.993	43.1131
ENSDARG00000091432	8.04034	1.55168	0	5.19052	0.678626	0	0.00166429	0.0306347	0.0943223
ENSDARG00000091433	1.4817	2.29808	1.14968	0.92681	1.2133	1.2687	0.672219	0.49913	0.465826
ENSDARG00000091442	1.68664	1.56614	1.00322	0.963131	1.7079	1.48738	3.03922	1.42008	1.62552
ENSDARG00000091446	85.0454	31.3433	17.8793	63.5171	10.7315	6.15368	14.4706	8.21947	5.88172
ENSDARG00000091448	8.91112	11.2984	11.5442	3.38626	5.2639	6.21865	13.2992	6.80154	3.45671
ENSDARG00000091491	2.41599	0.340386	0.0103268	1.03321	0.165636	0.0033641	0	0.000386445	0.0467241
ENSDARG00000091501	11343.3	5715.49	414.394	96163.3	57106	2197.86	211.47	115.417	325.022
ENSDARG00000091502	79.5798	27.989	0.896053	73.0872	16.8381	0.568211	0.0724494	0.270432	1.17976
ENSDARG00000091512	4.06642	6.71464	6.32221	2.40531	2.55176	2.74567	7.40819	3.94852	2.15903
ENSDARG00000091521	1.45256	2.36348	3.46002	1.03285	0.797569	0.811284	2.57661	2.54384	1.78879
ENSDARG00000091523	1.60165	0.403985	0.0640467	1.04321	0.874254	0.00409496	0.0858891	0.00672541	0.0405782
ENSDARG00000091524	2.62246	0.869169	0.0288372	2.06975	0.37061	0.00968224	0.0171862	0.03	0.0319771
ENSDARG00000091525	8.34438	8.97659	19.8346	2.21958	2.43334	3.39666	8.3278	10.6757	7.30471
ENSDARG00000091528	15.1562	11.9959	6.69047	3.7634	3.65081	2.53156	6.89377	4.45345	2.96831
ENSDARG00000091535	0.619527	0.472188	0.179496	0.0406554	0.113062	0.308936	0.576392	0.304984	0.140364
ENSDARG00000091537	2.76428	1.3909	2.72606	1.0685	1.18019	1.92878	2.77715	1.80102	0.559371
ENSDARG00000091538	1.13083	1.50638	2.41254	0.985447	2.031	0.94944	3.02086	1.01048	0.870083
ENSDARG00000091554	2.35575	3.14749	3.07455	3.07701	6.43152	4.24248	4.50233	1.90235	2.13887
ENSDARG00000091555	1.08385	1.78159	1.77604	1.13356	1.51597	1.62109	3.46604	1.96773	1.56745
ENSDARG00000091558	1.92402	3.04524	3.37037	0.757783	0.62317	0.966533	0.533799	0.60511	0
ENSDARG00000091563	11.4837	11.6865	6.18905	5.18361	4.17703	5.05451	4.81779	3.25967	3.02111
ENSDARG00000091595	9.676	13.7446	11.5169	5.94845	7.5909	9.57088	15.1793	9.57685	5.49848
ENSDARG00000091602	0.77733	0.486195	0.319962	0.455831	0.391513	0.588067	0.941403	0.577736	0.276607
ENSDARG00000091610	0.358963	1.46269	0.617793	0.840563	0.481161	0.720926	0.519564	0.0814781	0.354532
ENSDARG00000091628	4.92348	5.04105	4.24945	1.06616	1.32769	1.09163	1.94568	0.909885	0.778083
ENSDARG00000091631	9.04708	5.85976	4.29317	1.54277	1.6305	2.15551	1.46007	0.695395	0.259349
ENSDARG00000091642	36.1875	45.0542	36.1271	12.1926	10.9181	13.6302	15.1709	7.94531	5.36521
ENSDARG00000091643	2.24715	3.33469	2.56892	0.218725	0.258264	0.585336	0.677051	0.204813	0.173473
ENSDARG00000091644	2.2414	0.754591	5.20232	1.55695	1.43157	2.61936	6.60353	4.57592	1.7024
ENSDARG00000091652	5.43345	6.68688	5.98475	3.02213	4.13738	4.41701	6.35475	3.91513	2.07011
ENSDARG00000091659	0.569006	0.0319112	0.00954316	0.342547	0.0668357	0.0171836	0	0	0
ENSDARG00000091664	38734.1	27807.9	3017.79	24975.5	13794.8	683.455	56.2867	0	125.143
ENSDARG00000091667	22.8874	26.4776	14.3054	7.0848	8.72098	9.8796	12.1068	8.36817	6.2389
ENSDARG00000091671	2884.54	1973.54	162.767	25822.9	12212.4	438.694	64.4591	35.1892	112.734
ENSDARG00000091678	8.74612	11.9543	7.64161	1.89903	3.20205	2.82772	9.26347	1.78626	0.316006
ENSDARG00000091689	10.4635	0.976867	0.133283	2.96878	0.534571	0	0.143049	0	0
ENSDARG00000091691	2.2917	5.01593	3.09525	0.854073	0.926403	0.939648	2.69369	0.491285	0.916385
ENSDARG00000091699	1.07795	0.930937	1.38885	0.563782	0.483517	1.17131	1.27965	0.622517	0.151358
ENSDARG00000091714	0.257618	0.321089	0.247514	0.456169	0.132728	0.468606	0.938552	0.847267	0.397778
ENSDARG00000091717	0.508407	0.770391	0.586711	0.244469	0.462188	0.597303	1.8788	0.434416	0.199648
ENSDARG00000091728	39.2378	30.2968	29.0983	23.3098	17.4395	9.78779	36.3754	31.6621	31.5465
ENSDARG00000091729	0.706201	1.87036	1.08697	0.813885	0.665509	0.903479	0.747568	0.539576	0.202991
ENSDARG00000091737	2.24297	3.91811	3.68259	1.55415	2.4625	2.59357	4.07445	1.83249	0.95805
ENSDARG00000091738	181.351	411.47	623.186	18.0998	30.0482	20.2089	75.8467	178.135	107.155
ENSDARG00000091744	1360.78	1813.07	2094.82	2400.17	5095.76	4353.92	21036.8	22615.3	12854.5
ENSDARG00000091753	12.1741	3.01479	0.0436043	10.2053	2.18698	0.0953897	0	0.00588524	0.183081
ENSDARG00000091754	15.6762	7.34794	7.94995	6.4628	5.6817	1.93822	9.40327	4.37291	0.614424
ENSDARG00000091760	14.444	18.6571	13.5529	6.03729	6.23439	8.23345	7.76203	4.43988	2.74211
ENSDARG00000091761	11343.3	5715.49	414.394	96163.3	57106	2197.86	211.47	115.417	325.022
ENSDARG00000091765	0.396582	0.109907	2.68431e-12	0.217833	0.0831778	1.19224e-33	0.00194358	1.1209e-10	4.96488e-08
ENSDARG00000091766	1.78279	2.21409	2.0304	0.849745	0.49257	0.775002	0.701889	0.464254	0.405438
ENSDARG00000091770	14.8356	24.5944	23.2983	3.59432	1.8672	2.63558	5.90063	10.3653	6.30006
ENSDARG00000091771	3.96692	3.46854	3.9668	1.40174	1.15174	2.02928	4.45171	2.08494	1.14993
ENSDARG00000091777	2.01185	1.58595	1.92195	1.2569	0.549063	2.3613	5.11144	2.83676	2.6685
ENSDARG00000091784	4.12197	8.428	9.43859	2.48932	2.88608	2.59425	8.82316	4.43263	3.95411
ENSDARG00000091789	2375.98	3787.48	6411.75	3323.42	6704.8	8470.03	31146.3	35744.9	30425.3
ENSDARG00000091798	6.44884	2.63333	0.10113	8.24355	2.11726	0.0687172	0	0.0753031	0.0993154
ENSDARG00000091799	0.566915	0.4089	0.727951	0.337227	0.277003	0.507102	0.842595	0.238203	0.164861
ENSDARG00000091804	1.86402	0.228443	0	0.321026	0.105525	0	0	0	0
ENSDARG00000091813	6.55205	10.4138	8.73645	1.52704	1.58837	1.99174	2.03321	0.957485	0.464773
ENSDARG00000091816	6.39036	6.91123	5.52576	3.81678	4.57538	6.05126	9.94141	4.58597	2.23269
ENSDARG00000091831	7.75705	9.11861	6.18974	3.07384	2.89159	2.38189	4.15008	2.58542	1.28673
ENSDARG00000091855	69454.6	49966.9	3009.58	136272	77954.3	3057.23	355.399	192.868	296.494
ENSDARG00000091872	6.67274	9.01886	6.15451	2.26269	3.16883	4.37337	3.38824	1.89143	1.98286
ENSDARG00000091902	7.55179	8.17105	8.02052	2.59605	3.20609	3.79188	10.1709	4.09071	3.04775
ENSDARG00000091931	27.6163	21.5711	17.8256	9.7684	9.11584	8.92761	7.68258	3.67332	1.85557
ENSDARG00000091945	2.53901	0.50683	0.0560972	1.02736	0.152424	0	0.29264	0.00720569	0.0123034
ENSDARG00000091947	0.884958	0.605649	0.407151	0.44613	0.317131	0.692948	0.998216	0.404365	0.104362
ENSDARG00000091952	5.10112	5.29349	4.54929	5.51197	2.42737	4.31934	3.10266	0.879082	0.413261
ENSDARG00000091953	1.23429	0.523884	0.0021232	2.20602	0.377861	0.0909724	0	0	3.8595e-05
ENSDARG00000091965	0.802944	1.4694	2.06481	0.693991	0.655101	0.360361	0.0594997	0.210841	0.196621
ENSDARG00000091967	24.8676	23.9593	15.7676	7.56799	6.86104	8.29246	9.6747	3.80295	2.13893
ENSDARG00000091968	17.2101	2.34955	0	4.44164	0.708556	0.461671	0.153829	0	0.261012
ENSDARG00000091971	32.6262	6.97674	0	16.252	4.20231	0	0	0	0
ENSDARG00000091982	4.10278	3.53159	1.4597	0.690362	1.64616	2.62282	6.53646	1.63068	0.894581
ENSDARG00000091987	13.0843	3.62681	0.366192	17.3664	4.80289	0.360423	0.23722	0.375099	0.306383
ENSDARG00000091991	0.569269	0.0028316	0.0438957	1.41766	0.297667	0.0150823	0	0	0
ENSDARG00000091994	4.94772	0.994383	0	2.78358	0.509053	0	0	0.0104318	0.0163
ENSDARG00000092000	3.72113	0.399208	0.00887303	2.57755	0.781887	0.00242449	0.089066	0.0630105	0.169543
ENSDARG00000092018	4.15212	2.13832	5.36398	1.41198	0.622711	1.07989	4.21662	2.26882	0.357988
ENSDARG00000092026	1.19268	3.1696	3.22483	0.908559	0.536047	1.46538	2.71471	1.53174	1.07074
ENSDARG00000092057	2.62149	1.6844	3.5919	2.46062	2.53859	7.11242	2.13923	1.04052	0.284074
ENSDARG00000092080	10.6381	2.52546	0.110171	4.34914	1.02641	0	0	0.00295485	0.0777625
ENSDARG00000092088	3.54021	1.14103	0.750308	0.808727	0.377378	0.566293	0.560944	0.299313	0.0494563
ENSDARG00000092098	1.21917	0.373568	0.13193	0.352569	0.186618	0.0620786	0.189321	0	0
ENSDARG00000092100	438.788	139.525	0.856965	156.866	65.3454	3.62458	0	0	2.31051
ENSDARG00000092112	7.10121	13.1842	8.68676	1.98344	2.64916	2.45897	1.83983	1.68519	1.43327
ENSDARG00000092115	146.133	113.674	101.727	27.8207	24.0861	28.8621	33.9189	12.2695	7.22817
ENSDARG00000092119	10.4179	8.29399	8.25188	7.47885	8.15477	10.1969	13.3456	7.45949	5.73854
ENSDARG00000092128	2.51904	0.874449	0.215554	2.09791	0.742939	0.153564	0.39046	0.308962	0.0891085
ENSDARG00000092134	1.3896	1.56615	1.34929	0.930992	1.31684	0.935638	1.9682	0.827404	1.08039
ENSDARG00000092136	5.04387	3.8	1.58509	1.32927	0.856651	1.91235	1.9552	0	0.654906
ENSDARG00000092145	3.39469	1.17582	0.0325846	2.24762	0.661442	0	0	0.0256504	0.014969
ENSDARG00000092153	0.969372	0.141272	0	0.311156	0.17708	0	0	0.0292429	0
ENSDARG00000092158	3.86284	5.9501	4.9586	1.03383	1.45373	0.792678	2.05617	0.587771	1.08439
ENSDARG00000092164	39.1221	8.25674	0.616502	21.2569	4.98827	0.103832	0.106317	0	0.0990389
ENSDARG00000092169	0.842882	1.30037	0.469019	0.674655	0.837432	0.762427	1.39845	1.15367	0.656731
ENSDARG00000092173	5.38069	6.75826	10.4416	2.80688	4.40993	4.5065	4.58827	3.35883	3.99648
ENSDARG00000092175	1.47441	0.0791838	0	0.0142117	0.00860292	0	0	0	0
ENSDARG00000092181	32.7704	35.7676	29.9378	16.1325	19.3758	24.995	37.4868	21.3366	12.7529
ENSDARG00000092184	1.38774	0.616629	0.42229	0.673134	0.0955825	0.388958	0.167482	0.2952	0.18342
ENSDARG00000092190	2.4386	0.544042	0.0888893	2.98219	0.803137	0	0	0.0425248	0.110842
ENSDARG00000092219	7.59524	4.79287	7.21343	5.0121	2.04345	3.91082	7.43912	1.77864	0.737216
ENSDARG00000092265	55.4107	19.8806	0.249195	87.7433	29.0719	0.71682	0.0121607	0.11814	0.817479
ENSDARG00000092278	5.40672	4.2117	0	0.944923	0.923248	0	0	0	0
ENSDARG00000092290	2.50064	4.04058	4.42318	1.7146	1.94354	1.76638	5.51471	2.83412	0.955074
ENSDARG00000092291	8.14431	3.37732	0	1.89133	0.732934	0.0724298	0	0	0
ENSDARG00000092310	2.35365	4.98901	4.37455	4.06888	4.50828	4.08328	6.81588	2.15052	1.44849
ENSDARG00000092314	1.39725	0.272146	0.0547947	1.03337	0.0851697	0	0.0287314	0.00418845	0.0648606
ENSDARG00000092329	1.72062	0.547678	0.336273	3.83361	0.65944	0.725238	0.47582	0.00124402	0.118182
ENSDARG00000092332	1.89868	3.14819	1.57847	0.887155	0.261999	0.321093	0.971908	0.907291	0.382363
ENSDARG00000092333	1.57849	1.31021	0.970892	0.597028	0.59931	1.76863	0.90442	1.22965	0.686364
ENSDARG00000092337	11.9659	3.86866	0	2.96285	1.55436	0.252695	0	0	0
ENSDARG00000092342	0.659536	0.142787	1.32392e-05	0.156485	0.0750298	0	0.0391169	0	0
ENSDARG00000092344	0.661728	1.36856	0.121874	0.482477	0.765254	0.32949	2.44039	1.98576	0.983309
ENSDARG00000092347	1.22553	0.602188	0.494309	0.419339	1.02418	0.703679	1.39062	1.28194	0.877291
ENSDARG00000092377	8.61371	11.1507	7.07185	2.03026	2.1659	2.75071	6.16617	3.01227	2.50254
ENSDARG00000092383	1.66394	2.69663	2.256	0.605606	0.286927	0.432567	0	0	0.116385
ENSDARG00000092394	3.17404	3.33351	3.16986	1.68273	1.4883	1.92314	3.40201	1.17469	0.820935
ENSDARG00000092441	5.60962	2.19015	0.0441743	0.316264	0.047488	0	0	0	0
ENSDARG00000092445	0.763263	0.653373	1.71849	1.08886	1.55636	2.90338	2.07014	1.05985	1.71696
ENSDARG00000092457	3.07914	0.944984	0	0.249905	0	0	0	0	0
ENSDARG00000092463	1.46239	3.73756	2.67508	2.20733	1.35454	2.68943	4.05138	2.58309	1.53462
ENSDARG00000092464	4.8498	5.19375	4.6483	1.7601	0.753819	1.7403	4.44786	1.889	0.794738
ENSDARG00000092467	2.43934	2.92235	1.8651	0.758827	0.617718	0.736026	1.66091	1.51435	0.783998
ENSDARG00000092473	2.77143	1.74353	2.80208	0.840442	0.991384	1.00025	0.849493	0.996646	0.424509
ENSDARG00000092475	1.40899	0.328565	0.159892	3.43112	0.824756	0.0963584	0.000834938	0.00367199	0.0230423
ENSDARG00000092483	0.218318	0.561169	0.22747	1.09937	0.504915	1.79377	0.812288	0.426603	0.235457
ENSDARG00000092493	5.91045	5.18259	2.66136	1.9012	1.47004	1.72992	3.8103	1.52548	0.737529
ENSDARG00000092498	2.82531	1.76814	1.44008	1.14435	1.28392	2.55727	3.59813	2.61439	1.2869
ENSDARG00000092503	0.69939	0.65461	0.821211	0.206473	0.277742	0.239069	1.08458	1.03475	0.874405
ENSDARG00000092508	7.44022	7.61552	4.3878	2.07922	2.34079	2.67865	2.17235	0.577473	0.519411
ENSDARG00000092519	0.537059	0.623904	1.42682	0.341692	0.329049	0.163694	1.21283	0.221894	0.128971
ENSDARG00000092546	18.1941	20.6356	21.9956	11.4093	10.3907	15.3092	15.0219	7.0794	4.17882
ENSDARG00000092553	77.3401	63.6633	53.7603	37.6457	29.3291	33.6901	39.9163	18.4928	13.2329
ENSDARG00000092556	0.379298	0.828384	2.08207	0.243195	0.226459	0.372573	0.592844	0.396802	0.113316
ENSDARG00000092561	4.27971	1.53482	0.245849	2.34062	0.423371	0.160215	0	0.223046	0.0672483
ENSDARG00000092566	0.00219873	10.1259	0.000304935	2.52062	2.13234	6.0621	9.13283	3.2706	1.90385
ENSDARG00000092596	1.91458	0.531108	0.11185	1.47189	0.430491	0.292355	0.318052	0.00159409	0.117863
ENSDARG00000092605	1.1719	0.396731	0.222366	0.936717	0.456401	0.636315	0.363066	0.24105	0.112338
ENSDARG00000092609	4.72559	6.63167	4.45904	0.759595	0.698543	0.9906	2.41047	1.78934	0.886487
ENSDARG00000092610	6.02344	7.05176	7.8977	3.18212	3.36648	4.89913	9.74971	4.42794	1.95529
ENSDARG00000092611	4.58504	5.84608	5.61639	3.06705	3.49994	4.12352	5.77132	2.78559	1.10014
ENSDARG00000092618	1.78051	0.356493	0.0352323	1.3886	0.115711	0	0.0392338	0.00572497	0.0887091
ENSDARG00000092620	1.56626	0.470152	0.188635	1.10723	0.483972	0.888679	0.648331	0.329233	0.0958585
ENSDARG00000092644	0.845338	1.77036	0.178552	0.402992	0.478633	0.387887	1.64562	1.00469	0.310018
ENSDARG00000092651	2.23299	1.75458	2.25444	2.1733	2.16625	2.27462	4.7576	2.14003	0.833437
ENSDARG00000092659	0.905314	0.347427	0.50827	0.348427	0.330416	0.173793	0.618012	0.157261	0.0932195
ENSDARG00000092669	43.3227	3.4836	0	6.84346	0.377435	0	0	0	0
ENSDARG00000092673	1.73256	0.105055	0	0.344019	0	0	0	0	0
ENSDARG00000092693	21.8134	17.0035	16.981	16.6827	18.7899	20.4014	27.8409	10.4583	7.12007
ENSDARG00000092743	69.4267	50.974	50.6572	45.2867	23.4324	21.2799	60.271	52.7502	57.0334
ENSDARG00000092746	1.98387	2.8843	1.30118	0.969777	0.815208	1.36831	0.516505	0.369694	0.335839
ENSDARG00000092761	5.01998	0.567262	0	0.654062	0.177621	0.0870907	0	0	0
ENSDARG00000092765	1.71378	0.414288	0.0608784	0.622354	0.199107	0.318137	0.192752	0.103871	0.0352923
ENSDARG00000092767	1.60541	0.327825	0.0546244	1.31439	0.0845101	0	0.0374147	0.00520138	0.0789972
ENSDARG00000092768	6.04883	7.95256	5.89438	1.63232	1.95263	2.17801	6.52643	2.32694	2.14413
ENSDARG00000092774	1.19807	1.47987	0.982126	0.635857	0.34545	0.387001	0.336995	0.0919182	0.0416279
ENSDARG00000092776	3.20354	3.46783	2.23931	0.738213	0.998451	1.51384	2.79146	2.58965	1.20855
ENSDARG00000092784	1.405	0.539534	0.0578301	1.53513	0.307564	0.197285	0.0252201	0.204991	0.0745144
ENSDARG00000092798	28.1987	38.8673	39.3327	11.0244	12.6564	17.675	11.2717	5.32136	4.61467
ENSDARG00000092807	55.1898	36.2949	34.8542	9.35044	6.93454	6.30399	11.6291	5.29756	3.55492
ENSDARG00000092810	1.69549	1.83175	1.57225	0.822681	1.13279	1.21058	2.25768	1.87102	0.382543
ENSDARG00000092816	1.40526	0.584258	0.974016	0.624618	0.781886	0.610527	0.904998	0.326983	0.749499
ENSDARG00000092817	0.766615	0.0938902	0	0.560102	0.211526	0	0.0681105	0.0319219	0.0103218
ENSDARG00000092846	1.92234	1.53809	0.944403	0.946819	0.618157	0.210657	0.201657	0.264406	0.0792798
ENSDARG00000092849	1.57598	1.751	0.78345	1.37993	0.317951	0.533433	0.82625	0.596987	0
ENSDARG00000092856	3.88303	6.76841	3.90792	4.19748	3.05873	4.16949	4.18708	1.09451	1.03643
ENSDARG00000092870	3.86351	5.04458	1.6489	0.435426	0.620377	0.422554	0.381777	0.295258	0.12926
ENSDARG00000092875	6.26184	0.729961	0	1.32358	0.389491	0.0962608	0	0	0
ENSDARG00000092882	0.764657	0.556188	0.599657	1.25529	1.48055	0.812515	1.53748	0.706248	0.370399
ENSDARG00000092885	7.14807	8.12282	9.63541	3.87886	4.67006	6.70776	18.1733	9.00456	2.90148
ENSDARG00000092886	1.46504	0.306503	0.0437001	1.84967	0.41425	0.0821156	0	0.0258049	0.0246221
ENSDARG00000092887	2.4836	1.3392	2.46268	2.39659	3.42121	3.97869	4.18887	3.77086	0.614273
ENSDARG00000092895	6.2825	6.23584	4.80949	1.26208	2.3342	1.00263	1.43712	1.00522	0.14528
ENSDARG00000092900	58.6971	26.8599	2.33904	8.01356	4.31363	0	0	0	0
ENSDARG00000092917	1.97959	1.46631e-05	0.0898166	0.239381	0.114725	0	0.104112	0	0
ENSDARG00000092919	1.03736	1.06773	1.60195	0.504733	0.534306	1.09482	1.69657	0.406267	0.856863
ENSDARG00000092924	12.3971	17.3832	17.0152	6.85916	10.2875	15.0418	27.8269	11.2703	5.45698
ENSDARG00000092932	1.66559	2.08174	1.3947	0.999929	1.32791	1.46239	3.10384	1.91683	0.739342
ENSDARG00000092942	0.949081	0.238949	0	0.573538	0.296518	0.151816	0.440837	0.144772	0.0457064
ENSDARG00000092960	0.695519	1.12268	0.962228	0.531884	0.176235	0.615247	0.877454	0.321449	0.462095
ENSDARG00000092971	3.0652	4.99548	5.05952	1.89293	2.11902	2.72272	3.43529	2.62304	1.51266
ENSDARG00000092979	3.43123	3.02307	4.31301	1.94039	1.57277	2.37231	3.6085	2.1873	0.867291
ENSDARG00000092998	1.74904	2.60159	3.18926	0.770722	1.22574	1.16311	1.40499	1.06054	0.295706
ENSDARG00000093007	4.2319	4.22943	2.84954	2.56466	1.10034	2.32316	0.953407	0.191182	0.0795971
ENSDARG00000093022	7.33208	6.89619	7.72729	2.36882	3.10611	2.64449	4.42167	1.72599	1.93085
ENSDARG00000093037	1.45719	0.641259	0.179542	0.801726	0.288187	0.0948648	0.569756	0.22976	0
ENSDARG00000093058	16.4479	14.943	12.9588	3.87994	2.46901	4.59455	5.40509	1.60185	0.82809
ENSDARG00000093070	1.61817	0.937036	0.0681589	0.616713	0.499008	0.440732	0.122237	0.115225	0.159548
ENSDARG00000093071	17.274	12.7231	9.84521	7.55812	6.06919	0.822806	2.16502	3.19261	8.25526
ENSDARG00000093093	0.541956	0.557497	0.365485	0.12686	0.354864	0.198406	0.709739	0.427812	0.326906
ENSDARG00000093110	3.67025	0.821855	0.00245469	4.23267	1.22544	0.156453	0.0757232	0.309181	0.258733
ENSDARG00000093115	14.8454	4.16726	0	1.68867	1.00186	0	0	0	0.0888408
ENSDARG00000093120	0.756646	0.872204	0.634096	0.382551	0.534186	0.319511	0.772202	0.592059	0.240294
ENSDARG00000093125	5.64282	10.01791	6.35568	2.00121	7.16050	2.14142	9.04079	10.35053	6.67447
ENSDARG00000093129	44.1435	20.1112	2.35016	42.2432	17.5866	2.56948	0.242046	0.105334	0.313797
ENSDARG00000093133	12.4203	15.9129	21.0185	9.88629	19.0316	23.1747	44.6087	22.3175	11.4405
ENSDARG00000093166	1.7209	3.24151	1.82114	0.801719	2.4385	1.21078	6.45387	3.05991	4.14782
ENSDARG00000093176	21.5922	24.7969	31.4102	15.4999	15.4177	23.9488	18.6207	11.898	8.96691
ENSDARG00000093182	2.08129	2.5295	2.42533	1.42528	1.64362	2.02743	3.59415	0.86063	0.555917
ENSDARG00000093195	15.2563	13.4531	15.786	9.05998	8.07387	8.2557	16.7496	15.206	17.178
ENSDARG00000093201	5.27366	8.77026	6.75087	3.87935	5.68718	3.8736	10.6751	8.48509	3.77024
ENSDARG00000093216	6.79947	10.2596	8.25004	4.61936	6.00781	6.19779	17.0398	7.47681	4.15138
ENSDARG00000093220	47.5045	17.3162	0.28041	40.2948	12.9088	0.0364291	0	0.120187	0.754345
ENSDARG00000093236	1.5953	0.542771	0.136783	2.17496	0.614232	0	0.0222823	0	0
ENSDARG00000093241	5.56714	3.05493	2.31925	2.31096	1.13696	2.2996	2.55092	1.50803	0.132653
ENSDARG00000093253	0.505107	0.684789	1.27891	0.162726	0.493006	0.405836	0.722886	0.193616	0.0440184
ENSDARG00000093255	42.5066	50.9527	65.0795	24.0754	27.5655	38.7133	98.2163	50.9425	14.2717
ENSDARG00000093259	42.0771	15.0467	0.300289	32.7413	10.947	0.681836	0.022135	0.196519	0.172789
ENSDARG00000093268	1.75869	0.355061	0.0352125	1.39906	0.116557	0	0.0389495	0.00567128	0.0879265
ENSDARG00000093281	7.11006	12.80348	9.58922	5.75028	9.68734	7.58153	10.55306	7.57366	5.11746
ENSDARG00000093284	18.7377	1.10747	0	7.34135	1.95274	0	0	0	0
ENSDARG00000093293	1.07164	0.265605	0.0585427	0.321763	0.0354341	0	0.13681	0.0225817	0.00126789
ENSDARG00000093327	0.353279	0.639448	2.7179	0.360631	0.168158	0.174662	0.611772	0	0
ENSDARG00000093353	91.6041	115.56	150.776	45.9471	59.6883	101.285	209.391	93.7909	32.913
ENSDARG00000093358	4.0981	4.75606	2.13492	0.489984	0.728274	0.756962	1.09391	0.580191	0
ENSDARG00000093368	0.978974	0.276855	0.0723338	0.392835	0.180428	0	0.00597414	0	0.00435229
ENSDARG00000093374	17.49838	36.22620	18.47335	2.23586	13.15875	17.85351	33.25454	13.64950	11.13957
ENSDARG00000093406	5.7322	4.3592	4.67055	3.15991	2.13204	2.5157	5.07482	1.68588	1.40882
ENSDARG00000093414	2.68277	0	0	1.14827	0	0	0.407701	0	0
ENSDARG00000093424	1.27601	0.995763	0.0137031	3.11273	0.638607	0.0192496	0.36876	0.0399278	0.0490509
ENSDARG00000093437	0.613489	1.55166	0.643431	0.230371	0.584217	0.747827	1.29086	1.35997	0.961821
ENSDARG00000093469	6.00943	4.49915	6.62276	2.37062	2.49135	2.87665	3.8881	1.94451	1.28368
ENSDARG00000093500	0.426137	0.0544975	0.00928498	0.403534	0.0969763	0.00557093	0.0139746	0.000787573	0.0411659
ENSDARG00000093503	24.4619	24.4587	13.5103	6.77755	6.90739	4.71407	6.1012	2.82108	1.47195
ENSDARG00000093544	28.7099	6.26612	0.0920786	42.4745	6.80492	0.163103	0	0.0155863	0.454013
ENSDARG00000093549	0.648212	1.20629	0.644024	0.168628	0.157959	0.282969	0.105037	0.109395	0.148225
ENSDARG00000093563	0.274912	0.0656995	0.176886	0.619131	0.515258	0.816254	2.23589	0.73639	0.5562
ENSDARG00000093604	8.29517	16.4178	14.8559	5.16885	11.8098	11.6311	22.5706	8.2987	6.45165
ENSDARG00000093615	3.04566	0.927458	0	0.655873	0.0438313	0	0	0	0.0318403
ENSDARG00000093658	3.94119	5.61591	9.89281	1.81848	3.45893	2.92221	3.13331	2.22353	1.18993
ENSDARG00000093660	1.38859	0.255868	0.526141	0.0499876	0	0	0.0360107	0.0328992	0.0299756
ENSDARG00000093661	2.71919	2.83924	2.48419	0.788235	0.561281	0.802975	2.63543	1.42409	0.677532
ENSDARG00000093684	0.136412	0.99193	0.192853	0	0.0872426	0.180353	0.0708614	0.290179	0
ENSDARG00000093704	17.0943	14.3714	18.8217	3.46155	7.92658	10.7662	12.9513	8.88256	4.04959
ENSDARG00000093722	5.64975	3.33904	1.42371	5.30681	2.24575	1.90483	2.38961	1.3353	0.7197
ENSDARG00000093725	0.752038	1.26024	1.48746	0.648316	1.26739	1.31728	1.55209	0.56579	0.45367
ENSDARG00000093756	18.5303	4.15517	3.39446	4.88913	2.03994	1.80572	10.5611	1.84169	2.63668
ENSDARG00000093764	6.6997	1.69762	0	2.27661	1.108	0	0	0	0.670806
ENSDARG00000093768	4.59851	0.809623	0	0	0	0.216309	0.598574	0.294949	0
ENSDARG00000093781	0.475174	0.395731	0.640704	0.144339	0.0235976	0.118173	0.204165	0.0813026	0.0184346
ENSDARG00000093787	20.3908	7.23033	0	12.955	3.439	0.123205	0	0	0.10972
ENSDARG00000093789	3.77042	0.660737	0.013409	1.76477	0.502637	0.087367	0	0	0.00767883
ENSDARG00000093792	0.972273	0.0196986	0	0.93174	0.403939	0.131893	0.0798646	0.07932	1.79473e-05
ENSDARG00000093802	3.35504	2.21189	2.56978	1.67014	1.5119	1.25303	1.18334	0.98413	0.153131
ENSDARG00000093821	0.181809	3.24065	0.694807	0.952048	0.163465	0.159586	0.675025	0.505496	0
ENSDARG00000093823	1.10885	0.637457	0.745451	0.675917	0.307632	0.254686	0.185696	0.234979	0.171078
ENSDARG00000093833	7.66039	8.3848	8.81778	2.21575	2.86379	3.3795	4.10906	2.94206	1.19032
ENSDARG00000093846	2.32939	1.11063	0	0.583523	0.0942132	0	0	0	0
ENSDARG00000093864	12.0673	3.44543	0.932165	4.40541	0.996162	0.791782	0.480335	0.70443	0.551731
ENSDARG00000093865	20.247	6.63762	0.184676	15.839	4.17478	0.108331	0.0242113	0.0455235	0.269215
ENSDARG00000093870	5.75529	2.91399	1.0475	3.89603	1.79902	1.8012	6.62353	1.15868	0.792541
ENSDARG00000093884	128.156	28.1926	0	35.7181	12.2473	0	0	0	0
ENSDARG00000093894	2.07716	0.821597	0.00557117	3.66574	0.506628	6.3074e-05	0.0279351	0.0251103	0
ENSDARG00000093895	1.74196	0.395846	7.6715e-08	1.15165	0.0677781	0	0.133417	0	0.178939
ENSDARG00000093903	3.15497	0.323524	0.0364243	0.943639	0.11319	0.212817	0.593332	0.18691	0.0912199
ENSDARG00000093908	1.68943	0.345739	0.033495	1.45376	0.0938105	0	0.0398059	0.00576852	0.088929
ENSDARG00000093922	11.0435	17.9491	9.97722	2.79434	3.28834	5.31803	9.83984	4.0839	2.72838
ENSDARG00000093923	1.10655	0.433577	0.0606266	0.712728	0.390775	0.0163726	0.00955925	0	0.00721603
ENSDARG00000093931	3.07264	3.65593	4.11855	2.4857	3.0155	3.53124	12.1872	7.48827	5.4118
ENSDARG00000093944	129.564	45.5568	1.20904	140.175	34.4912	1.14123	0.293756	0.333361	0.860189
ENSDARG00000093945	3.07019	3.60801	3.16731	1.16237	0.557496	1.91971	1.30155	0.46265	0.340796
ENSDARG00000093946	15.8645	14.3638	8.84147	1.3732	0.976245	0.290447	0.791286	1.02623	0.0401344
ENSDARG00000093949	2.92339	1.45647	0.274981	1.17986	0.280577	0.0349838	0.424099	0.0279248	0.0740319
ENSDARG00000093967	2.49555	0.880153	0.343564	0.374353	0.824715	0.362647	0.445242	0.0755528	0.140178
ENSDARG00000093978	3.30319	3.33199	2.5997	1.47276	2.64905	2.09326	2.92198	1.81448	2.01383
ENSDARG00000093986	1.81775	0.81592	0.00170784	0.504162	0.0517072	0	0	0	2.75172e-05
ENSDARG00000093989	1.56221	0.98207	1.62225	2.16113	1.46791	2.613	2.12807	2.43972	3.33799
ENSDARG00000093994	11.7128	2.97559	0.124205	6.94157	0.712039	0	0.0739682	0	0.16724
ENSDARG00000093999	4.77403	4.14327	2.92132	1.72052	1.05076	0.809141	1.56219	1.0674	0.22274
ENSDARG00000094008	1.5807	0.118848	0.119653	0.4559	0.0672433	0	0.0087195	0	0.00176901
ENSDARG00000094010	0.562104	0.231165	0.546938	0.450407	0.578752	0.255611	1.39895	0.667742	0.165851
ENSDARG00000094013	0.75869	0.242654	0.0003145	0.976113	0.549667	0.118119	0.372987	0.462944	2.37993e-05
ENSDARG00000094017	3.41479	0.550213	0.0641828	3.27938	0.346107	0.0418568	0.000112251	0.00429234	0.00256196
ENSDARG00000094018	4.78276	5.46031	6.84275	1.87363	3.02996	4.49154	8.12942	4.42362	2.64865
ENSDARG00000094025	2.496	0.365181	0.179654	2.04521	0.138806	0.976434	0	0.179259	0.141304
ENSDARG00000094042	1.04896	2.53254	1.28024	0.766751	0.291184	0.696843	1.20662	0.502675	0.210644
ENSDARG00000094043	2.57315	3.59082	5.5107	2.55136	2.68011	2.26132	1.12452	0.484519	0.218288
ENSDARG00000094054	1.13215	0.342411	0	1.25009	0.559756	0.400096	0.100276	0.491383	0.109057
ENSDARG00000094055	0.645129	0.701664	0.815088	0.393189	0.335309	0.445843	0.573814	0.370736	0.313726
ENSDARG00000094076	5.65436	2.005	0.278285	1.78214	0.544423	0.489504	0.21112	0.0782782	0.0321746
ENSDARG00000094081	57.7481	9.81061	0.137066	28.1514	4.65583	0.411648	0.0250151	0.0185855	0.29735
ENSDARG00000094101	2.93968	0.697806	0.0242953	2.2312	0.773546	0.0867714	0.222444	0.141088	0.110563
ENSDARG00000094107	3.29419	2.56332	2.44169	1.05863	1.33825	1.14841	1.41151	0.218719	0.318991
ENSDARG00000094109	2.15084	1.19122	0.614651	1.20025	0.719375	0.309083	0.854592	0.171881	0.238759
ENSDARG00000094154	20.0325	10.1263	10.4469	4.7166	2.6038	1.42562	4.77861	7.47748	6.88707
ENSDARG00000094160	3.66722	0.472754	0	3.22361	0.534397	0	0	0	0
ENSDARG00000094175	0.21933	0.0170781	0.000400741	0.625584	0.262459	0.0111544	0.0211611	0.00551509	0.0575519
ENSDARG00000094177	1.95882	0.965334	0.102663	3.45494	0.369233	0.0945434	0.139119	0.0558546	0.00619515
ENSDARG00000094179	6.68306	5.61831	5.90456	5.02316	2.93693	3.21584	3.28758	2.63493	1.73403
ENSDARG00000094181	1.4187	1.40703	1.13054	0.955637	0.985408	0.944235	1.89157	1.11869	0.494908
ENSDARG00000094197	2.09452	0.46502	0.0151807	1.08497	0.223771	0.020045	0.00678208	0	0.00449226
ENSDARG00000094201	8.39006	7.37165	6.04496	2.35091	3.85531	2.58167	9.8944	4.14804	3.58555
ENSDARG00000094214	10.2509	10.9705	6.73003	3.30033	1.81182	2.06945	3.41462	2.99529	2.4134
ENSDARG00000094227	2.358	0.801181	0.000213507	2.75301	0.340577	0	0	0	0.0857156
ENSDARG00000094229	7.94049	1.9613	0.108193	1.25668	0.245691	0.290652	0.465081	0.257674	0.126272
ENSDARG00000094245	0.387027	0.103377	0	0.138721	0.0670781	0.000279809	0.000502935	0	0.00891622
ENSDARG00000094249	2.4871	2.07375	1.36504	1.74427	2.84142	2.0166	3.75003	0.985199	0.855062
ENSDARG00000094267	3.60472	0.653319	6.34489e-05	3.11261	0.0616849	0.0154121	0.00957586	0.0096407	0.200579
ENSDARG00000094279	9.62605	13.1088	12.3504	4.42389	1.24464	3.03613	3.60226	3.14069	1.89199
ENSDARG00000094292	1.95322	1.02566	0.0260191	1.0956	0.0927153	0.101103	0.00458962	0.0119333	0
ENSDARG00000094300	137.151	82.4237	24.9495	44.9643	23.4901	18.5656	27.1763	22.5154	11.3193
ENSDARG00000094308	4.62646	0.570906	0.00211439	3.96762	0.532362	0	0	0.00178816	0
ENSDARG00000094309	2.66049	0.32174	0.199481	0.6394	0.693179	0.101621	0.31311	0.191482	0.000618534
ENSDARG00000094333	1.12147	0.936833	0.298762	0.660988	0.443714	0.161078	1.71173	0.374706	0.360111
ENSDARG00000094336	2.75102	1.1897	2.93368	0.843067	0.237482	0.602763	1.09704	0.602309	0.201772
ENSDARG00000094351	46.2931	61.3081	48.8612	26.5322	28.6898	32.8406	44.2194	32.7524	23.6763
ENSDARG00000094359	6.17975	1.59446	0.0420778	0.779784	0.0123519	0	0	0	0
ENSDARG00000094364	6.18396	3.01677	0.087345	8.76813	1.3442	0.134871	0.100941	0.0889714	0.266561
ENSDARG00000094380	8.72457	11.64289	7.92013	3.40297	5.20466	4.73771	8.76938	5.19226	4.06125
ENSDARG00000094387	2.31421	0.665011	0.0629947	0.811055	0.647094	0.0122986	0.00715077	0	0.0420021
ENSDARG00000094392	8.63611	11.0985	13.5262	4.81147	7.77909	11.2897	16.995	7.94389	5.54155
ENSDARG00000094398	0.746186	0.126983	0	0.604296	0.0709888	0	0	0	0
ENSDARG00000094410	0.778902	0.316388	0.45332	0.063277	0.113678	0	0.397079	0.27263	0.051183
ENSDARG00000094413	2.19206	0.133226	0	2.09157	0.722886	0.0740495	0.0254467	0.0250161	0
ENSDARG00000094420	0.66881	2.163e-07	9.78102e-06	0.300852	0.370612	0.645486	0.250828	1.07053	3.7819
ENSDARG00000094441	3.39845	4.0963	1.08073	0.717315	1.87079	3.05036	3.86689	1.51686	1.6328
ENSDARG00000094443	0.799273	0.115632	0.0676552	1.21877	0.15456	0.160247	0.728136	0.0514547	0.0722222
ENSDARG00000094456	1.84217	0.122989	0.0125869	1.60999	0.47514	0	0.00689686	0	0.0194674
ENSDARG00000094459	0.713325	0.246144	0	0.209019	0.0444579	0.00511612	0.115285	0.0130045	0.0480896
ENSDARG00000094479	1.22611	0.459775	0.357388	0.971573	0.238709	0.428323	0.19416	0.231044	0.142267
ENSDARG00000094483	2.53782	2.99567	1.65441	1.27699	2.3905	1.47662	2.86376	1.46412	1.16845
ENSDARG00000094486	6.70737	9.75477	7.87528	2.05483	1.16252	0.985227	1.53204	0.542794	2.07431e-07
ENSDARG00000094493	8.09255	13.9906	9.38218	1.85513	3.48045	3.20847	9.99635	5.43461	4.61363
ENSDARG00000094510	3.17859	4.14008	4.92123	1.23418	1.1858	2.29644	4.96187	1.79177	1.70747
ENSDARG00000094514	1.41429	0.405457	0.0963977	1.10996	0.649309	0.460605	0.375785	0.862717	0.763365
ENSDARG00000094525	1.19454	0.183303	0	0.762106	0.0949456	0	0.0142846	0.00611875	0.00877321
ENSDARG00000094535	2.16843	0.288673	0	0.159266	0.350106	0	0	0	0
ENSDARG00000094542	9.74067	2.22021	0.815485	2.3728	0.822101	0.40655	1.80029	1.25699	1.20017
ENSDARG00000094572	7.06422	2.49702	0.0418696	8.6559	1.0529	0	0.02581	0	0.256436
ENSDARG00000094590	9.84454	13.6796	10.8733	6.9609	8.12478	7.66267	15.7275	8.30264	5.0688
ENSDARG00000094595	1.81163	0.360378	0.0359349	1.3806	0.0884128	0	0.0387016	0.00566195	0.0875918
ENSDARG00000094603	0.100118	0.125047	0.0367186	0.00959243	0.00411745	0.00449738	0.00377757	0.00160212	0
ENSDARG00000094610	15.6663	11.5919	10.969	7.73815	1.58099	2.48944	5.27872	9.12192	6.76347
ENSDARG00000094616	1.29273	1.36845	5.435	0.627244	1.31935	4.16508	6.64841	1.13582	0
ENSDARG00000094625	1.34394	1.14486	0.881932	0.216648	0.655994	0.880929	2.19203	1.13538	0.379958
ENSDARG00000094646	0.725042	0.274021	0.0741295	0.28731	0.0398035	0.181807	0.16197	0.0792792	0.0455983
ENSDARG00000094653	1.24248	0.258334	0.0248028	0.849194	0.196739	0	0.0353416	0.00663846	0.00938623
ENSDARG00000094657	2.15902	0.459941	0.302105	0.758579	0.334996	0.0546553	0	0.0319033	0.0284383
ENSDARG00000094659	1.09612	0.240401	0.0781934	0.507316	0.19863	0	0	0	0
ENSDARG00000094673	2.14762	8.52905e-08	3.98312e-15	2.17298e-61	1.08679e-07	1.59789e-11	0	0	3.26919e-14
ENSDARG00000094709	7.27353	5.46724	6.40569	2.94185	3.39736	5.6377	5.08996	1.93073	1.43947
ENSDARG00000094726	1.98704	0.474395	0.0257146	1.38075	0.362824	0.0320891	0.0341381	0.0318597	0.0609316
ENSDARG00000094727	3.67984	2.75349	0.147111	2.07157	2.49705	1.8248	1.59168	0.868115	6.6615e-07
ENSDARG00000094729	37.3761	3.87178	0.110411	9.98294	0.794792	0.151779	0	0.123824	0
ENSDARG00000094736	2.59661	1.36981	0.874938	0.808601	0.525422	0.177541	0.323084	0.000396348	0.000159996
ENSDARG00000094744	47.3426	48.89	48.1013	25.2707	10.4909	16.1182	43.3948	41.7529	45.1446
ENSDARG00000094745	1.05777	1.72553	1.11554	0.672251	1.69573	1.899	5.00313	2.17323	0.531866
ENSDARG00000094754	0.268809	0.318592	0.0990065	0.29232	0.10888	0.524954	1.09213	0.51823	0.341842
ENSDARG00000094799	4.37279	4.82533	4.57129	2.57065	2.54544	2.92152	4.80953	3.65371	1.91287
ENSDARG00000094800	1.27818	3.43003	1.96132	1.17843	1.65208	1.99901	4.15136	1.77755	1.02308
ENSDARG00000094803	26.9221	44.5766	31.3001	2.75118	5.34668	7.82256	12.6146	4.7379	3.80408
ENSDARG00000094843	9.99396	2.65491	0.117911	3.2738	0.230157	0.0744671	0	0	0.0946071
ENSDARG00000094859	30.5835	1.97025	0	12.0073	1.5243	0.1892	0	0.307129	0.0969501
ENSDARG00000094863	38.7992	44.5695	33.4067	8.81862	9.20403	8.44967	18.792	9.90651	4.05862
ENSDARG00000094865	0	0	20.2396	0	0	0	1.95202	0	0
ENSDARG00000094872	0.629329	0.0579737	0	0.575242	0.0850452	0.0137668	0	0	0.0136683
ENSDARG00000094875	1.4612	1.57738	0.729426	2.81233	2.00299	2.58559	4.35181	1.54943	0.442615
ENSDARG00000094876	5.57638	2.8127	1.06434	5.76218	2.61556	1.55543	3.7122	1.26057	1.16353
ENSDARG00000094887	8.77596	0.391989	0	2.22587	0.0731421	0.148346	0	0	0.0514833
ENSDARG00000094888	1.56067	0.0679465	0	0.751395	0.203071	0	0	0	0
ENSDARG00000094892	3.65769	2.95965	2.16101	0.951194	0.821375	0.614282	1.32903	0.265666	0.562711
ENSDARG00000094896	1.90292	4.61175	5.6964	1.33954	1.55838	1.35681	2.95028	1.53972	1.08826
ENSDARG00000094899	2.58817	1.5829	0.721682	0.249827	1.02766	1.39887	1.61518	0.471227	0.419176
ENSDARG00000094902	1.87924	0.397111	0	2.855	0.0797161	0	0.0110367	0.0447399	0
ENSDARG00000094916	1.74332	0.352809	0.0349255	1.39299	0.0891846	0	0.0391767	0.00577675	0.089965
ENSDARG00000094917	5.77206	1.42039	0.00826403	4.06728	1.26349	0.00161683	0	0.0147983	0.0419143
ENSDARG00000094931	53.8936	12.8312	9.18454	11.2511	4.73252	3.20832	6.19048	5.5568	13.9208
ENSDARG00000094934	1.11247	0.124489	0	0.40224	0.0119699	0	0	0	0
ENSDARG00000094945	384.305	145.688	4.57881	125.234	64.1351	3.87871	1.13003	1.08003	2.90133
ENSDARG00000094953	2.00163	0.813874	1.73736	1.3722	1.40116	1.64075	2.63392	1.16022	0.638422
ENSDARG00000094965	0.605593	0.268409	0.0236674	0.376784	0.0230834	0	0.308108	0.018832	0
ENSDARG00000094977	6.05475	6.93635	6.87324	4.71385	5.26052	6.30737	13.2588	7.34526	3.29066
ENSDARG00000094992	24.9205	31.4988	27.2981	6.10312	8.6251	10.6023	26.6393	17.9113	9.16234
ENSDARG00000094998	1.04293	3.59939	2.22544	0.503737	0.5854	1.2059	1.18236	0.248343	0.123412
ENSDARG00000095007	37.9208	39.1427	30.0491	11.6946	9.73497	7.33127	11.5135	5.19422	2.55524
ENSDARG00000095034	0.0491989	0.195392	0.570784	0.133903	0.0421341	0.16523	0.956658	0.39109	0.0943347
ENSDARG00000095046	1.37178	0.816051	1.33669	1.30483	0.666966	0.496556	1.80573	1.05726	1.23805
ENSDARG00000095051	1.0071	0.25898	0.071783	0.393688	0.164354	0	0.00594944	0	0.00430237
ENSDARG00000095075	0.535673	0.163299	0.0720569	1.30467	0.528108	0.179325	0.256795	0.181262	0.119188
ENSDARG00000095079	0.42266	0.664415	0.720799	0.657122	0.839238	1.27529	2.67785	1.36301	0.732121
ENSDARG00000095086	3.66387	2.92042	3.83013	0.86938	1.25212	1.43212	1.24618	0.584432	0.578062
ENSDARG00000095114	1.71513	0.578733	0.0451693	1.00584	0.194283	0	0	0	0
ENSDARG00000095115	25.3881	14.2751	11.398	19.2907	6.02992	3.33014	14.6753	7.72177	9.54875
ENSDARG00000095157	2.74138	4.6646	6.52197	2.45351	1.71244	2.39215	2.7794	1.47516	2.21466
ENSDARG00000095165	4.71084	3.68636	2.8789	1.82513	1.21912	2.20111	1.32166	2.2763	1.0048
ENSDARG00000095173	0.987571	0.238814	0	1.39042	0.128965	0	0	0.0101298	0
ENSDARG00000095174	1.30854	0.966399	0.899658	0.287773	0.784656	0.799085	1.44422	1.2395	0.359644
ENSDARG00000095178	0.74028	0.132342	0.00404341	0.544416	0.0841849	0	0	0	0.00258293
ENSDARG00000095180	2.90237	2.00454	2.4021	2.89672	3.39671	4.09057	4.96763	2.80994	1.72651
ENSDARG00000095181	11.7234	2.9189	0.102805	6.59665	0.981758	0.136516	0.410678	0.097695	0.0932906
ENSDARG00000095191	0.841843	0.749943	1.57707	0.692752	0.979278	0.867327	1.33094	1.17737	0.504806
ENSDARG00000095220	7.22533	2.49819	0	6.86648	1.16941	0	0.0866909	0.0236293	0.206212
ENSDARG00000095221	1.66031	1.03761	0.308076	2.96162	0.289506	0.00450147	0.247216	0.0945161	0.0538447
ENSDARG00000095226	0.802969	0.728088	0.905359	0.307584	0.646405	1.0715	1.75444	0.690776	0.525673
ENSDARG00000095237	1.10083	0.325977	0	1.70728	0.223529	0.0217937	0.00726769	0.091178	0.114213
ENSDARG00000095241	4.26259	1.77229	2.61272	2.60812	1.73798	1.82293	2.51614	1.50484	1.20463
ENSDARG00000095247	1.14141	0.125347	0.0196667	0.764688	0.0509512	0	0.0295637	0.00551647	0.0077817
ENSDARG00000095257	2.19488	0.407904	0.00865676	1.18995	0.334348	0.0112841	0.014732	0.0580742	0.0166978
ENSDARG00000095281	7.23809	12.1839	13.8218	4.42372	6.8001	8.14688	17.4634	16.014	7.73074
ENSDARG00000095283	0.512911	0.815772	0.320335	0.567237	0.630361	0.956516	1.05795	0.284298	0.0530478
ENSDARG00000095287	2.17161	1.21677	1.41964	0.745163	0.975824	0.878767	1.46225	0.277403	0.269377
ENSDARG00000095288	0.96055	0.881231	1.13403	0.149	0.658531	0.481053	0.336913	0.533959	0.284514
ENSDARG00000095322	3.19412	2.71591	5.47216	2.22195	1.87873	2.25027	2.91021	2.26879	0.995492
ENSDARG00000095340	10.6255	2.36398	1.20979	5.99328	5.54332	2.36938	4.17086	10.8966	12.8755
ENSDARG00000095371	2.50076	0.42811	0	0.427205	0.107713	0.0268077	0	0	0
ENSDARG00000095372	2.08806	0.140168	0.146989	0.158232	0.134641	0.137577	0.124901	0.000281996	0.188964
ENSDARG00000095404	0.601228	1.22412	0.354917	0.413017	0.470812	0.354058	0.248752	0.401269	0.493469
ENSDARG00000095413	7.69013	6.64712	5.52243	2.6183	2.69425	3.51713	4.12677	2.11376	1.57888
ENSDARG00000095423	3.24071	0.370807	7.81542e-05	2.08083	0.643727	0	0	0	0.113864
ENSDARG00000095429	1.51112	2.38857	2.32742	0.724937	1.36832	1.52196	2.26841	1.72815	1.32068
ENSDARG00000095463	35.6909	47.4417	60.2093	19.9615	29.0868	45.254	54.5728	28.5169	11.2567
ENSDARG00000095486	3.09533	6.0409	4.81615	0.403606	1.68793	1.81781	6.18748	3.87535	1.30087
ENSDARG00000095496	5.09915	5.68828	5.12109	1.50048	3.43803	6.39436	3.93871	2.63841	3.97386
ENSDARG00000095501	3.54955	0.871836	0.040096	2.82298	0.252384	0.0350245	9.56108e-05	0.0159641	7.40947e-05
ENSDARG00000095507	10.2454	0.978131	0.192758	3.6638	1.03131	0	0	0	0
ENSDARG00000095521	1.10058	0.425782	0.227353	1.12837	0.103711	0	0.0159814	0	0
ENSDARG00000095529	3.9743	2.46095	0.352364	1.27931	0.786982	0.337018	1.64008	0.575322	0.0737633
ENSDARG00000095536	1.20565	0.875177	0.31686	0.584921	0.746328	0.988989	3.43195	0.247492	0.402501
ENSDARG00000095538	3.82088	4.97295	4.25102	1.38862	1.45355	1.90891	1.68372	0.761094	0.591309
ENSDARG00000095551	2.63113	1.12388	2.13483	1.65995	0.827678	0.279368	1.37292	0.206636	0
ENSDARG00000095552	4.82141	5.69227	6.13293	1.20971	2.01625	2.41851	3.69466	1.70955	0.592762
ENSDARG00000095554	10.6013	2.48386	0.116162	9.34345	2.24683	0.0494438	0.21083	0.0256725	0.173847
ENSDARG00000095566	4.59291	2.42423	1.49379	0.636419	0.85479	1.45804	1.28225	0.404587	0.249019
ENSDARG00000095573	32.3636	9.93266	0.177359	42.8846	8.70836	0.332995	0.0569077	0.0539933	0.359087
ENSDARG00000095579	5.10758	1.15428	8.4535	1.43239	1.34591	6.08133	4.55298	1.11341	1.29275
ENSDARG00000095602	2.62117	3.49124	0.928894	1.97735	1.38925	1.80628	1.41145	0.658647	0.498754
ENSDARG00000095603	0.416103	0.601542	0.194667	0.0957182	0.176545	0.0281641	0.395669	0.543492	0.16894
ENSDARG00000095617	7.55194	4.64209	0.323213	1.85569	2.49324	0.456168	0.226752	0.353443	0.168086
ENSDARG00000095635	101.738	36.2493	0.758776	45.1317	10.7926	0.461779	0.240333	0.196081	0.447383
ENSDARG00000095640	1.54963	0.476215	3.5363	0.600951	0.603797	0.573502	2.14294	0.593979	0.221617
ENSDARG00000095659	29.5951	20.1168	15.2478	6.55571	0	0	0	0	0
ENSDARG00000095660	4.434	3.7093	4.21038	5.6798	4.73412	5.75478	8.98955	4.96044	2.27635
ENSDARG00000095677	44.0658	15.4756	0.351051	21.4848	4.84357	0.222369	1.46965	0.15712	0.143705
ENSDARG00000095681	19.1854	8.39218	0.829372	0.633513	0.508661	0	0	0	0
ENSDARG00000095691	12.9015	4.37294	0.00480003	9.6681	2.0627	0.231767	0	0	0.182857
ENSDARG00000095692	6.11142	1.99466	0	1.42435	0.694822	0	0	0	0.885286
ENSDARG00000095702	4.95027	4.42101	3.03196	1.62268	2.26988	1.60797	4.34668	3.9601	2.1753
ENSDARG00000095704	3.572	2.62922	0.159009	3.62635	0.368819	1.14664	0.436727	0.23725	0.333506
ENSDARG00000095705	5.57967	3.54677	1.48796	1.53223	0.598147	1.00103	0.535864	0	0.056069
ENSDARG00000095732	1.06967	1.68048	1.23208	1.19857	1.54617	0.517719	1.63714	0.425115	0.252876
ENSDARG00000095734	6.03316	0.99508	0.0927293	0.85232	0.275266	0	0	0	0.0431618
ENSDARG00000095737	6.98581	0	0	1.74028	2.88456	0.4735	0	0	0
ENSDARG00000095741	5.0062	3.78702	14.0396	7.06945	4.73531	23.7098	9.87363	5.02219	0.159846
ENSDARG00000095743	27.8633	23.0517	18.5813	11.4178	8.57262	9.47406	19.7187	9.94187	4.25411
ENSDARG00000095745	199.095	92.2939	3.63353	178.913	66.3024	2.17275	0.624714	0.367	0.848735
ENSDARG00000095749	40.5153	7.25099	0.361085	12.0792	1.40487	0.277947	0	0.14353	0.268216
ENSDARG00000095799	13.7694	23.8265	18.3196	1.76747	1.63188	1.12074	4.41652	2.27844	0.41301
ENSDARG00000095817	1.14404	2.31438	2.85003	2.31606	1.34643	1.54047	2.97645	0.853304	0.414121
ENSDARG00000095846	1.22194	2.06001	1.51261	0.953333	0.302266	0.64832	0.762939	0.610626	0.235112
ENSDARG00000095879	9.97532	24.9016	10.1779	2.07387	4.1731	4.43767	6.71466	4.16899	2.93249
ENSDARG00000095889	6.01325	4.84527	7.29364	3.92939	4.98708	5.2925	10.2548	8.27341	4.71763
ENSDARG00000095890	3.46349	4.50913	3.4894	0.936395	1.71903	1.69103	3.13522	1.72178	0.961117
ENSDARG00000095904	22.7701	14.2193	13.8619	10.0074	7.51281	9.79962	8.98247	4.3479	1.60923
ENSDARG00000095906	0.473764	0.0900839	0	0.116277	0	0	0	0	0.0293733
ENSDARG00000095912	6.90195	7.7789	6.98158	2.98044	4.04925	2.98296	6.62921	4.20124	2.08727
ENSDARG00000095947	7.28812	8.77467	7.38698	1.44581	1.66784	0.76217	2.5693	1.21676	0.597721
ENSDARG00000095951	5.00565	2.02554	0.329528	1.88208	0.324307	0.31696	0.508102	0.160261	0.157265
ENSDARG00000095963	0.687245	0.491312	0.116345	0.311085	0.264389	0.18063	0.317861	0.261184	0.0989653
ENSDARG00000095974	1.99283	1.04546	1.50255	0.432517	0.448073	0.485978	0.712758	0.49068	0.161639
