gene,gene_name,WT_4h_Click-iT,MZnps_4h_Click-iT,category
ENSDARG00000117206,RF00003,255.0542731,383.950513,Unaffected
ENSDARG00000117185,si:ch211-255f4.11,1668.407743,837.9897631,Unaffected
ENSDARG00000117166,RF00003,619.7976307,372.3955973,Unaffected
ENSDARG00000117156,si:dkey-7j22.4,343.3300588,504.3355263,Unaffected
ENSDARG00000117132,BX663613.1,299.2994319,176.1058984,Unaffected
ENSDARG00000117096,znf1138,1632.083273,75.79452073,Strongly Down
ENSDARG00000117085,RF00156,840.0142466,143.8340638,Mildly Down
ENSDARG00000117062,RF00003,662.0880883,2078.853084,Upregulated
ENSDARG00000117035,RF00004,1151.956059,809.8008405,Unaffected
ENSDARG00000117022,RF00003,367.9608624,408.1269944,Unaffected
ENSDARG00000117016,RF00211,1805.806028,907.0006848,Unaffected
ENSDARG00000116910,RF00003,206.0315602,147.422632,Unaffected
ENSDARG00000116853,RF00015,1167.508813,1883.827179,Unaffected
ENSDARG00000116825,RF00001,612.2248355,164.7330304,Mildly Down
ENSDARG00000116745,RF00091,1369.190955,542.9229451,Mildly Down
ENSDARG00000116679,RF00003,935.9360509,1366.670678,Unaffected
ENSDARG00000116673,CR354435.6,744.2109689,1518.539025,Upregulated
ENSDARG00000116625,znf1141,580.1445459,275.2847469,Mildly Down
ENSDARG00000116617,spaca4l,750.360184,8.732223882,Strongly Down
ENSDARG00000116616,RF00003,2278.137732,247.6441584,Strongly Down
ENSDARG00000116570,FO834825.3,20640.86328,228.4941937,Strongly Down
ENSDARG00000116510,BX539310.1,200.1259436,582.0147208,Upregulated
ENSDARG00000116491,h2afvb,2068.326871,788.4449217,Mildly Down
ENSDARG00000116355,CT955962.2,485.4527844,38.32965326,Strongly Down
ENSDARG00000116291,RF00015,1499.53052,2218.936296,Unaffected
ENSDARG00000116226,CT583728.25,30790.99932,29279.52458,Unaffected
ENSDARG00000116216,znf1046,396.2733861,75.47681084,Mildly Down
ENSDARG00000116211,si:dkey-5i16.5,506.5864222,81.18473434,Mildly Down
ENSDARG00000116199,BX005372.1,824.550305,149.4090275,Mildly Down
ENSDARG00000116181,znf1119,197.5735922,69.93288444,Mildly Down
ENSDARG00000116117,si:dkey-40n15.1,294.1042066,180.9905733,Unaffected
ENSDARG00000116114,RF00003,309.0473403,914.7185073,Upregulated
ENSDARG00000116034,RF00003,277.2308722,1123.631915,Upregulated
ENSDARG00000116023,CR318589.2,357.2993108,77.8683181,Mildly Down
ENSDARG00000115989,BX323887.1,332.0410296,341.1285761,Unaffected
ENSDARG00000115988,AL935186.10,638832.141,682495.98,Unaffected
ENSDARG00000115978,AL935186.9,844283.9585,913183.2014,Unaffected
ENSDARG00000115970,RF00137,1196.053343,0,Strongly Down
ENSDARG00000115890,si:dkey-1b17.9,1035.472107,407.910366,Mildly Down
ENSDARG00000115879,RF00003,1374.404745,2109.905822,Unaffected
ENSDARG00000115851,RF00020,1308.517461,1985.530055,Unaffected
ENSDARG00000115847,RF00002,32138.74006,30128.11922,Unaffected
ENSDARG00000115827,RF00003,220.0878208,296.419769,Unaffected
ENSDARG00000115819,CT583728.23,62823.75092,65681.60094,Unaffected
ENSDARG00000115818,znf1099,1512.393054,85.52459582,Strongly Down
ENSDARG00000115802,RF00003,2007.062948,1149.712374,Unaffected
ENSDARG00000115766,si:ch73-36p18.1,5952.27608,7779.945006,Unaffected
ENSDARG00000115662,RF00003,206.0315602,129.3541245,Unaffected
ENSDARG00000115593,CR847895.1,218.9094786,293.9774042,Unaffected
ENSDARG00000115588,si:dkeyp-82b4.3,185.0240933,144.7932339,Unaffected
ENSDARG00000115564,si:ch211-271g18.4,224.7710271,132.6157618,Unaffected
ENSDARG00000115506,si:dkey-122c11.8,2897.669528,56.98212906,Strongly Down
ENSDARG00000115494,RF00211,842.7094795,3174.502397,Upregulated
ENSDARG00000115443,RF00003,372.2945645,1077.892804,Upregulated
ENSDARG00000115441,RF00003,3551.63397,5130.820677,Unaffected
ENSDARG00000115416,BX649556.2,722.4485084,321.3905893,Mildly Down
ENSDARG00000115389,RF00003,473.7934162,409.8109808,Unaffected
ENSDARG00000115262,RF00092,559.6117637,376.4407139,Unaffected
ENSDARG00000115215,RF00015,972.283789,2175.964003,Upregulated
ENSDARG00000115204,RF00004,812.6452295,2247.76495,Upregulated
ENSDARG00000115190,RF00001,1049.52829,164.7330304,Mildly Down
ENSDARG00000115154,RF00276,916.3791782,287.6681276,Mildly Down
ENSDARG00000115153,LO018020.3,274.5055755,27.21800096,Strongly Down
ENSDARG00000115102,RF00271,348.8488917,547.5501293,Unaffected
ENSDARG00000115096,FO704836.1,22521.86411,369.5898309,Strongly Down
ENSDARG00000115069,RF00003,830.221028,927.6103271,Unaffected
ENSDARG00000115047,RF00016,3570.856016,2609.98895,Unaffected
ENSDARG00000115021,CT583728.21,30767.60378,29157.61618,Unaffected
ENSDARG00000114972,RF00003,692.6031601,449.6017735,Unaffected
ENSDARG00000114910,FO704772.1,1054.931819,834.3041257,Unaffected
ENSDARG00000114894,znf1026,202.4375285,255.0092881,Unaffected
ENSDARG00000114893,znf1038,180.5878135,240.3744712,Unaffected
ENSDARG00000114860,RF00003,215.5452735,0,Strongly Down
ENSDARG00000114779,CT583728.19,12417.20295,9638.958811,Unaffected
ENSDARG00000114716,znf1117,358.3687886,140.0160395,Mildly Down
ENSDARG00000114676,BX908797.1,207.6240747,391.0618895,Unaffected
ENSDARG00000114646,znf1021,192.68905,188.6886438,Unaffected
ENSDARG00000114645,BX942815.1,323.7859115,127.4501143,Mildly Down
ENSDARG00000114574,CT025887.1,274.5055755,27.21800096,Strongly Down
ENSDARG00000114570,RF00003,305.5651257,582.0485332,Unaffected
ENSDARG00000114569,RF00001,800.8357166,335.1959052,Mildly Down
ENSDARG00000114558,si:dkey-233e3.3,338.19373,207.0415258,Unaffected
ENSDARG00000114557,RF00003,360.5271404,475.3982148,Unaffected
ENSDARG00000114536,si:dkey-149m13.4,205.6799601,230.1033093,Unaffected
ENSDARG00000114494,RF00003,1176.562068,2345.948187,Unaffected
ENSDARG00000114429,CT583728.18,30767.60378,29146.12804,Unaffected
ENSDARG00000114364,znf985,353.2330125,197.5011347,Unaffected
ENSDARG00000114355,RF00002,31491.90511,29812.55889,Unaffected
ENSDARG00000114277,RF00003,200.7812383,27.33299048,Mildly Down
ENSDARG00000114236,znf974,421.9369324,262.8255084,Unaffected
ENSDARG00000114211,FO834825.2,20846.46157,437.6985517,Strongly Down
ENSDARG00000114192,BX548011.5,108942.7733,113289.9188,Unaffected
ENSDARG00000114187,BX927212.1,4129.006615,9.621440066,Strongly Down
ENSDARG00000114172,znf996,504.5779682,155.4350702,Mildly Down
ENSDARG00000114124,si:dkey-3p4.8,745.1687606,199.8926158,Mildly Down
ENSDARG00000114100,CT583728.17,12314.12496,9612.750984,Unaffected
ENSDARG00000114009,RF00003,401.2795556,623.1012991,Unaffected
ENSDARG00000113984,RF00003,437.6770791,1238.188238,Upregulated
ENSDARG00000113974,RF00001,773.9168689,1079.762693,Unaffected
ENSDARG00000113972,RF00004,1058.351521,2445.323957,Upregulated
ENSDARG00000113897,CT955962.1,368.4801309,38.32965326,Strongly Down
ENSDARG00000113816,RF00015,889.942031,1340.477475,Unaffected
ENSDARG00000113780,zgc:173615,488.1016608,121.3360247,Mildly Down
ENSDARG00000113730,RF00015,773.7622472,1146.324507,Unaffected
ENSDARG00000113699,RF00015,798.3114117,1549.191431,Unaffected
ENSDARG00000113698,RF00003,627.1698901,1202.839297,Unaffected
ENSDARG00000113671,AL935186.8,675589.6507,708935.0921,Unaffected
ENSDARG00000113654,CU861574.1,231.7776322,87.88858467,Mildly Down
ENSDARG00000113626,znf976,189.1242062,107.9869779,Unaffected
ENSDARG00000113612,RF00003,238.2342044,718.4624213,Upregulated
ENSDARG00000113571,RF00091,1369.190955,1357.307363,Unaffected
ENSDARG00000113445,RF00003,649.4126935,301.7609563,Mildly Down
ENSDARG00000113412,RF00003,775.6540072,137.3816896,Mildly Down
ENSDARG00000113385,RF00003,803.5230847,0,Strongly Down
ENSDARG00000113335,RF00003,367.9608624,383.8559422,Unaffected
ENSDARG00000113299,CR382326.1,202.5124832,0,Strongly Down
ENSDARG00000113294,znf1146,276.5426919,153.8055059,Unaffected
ENSDARG00000113272,RF00020,2558.225206,12.78101149,Strongly Down
ENSDARG00000113271,RF00494,825.2339373,2486.937362,Upregulated
ENSDARG00000113245,BX572627.1,1378.901529,546.7734625,Mildly Down
ENSDARG00000113231,RF00415,1128.628767,496.0159995,Mildly Down
ENSDARG00000113158,CU464134.2,189.4981634,272.6484223,Unaffected
ENSDARG00000113141,znf1018,240.6839541,157.697366,Unaffected
ENSDARG00000113119,RF00003,2034.509477,139.3460966,Strongly Down
ENSDARG00000113056,RF00016,2131.854338,2007.683807,Unaffected
ENSDARG00000113022,si:ch211-207e19.15,680.6428601,102.0054222,Mildly Down
ENSDARG00000112989,RF00003,436.7701571,556.0816014,Unaffected
ENSDARG00000112987,RF00003,6632.146683,1449.449734,Mildly Down
ENSDARG00000112940,CT573263.1,179.6919745,169.7679046,Unaffected
ENSDARG00000112878,znf1101,898.5841418,134.6827103,Mildly Down
ENSDARG00000112874,znf1067,680.9951403,434.7024266,Unaffected
ENSDARG00000112871,RF00003,1139.400437,1211.139272,Unaffected
ENSDARG00000112858,RF00015,1487.762176,3645.156325,Upregulated
ENSDARG00000112834,RF00020,308.7513179,830.7657134,Upregulated
ENSDARG00000112791,CT583728.16,12195.14376,9577.059027,Unaffected
ENSDARG00000112725,si:dkey-22h13.2,203.3441324,192.6572812,Unaffected
ENSDARG00000112695,RF00003,467.9680254,2379.83983,Upregulated
ENSDARG00000112603,RF00003,702.8104163,352.7361107,Unaffected
ENSDARG00000112586,si:ch211-283l16.1,1066.231267,42.45518539,Strongly Down
ENSDARG00000112580,RF00591,3158.302723,951.7908421,Mildly Down
ENSDARG00000112541,znf1093,270.2552109,148.0592472,Unaffected
ENSDARG00000112530,RF00392,225.7257534,141.718857,Unaffected
ENSDARG00000112473,BX572103.1,290.878219,277.6074733,Unaffected
ENSDARG00000112409,RF00003,311.8709028,173.6128134,Unaffected
ENSDARG00000112315,RF00006,688.75294,741.2986366,Unaffected
ENSDARG00000112308,BX537263.2,1253.358359,1318.207382,Unaffected
ENSDARG00000112295,CT583728.14,15130.69871,11554.38553,Unaffected
ENSDARG00000112275,AL935186.6,676124.1176,709620.4698,Unaffected
ENSDARG00000112182,RF00003,230.5591367,265.894595,Unaffected
ENSDARG00000112132,BX470182.1,447.4650682,44.39890585,Strongly Down
ENSDARG00000112126,znf995,2761.963689,49.77622263,Strongly Down
ENSDARG00000112061,CT737127.1,808.3416839,99.21832062,Strongly Down
ENSDARG00000112059,RF00015,1460.386191,2527.829402,Unaffected
ENSDARG00000112043,znf1091,3138.9339,54.9828881,Strongly Down
ENSDARG00000112042,RF00012,1831.71101,4761.635382,Upregulated
ENSDARG00000112038,CABZ01062996.1,452.3238769,745.434129,Unaffected
ENSDARG00000112012,RF00003,782.037091,571.3154556,Unaffected
ENSDARG00000111998,znf1099,1812.759165,91.22225264,Strongly Down
ENSDARG00000111979,CR394552.1,363.7647622,37.30417025,Strongly Down
ENSDARG00000111939,atf4a,720.5243111,863.618184,Unaffected
ENSDARG00000111938,RF00003,231.9791067,363.252758,Unaffected
ENSDARG00000111902,RF00002,31435.12314,29616.28438,Unaffected
ENSDARG00000111887,RF00003,5434.965672,1351.513978,Mildly Down
ENSDARG00000111875,CR450785.2,614.1198812,5.20736657,Strongly Down
ENSDARG00000111857,RF00003,255.0542731,383.950513,Unaffected
ENSDARG00000111851,RF00003,634.03754,310.2958898,Mildly Down
ENSDARG00000111831,CR407594.1,656.3455737,42.46797006,Strongly Down
ENSDARG00000111824,si:dkey-199m13.7,211.2208756,167.2327822,Unaffected
ENSDARG00000111764,RF00003,303.2291166,322.3816591,Unaffected
ENSDARG00000111651,CR956623.1,195.2843668,114.4328668,Unaffected
ENSDARG00000111614,si:ch211-255f4.6,209.3106456,235.8067283,Unaffected
ENSDARG00000111505,RF00015,788.7518866,1914.749542,Upregulated
ENSDARG00000111460,BX548011.3,968.9353265,579.8292054,Unaffected
ENSDARG00000111458,BX548011.2,130495.2687,119766.7255,Unaffected
ENSDARG00000111444,RF00003,1622.289155,2174.17466,Unaffected
ENSDARG00000111442,zgc:100951,20887.6212,424.1658136,Strongly Down
ENSDARG00000111388,CABZ01068469.1,622.8092504,354.64818,Unaffected
ENSDARG00000111123,BX537263.1,1537.605517,1029.92462,Unaffected
ENSDARG00000111111,RF00003,305.5651257,402.0048358,Unaffected
ENSDARG00000111026,BX927193.2,1912.894892,105.1895152,Strongly Down
ENSDARG00000110981,RF00015,737.3621498,1646.56208,Upregulated
ENSDARG00000110967,FP102169.1,498.4061284,6.23390406,Strongly Down
ENSDARG00000110946,znf1110,678.7543102,310.7702793,Mildly Down
ENSDARG00000110859,RF00003,1482.22018,1129.170083,Unaffected
ENSDARG00000110841,si:dkey-108k21.14,5193.821125,5371.881176,Unaffected
ENSDARG00000110830,RF00015,323.3196053,235.4226778,Unaffected
ENSDARG00000110792,AL772241.1,200.1259436,586.2863885,Upregulated
ENSDARG00000110769,znf1098,852.618012,118.4080114,Mildly Down
ENSDARG00000110759,RF00003,8758.281786,3584.450115,Mildly Down
ENSDARG00000110758,RF00138,1253.008264,1180.026401,Unaffected
ENSDARG00000110675,CT573103.2,214.1211497,200.0949187,Unaffected
ENSDARG00000110670,znf1092,2154.512002,50.18473203,Strongly Down
ENSDARG00000110665,RF00003,830.221028,961.4239407,Unaffected
ENSDARG00000110637,si:ch211-212k5.1,251.6052138,73.53810454,Mildly Down
ENSDARG00000110617,RF00138,1879.512396,983.3553343,Unaffected
ENSDARG00000110604,RF01848,1823.151613,4739.384749,Upregulated
ENSDARG00000110594,RF00003,311.3365776,31.44997436,Strongly Down
ENSDARG00000110554,RF00137,2657.896318,1001.234522,Mildly Down
ENSDARG00000110433,znf997,1052.009569,154.6547795,Mildly Down
ENSDARG00000110399,RF00004,812.6452295,2365.49314,Upregulated
ENSDARG00000110372,BX324212.2,398.7630783,249.364354,Unaffected
ENSDARG00000110341,hsd11b1lb,290.2950588,45.5644552,Mildly Down
ENSDARG00000110271,RF00003,613.1124266,351.4483059,Unaffected
ENSDARG00000110229,zgc:173702,216.2815792,148.0870755,Unaffected
ENSDARG00000110178,CABZ01066694.1,261.0915365,100.7236389,Mildly Down
ENSDARG00000110135,RF00002,31366.97269,29697.22293,Unaffected
ENSDARG00000110052,RF00003,472.4248905,871.573536,Unaffected
ENSDARG00000110028,BX548011.1,12505.68534,9772.219595,Unaffected
ENSDARG00000109996,CABZ01101996.1,4842.730842,1427.686263,Mildly Down
ENSDARG00000109985,RF00003,415.9715678,2395.509518,Upregulated
ENSDARG00000109864,znf995,2843.130513,48.18737886,Strongly Down
ENSDARG00000109841,BX664742.3,1579.151362,713.8431315,Mildly Down
ENSDARG00000109780,RF00003,240.3701536,560.5345611,Upregulated
ENSDARG00000109762,RF01848,1201.526653,1677.197858,Unaffected
ENSDARG00000109750,RF00012,1207.167623,1685.072026,Unaffected
ENSDARG00000109740,si:dkeyp-44b5.4,354.9460218,61.47779803,Mildly Down
ENSDARG00000109703,FO834825.1,3523.567499,89.91839192,Strongly Down
ENSDARG00000109697,znf1025,286.0691538,79.4985056,Mildly Down
ENSDARG00000109664,RF00003,326.7405166,139.3995235,Mildly Down
ENSDARG00000109652,RF00271,1744.244458,328.5300776,Mildly Down
ENSDARG00000109604,znf1026,201.5369412,177.3253428,Unaffected
ENSDARG00000109558,BX571954.3,771.7386048,99.86406503,Mildly Down
ENSDARG00000109557,RF00309,3009.676713,1133.750856,Mildly Down
ENSDARG00000109513,CR339054.2,3956.721651,1677.03653,Mildly Down
ENSDARG00000109494,RF00015,1841.587946,3180.977505,Unaffected
ENSDARG00000109466,si:dkeyp-77c4.5,235.4746574,182.6522399,Unaffected
ENSDARG00000109433,RF00003,1110.114695,1012.359389,Unaffected
ENSDARG00000109432,RF00003,22618.45456,1292.7525,Strongly Down
ENSDARG00000109421,RF00003,227.3228498,707.6347847,Upregulated
ENSDARG00000109380,dre-mir-430,43992.18011,48.09299335,Strongly Down
ENSDARG00000109366,BX321871.1,2160.90075,99.24008393,Strongly Down
ENSDARG00000109339,CR388042.2,221.1181301,53.3487614,Mildly Down
ENSDARG00000109330,RF00003,253.5445957,824.6194372,Upregulated
ENSDARG00000109327,znf1140,330.3045576,395.8856088,Unaffected
ENSDARG00000109323,RF00003,2807.808153,1873.724758,Unaffected
ENSDARG00000109322,RF00003,234.0443369,265.2942493,Unaffected
ENSDARG00000109264,RF00069,1136.98898,2409.220569,Upregulated
ENSDARG00000109251,si:dkey-4e4.1,340.1668754,404.5358362,Unaffected
ENSDARG00000109246,RF00001,266.9452389,167.5979526,Unaffected
ENSDARG00000109211,znf979,285.9471909,224.1575101,Unaffected
ENSDARG00000108175,BX571760.1,499.6310509,44.22602593,Strongly Down
ENSDARG00000107506,CR356227.2,490.6749625,218.2919858,Mildly Down
ENSDARG00000107425,si:dkeyp-35e5.10,257.1900321,131.3359875,Unaffected
ENSDARG00000107283,BX571813.1,728.7484697,187.3536932,Mildly Down
ENSDARG00000107036,RF00158,5338.904777,3631.288974,Unaffected
ENSDARG00000106545,RF00001,349.8427632,0,Strongly Down
ENSDARG00000106293,RF00212,1297.128273,1357.307363,Unaffected
ENSDARG00000105728,si:ch73-266f23.1,259.0255244,223.8288822,Unaffected
ENSDARG00000105682,BX957362.1,342.0468242,590.5610308,Unaffected
ENSDARG00000105601,CR388231.3,406.1714795,123.3915784,Mildly Down
ENSDARG00000105562,si:dkey-23i12.7,599.6490987,1297.641347,Upregulated
ENSDARG00000105561,BX072554.2,300.0513124,45.9263651,Mildly Down
ENSDARG00000105502,si:ch73-368j24.12,3740.573812,5866.673843,Unaffected
ENSDARG00000105465,BX005228.1,1209.399791,2750.022744,Upregulated
ENSDARG00000105454,AL928854.1,813.4534927,645.7405307,Unaffected
ENSDARG00000105445,CR769769.2,1761.469932,1672.9914,Unaffected
ENSDARG00000105439,CU459186.5,446.8456692,209.4711235,Mildly Down
ENSDARG00000105431,si:dkey-23a13.9,7543.801025,10066.35998,Unaffected
ENSDARG00000105430,si:ch73-368j24.11,6888.515957,11936.76572,Unaffected
ENSDARG00000105350,si:ch1073-153i20.4,10054.70328,16774.69998,Unaffected
ENSDARG00000105328,si:dkey-23a13.17,8594.993724,12031.18897,Unaffected
ENSDARG00000105306,si:dkeyp-104f11.6,525.3070572,297.7918061,Unaffected
ENSDARG00000105286,ddx54,598.4430279,506.5569356,Unaffected
ENSDARG00000105219,znf988,294.231893,32.29831479,Strongly Down
ENSDARG00000105169,RF00582,937.3649609,441.383921,Mildly Down
ENSDARG00000105114,crebrf,290.8031947,103.1956092,Mildly Down
ENSDARG00000105075,BX324216.2,1025.042291,16.50151075,Strongly Down
ENSDARG00000105067,znf1043,585.5661528,68.81701515,Strongly Down
ENSDARG00000105046,ccnf,407.6375255,581.4873312,Unaffected
ENSDARG00000104960,si:ch211-11n16.3,594.3987957,137.6697468,Mildly Down
ENSDARG00000104932,si:ch211-261d9.1,772.7621479,164.6933037,Mildly Down
ENSDARG00000104924,BX072577.1,347.0808466,180.3393174,Unaffected
ENSDARG00000104910,dre-mir-20a,535.0536378,629.8615867,Unaffected
ENSDARG00000104903,cdkn1cb,1729.00738,747.6891421,Mildly Down
ENSDARG00000104894,si:ch73-138e16.2,449.2493044,105.7706591,Mildly Down
ENSDARG00000104892,znf1108,212.0167423,166.5079509,Unaffected
ENSDARG00000104884,BX510934.2,444.5557779,312.3896278,Unaffected
ENSDARG00000104858,znf740a,663.2435718,386.6650445,Unaffected
ENSDARG00000104798,BX510922.2,428.9283654,492.122963,Unaffected
ENSDARG00000104737,si:ch211-223a21.3,489.5382519,29.0514805,Strongly Down
ENSDARG00000104727,ino80da,215.7759645,89.5492992,Mildly Down
ENSDARG00000104687,slc16a9b,272.5567003,566.2092994,Upregulated
ENSDARG00000104681,si:dkeyp-87d1.1,1364.633223,267.5520047,Mildly Down
ENSDARG00000104679,CU469104.1,490.1797864,213.6253842,Mildly Down
ENSDARG00000104660,si:ch73-132f6.5,285.9647511,4.852407994,Strongly Down
ENSDARG00000104616,RF00003,272.8773553,1027.934109,Upregulated
ENSDARG00000104613,znf1179,212.5318141,200.5578235,Unaffected
ENSDARG00000104576,PPP1R3G,709.8174162,0,Strongly Down
ENSDARG00000104566,foxi1,1328.778974,674.7657863,Unaffected
ENSDARG00000104561,znf1081,287.171308,150.6911577,Unaffected
ENSDARG00000104423,BX950868.2,214.7453589,137.5318743,Unaffected
ENSDARG00000104375,sec24a,522.3723301,322.1078852,Unaffected
ENSDARG00000104350,si:dkey-68o6.6,583.7560872,242.5389835,Mildly Down
ENSDARG00000104262,si:dkey-56m15.3,1094.267577,33.00780808,Strongly Down
ENSDARG00000104155,dre-mir-17a-1,741.5145524,139.6649605,Mildly Down
ENSDARG00000104115,RF00002,1436.807282,791.8199656,Unaffected
ENSDARG00000104104,RF00324,1247.914734,1175.229546,Unaffected
ENSDARG00000104074,znf1052,191.4331904,12.55043541,Strongly Down
ENSDARG00000104041,CR388132.2,1262.541261,262.7461685,Mildly Down
ENSDARG00000104037,si:dkey-74k8.4,2635.255759,15.27239663,Strongly Down
ENSDARG00000104015,fgfr1bl,250.8942408,25.31580283,Strongly Down
ENSDARG00000104006,znf1082,234.2676886,63.67615928,Mildly Down
ENSDARG00000103974,RF00001,312.454987,16.34755247,Strongly Down
ENSDARG00000103923,tfap4,811.2224747,1961.063434,Upregulated
ENSDARG00000103919,si:ch73-1a9.3,9156.909105,4942.521167,Unaffected
ENSDARG00000103893,srsf2b,368.6493964,298.3554884,Unaffected
ENSDARG00000103868,e2f1,475.9488755,836.6905542,Unaffected
ENSDARG00000103815,BX950855.1,497.5730263,1870.163099,Upregulated
ENSDARG00000103784,RF00003,348.3320992,628.8308651,Unaffected
ENSDARG00000103783,cyyr1,209.3209411,313.803599,Unaffected
ENSDARG00000103777,znf1001,260.5233537,200.3173,Unaffected
ENSDARG00000103749,RF00026,295.1798314,370.6493183,Unaffected
ENSDARG00000103717,CT978957.2,193.6847507,24.90150459,Mildly Down
ENSDARG00000103703,CLDN23,227.6869223,153.6936056,Unaffected
ENSDARG00000103700,si:ch211-239d6.2,890.3477474,160.8061405,Mildly Down
ENSDARG00000103682,si:dkey-23i12.5,3851.680559,1694.55881,Mildly Down
ENSDARG00000103636,zgc:173702,541.0073714,547.8681837,Unaffected
ENSDARG00000103603,CABZ01068244.1,473.4082231,137.1798189,Mildly Down
ENSDARG00000103589,gata6,289.6478325,0,Strongly Down
ENSDARG00000103571,si:ch211-255f4.8,919.0631526,460.0346645,Unaffected
ENSDARG00000103551,rnf213b,262.296123,759.9965303,Upregulated
ENSDARG00000103546,purbb,708.1190586,131.1884144,Mildly Down
ENSDARG00000103530,zgc:113102,382.507987,299.3001238,Unaffected
ENSDARG00000103515,vcana,416.8394771,0,Strongly Down
ENSDARG00000103473,BX537137.3,1191.99951,53.37987138,Strongly Down
ENSDARG00000103471,si:dkey-199m13.4,431.6833429,264.0420239,Unaffected
ENSDARG00000103458,znf1126,1259.529026,15.21314716,Strongly Down
ENSDARG00000103441,znf1060,601.2393532,29.41762033,Strongly Down
ENSDARG00000103417,si:dkey-269o24.6,447.9735757,194.27981,Mildly Down
ENSDARG00000103405,znf1102,671.3807511,94.13407439,Mildly Down
ENSDARG00000103400,si:ch211-161m3.1,928.8193981,158.4766668,Mildly Down
ENSDARG00000103384,RF00568,587.1336538,473.94503,Unaffected
ENSDARG00000103380,si:ch73-21k16.1,238.6792861,57.08630745,Mildly Down
ENSDARG00000103316,si:ch211-212k18.5,223.4056673,108.4501719,Mildly Down
ENSDARG00000103308,mst1,400.0516783,71.38431315,Mildly Down
ENSDARG00000103284,CABZ01110881.1,187.9163757,214.5104569,Unaffected
ENSDARG00000103283,si:dkey-238o14.7,627.9660179,145.824052,Mildly Down
ENSDARG00000103277,cyp24a1,260.8954884,27.29994979,Strongly Down
ENSDARG00000103220,slc10a3,350.6723941,51.26001211,Mildly Down
ENSDARG00000103091,si:dkey-19h16.8,482.9097447,90.22969389,Mildly Down
ENSDARG00000103046,rest,396.2589749,280.393858,Unaffected
ENSDARG00000102999,si:dkey-246j6.1,288.0461609,121.4882542,Mildly Down
ENSDARG00000102994,znf1034,227.9871247,223.8505137,Unaffected
ENSDARG00000102837,znf1145,973.4973609,85.04027747,Strongly Down
ENSDARG00000102791,zgc:174704,527.4913456,239.7582002,Mildly Down
ENSDARG00000102778,fgf17,1019.728158,9.584169344,Strongly Down
ENSDARG00000102731,si:ch73-299h12.2,2003.326524,10.71955759,Strongly Down
ENSDARG00000102710,CR848032.1,475.3347479,323.301857,Unaffected
ENSDARG00000102694,CU570769.2,1472.539387,32.90642728,Strongly Down
ENSDARG00000102673,si:dkey-26i24.1,338.6585378,199.5838064,Unaffected
ENSDARG00000102581,si:dkeyp-44b5.5,374.2304083,213.0028748,Unaffected
ENSDARG00000102561,AL645691.1,237.0158297,172.607101,Unaffected
ENSDARG00000102435,plekhf1,325.7821486,47.20105605,Mildly Down
ENSDARG00000102430,opn6a,407.7665201,196.1858944,Mildly Down
ENSDARG00000102390,RF00003,565.0067939,831.0860991,Unaffected
ENSDARG00000102389,ved,950.2693824,113.0426073,Strongly Down
ENSDARG00000102371,CU570769.1,1197.170935,116.7962482,Strongly Down
ENSDARG00000102370,znf1094,410.6897533,124.7460833,Mildly Down
ENSDARG00000102321,si:ch73-299h12.1,346.3747861,118.0533643,Mildly Down
ENSDARG00000102316,si:dkey-237m9.2,329.458081,88.84048189,Mildly Down
ENSDARG00000102300,ca9,774.6329162,0,Strongly Down
ENSDARG00000102229,mapk8ip1a,224.231085,181.5673089,Unaffected
ENSDARG00000102184,mib1,188.0302439,284.7142305,Unaffected
ENSDARG00000102162,BX005043.1,413.0712259,0,Strongly Down
ENSDARG00000102060,zgc:92873,454.7955921,219.9408567,Mildly Down
ENSDARG00000102054,CR848705.1,1051.775673,969.8789443,Unaffected
ENSDARG00000102053,znf1164,185.5320291,173.6900797,Unaffected
ENSDARG00000102019,AL627305.3,1262.500751,500.6172611,Mildly Down
ENSDARG00000101980,bmper,282.422024,2.004371082,Strongly Down
ENSDARG00000101966,BX664606.2,255.4570525,0,Strongly Down
ENSDARG00000101960,si:dkeyp-44d3.3,292.2128401,168.1351147,Unaffected
ENSDARG00000101946,si:dkey-92j16.2,446.9519335,55.87830911,Mildly Down
ENSDARG00000101935,BX088707.1,18754.85188,7186.478449,Mildly Down
ENSDARG00000101873,dtwd2,932.2527812,592.4162218,Unaffected
ENSDARG00000101859,mnta,670.7989943,949.6113872,Unaffected
ENSDARG00000101823,si:ch211-243p7.3,354.459245,834.5341352,Upregulated
ENSDARG00000101814,lpar3,1200.821625,81.35822943,Strongly Down
ENSDARG00000101790,si:ch73-299h12.3,6306.911646,238.53669,Strongly Down
ENSDARG00000101766,ptmab,8105.169994,11053.52261,Unaffected
ENSDARG00000101731,BX649341.1,1956.508352,297.3266764,Mildly Down
ENSDARG00000101722,larp1,971.422286,834.5341352,Unaffected
ENSDARG00000101688,si:dkey-207l24.2,472.060778,440.7063612,Unaffected
ENSDARG00000101664,BX957361.1,318.304944,408.7084219,Unaffected
ENSDARG00000101647,RF00003,317.9714945,0,Strongly Down
ENSDARG00000101637,ccnd1,5168.225397,1400.193437,Mildly Down
ENSDARG00000101635,dact1,719.3519666,8.972888525,Strongly Down
ENSDARG00000101593,zgc:163077,2075.751533,635.5987362,Mildly Down
ENSDARG00000101576,tbxta,535.6572633,226.1362267,Mildly Down
ENSDARG00000101563,CR354430.4,488.6497584,866.2366091,Unaffected
ENSDARG00000101540,fgf3,309.1019326,20.42794335,Strongly Down
ENSDARG00000101489,RF00003,3038.861456,759.2695126,Mildly Down
ENSDARG00000101476,si:dkey-65j4.2,1605.401207,2062.023513,Unaffected
ENSDARG00000101423,CYP2C9,188.1957757,0,Strongly Down
ENSDARG00000101401,RF00003,2355.331482,2183.990679,Unaffected
ENSDARG00000101279,ndr2,547.0199547,73.78929767,Mildly Down
ENSDARG00000101245,znf1063,2496.226992,32.91040758,Strongly Down
ENSDARG00000101197,si:dkey-238d18.15,521.9862787,0,Strongly Down
ENSDARG00000101193,BX855614.3,324.0745942,302.1159634,Unaffected
ENSDARG00000101184,BX510922.1,1271.885978,762.2392761,Unaffected
ENSDARG00000101174,BX649556.1,342.1715876,46.95843225,Mildly Down
ENSDARG00000101166,BX005396.3,615.0389679,64.93438768,Strongly Down
ENSDARG00000101137,znf999,355.3976655,23.14758423,Strongly Down
ENSDARG00000101135,si:dkey-85k7.7,1373.473369,110.5871737,Strongly Down
ENSDARG00000101127,map1lc3b,1532.681181,1008.264115,Unaffected
ENSDARG00000101048,FQ790208.1,249.1488896,335.1959052,Unaffected
ENSDARG00000101044,si:ch73-138e16.6,479.6689032,311.9437276,Unaffected
ENSDARG00000101029,si:ch73-347e22.4,722.9645802,474.1858033,Unaffected
ENSDARG00000101009,cited4b,7662.018098,4821.090089,Unaffected
ENSDARG00000100961,zgc:174653,629.996574,68.03177883,Strongly Down
ENSDARG00000100891,CR589944.2,409.3160329,0,Strongly Down
ENSDARG00000100842,si:ch211-223a21.4,354.4572685,422.290554,Unaffected
ENSDARG00000100745,RF00415,937.3649609,441.383921,Mildly Down
ENSDARG00000100725,ephb4a,210.6297161,292.0927901,Unaffected
ENSDARG00000100723,znf1097,652.5234995,191.6829125,Mildly Down
ENSDARG00000100698,oscp1a,302.3605441,161.2436693,Unaffected
ENSDARG00000100636,rbm12,926.0044914,1074.513671,Unaffected
ENSDARG00000100632,BX649328.1,950.2912478,41.40042612,Strongly Down
ENSDARG00000100573,ckap2l,685.6431651,627.4329168,Unaffected
ENSDARG00000100568,si:ch211-209j12.3,216.9276201,208.2758887,Unaffected
ENSDARG00000100509,si:dkey-82i20.2,380.0768989,10.70702823,Strongly Down
ENSDARG00000100508,ubn2b,566.3038249,571.3114937,Unaffected
ENSDARG00000100483,vent,702.4731181,11.81352409,Strongly Down
ENSDARG00000100479,si:dkey-43f9.4,293.6343729,149.0010837,Unaffected
ENSDARG00000100436,cnga2,196.4716958,102.7934109,Unaffected
ENSDARG00000100427,BX547934.2,423.5694822,303.9226999,Unaffected
ENSDARG00000100366,si:dkey-102m7.3,1189.324491,809.5424697,Unaffected
ENSDARG00000100329,znf1056,373.9694888,59.60302333,Mildly Down
ENSDARG00000100318,RF00324,246.5759234,1161.070154,Upregulated
ENSDARG00000100311,si:dkey-165e24.1,235.1133912,0.73121827,Strongly Down
ENSDARG00000100262,BX936382.1,486.1214389,332.1412239,Unaffected
ENSDARG00000100214,si:dkey-247i3.6,395.6194895,44.90327182,Strongly Down
ENSDARG00000100179,gb:ai877918,697.2317194,502.1221226,Unaffected
ENSDARG00000100148,znf1150,548.1331291,12.01878825,Strongly Down
ENSDARG00000100142,znf1083,203.1705043,91.37376506,Mildly Down
ENSDARG00000100132,CU929402.1,218.345336,110.4865484,Unaffected
ENSDARG00000100121,si:dkey-21c1.8,434.7026688,196.5039716,Mildly Down
ENSDARG00000100112,znf1118,316.9523654,624.9339243,Unaffected
ENSDARG00000100096,CU855936.1,420.4976795,311.5403133,Unaffected
ENSDARG00000100081,dnai1.1,841.6028737,652.7157807,Unaffected
ENSDARG00000100020,pim1,1499.087382,1177.078914,Unaffected
ENSDARG00000100001,znf1096,469.6246549,58.18469549,Strongly Down
ENSDARG00000100000,CR352226.5,659.4896463,687.8567301,Unaffected
ENSDARG00000099970,CR383676.1,27991.41659,22104.12345,Unaffected
ENSDARG00000099917,znf1005,492.8363123,393.128581,Unaffected
ENSDARG00000099890,CU207221.2,569.8933447,189.702407,Mildly Down
ENSDARG00000099876,BX908401.1,339.5455965,208.8040326,Unaffected
ENSDARG00000099859,RF01684,3289.146693,2753.394936,Unaffected
ENSDARG00000099845,zgc:174275,219.4151263,9.142067968,Strongly Down
ENSDARG00000099837,si:dkey-199m13.7,314.9254656,129.9901204,Mildly Down
ENSDARG00000099761,vox,2283.374564,19.91091379,Strongly Down
ENSDARG00000099746,rgs3a,361.895273,11.75229546,Strongly Down
ENSDARG00000099724,relt,378.9399882,140.7496076,Mildly Down
ENSDARG00000099670,znf1074,245.2531333,72.24991983,Mildly Down
ENSDARG00000099635,akap8l,1735.803177,1784.607829,Unaffected
ENSDARG00000099609,tpbga,299.9298517,155.0762665,Unaffected
ENSDARG00000099556,CU929079.1,180.0510409,395.6491257,Upregulated
ENSDARG00000099522,si:ch73-252p3.1,500.6634335,1195.881665,Upregulated
ENSDARG00000099430,atg16l1,4201.818125,585.7170167,Mildly Down
ENSDARG00000099375,poldip3,814.3600133,653.77414,Unaffected
ENSDARG00000099372,CT583728.3,27761.57353,26283.74903,Unaffected
ENSDARG00000099319,CU651657.1,385.8005696,1268.769659,Upregulated
ENSDARG00000099317,si:ch211-255f4.9,1079.41267,308.7916425,Mildly Down
ENSDARG00000099302,AL954741.2,287.4067196,193.1389211,Unaffected
ENSDARG00000099284,si:dkey-228b2.6,4355.459369,15.24823145,Strongly Down
ENSDARG00000099215,CR318603.1,3196.102882,101.1746171,Strongly Down
ENSDARG00000099195,ier2a,217.1668256,130.8914401,Unaffected
ENSDARG00000099173,BX530097.1,788.428825,569.2508471,Unaffected
ENSDARG00000099121,si:dkey-6d5.1,636.2425382,158.118103,Mildly Down
ENSDARG00000099103,dre-mir-19a,2874.410343,4764.30135,Unaffected
ENSDARG00000099061,znf1154,489.2780588,83.33950515,Mildly Down
ENSDARG00000099025,CU915778.1,373.8045963,132.012086,Mildly Down
ENSDARG00000099009,si:dkey-50i6.6,323.4537616,41.53828567,Mildly Down
ENSDARG00000098999,si:ch73-311h14.2,511.408278,249.7294805,Mildly Down
ENSDARG00000098991,znf1095,497.4099391,152.0192671,Mildly Down
ENSDARG00000098986,znf1040,258.1179938,89.29375595,Mildly Down
ENSDARG00000098958,znf1100,1545.64692,128.3946141,Strongly Down
ENSDARG00000098878,BX927164.1,515.227292,55.68882071,Strongly Down
ENSDARG00000098811,LO018021.1,540.8976702,259.894344,Mildly Down
ENSDARG00000098758,znf1125,1941.473008,18.01564248,Strongly Down
ENSDARG00000098720,FP245456.1,219.234123,167.4038612,Unaffected
ENSDARG00000098681,CU207221.1,1692.500551,386.8091156,Mildly Down
ENSDARG00000098660,CU469526.1,483.0005893,395.0467084,Unaffected
ENSDARG00000098536,si:dkey-25i10.1,513.2575683,14.17274991,Strongly Down
ENSDARG00000098534,RF00067,881.7465794,262.2280891,Mildly Down
ENSDARG00000098529,ccne2,1236.43885,828.5147262,Unaffected
ENSDARG00000098510,znf1102,311.9884894,69.20767907,Mildly Down
ENSDARG00000098440,si:ch211-62a1.4,195.5629419,425.1581627,Upregulated
ENSDARG00000098426,si:dkey-56m15.8,230.8834444,114.7547554,Mildly Down
ENSDARG00000098340,RF00003,409.3160329,128.4917637,Mildly Down
ENSDARG00000098311,CU856344.1,191.7171114,284.4923952,Unaffected
ENSDARG00000098293,si:dkey-27i16.2,347.8606512,0,Strongly Down
ENSDARG00000098281,si:dkey-237m9.1,183.3218733,219.1893892,Unaffected
ENSDARG00000098230,BX649416.1,219.6063415,558.3129283,Upregulated
ENSDARG00000098221,st8sia1,368.935079,0,Strongly Down
ENSDARG00000098199,BX928743.1,1286.544583,95.05507235,Strongly Down
ENSDARG00000098193,znf998,245.7869304,188.2561357,Unaffected
ENSDARG00000098179,si:dkeyp-86c4.1,779.0814018,41.9397441,Strongly Down
ENSDARG00000098176,si:rp71-1h20.5,220.1149795,110.5569668,Unaffected
ENSDARG00000098118,trappc10,500.5129429,295.2775057,Unaffected
ENSDARG00000098094,si:dkey-146c18.5,3166.718331,119.9902422,Strongly Down
ENSDARG00000098087,si:dkey-30f3.2,266.3149577,275.7425463,Unaffected
ENSDARG00000098082,CU459093.1,2090.592641,1519.795054,Unaffected
ENSDARG00000098071,znf1049,178.5470191,71.46346755,Mildly Down
ENSDARG00000098064,si:ch1073-205c8.5,647.4288298,440.9031107,Unaffected
ENSDARG00000098031,si:ch73-144d13.8,223.466442,96.4565105,Mildly Down
ENSDARG00000097971,BX957251.1,259.3103263,235.6380464,Unaffected
ENSDARG00000097970,BX004769.1,928.3011295,243.9717032,Mildly Down
ENSDARG00000097873,BX530721.1,1651.648765,0,Strongly Down
ENSDARG00000097853,CR792439.1,182.0610298,90.77126162,Mildly Down
ENSDARG00000097815,CU928129.1,431.1615515,893.3065031,Upregulated
ENSDARG00000097812,si:ch73-144d13.5,350.3660266,291.7424039,Unaffected
ENSDARG00000097804,lypc,632.652357,453.9453869,Unaffected
ENSDARG00000097776,si:ch1073-80i24.3,2520.325573,35.69215658,Strongly Down
ENSDARG00000097770,si:ch211-167j9.4,213.0231343,237.859693,Unaffected
ENSDARG00000097743,si:dkey-276j7.2,520.7583116,122.6066447,Mildly Down
ENSDARG00000097737,si:dkey-188h10.3,750.6761221,520.9125555,Unaffected
ENSDARG00000097733,CR932000.1,246.6573419,260.9292873,Unaffected
ENSDARG00000097663,BX324206.2,1609.780785,1109.367929,Unaffected
ENSDARG00000097622,si:dkey-42p14.6,825.2339373,177.638383,Mildly Down
ENSDARG00000097607,BX324166.1,228.300161,3.72105723,Strongly Down
ENSDARG00000097604,BX465205.2,263.0069356,153.8344121,Unaffected
ENSDARG00000097595,BX682556.1,2319.45752,1747.487986,Unaffected
ENSDARG00000097452,CU929070.1,1448.906311,560.4255179,Mildly Down
ENSDARG00000097441,CU855930.2,400.0597485,797.840771,Unaffected
ENSDARG00000097347,CR854965.2,746.2672948,54.96765376,Strongly Down
ENSDARG00000097336,CR759841.1,523.4408922,590.1548944,Unaffected
ENSDARG00000097261,si:dkey-4c15.16,244.8660005,226.2335786,Unaffected
ENSDARG00000097134,si:dkey-7i4.12,197.1239063,161.884631,Unaffected
ENSDARG00000097125,si:dkey-7i4.23,330.0935749,30.51218889,Strongly Down
ENSDARG00000097122,AL772382.1,458.9350194,1341.231377,Upregulated
ENSDARG00000097098,znf1004,3203.740496,49.7002696,Strongly Down
ENSDARG00000097091,si:dkey-7j22.2,318.4764362,150.5741666,Mildly Down
ENSDARG00000097059,si:dkey-159n16.4,190.1086644,0,Strongly Down
ENSDARG00000096992,zgc:153405,7703.78771,11076.24592,Unaffected
ENSDARG00000096834,si:ch211-155k24.9,636.6744186,931.9549931,Unaffected
ENSDARG00000096832,BX569793.1,793.4304499,972.173123,Unaffected
ENSDARG00000096788,CR352243.1,197.5463479,334.8723571,Unaffected
ENSDARG00000096779,BX294177.1,178.221785,111.8941338,Unaffected
ENSDARG00000096778,AL928920.3,353.2074861,652.0393285,Unaffected
ENSDARG00000096698,BX119915.1,461.6081435,66.36970999,Mildly Down
ENSDARG00000096689,si:dkey-66i24.9,749.5790756,840.0378033,Unaffected
ENSDARG00000096594,lratb.1,748.7488407,24.10727274,Strongly Down
ENSDARG00000096461,CR382294.1,245.0172982,145.1736629,Unaffected
ENSDARG00000096457,si:dkey-118j18.2,349.2842166,339.5510161,Unaffected
ENSDARG00000096435,AL845295.1,801.4415915,62.71289984,Strongly Down
ENSDARG00000096418,ighv14-1,300.9676713,0,Strongly Down
ENSDARG00000096403,CT027638.1,12190.10982,10770.5755,Unaffected
ENSDARG00000096373,BX936397.2,392.4121259,132.6611129,Mildly Down
ENSDARG00000096222,si:ch211-245n8.4,259.2729128,193.325629,Unaffected
ENSDARG00000096210,znf1050,217.1270944,77.90798352,Mildly Down
ENSDARG00000096188,CT027801.2,704.0446533,125.7531631,Mildly Down
ENSDARG00000096172,znf1097,482.664082,153.9708396,Mildly Down
ENSDARG00000096121,CR381686.4,181.5514662,91.8260936,Unaffected
ENSDARG00000096111,CU570689.1,187.2265766,58.77383715,Mildly Down
ENSDARG00000096109,si:dkeyp-100h4.2,342.3706472,0,Strongly Down
ENSDARG00000096107,BX649516.4,246.4368203,146.1490831,Unaffected
ENSDARG00000096041,si:ch211-162i8.2,276.5149079,346.896386,Unaffected
ENSDARG00000096034,si:ch73-289h5.5,454.7955815,433.9557116,Unaffected
ENSDARG00000096030,si:dkey-262g12.7,251.0330738,99.54171492,Mildly Down
ENSDARG00000096026,si:dkey-4e4.1,325.4354476,279.2556686,Unaffected
ENSDARG00000096012,BX649479.1,329.3055637,350.9380859,Unaffected
ENSDARG00000096000,si:dkey-29j8.2,429.4146821,44.49745174,Strongly Down
ENSDARG00000095951,BX890562.2,176.226765,177.0265401,Unaffected
ENSDARG00000095949,si:dkey-22i16.9,290.9949542,129.3632629,Mildly Down
ENSDARG00000095908,sat1a.2,238.1422617,292.2326783,Unaffected
ENSDARG00000095734,pimr186,22.53040613,10.43453682,Mildly Down
ENSDARG00000095635,si:dkey-261j4.5,6735.268501,42.95659218,Strongly Down
ENSDARG00000095451,si:ch211-196l7.4,814.2891901,1163.071999,Unaffected
ENSDARG00000095427,FP101887.1,549.8675409,189.45378,Mildly Down
ENSDARG00000095397,znf1170,274.4456113,321.8810162,Unaffected
ENSDARG00000095328,si:ch211-191i18.4,640.1814786,263.7660838,Mildly Down
ENSDARG00000095267,BX927385.2,194.8381726,22.01877138,Strongly Down
ENSDARG00000095190,BX901918.2,177.9300219,60.04925844,Mildly Down
ENSDARG00000095149,znf1062,589.1902933,34.42663633,Strongly Down
ENSDARG00000095136,si:ch211-130m23.2,194.8525341,23.67784343,Strongly Down
ENSDARG00000095126,si:dkey-82i20.2,335.9198662,191.1279371,Unaffected
ENSDARG00000095025,CR388166.2,297.568847,114.3576083,Mildly Down
ENSDARG00000094965,nfil3-5,715.9013967,970.1410003,Unaffected
ENSDARG00000094888,znf1061,552.8100489,31.07619181,Strongly Down
ENSDARG00000094887,si:ch211-170d8.2,987.902529,13.88599752,Strongly Down
ENSDARG00000094881,si:ch211-197h24.8,869.0458235,8.569926435,Strongly Down
ENSDARG00000094859,si:dkey-11o15.10,2965.989296,0,Strongly Down
ENSDARG00000094821,si:ch73-44m9.2,292.3685949,263.3207149,Unaffected
ENSDARG00000094736,znf1157,289.4383535,163.5587276,Unaffected
ENSDARG00000094729,apela,2640.748599,22.20479787,Strongly Down
ENSDARG00000094673,rhoab,1238.410533,914.9257038,Unaffected
ENSDARG00000094653,si:dkey-149m13.5,342.2250222,166.4864807,Mildly Down
ENSDARG00000094646,dyrk2,565.5756118,576.2919633,Unaffected
ENSDARG00000094567,AL928920.1,328.0777363,689.0493238,Upregulated
ENSDARG00000094563,znf1144,194.8408071,394.1523915,Upregulated
ENSDARG00000094558,si:dkeyp-53e4.1,527.5493086,302.1228265,Unaffected
ENSDARG00000094518,zgc:172014,195.9178922,17.23623067,Strongly Down
ENSDARG00000094514,si:dkey-7l6.3,430.4470709,285.6054977,Unaffected
ENSDARG00000094503,AL954767.1,695.1259643,639.4139899,Unaffected
ENSDARG00000094456,AL928824.1,190.8197154,139.6939548,Unaffected
ENSDARG00000094443,znf1036,197.5578703,146.2671275,Unaffected
ENSDARG00000094387,si:dkeyp-30e7.2,358.3834098,43.67194039,Strongly Down
ENSDARG00000094343,si:dkey-20i20.8,646.719332,298.3544214,Mildly Down
ENSDARG00000094308,si:dkey-247i3.6,385.8388059,41.84086242,Strongly Down
ENSDARG00000094230,si:dkey-211g8.4,185.3786381,174.5812006,Unaffected
ENSDARG00000094216,si:ch1073-186o8.3,253.7082849,265.4788506,Unaffected
ENSDARG00000094177,si:ch211-208f21.2,657.3671292,157.679049,Mildly Down
ENSDARG00000094175,znf1027,292.8650505,274.9665269,Unaffected
ENSDARG00000094160,si:ch73-160h15.3,1239.140334,0,Strongly Down
ENSDARG00000094159,BX072561.1,189.3115856,70.14670107,Mildly Down
ENSDARG00000094118,si:dkey-21o22.2,1045.072035,934.0094584,Unaffected
ENSDARG00000094097,CR936321.1,791.8722451,514.309928,Unaffected
ENSDARG00000094081,BX323880.1,21807.98661,0,Strongly Down
ENSDARG00000094017,znf1137,289.9391762,47.57380566,Mildly Down
ENSDARG00000093994,znf1058,469.4620108,23.24782808,Strongly Down
ENSDARG00000093872,CU137716.1,275.2317245,29.28933382,Strongly Down
ENSDARG00000093865,CR356223.1,1335.3775,47.23737876,Strongly Down
ENSDARG00000093864,wee1,2166.296553,2131.388448,Unaffected
ENSDARG00000093787,CR450686.3,4180.77819,122.2437498,Strongly Down
ENSDARG00000093764,si:dkey-145c18.5,90.11614904,7.048071696,Strongly Down
ENSDARG00000093713,si:dkey-256i11.2,210.5679314,398.3432169,Unaffected
ENSDARG00000093688,CU074419.2,229.0947945,359.5851595,Unaffected
ENSDARG00000093665,si:dkey-285e18.5,249.0688479,185.3245297,Unaffected
ENSDARG00000093615,si:ch211-234c11.3,182.7435142,138.4370574,Unaffected
ENSDARG00000093612,si:dkey-92i17.2,1460.541631,2001.726289,Unaffected
ENSDARG00000093584,zgc:193505,347.9701791,0,Strongly Down
ENSDARG00000093561,BX571854.1,957.0172562,855.4479181,Unaffected
ENSDARG00000093463,CU693484.1,1522.233875,963.6882276,Unaffected
ENSDARG00000093456,oip5-as1,254.8113644,278.0602396,Unaffected
ENSDARG00000093424,znf1135,435.0445544,142.1549183,Mildly Down
ENSDARG00000093381,tgm2l,190.1457712,24.26324245,Mildly Down
ENSDARG00000093284,si:ch211-173m16.2,5692.786205,1949.530208,Mildly Down
ENSDARG00000093254,znf569l,349.3803515,226.0049221,Unaffected
ENSDARG00000093220,znf1127,2165.52422,47.27293697,Strongly Down
ENSDARG00000093188,si:dkey-75a21.2,286.3403765,120.6384379,Mildly Down
ENSDARG00000093129,si:rp71-45k5.2,2504.875921,38.2795721,Strongly Down
ENSDARG00000092996,BX005329.2,216.8217092,30.71993526,Mildly Down
ENSDARG00000092938,znf1047,508.5902164,61.80755987,Strongly Down
ENSDARG00000092916,mlnl,232.2140883,291.5849403,Unaffected
ENSDARG00000092900,BX927258.1,1630.741554,64.88823502,Strongly Down
ENSDARG00000092825,si:dkey-42p14.3,375.4005362,97.52695535,Mildly Down
ENSDARG00000092686,BX649292.1,444.1182844,2.445909207,Strongly Down
ENSDARG00000092615,CR848741.1,748.7488407,141.0275455,Mildly Down
ENSDARG00000092596,si:dkeyp-44d3.1,271.2887838,112.0113468,Mildly Down
ENSDARG00000092583,si:dkey-16p19.5,712.0845082,259.1239435,Mildly Down
ENSDARG00000092561,pimr201,27.90596094,24.25898622,Unaffected
ENSDARG00000092480,vegfbb,472.0848575,596.0958109,Unaffected
ENSDARG00000092467,si:ch73-46j18.5,220.1602062,461.224647,Upregulated
ENSDARG00000092404,si:dkey-79p17.3,632.3484363,203.7937622,Mildly Down
ENSDARG00000092373,BX005340.1,414.4165442,351.679727,Unaffected
ENSDARG00000092359,si:dkeyp-113d7.10,207.4562637,926.885424,Upregulated
ENSDARG00000092358,BX469930.1,73.77397436,4.621159278,Strongly Down
ENSDARG00000092337,CU467861.1,2731.33819,1638.660144,Unaffected
ENSDARG00000092181,im:7140055,730.9214873,325.5942598,Mildly Down
ENSDARG00000092170,apoc1,470.4781987,147.6916824,Mildly Down
ENSDARG00000092140,si:ch211-231i17.3,246.6548193,16.4451916,Strongly Down
ENSDARG00000092139,si:dkey-247i3.6,368.0557149,57.90932537,Mildly Down
ENSDARG00000092120,BX470185.1,301.5113555,153.9428368,Unaffected
ENSDARG00000092088,si:dkey-4c15.8,315.5813941,193.9298144,Unaffected
ENSDARG00000092086,CR318650.1,300.9676713,607.36653,Upregulated
ENSDARG00000092083,BX899181.1,271.0702205,63.82041242,Mildly Down
ENSDARG00000092080,znf1044,626.1574669,92.98314225,Mildly Down
ENSDARG00000092033,si:dkey-239h2.3,862.9176509,214.6640443,Mildly Down
ENSDARG00000092006,CT027611.1,252.6642178,158.631807,Unaffected
ENSDARG00000092000,znf1020,499.2978998,33.53997451,Strongly Down
ENSDARG00000091994,znf1048,310.2477349,78.41250145,Mildly Down
ENSDARG00000091961,pth1b,440.3502403,0,Strongly Down
ENSDARG00000091937,BX927308.1,398.5387863,545.5433819,Unaffected
ENSDARG00000091926,si:dkey-103e21.5,688.9983098,352.4711722,Unaffected
ENSDARG00000091905,si:dkey-108k21.21,5463.086002,6889.439396,Unaffected
ENSDARG00000091835,si:ch73-264p11.1,210.8668744,11.03249259,Strongly Down
ENSDARG00000091760,cwf19l2,427.0686923,820.1601937,Unaffected
ENSDARG00000091477,znf1066,1127.711115,14.86128096,Strongly Down
ENSDARG00000091419,nrarpa,746.6064978,452.2027735,Unaffected
ENSDARG00000091243,znf975,185.6251843,159.1774527,Unaffected
ENSDARG00000091111,si:ch211-15b10.6,1100.382767,111.6959955,Strongly Down
ENSDARG00000091062,si:dkey-199k11.6,975.1557263,253.4407131,Mildly Down
ENSDARG00000091061,slc38a3b,537.7300489,75.48113432,Mildly Down
ENSDARG00000091025,znf985,257.9548371,143.5741777,Unaffected
ENSDARG00000090975,si:dkey-62k3.5,238.9802128,91.49470186,Mildly Down
ENSDARG00000090769,si:dkey-51d8.6,108.0916857,48.79748378,Mildly Down
ENSDARG00000090708,si:dkey-28g23.6,392.6056076,202.4945929,Unaffected
ENSDARG00000090673,si:ch1073-104i17.1,327.1910735,354.3537847,Unaffected
ENSDARG00000090387,onecut2,207.774636,27.95324808,Mildly Down
ENSDARG00000090366,znf1065,2090.388424,34.46903906,Strongly Down
ENSDARG00000089875,zgc:173705,178.2192625,234.799738,Unaffected
ENSDARG00000089814,znf1042,571.3031208,64.27970826,Strongly Down
ENSDARG00000089787,crebzf,1363.34207,929.7451507,Unaffected
ENSDARG00000089382,zgc:158463,4033.377055,3524.796398,Unaffected
ENSDARG00000089355,si:dkeyp-121d4.3,389.9665477,381.270106,Unaffected
ENSDARG00000089307,pmaip1,340.8054074,312.725471,Unaffected
ENSDARG00000089302,hnrnpa0a,3996.028714,3554.653496,Unaffected
ENSDARG00000089164,RF00325,493.1518469,1625.498215,Upregulated
ENSDARG00000089158,si:dkeyp-104f11.6,447.6791838,475.7507094,Unaffected
ENSDARG00000089094,si:dkey-160o24.3,309.059988,78.08891715,Mildly Down
ENSDARG00000089090,mmd2b,505.8637412,40.83424693,Strongly Down
ENSDARG00000089042,foxb1a,87.76958324,0,Strongly Down
ENSDARG00000088967,wnk4b,415.3029891,42.85638623,Strongly Down
ENSDARG00000088927,CR450793.1,780.8286005,9.055092578,Strongly Down
ENSDARG00000088861,znf1021,401.0443921,110.9976309,Mildly Down
ENSDARG00000088835,efs,439.324103,220.8926991,Unaffected
ENSDARG00000088640,znf1115,404.2502043,70.05431004,Mildly Down
ENSDARG00000088490,CR385078.1,250.3632369,274.3456791,Unaffected
ENSDARG00000088298,si:ch211-235i11.4,208.9699733,138.4230696,Unaffected
ENSDARG00000088178,tp53inp2,234.551884,56.30537959,Mildly Down
ENSDARG00000088165,BX470188.1,149.8440838,236.7113266,Unaffected
ENSDARG00000087950,CABZ01044053.1,2417.013802,2812.303685,Unaffected
ENSDARG00000087844,plekhn1,3101.218302,555.2981034,Mildly Down
ENSDARG00000087645,znf1064,594.9260921,97.09604282,Mildly Down
ENSDARG00000087636,hmgn6,1028.464748,1133.034199,Unaffected
ENSDARG00000087592,BX469925.1,196.5987814,33.46469208,Mildly Down
ENSDARG00000087544,BX510934.1,217.3537198,337.4058639,Unaffected
ENSDARG00000087188,nfil3-6,763.9574868,93.33542156,Strongly Down
ENSDARG00000087152,sowahd,498.6002667,458.6391565,Unaffected
ENSDARG00000087070,znf977,306.8191949,230.7846088,Unaffected
ENSDARG00000087030,RF00281,6040.253958,6156.89701,Unaffected
ENSDARG00000086980,mbd6,285.9041637,368.0417352,Unaffected
ENSDARG00000086881,ier2b,136.4386776,205.5868219,Unaffected
ENSDARG00000086847,irgq1,327.2863454,292.1887028,Unaffected
ENSDARG00000086826,sult6b1,805.0591675,0,Strongly Down
ENSDARG00000086815,MYADM,204.6181346,256.7568501,Unaffected
ENSDARG00000086733,RF00274,2443.677808,2589.013149,Unaffected
ENSDARG00000086453,cx52.9,290.894017,273.9508029,Unaffected
ENSDARG00000086449,znf1055,427.9754761,81.24183919,Mildly Down
ENSDARG00000086374,isg15,789.2158391,827.7076801,Unaffected
ENSDARG00000086296,BX649307.1,721.3733505,45.66253974,Strongly Down
ENSDARG00000086223,si:ch73-144d13.4,379.6873343,126.9310951,Mildly Down
ENSDARG00000086126,trim33l,567.1246239,157.9055409,Mildly Down
ENSDARG00000085829,RF00191,687.2843836,575.3362553,Unaffected
ENSDARG00000085713,RF00302,1369.758378,682.9286652,Mildly Down
ENSDARG00000085696,RF00270,8771.057848,2447.462165,Mildly Down
ENSDARG00000085485,RF00568,1929.153434,473.94503,Mildly Down
ENSDARG00000085358,RF00218,1834.199204,363.6559349,Mildly Down
ENSDARG00000085301,RF00322,1527.29863,1438.340638,Unaffected
ENSDARG00000085291,RF01192,2046.580165,453.5003424,Mildly Down
ENSDARG00000084995,RF00408,1527.29863,431.5021915,Mildly Down
ENSDARG00000084991,RF00091,2558.225206,1984.063998,Unaffected
ENSDARG00000084839,RF00001,491.1792395,0,Strongly Down
ENSDARG00000084828,RF00263,2240.781202,1406.844128,Unaffected
ENSDARG00000084628,RF00443,522.8489471,422.0532384,Unaffected
ENSDARG00000084532,RF00322,546.7962272,1618.40771,Upregulated
ENSDARG00000084411,RF00572,2684.03956,315.9633533,Strongly Down
ENSDARG00000084209,RF00411,620.1758074,146.0133678,Mildly Down
ENSDARG00000083986,RF01241,743.1715681,215.3493246,Mildly Down
ENSDARG00000083950,RF00593,2923.685949,1770.039602,Unaffected
ENSDARG00000083894,RF00302,725.1662,607.0477024,Unaffected
ENSDARG00000083885,RF01225,1047.462289,303.5238512,Mildly Down
ENSDARG00000083826,RF00417,538.5737275,579.6620918,Unaffected
ENSDARG00000083784,RF00099,402.8701111,758.809628,Unaffected
ENSDARG00000083760,RF00478,9392.341112,137.6697468,Strongly Down
ENSDARG00000083593,RF00430,1867.317668,703.4220639,Mildly Down
ENSDARG00000083576,RF00396,588.9439322,0,Strongly Down
ENSDARG00000083457,RF00284,2905.638505,475.895421,Mildly Down
ENSDARG00000083434,RF00377,1067.780955,167.5979526,Mildly Down
ENSDARG00000083431,RF00015,2213.499823,3189.511955,Unaffected
ENSDARG00000083424,RF01234,1461.842975,1014.408661,Unaffected
ENSDARG00000083378,RF00092,1439.001678,1054.033999,Unaffected
ENSDARG00000083266,RF00581,4291.216474,1450.713461,Mildly Down
ENSDARG00000083254,RF00152,5116.450411,1880.367273,Mildly Down
ENSDARG00000083213,dre-mir-16a,588.0977484,0,Strongly Down
ENSDARG00000083171,RF00270,3804.540049,2223.89591,Unaffected
ENSDARG00000083158,RF01277,741.5145524,279.329921,Mildly Down
ENSDARG00000083063,RF00003,1110.114695,934.485554,Unaffected
ENSDARG00000082911,RF00093,1169.47438,1376.697468,Unaffected
ENSDARG00000082891,RF00150,1805.806028,850.313142,Mildly Down
ENSDARG00000082850,RF00096,846.3301432,434.7465688,Unaffected
ENSDARG00000082842,RF00020,1793.698192,2855.064614,Unaffected
ENSDARG00000082811,RF00151,5476.763821,5429.229451,Unaffected
ENSDARG00000082790,RF00003,5378.512506,839.076641,Mildly Down
ENSDARG00000082652,RF00270,2657.896318,3003.703567,Unaffected
ENSDARG00000082646,RF00003,563.1294939,1473.572164,Upregulated
ENSDARG00000082628,RF00003,431.507866,3250.99643,Upregulated
ENSDARG00000082511,RF00093,1655.322192,0,Strongly Down
ENSDARG00000082493,RF00191,2031.531781,0,Strongly Down
ENSDARG00000082440,RF00089,4900.262366,2171.69178,Mildly Down
ENSDARG00000082321,RF00004,1544.842286,3139.134582,Upregulated
ENSDARG00000082253,RF00003,386.7700269,0,Strongly Down
ENSDARG00000082213,RF00211,2117.151894,1329.225142,Unaffected
ENSDARG00000082154,dre-mir-92a-2,1508.006437,0,Strongly Down
ENSDARG00000082087,RF00089,7328.969508,3125.475333,Mildly Down
ENSDARG00000082020,RF00265,1298.203836,575.3362553,Mildly Down
ENSDARG00000082008,RF00016,1971.965263,2208.452188,Unaffected
ENSDARG00000081946,RF00581,1959.491647,1025.200242,Unaffected
ENSDARG00000081943,RF00091,220.8539746,970.6212364,Upregulated
ENSDARG00000081931,RF00190,1956.289863,566.875428,Mildly Down
ENSDARG00000081926,RF00133,1683.895072,1951.773625,Unaffected
ENSDARG00000081883,CABZ01078244.1,974.5619831,458.899156,Mildly Down
ENSDARG00000081875,RF00609,1324.257754,453.5003424,Mildly Down
ENSDARG00000081850,RF00425,454.7955921,571.0745052,Unaffected
ENSDARG00000081849,RF00151,1563.359848,2676.911743,Unaffected
ENSDARG00000081802,RF00581,5292.879736,1550.762665,Mildly Down
ENSDARG00000081799,RF00288,1033.626346,0,Strongly Down
ENSDARG00000081702,RF00092,966.8882667,455.2857768,Mildly Down
ENSDARG00000081654,RF00186,403.9302956,253.6021652,Unaffected
ENSDARG00000081648,RF00410,1038.120373,279.329921,Mildly Down
ENSDARG00000081623,RF00377,2459.831929,185.3246592,Strongly Down
ENSDARG00000081621,RF00577,2072.486243,487.9434064,Mildly Down
ENSDARG00000081580,RF00608,2984.596073,2676.911743,Unaffected
ENSDARG00000081574,RF00003,1130.013588,1064.195589,Unaffected
ENSDARG00000081568,RF00133,1395.395567,1971.180466,Unaffected
ENSDARG00000081450,RF00581,1591.784572,214.1529395,Mildly Down
ENSDARG00000081440,RF00072,781.1374674,1250.587776,Unaffected
ENSDARG00000081366,dre-mir-15c,493.1518469,0,Strongly Down
ENSDARG00000081218,RF00002,449429.2272,462890.652,Unaffected
ENSDARG00000081103,RF01290,2282.157737,2218.562826,Unaffected
ENSDARG00000081082,RF00190,1364.386776,285.5372526,Mildly Down
ENSDARG00000081030,RF00273,1121.413789,1320.12086,Unaffected
ENSDARG00000081029,RF00020,1510.998573,3206.658545,Upregulated
ENSDARG00000080942,RF00572,1077.147455,507.2043303,Mildly Down
ENSDARG00000080938,RF00575,899.5956767,423.5992209,Mildly Down
ENSDARG00000080936,RF00049,942.5040231,507.2043303,Unaffected
ENSDARG00000080931,dre-mir-18b,470.4781987,221.5375236,Mildly Down
ENSDARG00000080924,RF00152,3328.774966,3483.210461,Unaffected
ENSDARG00000080902,RF00003,260.095287,1212.464696,Upregulated
ENSDARG00000080783,CU855930.1,186.0527422,0,Strongly Down
ENSDARG00000080775,RF00571,955.0707435,1798.884691,Unaffected
ENSDARG00000080774,RF00004,1505.530283,530.5823601,Mildly Down
ENSDARG00000080742,dre-mir-17a-2,1109.591655,696.6420922,Unaffected
ENSDARG00000080698,RF00070,8186.320658,1186.077819,Mildly Down
ENSDARG00000080685,RF00407,378.9963268,142.7686263,Mildly Down
ENSDARG00000080647,RF00396,530.5948575,142.7686263,Mildly Down
ENSDARG00000080636,RF00093,296.6058209,837.9897631,Upregulated
ENSDARG00000080531,RF00089,2923.685949,2753.394936,Unaffected
ENSDARG00000080515,dre-let-7j,1356.167579,0,Strongly Down
ENSDARG00000080512,RF00003,276.364768,1643.788708,Upregulated
ENSDARG00000080493,RF00377,2857.837167,173.6375185,Strongly Down
ENSDARG00000080450,RF00566,1874.729922,441.383921,Mildly Down
ENSDARG00000080424,RF00604,3638.364737,2355.682334,Unaffected
ENSDARG00000080422,RF00211,3611.612055,1360.501027,Mildly Down
ENSDARG00000080372,RF00581,3156.958764,410.0800968,Mildly Down
ENSDARG00000080205,RF00612,5946.145073,3906.844166,Unaffected
ENSDARG00000080188,RF00571,3410.966941,4111.736438,Unaffected
ENSDARG00000080156,RF00088,1608.027272,1927.376455,Unaffected
ENSDARG00000079725,dhx9,569.0466946,575.6855366,Unaffected
ENSDARG00000079687,rnf10,354.5324748,484.0988886,Unaffected
ENSDARG00000079647,muc13b,377.9720124,486.1850518,Unaffected
ENSDARG00000079639,PRRC2B,580.7384369,681.747685,Unaffected
ENSDARG00000079524,si:ch211-168h21.3,133.1871356,55.85050299,Mildly Down
ENSDARG00000079403,CT025650.1,226.7476237,234.2058595,Unaffected
ENSDARG00000079324,ano9b,735.7149972,978.4349748,Unaffected
ENSDARG00000079317,dlc1,185.1983671,15.618934,Strongly Down
ENSDARG00000079308,tor3a,494.4892903,741.2986366,Unaffected
ENSDARG00000079238,trim59,299.4096572,158.6987458,Unaffected
ENSDARG00000079233,E2F2,228.1106418,127.5519075,Unaffected
ENSDARG00000079036,si:dkeyp-11g8.3,153.7498962,46.04628441,Mildly Down
ENSDARG00000079017,tlnrd1,224.7342787,141.096373,Unaffected
ENSDARG00000079009,abca1b,345.0023814,2.043444079,Strongly Down
ENSDARG00000078986,mplkip,2370.862233,257.8883989,Strongly Down
ENSDARG00000078904,brd4,434.4471283,462.6458833,Unaffected
ENSDARG00000078814,si:dkey-34m19.3,566.1355919,473.1802501,Unaffected
ENSDARG00000078810,zgc:174320,213.5026245,22.54144594,Strongly Down
ENSDARG00000078784,mgaa,494.4990927,492.9989961,Unaffected
ENSDARG00000078694,phlpp1,190.2398392,183.2004458,Unaffected
ENSDARG00000078691,gigyf1b,1260.338136,1119.28052,Unaffected
ENSDARG00000078561,lrig2,236.6149537,262.156754,Unaffected
ENSDARG00000078552,grhl3,5216.440665,255.366208,Strongly Down
ENSDARG00000078518,kazald2,623.0634455,13.8064216,Strongly Down
ENSDARG00000078468,fap,279.6829743,658.4818774,Upregulated
ENSDARG00000078419,filip1a,435.7236633,10.95055192,Strongly Down
ENSDARG00000078308,spry2,383.1212324,83.90842208,Mildly Down
ENSDARG00000078301,zgc:162255,858.5885987,661.3468682,Unaffected
ENSDARG00000078155,INAVA,247.0223494,122.1330886,Mildly Down
ENSDARG00000078004,drl,2353.512233,3.450369663,Strongly Down
ENSDARG00000077906,rnf165a,682.7723593,693.2448453,Unaffected
ENSDARG00000077877,si:dkey-14o18.1,183.0052291,36.08741239,Mildly Down
ENSDARG00000077828,slc29a3,188.410656,379.0691378,Upregulated
ENSDARG00000077811,sox11a,2749.044915,303.891982,Strongly Down
ENSDARG00000077777,tmsb4x,1254.550618,1992.85601,Unaffected
ENSDARG00000077769,cited1,490.6185326,55.00503582,Strongly Down
ENSDARG00000077726,nocta,664.0820593,96.65309657,Mildly Down
ENSDARG00000077721,knop1,212.9690019,821.8254936,Upregulated
ENSDARG00000077712,zgc:113886,15678.99262,359.6263029,Strongly Down
ENSDARG00000077652,lratb.2,174.0600856,17.25493693,Strongly Down
ENSDARG00000077631,CU459089.1,654.2587451,179.9992379,Mildly Down
ENSDARG00000077589,CR847803.1,21795.37259,0,Strongly Down
ENSDARG00000077473,mych,7555.783741,478.7553695,Strongly Down
ENSDARG00000077456,zgc:110216,4745.395089,7903.497257,Unaffected
ENSDARG00000077405,psip1b,1291.979295,1442.91655,Unaffected
ENSDARG00000077353,rerea,394.6916679,410.8293297,Unaffected
ENSDARG00000077318,CR376737.1,198.9490439,301.407138,Unaffected
ENSDARG00000077298,gas1a,472.2405534,115.5155202,Mildly Down
ENSDARG00000077126,snrnp70,4482.804981,4581.527027,Unaffected
ENSDARG00000077084,col28a1a,348.5425384,787.0543673,Upregulated
ENSDARG00000077052,tnrc18,514.6702019,131.7181176,Mildly Down
ENSDARG00000076945,FO834840.1,177.3905541,95.46193438,Unaffected
ENSDARG00000076895,flrt3,232.5108826,13.68551329,Strongly Down
ENSDARG00000076805,leng8,1054.27951,866.5070545,Unaffected
ENSDARG00000076766,zgc:163061,2381.795881,4098.444186,Unaffected
ENSDARG00000076747,TMCC1 (1 of many),321.336355,323.4903633,Unaffected
ENSDARG00000076745,zgc:193811,247.1273007,603.3826112,Upregulated
ENSDARG00000076638,MEX3A,752.7183508,421.493857,Unaffected
ENSDARG00000076620,abhd8b,336.4124698,184.4763149,Unaffected
ENSDARG00000076571,sp5a,113.1458878,236.6514869,Upregulated
ENSDARG00000076554,cdkn1a,1670.506369,2482.347034,Unaffected
ENSDARG00000076532,si:ch211-222l21.1,2207.422508,1890.813758,Unaffected
ENSDARG00000076526,gar1,819.3293674,779.8158571,Unaffected
ENSDARG00000076472,ovol1a,1024.904104,11.40009733,Strongly Down
ENSDARG00000076320,ano9a,1647.609442,2362.682145,Unaffected
ENSDARG00000076277,CR385050.1,735.4716494,246.7849027,Mildly Down
ENSDARG00000076272,znf1041,633.3053649,248.8297831,Mildly Down
ENSDARG00000076264,zgc:195170,1007.785687,73.00668391,Strongly Down
ENSDARG00000076252,si:dkey-247i3.1,209.7777805,121.2759427,Unaffected
ENSDARG00000076160,si:dkey-285e18.2,634.213215,140.4324431,Mildly Down
ENSDARG00000076135,mmrn2a,563.4973824,94.6746449,Mildly Down
ENSDARG00000076111,CABZ01072254.1,326.3579481,302.3918821,Unaffected
ENSDARG00000076104,sema4bb,1931.974236,651.2018056,Mildly Down
ENSDARG00000076082,CABZ01041962.1,218.6558138,332.2622861,Unaffected
ENSDARG00000075996,si:dkey-103d23.5,157.8047718,52.24823738,Mildly Down
ENSDARG00000075936,sugp1,688.0913137,481.3812472,Unaffected
ENSDARG00000075831,slc7a8a,2221.924835,63.02735301,Strongly Down
ENSDARG00000075666,tsc22d3,540.8124544,263.2402522,Mildly Down
ENSDARG00000075614,apoc4,177.3951785,0,Strongly Down
ENSDARG00000075564,fam13a,394.9540668,81.15269285,Mildly Down
ENSDARG00000075561,si:dkey-76k16.5,228.4129648,64.53269381,Mildly Down
ENSDARG00000075538,zgc:163061,2750.461782,3230.862266,Unaffected
ENSDARG00000075508,si:dkey-108k21.10,4239.61934,5534.353483,Unaffected
ENSDARG00000075380,kri1,671.6309863,347.0704825,Unaffected
ENSDARG00000075027,fgfr1bl,245.3092663,0,Strongly Down
ENSDARG00000074979,larp4ab,608.9608126,741.5122673,Unaffected
ENSDARG00000074867,stim2a,222.6150602,126.8034052,Unaffected
ENSDARG00000074820,si:dkey-253d23.9,271.970786,153.6778569,Unaffected
ENSDARG00000074796,dbf4,243.6846948,471.2872787,Unaffected
ENSDARG00000074768,zgc:113295,325.6681108,129.5913264,Mildly Down
ENSDARG00000074686,mgea5,1441.436537,1729.607225,Unaffected
ENSDARG00000074676,rprd2b,196.0683552,199.3029181,Unaffected
ENSDARG00000074661,gper1,631.3917529,1763.344416,Upregulated
ENSDARG00000074359,si:ch211-155k24.1,94.61583611,49.70815535,Unaffected
ENSDARG00000074337,cbfa2t2,576.2878566,0,Strongly Down
ENSDARG00000074301,cth,313.4805504,173.9699754,Unaffected
ENSDARG00000074235,CR376783.1,2934.718727,690.9462764,Mildly Down
ENSDARG00000074229,prr12a,950.7945741,976.9932046,Unaffected
ENSDARG00000074085,si:ch1073-188e1.1,189.4981634,0,Strongly Down
ENSDARG00000074012,si:ch1073-159d7.7,3852.193226,5130.222623,Unaffected
ENSDARG00000073988,mntb,211.559973,250.5542196,Unaffected
ENSDARG00000073900,fam212b,621.0971212,114.5300101,Mildly Down
ENSDARG00000073799,zgc:194210,186.5746293,405.4789176,Upregulated
ENSDARG00000073708,zgc:171551,242.0870311,151.8595226,Unaffected
ENSDARG00000073699,col9a1a,290.0441989,113.2575172,Mildly Down
ENSDARG00000071626,ptgdsb.2,206.8088283,46.74316383,Mildly Down
ENSDARG00000071497,zic3,449.4645201,2.596842435,Strongly Down
ENSDARG00000071076,ldhbb,316.0076054,411.2313605,Unaffected
ENSDARG00000071005,ppp1r3ca,1617.458517,977.0111063,Unaffected
ENSDARG00000070914,dusp6,1316.15088,64.89483014,Strongly Down
ENSDARG00000070898,si:ch211-262h13.3,2240.139003,2237.133385,Unaffected
ENSDARG00000070858,si:busm1-105l16.2,225.0765166,250.7093082,Unaffected
ENSDARG00000070792,lrrc15,337.0520693,8.464543062,Strongly Down
ENSDARG00000070726,cnga3a,216.8561764,108.4947011,Unaffected
ENSDARG00000070721,vdrb,379.8868257,597.7765321,Unaffected
ENSDARG00000070705,zgc:64022,4587.627031,38.06536778,Strongly Down
ENSDARG00000070676,ifnphi3,179.5273042,77.99834472,Mildly Down
ENSDARG00000070651,prkcdb,698.7518977,537.1549769,Unaffected
ENSDARG00000070565,adap2,228.4129648,118.3099387,Unaffected
ENSDARG00000070538,hey1,1030.374872,284.2909281,Mildly Down
ENSDARG00000070480,agr2,444.9087314,163.4080038,Mildly Down
ENSDARG00000070434,rhov,2038.110097,9.970907683,Strongly Down
ENSDARG00000070360,fam212aa,9726.822642,0,Strongly Down
ENSDARG00000070228,cdk6,249.4561907,42.41729121,Mildly Down
ENSDARG00000070127,nfxl1,754.4780935,641.677476,Unaffected
ENSDARG00000070081,rspo3,217.9144807,76.95824355,Mildly Down
ENSDARG00000070047,rgs4,213.752201,21.96023306,Strongly Down
ENSDARG00000070019,taf15,3329.500441,2581.84385,Unaffected
ENSDARG00000070006,rcn1,204.7555191,229.5588918,Unaffected
ENSDARG00000069696,si:ch211-261n11.5,423.0498243,479.2457932,Unaffected
ENSDARG00000069463,alox12,179.3248267,172.9009476,Unaffected
ENSDARG00000069382,mxtx1,1611.394131,0,Strongly Down
ENSDARG00000069282,bbc3,628.807456,1219.794448,Unaffected
ENSDARG00000069252,mixl1,1724.370331,303.0868844,Mildly Down
ENSDARG00000069135,ppp1r15a,698.6749511,1002.154774,Unaffected
ENSDARG00000069105,fgfr4,1613.543661,32.46927991,Strongly Down
ENSDARG00000068982,jhy,1102.73807,867.9179689,Unaffected
ENSDARG00000068934,cyp1b1,314.3005569,455.3754176,Unaffected
ENSDARG00000068760,tnks1bp1,818.3769873,2354.169829,Upregulated
ENSDARG00000068732,spry4,184.0556574,50.32314504,Mildly Down
ENSDARG00000068432,si:dkey-56m19.5,258.2569095,247.2017795,Unaffected
ENSDARG00000068409,vgll4l,4070.100271,0,Strongly Down
ENSDARG00000068406,six5,204.3244256,188.4964748,Unaffected
ENSDARG00000067730,trpc6b,260.5831747,0,Strongly Down
ENSDARG00000063726,cdk12,551.5218388,548.1696078,Unaffected
ENSDARG00000063572,perp,344.7531671,194.8037459,Unaffected
ENSDARG00000063538,kalrnb,190.6038528,123.2725067,Unaffected
ENSDARG00000063300,CU655845.1,361.6931071,283.855148,Unaffected
ENSDARG00000062997,hyal2b,431.1942468,100.3661648,Mildly Down
ENSDARG00000062817,crym,1316.399789,354.2073333,Mildly Down
ENSDARG00000062550,rc3h1a,387.7960814,264.9049571,Unaffected
ENSDARG00000062517,si:ch211-107n13.1,507.7263478,32.09085007,Strongly Down
ENSDARG00000062469,hipk3a,304.9285515,352.2873894,Unaffected
ENSDARG00000062463,zc3h12b,256.2292336,68.94430881,Mildly Down
ENSDARG00000062314,rasl10a,200.6451142,0,Strongly Down
ENSDARG00000062173,camsap2a,338.4747069,13.46873833,Strongly Down
ENSDARG00000062152,chaf1a,1570.644265,2306.756444,Unaffected
ENSDARG00000062055,rnf38,680.2737445,657.5994237,Unaffected
ENSDARG00000061773,neurl1ab,1030.104,513.3630981,Mildly Down
ENSDARG00000061735,hnrnpm,4440.852348,4016.880594,Unaffected
ENSDARG00000061566,slc7a3b,197.4412002,67.32352887,Mildly Down
ENSDARG00000061432,zgc:194330,224.9623067,0,Strongly Down
ENSDARG00000061391,grhl1,548.9681828,6.30479704,Strongly Down
ENSDARG00000061354,foxred2,667.1086697,323.3113383,Mildly Down
ENSDARG00000061120,slc43a2b,253.7812367,66.50425552,Mildly Down
ENSDARG00000061100,nars,1903.261055,1306.42912,Unaffected
ENSDARG00000060977,zgc:153018,761.2044868,192.8283883,Mildly Down
ENSDARG00000060054,epc1b,1289.09453,1177.483052,Unaffected
ENSDARG00000060041,lig1,1617.838574,1856.473249,Unaffected
ENSDARG00000060030,setd1a,834.3316013,599.8151348,Unaffected
ENSDARG00000060004,fzd7a,877.4231169,683.3679183,Unaffected
ENSDARG00000059836,ddit3,199.0549872,527.6679056,Upregulated
ENSDARG00000059751,abtb2a,264.1594683,7.057401886,Strongly Down
ENSDARG00000059653,kdm2aa,586.196115,552.0529368,Unaffected
ENSDARG00000059606,ccdc84,351.1819184,325.6391054,Unaffected
ENSDARG00000059474,mlxip,325.695585,610.5974262,Unaffected
ENSDARG00000059337,tgif1,661.2626652,94.19705727,Mildly Down
ENSDARG00000059327,gata2a,899.5255711,36.04818806,Strongly Down
ENSDARG00000059279,tfap2a,999.4618527,12.46685935,Strongly Down
ENSDARG00000059175,cep19,180.9628773,59.69368668,Mildly Down
ENSDARG00000059073,gsc,527.9875117,142.0670606,Mildly Down
ENSDARG00000059053,slc13a4,296.7612747,20.2031075,Strongly Down
ENSDARG00000059029,mmp28,227.1958442,119.8191402,Unaffected
ENSDARG00000059001,pim2,1315.947009,729.8940422,Unaffected
ENSDARG00000058992,cers2b,771.2296576,6.441766227,Strongly Down
ENSDARG00000058966,zgc:112332,325.7167347,6.316008017,Strongly Down
ENSDARG00000058958,trim35-7,255.4178931,222.2027274,Unaffected
ENSDARG00000058917,nnr,2242.827578,81.23820675,Strongly Down
ENSDARG00000058538,alcamb,355.7246225,100.1885097,Mildly Down
ENSDARG00000058479,zgc:110425,7586.053497,8620.521328,Unaffected
ENSDARG00000058454,dynll1,6886.742254,7709.505821,Unaffected
ENSDARG00000058448,zrsr2,242.1823644,230.6979435,Unaffected
ENSDARG00000058369,mex3b,3350.51137,149.8271498,Strongly Down
ENSDARG00000058358,krt8,849.803273,13.28309066,Strongly Down
ENSDARG00000058270,COLGALT1,341.4719455,116.8703569,Mildly Down
ENSDARG00000058226,ak3,2000.613076,157.4171684,Strongly Down
ENSDARG00000058179,ackr3b,1797.17613,414.4895603,Mildly Down
ENSDARG00000057975,plcd4a,193.9886412,52.88386382,Mildly Down
ENSDARG00000057940,dido1,1334.544922,1394.714796,Unaffected
ENSDARG00000057886,BX901922.1,543.2280684,166.5633974,Mildly Down
ENSDARG00000057683,mcm6,562.8413442,509.0957075,Unaffected
ENSDARG00000057635,wdr34,457.9390949,409.4395348,Unaffected
ENSDARG00000057633,cxcr4a,1618.529504,11.16672338,Strongly Down
ENSDARG00000057484,srsf2a,3103.933572,1158.782719,Mildly Down
ENSDARG00000057481,RNF157,331.0924614,0,Strongly Down
ENSDARG00000057323,e2f8,2096.15504,2831.690527,Unaffected
ENSDARG00000057273,alox5a,241.2282136,9.087112,Strongly Down
ENSDARG00000057143,nradd,182.0800858,137.1798189,Unaffected
ENSDARG00000057096,ndr1,437.0837035,290.5592646,Unaffected
ENSDARG00000056995,snai1a,3674.312159,310.563589,Strongly Down
ENSDARG00000056986,dact2,552.1227521,19.13978605,Strongly Down
ENSDARG00000056950,epyc,100.0960953,34.80589535,Mildly Down
ENSDARG00000056914,emg1,207.678799,142.2418048,Unaffected
ENSDARG00000056836,si:ch211-125o16.4,1822.034953,39.69507771,Strongly Down
ENSDARG00000056725,hmgb3a,544.4735962,552.9770737,Unaffected
ENSDARG00000056666,sp8b,319.466172,9.401836367,Strongly Down
ENSDARG00000056647,klhl3,241.530517,739.6622158,Upregulated
ENSDARG00000056561,asb11,3773.382178,6.692279358,Strongly Down
ENSDARG00000056346,acap1,363.5335291,224.6733586,Unaffected
ENSDARG00000055831,si:dkey-182g1.6,138.8315466,1.594454381,Strongly Down
ENSDARG00000055792,foxo4,218.1813276,266.55994,Unaffected
ENSDARG00000055786,prss23,197.1928582,404.5766131,Upregulated
ENSDARG00000055678,akap12b,7210.057152,984.3815128,Mildly Down
ENSDARG00000055647,ftr82,841.6869698,465.2585095,Unaffected
ENSDARG00000055630,foxh1,1244.619144,64.52069219,Strongly Down
ENSDARG00000055493,hic1,789.8532542,44.18899018,Strongly Down
ENSDARG00000055381,bambia,1058.725855,110.5569668,Strongly Down
ENSDARG00000055357,leo1,627.2356021,675.0880754,Unaffected
ENSDARG00000055113,pom121,567.6823552,500.20008,Unaffected
ENSDARG00000055043,depdc7,1329.449649,124.6820348,Strongly Down
ENSDARG00000054916,eif4ebp3,325.3810125,312.6827474,Unaffected
ENSDARG00000054906,ier5l,1084.129412,2291.828954,Upregulated
ENSDARG00000054533,araf,373.8045963,362.0902929,Unaffected
ENSDARG00000053953,myadml2,359.0491517,0,Strongly Down
ENSDARG00000053918,srfa,188.6870089,171.3505574,Unaffected
ENSDARG00000053836,si:ch211-284o19.8,190.8868908,295.334167,Unaffected
ENSDARG00000053684,aldob,2338.182705,27.86232678,Strongly Down
ENSDARG00000053650,foxb1b,251.8580877,0,Strongly Down
ENSDARG00000053569,sox3,2819.268594,0,Strongly Down
ENSDARG00000052975,ubqln4,1242.215124,1077.199581,Unaffected
ENSDARG00000052641,kpna3,317.3786148,356.7430157,Unaffected
ENSDARG00000052575,arl13a,884.019907,9.302009919,Strongly Down
ENSDARG00000052435,spred2a,310.2190746,244.5909207,Unaffected
ENSDARG00000052279,osgn1,449.7978384,63.53988314,Mildly Down
ENSDARG00000052157,il12rb2,253.7793815,283.5568555,Unaffected
ENSDARG00000052150,pbx4,1192.692262,1168.573759,Unaffected
ENSDARG00000051970,smu1b,204.9639328,104.4715825,Unaffected
ENSDARG00000051886,ankrd11,1028.880531,385.3408698,Mildly Down
ENSDARG00000051880,kcnj11,723.2678592,201.8195241,Mildly Down
ENSDARG00000051785,dhx33,488.3720049,349.7713576,Unaffected
ENSDARG00000051762,DNAJA4,586.5419343,1597.648913,Upregulated
ENSDARG00000051735,si:ch211-113a14.18,5970.504057,9216.813246,Unaffected
ENSDARG00000051718,si:ch211-113a14.24,4592.014244,6520.957007,Unaffected
ENSDARG00000046019,snai1b,654.3452649,0,Strongly Down
ENSDARG00000045999,saa,1502.957308,632.4203994,Mildly Down
ENSDARG00000045911,tulp4a,438.6257538,361.843395,Unaffected
ENSDARG00000045898,si:ch211-152c2.3,4178.534707,181.1869758,Strongly Down
ENSDARG00000045886,slc38a2,562.7053406,281.9158303,Unaffected
ENSDARG00000045873,frs2a,258.8087757,49.99679521,Mildly Down
ENSDARG00000045847,si:ch211-214j24.10,1603.285725,1758.903197,Unaffected
ENSDARG00000045835,si:dkey-14d8.6,555.157376,56.52130367,Strongly Down
ENSDARG00000045803,mfge8b,395.7269198,246.107902,Unaffected
ENSDARG00000045801,fbxl14b,514.9459769,1127.411604,Upregulated
ENSDARG00000045694,prickle1b,712.9123768,38.2091056,Strongly Down
ENSDARG00000045628,rab34a,475.9488755,758.5381398,Unaffected
ENSDARG00000045592,tnni2a.1,184.7094011,23.19345915,Mildly Down
ENSDARG00000045525,tmcc3,749.887514,280.285712,Mildly Down
ENSDARG00000045513,taf3,340.5759358,617.9374894,Unaffected
ENSDARG00000045444,fzd8a,1226.06185,22.20479787,Strongly Down
ENSDARG00000045401,mllt10,297.5277973,299.2707929,Unaffected
ENSDARG00000045254,zmp:0000000624,8474.738326,8061.74193,Unaffected
ENSDARG00000045248,h3f3d,6726.058054,7876.197838,Unaffected
ENSDARG00000045219,dkk1b,231.3525403,351.9557005,Unaffected
ENSDARG00000045036,cdc42ep4b,1192.343082,244.5909207,Mildly Down
ENSDARG00000044685,nr0b2a,374.1707124,77.60684178,Mildly Down
ENSDARG00000044625,pcf11,1975.115408,2292.290594,Unaffected
ENSDARG00000044545,zgc:77262,305.7485495,189.5302112,Unaffected
ENSDARG00000044488,pak1ip1,509.3299052,356.1140509,Unaffected
ENSDARG00000044485,sall4,6672.333709,279.5550056,Strongly Down
ENSDARG00000044431,ppig,2111.644852,2250.462682,Unaffected
ENSDARG00000044380,rbmx2,3715.557554,4695.05361,Unaffected
ENSDARG00000044373,atg4c,201.4157147,161.9255303,Unaffected
ENSDARG00000044355,CT030712.1,151.1187885,0,Strongly Down
ENSDARG00000044341,chst7,253.5586045,40.93542914,Mildly Down
ENSDARG00000044251,rasgef1bb,291.9649567,204.0021098,Unaffected
ENSDARG00000044059,lft2,333.8503303,146.2349359,Mildly Down
ENSDARG00000043843,akap7,209.9056579,98.83981821,Mildly Down
ENSDARG00000043757,ptbp3,202.4774896,29.3360191,Mildly Down
ENSDARG00000043581,gadd45aa,612.5040397,646.0479738,Unaffected
ENSDARG00000043531,jun,314.8584869,1067.470037,Upregulated
ENSDARG00000043460,wu:fj39g12,214.3015879,0,Strongly Down
ENSDARG00000043271,morc3b,634.8880072,12.78949207,Strongly Down
ENSDARG00000043211,ripk4,884.423268,43.60580215,Strongly Down
ENSDARG00000043180,gpd1b,370.7065917,395.2241535,Unaffected
ENSDARG00000043128,cldne,1527.811885,27.75866234,Strongly Down
ENSDARG00000043126,blf,8664.956342,68.00219348,Strongly Down
ENSDARG00000042904,foxo3b,380.9163522,513.6840332,Unaffected
ENSDARG00000042825,rnf169,615.2272901,776.1007437,Unaffected
ENSDARG00000042796,yy1a,1062.898077,1133.195368,Unaffected
ENSDARG00000042725,cebpb,526.4948972,139.8492151,Mildly Down
ENSDARG00000042698,si:dkey-15j16.6,670.7872885,10.23023596,Strongly Down
ENSDARG00000042684,serpinc1,472.8072987,143.122014,Mildly Down
ENSDARG00000042667,klf2a,1962.088323,132.617646,Strongly Down
ENSDARG00000042562,allc,186.0527422,201.4984476,Unaffected
ENSDARG00000042520,si:dkey-251i10.3,500.585592,409.3025464,Unaffected
ENSDARG00000042485,foxd5,1083.692622,133.8455872,Strongly Down
ENSDARG00000042322,si:dkey-177p2.6,1054.650358,1217.758843,Unaffected
ENSDARG00000042259,tgfbr1b,480.1674004,733.5687238,Unaffected
ENSDARG00000042115,tmem198a,728.6748024,227.0986602,Mildly Down
ENSDARG00000042030,kpna5,299.6954649,436.4530016,Unaffected
ENSDARG00000042004,nfya,659.3258057,743.0960849,Unaffected
ENSDARG00000041959,cxcr4b,4107.831155,34.54079669,Strongly Down
ENSDARG00000041550,pimr138,486.669706,676.5817424,Unaffected
ENSDARG00000041430,bmp2b,1450.661106,29.48561635,Strongly Down
ENSDARG00000041359,zgc:161969,1111.466418,732.7100934,Unaffected
ENSDARG00000041299,zgc:110796,1584.766122,674.1851798,Mildly Down
ENSDARG00000041108,ctsh,253.6531189,238.8790127,Unaffected
ENSDARG00000041065,hspb1,10689.32143,58.45268619,Strongly Down
ENSDARG00000041051,mid1ip1a,2099.911244,1020.19112,Mildly Down
ENSDARG00000040955,dharma,119.6053343,125.1543153,Unaffected
ENSDARG00000040764,id1,7120.308724,536.4467271,Strongly Down
ENSDARG00000040606,tfap2c,597.3394048,262.0091681,Mildly Down
ENSDARG00000040564,hnrnpul1,429.152411,287.4000306,Unaffected
ENSDARG00000040557,exosc5,624.2559114,184.4379383,Mildly Down
ENSDARG00000040526,s1pr5a,368.60224,86.78322148,Mildly Down
ENSDARG00000040503,sb:cb81,5494.904651,0,Strongly Down
ENSDARG00000040432,klf2b,857.2108859,30.977986,Strongly Down
ENSDARG00000040295,apoeb,5132.570615,27.32575315,Strongly Down
ENSDARG00000040141,si:ch73-138e16.5,1633.824501,40.491102,Strongly Down
ENSDARG00000040110,kif20bb,756.6144851,1152.532183,Unaffected
ENSDARG00000040046,snai2,3190.941333,19.32529868,Strongly Down
ENSDARG00000040031,tardbp,1503.117312,1226.136558,Unaffected
ENSDARG00000039943,fam46ba,3815.354807,334.0486428,Strongly Down
ENSDARG00000039669,TSTA3 (1 of many),285.7962764,590.8170333,Upregulated
ENSDARG00000039649,mtif3,189.3136472,18.76705409,Strongly Down
ENSDARG00000039269,arg2,1024.650237,153.7119016,Mildly Down
ENSDARG00000039266,rbm25a,223.0440827,229.9226699,Unaffected
ENSDARG00000039070,im:7138239,313.252066,30.25708721,Strongly Down
ENSDARG00000039034,marcksl1a,6548.090019,3561.209153,Unaffected
ENSDARG00000038862,kcnb2,243.4865852,40.58489061,Mildly Down
ENSDARG00000038859,rgs20,648.0163324,444.9566757,Unaffected
ENSDARG00000038792,klf17,3054.127322,71.16466911,Strongly Down
ENSDARG00000038784,faim2a,785.8867832,292.9612212,Mildly Down
ENSDARG00000038576,ube2d1b,835.4710165,841.702376,Unaffected
ENSDARG00000038569,fzd8b,158.7442848,61.33258409,Mildly Down
ENSDARG00000038386,ascl1a,46.58376702,29.24698718,Unaffected
ENSDARG00000038378,sagb,2515.771561,47.384793,Strongly Down
ENSDARG00000038159,tcf7l1a,248.2910261,255.6532988,Unaffected
ENSDARG00000038141,atf4b,805.8215691,1109.141423,Unaffected
ENSDARG00000038068,ddx5,13087.35713,4124.129233,Mildly Down
ENSDARG00000037968,fus,351.608707,566.674622,Unaffected
ENSDARG00000037963,nek6,276.5648871,86.81875924,Mildly Down
ENSDARG00000037946,prl,190.1754263,55.10726105,Mildly Down
ENSDARG00000037932,lin7b,759.9007534,764.1580659,Unaffected
ENSDARG00000037919,rbbp6,1617.577,1896.936913,Unaffected
ENSDARG00000037916,cdk5r1a,380.9027469,0,Strongly Down
ENSDARG00000037879,lfng,2146.300592,87.07089504,Strongly Down
ENSDARG00000037838,unkl,627.9845293,229.0158359,Mildly Down
ENSDARG00000037804,phlda3,357.841858,505.4988685,Unaffected
ENSDARG00000037760,uncx4.1,376.6051828,91.20077864,Mildly Down
ENSDARG00000037652,zgc:56409,228.0312161,214.7494658,Unaffected
ENSDARG00000037429,tll1,223.0785632,4.160104587,Strongly Down
ENSDARG00000037178,zic2b,5823.259025,15.89588829,Strongly Down
ENSDARG00000037116,cxcl12a,545.1265812,0,Strongly Down
ENSDARG00000037012,slc3a2b,494.1628643,79.02682504,Mildly Down
ENSDARG00000036987,has2,4748.48958,3.571446116,Strongly Down
ENSDARG00000036865,slc2a12,258.4894755,0,Strongly Down
ENSDARG00000036864,slc34a2b,820.8854769,500.2235393,Unaffected
ENSDARG00000036855,plagx,274.7552342,408.7847175,Unaffected
ENSDARG00000036820,mgll,255.1451441,489.0739019,Unaffected
ENSDARG00000036774,rgs12b,436.0334996,44.46383463,Strongly Down
ENSDARG00000036675,hnrnpa1b,16237.28549,12181.22315,Unaffected
ENSDARG00000036670,aplnrb,1524.88364,175.4679092,Strongly Down
ENSDARG00000036593,kdm2ba,248.0949723,71.49780173,Mildly Down
ENSDARG00000036179,myo1ea,256.1203349,516.0612162,Upregulated
ENSDARG00000036175,pcdh1b,675.3025459,111.6191078,Mildly Down
ENSDARG00000036162,hnrnpa0b,14986.08941,5914.332083,Mildly Down
ENSDARG00000036107,txnipa,3728.150935,8725.585363,Upregulated
ENSDARG00000036028,arrdc3b,378.5918483,1165.613651,Upregulated
ENSDARG00000035949,tmem106bb,206.5514043,243.1509405,Unaffected
ENSDARG00000035858,cnn2,680.245854,432.32343,Unaffected
ENSDARG00000035810,rgcc,227.9454127,11.60371135,Strongly Down
ENSDARG00000035715,marcksl1b,16359.85019,2144.206306,Mildly Down
ENSDARG00000035694,stm,14039.63785,5.763685572,Strongly Down
ENSDARG00000035521,sfrp1a,1330.50552,10.75544897,Strongly Down
ENSDARG00000035519,histh1l,946.9470632,1410.275455,Unaffected
ENSDARG00000035151,si:dkey-261j4.3,1675.969016,10.26292042,Strongly Down
ENSDARG00000035150,si:dkey-261j4.4,2029.297968,3.4264471,Strongly Down
ENSDARG00000035147,lrwd1,4641.272511,83.25600238,Strongly Down
ENSDARG00000034714,esyt1a,821.6459637,1172.50987,Unaffected
ENSDARG00000034457,si:ch211-163l21.7,1112.545114,1527.220901,Unaffected
ENSDARG00000034138,shisa2a,4229.845286,817.569435,Mildly Down
ENSDARG00000033999,cyp26a1,1149.091045,0,Strongly Down
ENSDARG00000033609,map1lc3a,413.1085044,191.3345257,Mildly Down
ENSDARG00000033537,p4ha1a,336.6668669,129.3261258,Mildly Down
ENSDARG00000033182,arl4ab,178.1042865,0,Strongly Down
ENSDARG00000032765,net1,1902.845883,528.1185818,Mildly Down
ENSDARG00000032651,ppp1r10,2661.948817,1661.418205,Unaffected
ENSDARG00000032637,si:dkey-261m9.12,4806.621028,5782.129366,Unaffected
ENSDARG00000031698,mylk2,535.0536378,1375.617705,Upregulated
ENSDARG00000031683,fosab,204.7784744,1724.315604,Upregulated
ENSDARG00000031372,efna2a,266.0399988,232.3890225,Unaffected
ENSDARG00000031283,vamp1,725.4027848,460.8240686,Unaffected
ENSDARG00000031138,irx3b,82.90899053,19.81266915,Mildly Down
ENSDARG00000031126,notum1a,601.399336,0,Strongly Down
ENSDARG00000030905,cited2,1850.213198,49.31453617,Strongly Down
ENSDARG00000030703,otx2a,200.4326789,20.40631504,Strongly Down
ENSDARG00000030449,crabp2b,283.6843792,10.9045344,Strongly Down
ENSDARG00000030440,rsrp1,768.5771381,2000.165347,Upregulated
ENSDARG00000030367,metrn,334.7210549,660.4716825,Unaffected
ENSDARG00000030340,guk1a,923.3118373,330.7427075,Mildly Down
ENSDARG00000030116,susd6,805.3196391,526.2461311,Unaffected
ENSDARG00000029818,srsf5a,2973.455742,1614.540213,Unaffected
ENSDARG00000029219,avpr2ab,177.7917131,24.80535978,Mildly Down
ENSDARG00000029075,pfkfb4b,1581.994452,1081.241847,Unaffected
ENSDARG00000028957,maff,503.4804926,563.8601332,Unaffected
ENSDARG00000028900,odf2a,1230.424928,37.62202723,Strongly Down
ENSDARG00000028542,si:ch211-114c12.2,680.0424025,645.1078118,Unaffected
ENSDARG00000028389,rab44,643.2264652,648.5206304,Unaffected
ENSDARG00000028335,hmga1a,17640.5563,9106.90783,Unaffected
ENSDARG00000028096,si:ch211-95j8.2,673.4248356,49.54695258,Strongly Down
ENSDARG00000028017,tp53inp1,638.3473103,850.1345423,Unaffected
ENSDARG00000027749,hirip3,1229.208826,2691.203264,Upregulated
ENSDARG00000027744,gadd45ba,453.2351581,456.8952295,Unaffected
ENSDARG00000027612,gatad1,454.6243588,333.8076692,Unaffected
ENSDARG00000027360,si:ch211-106h11.3,900.356756,945.7515601,Unaffected
ENSDARG00000027357,cd2bp2,964.7544208,1102.524667,Unaffected
ENSDARG00000027249,btg1,2130.091018,3932.336854,Unaffected
ENSDARG00000026845,rhoaa,522.6963351,461.3101848,Unaffected
ENSDARG00000026726,anxa1a,548.413686,11.73798085,Strongly Down
ENSDARG00000026296,zgc:112994,1638.425547,117.1894886,Strongly Down
ENSDARG00000026294,erbb2,189.7756131,18.81284973,Strongly Down
ENSDARG00000025372,admp,978.8698287,7.021577913,Strongly Down
ENSDARG00000025220,sppl3,668.6846082,348.9451008,Unaffected
ENSDARG00000024602,zgc:162964,733.9293947,67.98506015,Strongly Down
ENSDARG00000024561,nolc1,1282.111304,888.6314993,Unaffected
ENSDARG00000024306,zbed4,1043.710505,652.6894668,Unaffected
ENSDARG00000024209,wasf2,1214.020754,911.1656232,Unaffected
ENSDARG00000024204,mcm3,1517.223048,1057.476305,Unaffected
ENSDARG00000023627,ggps1,557.2126537,834.9476899,Unaffected
ENSDARG00000023214,mob2a,2376.723044,734.1015625,Mildly Down
ENSDARG00000022904,skilb,242.6406032,70.3101306,Mildly Down
ENSDARG00000022807,zgc:101640,263.382576,0,Strongly Down
ENSDARG00000022727,epha2b,351.5384296,52.44561783,Mildly Down
ENSDARG00000022280,brd2a,3930.066654,6047.879922,Unaffected
ENSDARG00000022129,rbm4.3,5500.831466,2700.877866,Mildly Down
ENSDARG00000021566,OTOP1,241.7068488,40.06262509,Mildly Down
ENSDARG00000021494,hnf4a,337.7756387,0,Strongly Down
ENSDARG00000021201,noto,2715.694164,311.1808606,Strongly Down
ENSDARG00000021135,dhrs4,178.988453,57.55817059,Mildly Down
ENSDARG00000021032,foxd3,733.7655398,10.71359897,Strongly Down
ENSDARG00000020946,auts2b,208.3836638,303.289723,Unaffected
ENSDARG00000020893,slc25a55a,4417.870583,797.9972049,Mildly Down
ENSDARG00000020834,si:dkey-230p4.1,204.8730436,263.2536134,Unaffected
ENSDARG00000020693,sesn1,723.600559,637.0535158,Unaffected
ENSDARG00000020606,nfe2,1553.653844,2691.27566,Unaffected
ENSDARG00000020541,ism1,542.8823173,125.7866739,Mildly Down
ENSDARG00000020467,safb,1559.117352,1438.340638,Unaffected
ENSDARG00000020258,ewsr1a,1099.151785,723.9568893,Unaffected
ENSDARG00000020219,dld,21.45262227,0,Strongly Down
ENSDARG00000020000,sh3bp4a,184.2772659,60.81455646,Mildly Down
ENSDARG00000019969,smarcd3b,226.3621522,399.1855378,Unaffected
ENSDARG00000019962,dopey1,926.9789617,1107.660644,Unaffected
ENSDARG00000019920,lft1,1748.707164,1563.114866,Unaffected
ENSDARG00000019765,LUC7L2,2291.157554,2384.540985,Unaffected
ENSDARG00000019742,tlr4ba,566.1409187,660.1101145,Unaffected
ENSDARG00000019613,ip6k2b,458.907668,948.0043324,Upregulated
ENSDARG00000019417,gadd45ga,235.0702271,110.6892437,Mildly Down
ENSDARG00000019362,ptbp1a,1309.355877,1179.479333,Unaffected
ENSDARG00000019191,12-Sep,251.9507996,47.89053763,Mildly Down
ENSDARG00000018787,efna1b,1028.109345,121.0283488,Strongly Down
ENSDARG00000018693,cdh2,83.4425087,3.833286506,Strongly Down
ENSDARG00000018643,igf2a,465.1318556,0,Strongly Down
ENSDARG00000018618,cpsf6,1015.185659,1014.972456,Unaffected
ENSDARG00000018524,midn,1078.75651,501.792419,Mildly Down
ENSDARG00000018404,krt18,2938.296482,562.2816239,Mildly Down
ENSDARG00000018303,etv4,637.6123613,9.76381183,Strongly Down
ENSDARG00000018260,bmp7a,1243.387316,9.71180189,Strongly Down
ENSDARG00000017821,gata5,345.5265213,75.09258916,Mildly Down
ENSDARG00000017710,ppp1r14ab,504.2111587,12.17546718,Strongly Down
ENSDARG00000017624,krt4,837.1996623,0,Strongly Down
ENSDARG00000017602,ccng2,327.030851,407.3321374,Unaffected
ENSDARG00000017397,smarcc1a,1917.222264,1672.164249,Unaffected
ENSDARG00000017354,epha2a,513.162457,197.4664473,Mildly Down
ENSDARG00000017014,ywhae2,611.4525679,396.484889,Unaffected
ENSDARG00000016526,gata3,1353.416157,607.2469304,Mildly Down
ENSDARG00000016490,rab11fip3,769.5909533,741.9228505,Unaffected
ENSDARG00000016364,gna15.1,188.8383508,47.81531074,Mildly Down
ENSDARG00000016363,her8a,254.8423577,30.7691005,Strongly Down
ENSDARG00000016253,ralab,1897.560717,190.1800517,Strongly Down
ENSDARG00000015966,yaf2,329.78069,520.6656775,Unaffected
ENSDARG00000015906,mxtx2,3254.17042,87.14588343,Strongly Down
ENSDARG00000015851,pnn,2183.176757,3145.371298,Unaffected
ENSDARG00000015822,sesn3,391.9861202,679.1583976,Unaffected
ENSDARG00000015805,cgnl1,1057.590308,399.93446,Mildly Down
ENSDARG00000015611,rasl11b,238.946896,675.0880754,Upregulated
ENSDARG00000015472,gpc4,972.6118841,96.41703127,Strongly Down
ENSDARG00000015221,nsrp1,2263.763573,2835.332012,Unaffected
ENSDARG00000015123,dnase1l4.1,1705.48347,1109.701595,Unaffected
ENSDARG00000014623,si:ch211-212d10.1,3612.611182,1958.875968,Unaffected
ENSDARG00000014545,golim4b,209.7580153,1743.005235,Upregulated
ENSDARG00000014366,luc7l3,1646.096846,1814.891022,Unaffected
ENSDARG00000014244,rbmx,3202.13223,2774.097154,Unaffected
ENSDARG00000013794,klf11b,451.1598715,401.5367615,Unaffected
ENSDARG00000013730,slc4a4a,197.998081,2.825236668,Strongly Down
ENSDARG00000013576,gadd45bb,1929.435845,1907.908006,Unaffected
ENSDARG00000013478,rrp15,1178.765139,669.8925117,Unaffected
ENSDARG00000013351,cirbpb,14651.32225,6411.779264,Mildly Down
ENSDARG00000013317,pygmb,323.8770621,12.35254088,Strongly Down
ENSDARG00000013144,atp1b1a,1038.939378,122.8149823,Strongly Down
ENSDARG00000012788,foxa3,1511.047244,62.78099203,Strongly Down
ENSDARG00000012777,nucks1b,1489.70454,1953.950178,Unaffected
ENSDARG00000012499,per1b,307.6970949,17.33697659,Strongly Down
ENSDARG00000012248,rgma,432.6481284,72.75864308,Mildly Down
ENSDARG00000012044,polr3gla,4106.233722,67.15597405,Strongly Down
ENSDARG00000012040,rnf19a,2267.308773,375.6287131,Mildly Down
ENSDARG00000011701,ctsll,265.8829568,0,Strongly Down
ENSDARG00000011597,atxn2l,1025.792014,942.4823742,Unaffected
ENSDARG00000011564,sfpq,4301.466648,4715.921114,Unaffected
ENSDARG00000011533,sema6dl,1137.820721,75.19635036,Strongly Down
ENSDARG00000011376,dnase1l4.2,687.172902,168.8212953,Mildly Down
ENSDARG00000011245,esrp1,440.6645762,52.53138335,Strongly Down
ENSDARG00000011190,fgfr1b,1018.113235,136.5089564,Mildly Down
ENSDARG00000011020,hnrnpa1a,8080.221172,9430.43664,Unaffected
ENSDARG00000010962,fkbp7,318.433415,16.2100627,Strongly Down
ENSDARG00000010878,cdkn1ca,1298.308017,894.0081784,Unaffected
ENSDARG00000010770,sox19a,2956.695307,17.7638383,Strongly Down
ENSDARG00000010145,tor4aa,911.1238405,123.0676701,Mildly Down
ENSDARG00000010137,ldb1a,609.675617,704.9698136,Unaffected
ENSDARG00000009881,ier5,1696.289489,2753.394936,Unaffected
ENSDARG00000009870,mapk8b,616.7150049,619.5138606,Unaffected
ENSDARG00000009544,cldnb,961.3565362,383.0377779,Mildly Down
ENSDARG00000009262,si:dkey-97m3.1,366.1696247,108.8093595,Mildly Down
ENSDARG00000009040,si:ch73-141c7.1,367.9401246,588.4120793,Unaffected
ENSDARG00000008986,e2f7,710.2972919,402.443165,Unaffected
ENSDARG00000008796,her5,3295.210144,58.14106954,Strongly Down
ENSDARG00000008637,mttp,212.707537,0,Strongly Down
ENSDARG00000008377,epn2,403.7222903,487.8564289,Unaffected
ENSDARG00000008247,vezf1a,326.5080371,248.6093187,Unaffected
ENSDARG00000008188,sf1,1180.065333,794.2661364,Unaffected
ENSDARG00000008141,rbl1,636.9519418,583.0341807,Unaffected
ENSDARG00000007960,hnrnpaba,5485.923815,4573.24597,Unaffected
ENSDARG00000007901,crnkl1,530.8506121,471.4796896,Unaffected
ENSDARG00000007795,cst3,5256.710673,275.6676694,Strongly Down
ENSDARG00000007523,kmt2e,454.2164455,578.5284975,Unaffected
ENSDARG00000007347,degs1,324.6557918,305.7461125,Unaffected
ENSDARG00000007329,tbx16,7176.883968,109.045344,Strongly Down
ENSDARG00000007289,si:dkey-27j5.3,491.9663857,320.1062294,Unaffected
ENSDARG00000007099,cx43.4,5259.822297,2216.765057,Mildly Down
ENSDARG00000007045,cnot4a,242.2450748,198.6986036,Unaffected
ENSDARG00000006837,mycn,806.1288429,15.49337986,Strongly Down
ENSDARG00000006683,arhgef6,593.860386,772.8616582,Unaffected
ENSDARG00000006615,hnf1ba,288.1354429,18.50133386,Strongly Down
ENSDARG00000006514,her6,844.9794568,789.4975076,Unaffected
ENSDARG00000006487,anp32a,5165.139868,4524.214359,Unaffected
ENSDARG00000006409,mapk12b,754.6387037,34.11285761,Strongly Down
ENSDARG00000006242,ptp4a1,1893.08231,1519.988638,Unaffected
ENSDARG00000006219,gnl3,1179.44915,799.7412677,Unaffected
ENSDARG00000006110,chrd,1329.064784,71.88547551,Strongly Down
ENSDARG00000005915,tcf3a,818.1042566,702.1068325,Unaffected
ENSDARG00000005908,clk4b,299.1473023,213.7211795,Unaffected
ENSDARG00000005481,nfkbiaa,408.5253387,124.1066616,Mildly Down
ENSDARG00000005463,slc30a1a,508.9126244,804.1457173,Unaffected
ENSDARG00000005057,dimt1l,299.7832773,235.9708821,Unaffected
ENSDARG00000004757,ybx1,7590.646322,3394.011458,Mildly Down
ENSDARG00000004594,znf800a,672.6475647,126.484729,Mildly Down
ENSDARG00000004452,tardbpl,1943.115569,1580.401162,Unaffected
ENSDARG00000004328,LIN28A,287.8583716,157.4082404,Unaffected
ENSDARG00000004256,wnt11,1367.906536,1500.677728,Unaffected
ENSDARG00000004218,rnd1b,364.6394836,24.7496174,Strongly Down
ENSDARG00000004049,marcksa,1763.101155,1866.603324,Unaffected
ENSDARG00000004017,spag1a,305.9432184,135.58751,Mildly Down
ENSDARG00000003867,cdk20,383.8150976,110.2758302,Mildly Down
ENSDARG00000003754,tspan2a,821.4675075,131.9367796,Mildly Down
ENSDARG00000003592,surf1,269.0785986,283.2185046,Unaffected
ENSDARG00000003399,fgf8a,251.4787959,60.28433953,Mildly Down
ENSDARG00000003219,bin2a,719.5385666,500.2628836,Unaffected
ENSDARG00000003193,rassf7b,624.7504134,43.74435895,Strongly Down
ENSDARG00000002971,phc1,214.176994,414.0764477,Unaffected
ENSDARG00000002707,her11,2316.883205,49.58944567,Strongly Down
ENSDARG00000002601,irx7,2181.064792,178.611129,Strongly Down
ENSDARG00000002509,zgc:153911,547.2139477,286.3007212,Unaffected
ENSDARG00000002353,tagapa,1198.693147,58.68760166,Strongly Down
ENSDARG00000002172,aplnra,994.5325156,67.70643285,Strongly Down
ENSDARG00000001879,nav2b,316.8004125,0,Strongly Down
ENSDARG00000001859,dbx1b,182.5999433,13.75714815,Strongly Down
ENSDARG00000001244,srrm1,1041.713398,1130.978849,Unaffected
ENSDARG00000000651,osgepl1,184.5761332,125.1543153,Unaffected
ENSDARG00000000567,znf281a,1391.227631,1218.121135,Unaffected
ENSDARG00000117000,AL929536.7,649.7079887,101.9775902,Mildly Down
ENSDARG00000116887,RF00003,405.5722887,352.5688638,Unaffected
ENSDARG00000116781,zgc:165555,2920.067794,5715.132648,Unaffected
ENSDARG00000116717,si:dkey-82i20.5,246.9379812,150.902272,Unaffected
ENSDARG00000116654,si:dkey-261m9.6,7125.087798,5832.628685,Unaffected
ENSDARG00000116621,RF00412,448.1562404,422.0532384,Unaffected
ENSDARG00000115938,zgc:171759,7042.899868,10351.80685,Unaffected
ENSDARG00000115852,RF00563,608.5645864,212.2661294,Mildly Down
ENSDARG00000115799,HIST1H4B,5734.115193,6592.998261,Unaffected
ENSDARG00000115762,AL929536.6,183.3853194,138.1631868,Unaffected
ENSDARG00000115704,RF00012,1340.420802,2146.486589,Unaffected
ENSDARG00000115644,HIST2H3C,3771.98169,6090.518508,Unaffected
ENSDARG00000115456,zgc:173575,189.3955128,161.7292123,Unaffected
ENSDARG00000115281,zgc:165555,5653.24051,5158.203013,Unaffected
ENSDARG00000115186,RF00004,21768.3642,31232.41193,Unaffected
ENSDARG00000115054,zgc:165555,2682.284041,3354.302819,Unaffected
ENSDARG00000114991,tmem14cb,203.4373921,38.31762336,Mildly Down
ENSDARG00000114895,si:ch211-113a14.22,8524.363855,12997.79817,Unaffected
ENSDARG00000114534,zgc:165555,2380.570765,5573.124539,Upregulated
ENSDARG00000114500,CU302436.5,5015.852282,4528.437572,Unaffected
ENSDARG00000114370,FQ312024.1,2832.098464,4331.907544,Unaffected
ENSDARG00000114334,zgc:173552,4381.735104,4645.228144,Unaffected
ENSDARG00000114195,CU302436.4,5543.958359,7722.354997,Unaffected
ENSDARG00000114180,FP236812.3,2837.079939,9389.321307,Upregulated
ENSDARG00000114169,CR354435.5,2283.284987,3405.195635,Unaffected
ENSDARG00000114133,hist1h2a5,2784.993427,3247.808618,Unaffected
ENSDARG00000114125,si:dkey-261m9.19,6351.220444,7806.05813,Unaffected
ENSDARG00000113800,CU302436.3,1756.869466,2639.206542,Unaffected
ENSDARG00000113769,znf1139,197.6607914,222.0703438,Unaffected
ENSDARG00000113707,CR354435.4,1914.498006,1634.013075,Unaffected
ENSDARG00000113643,CU862021.1,259.0607803,487.9434064,Unaffected
ENSDARG00000113481,si:ch211-113a14.19,4452.325365,4388.475325,Unaffected
ENSDARG00000113399,hist1h2a4,3020.07198,3736.707826,Unaffected
ENSDARG00000113205,HIST1H4J,6371.664302,12021.03836,Unaffected
ENSDARG00000113016,CU207245.1,601.6171268,145.3974726,Mildly Down
ENSDARG00000113011,zgc:113102,195.7771551,97.72676805,Mildly Down
ENSDARG00000112967,CR762436.2,3651.999061,3876.41362,Unaffected
ENSDARG00000112954,zgc:165555,3531.772042,5570.035424,Unaffected
ENSDARG00000112928,CR450780.2,227.1146466,155.0762665,Unaffected
ENSDARG00000112895,FO834857.1,2159.581523,520.2733989,Mildly Down
ENSDARG00000112647,si:dkey-108k21.24,3018.271183,3646.074928,Unaffected
ENSDARG00000112593,hist1h2a2,2353.554497,3891.690308,Unaffected
ENSDARG00000112561,si:dkey-108k21.11,2949.027075,5018.769761,Unaffected
ENSDARG00000112528,HIST1H4E,7079.37038,11861.66033,Unaffected
ENSDARG00000112491,zgc:165555,1541.468667,4894.188886,Upregulated
ENSDARG00000112452,crebbpb,278.6392365,212.1800752,Unaffected
ENSDARG00000112451,FO834823.1,213.1854338,172.0871835,Unaffected
ENSDARG00000112375,CR762436.1,2037.866015,3178.741797,Unaffected
ENSDARG00000112175,zgc:173552,2687.218365,4675.709767,Unaffected
ENSDARG00000112131,zgc:173552,2601.143884,3923.587636,Unaffected
ENSDARG00000111964,CU302436.1,5867.577531,8626.957572,Unaffected
ENSDARG00000111934,zgc:112234,9678.244853,14554.95593,Unaffected
ENSDARG00000111753,zgc:165555,7867.635657,12483.74826,Unaffected
ENSDARG00000111709,RF00004,21792.17525,31232.41193,Unaffected
ENSDARG00000111648,hist1h2a2,5293.609159,3828.250737,Unaffected
ENSDARG00000111619,zgc:165555,4009.526044,7819.671199,Unaffected
ENSDARG00000111557,RF00067,1488.005667,1422.89537,Unaffected
ENSDARG00000111536,CR354435.3,2306.841173,3663.663495,Unaffected
ENSDARG00000111501,zgc:165555,3413.700175,6954.82279,Upregulated
ENSDARG00000111494,zgc:165555,2818.941152,5629.677594,Unaffected
ENSDARG00000111396,zgc:173552,4999.609606,4448.549225,Unaffected
ENSDARG00000111247,zgc:165555,5214.843689,5992.163979,Unaffected
ENSDARG00000111165,zgc:165555,10504.39313,12841.30748,Unaffected
ENSDARG00000111046,znf1116,309.3604098,277.5146578,Unaffected
ENSDARG00000110909,zgc:173552,3107.157344,3504.381663,Unaffected
ENSDARG00000110891,RF00003,616.8380137,710.106363,Unaffected
ENSDARG00000110812,HIST1H4I,4362.101953,5343.527672,Unaffected
ENSDARG00000110809,hist1h2a2,3348.325458,5023.641488,Unaffected
ENSDARG00000110323,znf986,303.2090305,139.9686163,Mildly Down
ENSDARG00000110298,mbd4,223.0160445,543.2085529,Upregulated
ENSDARG00000110152,zgc:165555,5383.179499,7819.156244,Unaffected
ENSDARG00000110106,si:dkey-20i20.4,198.6858363,232.4366911,Unaffected
ENSDARG00000110035,zgc:165555,8296.010795,8601.49132,Unaffected
ENSDARG00000109926,FP236812.2,2484.629495,3445.538218,Unaffected
ENSDARG00000109755,hist1h2a2,1679.482542,2473.84595,Unaffected
ENSDARG00000109737,CR354435.2,2173.598024,6127.405237,Upregulated
ENSDARG00000109597,si:dkey-194g4.1,711.33563,114.1455959,Mildly Down
ENSDARG00000109458,hist1h2a1,2400.897661,1914.095686,Unaffected
ENSDARG00000109443,CABZ01087623.1,338.6017339,53.70606632,Mildly Down
ENSDARG00000109375,RF01848,1334.243747,2136.594946,Unaffected
ENSDARG00000109370,hist1h2ba,7937.533941,10597.87063,Unaffected
ENSDARG00000107280,FO744833.1,195.5331367,441.9461935,Upregulated
ENSDARG00000107177,znf1108,342.9746732,243.8200324,Unaffected
ENSDARG00000105816,BX855614.4,262.7536276,168.0635118,Unaffected
ENSDARG00000105693,CR354588.1,292.0381416,234.1825023,Unaffected
ENSDARG00000105657,si:cabz01080528.1,348.2400804,445.6847824,Unaffected
ENSDARG00000105532,znf16l,213.894364,137.3427403,Unaffected
ENSDARG00000105508,si:dkey-23a13.21,2507.602071,2576.245361,Unaffected
ENSDARG00000105507,zgc:112234,5842.850297,6505.880804,Unaffected
ENSDARG00000105496,CU457819.5,820.507535,890.8320729,Unaffected
ENSDARG00000105484,FP325123.2,3715.797607,5494.438153,Unaffected
ENSDARG00000105483,zgc:112234,3036.860889,4287.894501,Unaffected
ENSDARG00000105482,zgc:165555,3959.302133,5651.511109,Unaffected
ENSDARG00000105478,si:ch1073-153i20.5,2470.913765,2584.636034,Unaffected
ENSDARG00000105471,si:ch73-368j24.1,556.5261851,991.8662685,Unaffected
ENSDARG00000105459,CU457819.4,1869.028707,3176.103176,Unaffected
ENSDARG00000105444,hist1h2a11,1830.085065,5747.55496,Upregulated
ENSDARG00000105418,CU457819.3,2920.162908,4156.261712,Unaffected
ENSDARG00000105414,zgc:112234,4512.774999,6708.476841,Unaffected
ENSDARG00000105409,zgc:165555,6106.232254,7403.650111,Unaffected
ENSDARG00000105400,hist1h2a4,3263.486528,3156.640345,Unaffected
ENSDARG00000105397,si:ch211-113a14.22,3013.455462,4064.811147,Unaffected
ENSDARG00000105393,zgc:112234,5653.880373,7015.706078,Unaffected
ENSDARG00000105384,si:dkey-23a13.22,2630.59878,3089.319325,Unaffected
ENSDARG00000105382,zgc:165555,3902.448547,5410.37595,Unaffected
ENSDARG00000105376,zgc:165555,2418.131921,5973.3375,Upregulated
ENSDARG00000105374,CU457819.2,2954.528301,5394.673222,Unaffected
ENSDARG00000105359,FP325123.1,2390.636483,2769.836467,Unaffected
ENSDARG00000105355,zgc:165555,4809.169411,4205.751424,Unaffected
ENSDARG00000105353,zgc:165555,4539.175509,5568.176956,Unaffected
ENSDARG00000105352,zgc:165555,5091.246222,6717.334197,Unaffected
ENSDARG00000105345,zgc:173552,3764.012325,5045.595986,Unaffected
ENSDARG00000105340,zgc:112234,3370.467695,6988.436422,Upregulated
ENSDARG00000105318,zgc:165555,6146.666401,5230.169057,Unaffected
ENSDARG00000105314,hist1h2a4,1989.057941,1717.749176,Unaffected
ENSDARG00000105311,BX927327.1,750.7242308,23.46881528,Strongly Down
ENSDARG00000105177,ilf3b,1393.664299,1278.493049,Unaffected
ENSDARG00000105127,si:ch211-155e24.3,717.9813,119.3227522,Mildly Down
ENSDARG00000105056,znf45l,461.6002604,413.1937019,Unaffected
ENSDARG00000105037,snrpf,542.0316648,556.8663915,Unaffected
ENSDARG00000104985,zgc:110249,371.0940183,266.3401731,Unaffected
ENSDARG00000104938,ftsj3,459.4681496,291.5266899,Unaffected
ENSDARG00000104697,si:dkey-57k17.1,357.0986859,107.4527604,Mildly Down
ENSDARG00000104588,zgc:112234,1926.784719,2104.169453,Unaffected
ENSDARG00000104584,CT027578.1,193.0633423,230.8828773,Unaffected
ENSDARG00000104537,cox7c,661.0401048,896.4541652,Unaffected
ENSDARG00000104501,FP236812.1,2935.622504,3400.73477,Unaffected
ENSDARG00000104404,b4galt1l,510.1085695,370.4267061,Unaffected
ENSDARG00000104278,slc2a8,184.160187,45.24357876,Mildly Down
ENSDARG00000104142,si:dkey-15h8.10,259.2384954,261.8794724,Unaffected
ENSDARG00000104106,CABZ01087953.1,391.1659336,0,Strongly Down
ENSDARG00000104058,si:dkey-31c13.1,438.3475774,392.5134635,Unaffected
ENSDARG00000103980,ets2,290.8372638,192.9274102,Unaffected
ENSDARG00000103977,terf2ip,197.9170783,203.4325032,Unaffected
ENSDARG00000103947,znf1028,259.8033788,118.3892171,Mildly Down
ENSDARG00000103834,rbm14b,207.6944644,91.32056191,Mildly Down
ENSDARG00000103795,zgc:113348,253.1106211,95.34724513,Mildly Down
ENSDARG00000103554,notch1a,749.5825704,233.3914462,Mildly Down
ENSDARG00000103474,RF00478,4406.338077,205.7697283,Strongly Down
ENSDARG00000103346,si:dkeyp-85d8.5,180.2927284,263.6387244,Unaffected
ENSDARG00000103298,ephx5,398.0911672,159.7952418,Mildly Down
ENSDARG00000103158,ldb1b,1530.185103,1270.582881,Unaffected
ENSDARG00000103145,cdk2ap2,865.1159055,802.566852,Unaffected
ENSDARG00000103108,acvr2bb,1014.490926,1267.369444,Unaffected
ENSDARG00000103015,hist1h2a4,1453.924659,4398.166101,Upregulated
ENSDARG00000102806,zgc:112234,3629.161008,5175.080936,Unaffected
ENSDARG00000102483,wu:fb44b02,297.5747485,495.0537782,Unaffected
ENSDARG00000102482,zgc:165573,692.3637025,198.926469,Mildly Down
ENSDARG00000102455,znf1133,267.4076058,139.0417324,Unaffected
ENSDARG00000102377,slc6a16b,639.5563014,704.9707915,Unaffected
ENSDARG00000102333,fcf1,905.6490692,650.6654091,Unaffected
ENSDARG00000102141,ptpn12,501.6127854,642.4588184,Unaffected
ENSDARG00000101891,arid1ab,259.0007347,410.9925688,Unaffected
ENSDARG00000101832,AL627305.2,444.9087314,638.4684109,Unaffected
ENSDARG00000101720,CU459186.2,3932.201114,4993.614888,Unaffected
ENSDARG00000101710,arid1aa,288.4273516,348.3921901,Unaffected
ENSDARG00000101249,zgc:165555,4119.462539,5568.920229,Unaffected
ENSDARG00000101082,eif3s6ip,434.898285,269.8327037,Unaffected
ENSDARG00000100995,si:dkey-16b10.1,282.6973512,182.3861547,Unaffected
ENSDARG00000100965,ep400,351.939846,338.7598847,Unaffected
ENSDARG00000100906,hist1h2a11,1951.688603,2632.689483,Unaffected
ENSDARG00000100896,znf973,509.1677158,132.4865082,Mildly Down
ENSDARG00000100793,CR450785.1,468.7823189,262.8240621,Unaffected
ENSDARG00000100666,ep300a,202.6531292,383.8147213,Unaffected
ENSDARG00000100640,BX321870.2,240.2089299,218.9789194,Unaffected
ENSDARG00000100588,rpl36,272.4233164,352.7644094,Unaffected
ENSDARG00000100564,sil1,181.0190572,70.19581262,Mildly Down
ENSDARG00000100558,slbp,3996.19386,3708.089662,Unaffected
ENSDARG00000100468,znf1182,203.3077114,211.3240606,Unaffected
ENSDARG00000100396,pip5k1aa,1850.930479,914.6421967,Mildly Down
ENSDARG00000100371,eef2b,2255.194663,1781.722347,Unaffected
ENSDARG00000100279,CU457819.1,2499.115966,4399.147094,Unaffected
ENSDARG00000100259,zgc:171759,4404.902532,5349.37014,Unaffected
ENSDARG00000100084,CABZ01084603.1,517.4321108,410.3529379,Unaffected
ENSDARG00000100024,FP340257.1,3774.901643,7444.474074,Unaffected
ENSDARG00000100019,arhgap11a,1250.991574,724.6967152,Unaffected
ENSDARG00000100003,glulb,5557.373186,2820.350359,Unaffected
ENSDARG00000099999,tcf3b,484.2468633,645.0590564,Unaffected
ENSDARG00000099972,nup153,995.9377664,1012.332044,Unaffected
ENSDARG00000099920,zgc:165555,3606.864064,4592.940103,Unaffected
ENSDARG00000099913,snrnp35,1909.604327,3009.944858,Unaffected
ENSDARG00000099911,lrrc8c,447.2278226,154.561063,Mildly Down
ENSDARG00000099640,eed,335.9514902,664.5875451,Unaffected
ENSDARG00000099572,hmgn2,1889.460821,1798.378818,Unaffected
ENSDARG00000099561,BX088603.1,178.9163458,194.4109115,Unaffected
ENSDARG00000099514,zgc:112234,4590.019517,5727.322154,Unaffected
ENSDARG00000099380,rpl13,491.9171152,289.5407794,Unaffected
ENSDARG00000099277,znf1039,182.4341355,156.246172,Unaffected
ENSDARG00000099256,pum1,549.0575685,632.518103,Unaffected
ENSDARG00000099194,CABZ01058261.1,2311.59892,4456.270726,Unaffected
ENSDARG00000099184,map2k6,192.4293181,254.8461084,Unaffected
ENSDARG00000099123,hist1h2a4,2991.691504,3222.01359,Unaffected
ENSDARG00000098970,CU459186.1,2200.755802,2913.917971,Unaffected
ENSDARG00000098968,BX927204.1,565.2735582,700.6987113,Unaffected
ENSDARG00000098942,rp9,582.9366135,593.4954442,Unaffected
ENSDARG00000098898,si:ch211-255f4.2,190.7138293,161.4879862,Unaffected
ENSDARG00000098845,lrp12,846.9358341,619.2209462,Unaffected
ENSDARG00000098822,tcerg1a,251.2889569,261.0497224,Unaffected
ENSDARG00000098683,zmiz2,225.4095736,178.3156338,Unaffected
ENSDARG00000098591,tubb2b,1546.682076,1167.734459,Unaffected
ENSDARG00000098583,wbp1,577.6637561,364.4649582,Unaffected
ENSDARG00000098424,CABZ01079241.1,228.3492513,385.2960836,Unaffected
ENSDARG00000098280,rbm5,864.4231289,783.9236053,Unaffected
ENSDARG00000098142,CR391944.1,560.1813163,76.45844782,Mildly Down
ENSDARG00000097825,BX465227.1,805.3111298,228.0918882,Mildly Down
ENSDARG00000097691,pclaf,2541.50478,2645.418664,Unaffected
ENSDARG00000097551,si:dkey-7i4.15,212.0975584,314.731372,Unaffected
ENSDARG00000097414,si:ch211-106e7.2,365.5989141,265.9706639,Unaffected
ENSDARG00000097244,zgc:174263,384.142443,292.493232,Unaffected
ENSDARG00000096941,si:dkey-77f5.8,230.6719305,234.568001,Unaffected
ENSDARG00000096661,si:ch211-286b5.5,202.5261621,501.9209519,Upregulated
ENSDARG00000096497,si:dkey-22h13.3,216.6440164,179.1268353,Unaffected
ENSDARG00000096277,CR786578.1,398.286559,403.9411732,Unaffected
ENSDARG00000096214,si:ch211-197k17.3,252.7890519,1085.577648,Upregulated
ENSDARG00000096100,BX000981.5,3.581067655,4.533767804,Unaffected
ENSDARG00000095745,si:ch73-138e16.3,349.2096455,59.79451257,Mildly Down
ENSDARG00000095705,CDPF1,43.40991479,44.59798971,Unaffected
ENSDARG00000095704,si:dkey-4c15.13,226.34988,213.76251,Unaffected
ENSDARG00000095617,znf1157,30.21239161,328.1073689,Upregulated
ENSDARG00000095455,si:dkey-20i20.10,333.9791175,464.0553263,Unaffected
ENSDARG00000095449,AL929017.3,223.6134113,185.5730386,Unaffected
ENSDARG00000095283,si:dkeyp-2e4.3,308.2421424,16.2237073,Strongly Down
ENSDARG00000095241,mybl2a,619.0722918,795.6429495,Unaffected
ENSDARG00000095135,si:ch73-266f23.1,368.2732528,419.532286,Unaffected
ENSDARG00000094542,si:dkey-121h17.7,452.5441288,559.7660992,Unaffected
ENSDARG00000094427,si:dkey-253d23.8,432.2852176,72.91461999,Mildly Down
ENSDARG00000094410,AL929017.2,212.9159146,235.4565375,Unaffected
ENSDARG00000094300,si:ch211-160e1.5,569.8135029,547.8042129,Unaffected
ENSDARG00000094258,commd9,413.7563449,570.2297205,Unaffected
ENSDARG00000094249,wu:fc17b08,354.8982944,167.1135655,Mildly Down
ENSDARG00000094242,znf1171,285.5693253,273.9165604,Unaffected
ENSDARG00000094154,hist2h3c,5332.900823,6830.407833,Unaffected
ENSDARG00000093978,zgc:77486,896.4632533,817.0146459,Unaffected
ENSDARG00000093798,slx4,277.2460814,332.3062854,Unaffected
ENSDARG00000093622,spc24,319.3789271,372.9629845,Unaffected
ENSDARG00000093503,rsf1b.1,588.2386102,727.0941118,Unaffected
ENSDARG00000093313,ubb,691.4768786,819.1857968,Unaffected
ENSDARG00000093176,zgc:55413,170.0589687,198.1759626,Unaffected
ENSDARG00000093165,si:dkey-16p6.2,339.5512036,269.4071962,Unaffected
ENSDARG00000093070,thumpd2,274.5739095,428.8664887,Unaffected
ENSDARG00000092979,pias2,619.7339294,363.9150414,Unaffected
ENSDARG00000092870,BX936337.1,259.8439145,233.0564033,Unaffected
ENSDARG00000092846,zgc:162611,1111.722559,942.2729336,Unaffected
ENSDARG00000092807,RPL41,4350.647638,3261.070792,Unaffected
ENSDARG00000092605,znf1003,366.5115722,462.3380324,Unaffected
ENSDARG00000092553,slc25a5,1706.688759,2656.101829,Unaffected
ENSDARG00000092493,si:dkeyp-44a8.2,726.9103328,542.5643227,Unaffected
ENSDARG00000092436,BX537137.1,281.2424763,180.0875915,Unaffected
ENSDARG00000092278,BX548015.1,3.396954516,47.96219485,Upregulated
ENSDARG00000092115,eif4a1a,4503.642,4192.366452,Unaffected
ENSDARG00000092062,BX511123.2,203.75245,127.9232161,Unaffected
ENSDARG00000091777,mapkap1,253.1296519,172.4494723,Unaffected
ENSDARG00000091754,CHCHD5,17.95574499,50.72971817,Upregulated
ENSDARG00000091728,zgc:114046,2501.588141,4393.985917,Unaffected
ENSDARG00000091598,si:ch73-91k6.2,277.2642925,62.66758705,Mildly Down
ENSDARG00000091280,si:ch211-66k16.27,308.1023842,30.31370476,Strongly Down
ENSDARG00000091124,rps19bp1,281.2835297,264.9000815,Unaffected
ENSDARG00000090740,zmp:0000001003,274.0955578,407.9103736,Unaffected
ENSDARG00000090625,si:ch73-248e21.1,478.663929,153.9262429,Mildly Down
ENSDARG00000090232,clpb,573.555272,352.685108,Unaffected
ENSDARG00000089697,nfe2l2b,64.76519508,404.4794027,Upregulated
ENSDARG00000089598,si:cabz01054396.2,192.0383532,180.8530186,Unaffected
ENSDARG00000089201,RF00017,208.8347107,75.39057563,Mildly Down
ENSDARG00000089039,zgc:173585,3943.066318,4530.001112,Unaffected
ENSDARG00000088847,znf1089,96.01438172,144.5516854,Unaffected
ENSDARG00000088686,hist1h2a11,2013.295207,3909.598921,Unaffected
ENSDARG00000088619,rexo4,488.9709836,552.9033104,Unaffected
ENSDARG00000088507,znf982,247.6652908,222.1332833,Unaffected
ENSDARG00000088318,ubap2a,555.9266439,607.4046213,Unaffected
ENSDARG00000088214,si:dkey-23a23.3,223.7016194,118.4511966,Unaffected
ENSDARG00000088160,CABZ01056629.1,197.6114696,594.1118374,Upregulated
ENSDARG00000088084,si:dkey-66i24.8,38.49367081,120.8386492,Upregulated
ENSDARG00000088030,rpl35a,492.461931,317.6342283,Unaffected
ENSDARG00000087545,fbxo42,657.6700965,503.8892693,Unaffected
ENSDARG00000087421,serbp1b,1339.627169,1661.757637,Unaffected
ENSDARG00000087393,prr11,259.3343398,773.3928754,Upregulated
ENSDARG00000086977,atxn1l,326.1329471,383.0181932,Unaffected
ENSDARG00000086591,si:ch211-113a14.11,2360.768713,5095.071004,Upregulated
ENSDARG00000086552,hist1h2a11,3614.404401,5262.195618,Unaffected
ENSDARG00000086481,mogat3a,241.912549,523.9912349,Upregulated
ENSDARG00000086411,srsf10b,1009.825739,760.8064955,Unaffected
ENSDARG00000084543,RF01233,262.3820724,370.6493183,Unaffected
ENSDARG00000083389,RF00191,846.3301432,1014.408661,Unaffected
ENSDARG00000083325,RF01296,1740.289256,917.798312,Unaffected
ENSDARG00000083256,RF00613,1993.910822,2692.658283,Unaffected
ENSDARG00000082734,RF00004,15150.86071,21415.29431,Unaffected
ENSDARG00000081961,RF00613,1993.910822,2692.658283,Unaffected
ENSDARG00000081431,RF00004,11403.93867,14718.14748,Unaffected
ENSDARG00000081270,rn7sk,5752.034313,5686.359107,Unaffected
ENSDARG00000081126,RF01296,669.4421099,420.3001616,Unaffected
ENSDARG00000080532,RF00056,941.4268757,693.8555239,Unaffected
ENSDARG00000079930,si:dkeyp-68b7.5,1007.547158,1097.121982,Unaffected
ENSDARG00000079760,zgc:112998,181.8212655,267.1204042,Unaffected
ENSDARG00000079652,caap1,1287.519916,1719.255993,Unaffected
ENSDARG00000079624,amer1,280.441675,250.6353924,Unaffected
ENSDARG00000079350,znf654,441.7079492,464.350359,Unaffected
ENSDARG00000079328,pgbd4,443.7444843,219.7569416,Mildly Down
ENSDARG00000079222,zgc:174315,374.9176208,310.7029914,Unaffected
ENSDARG00000078992,wnk1a,268.7276996,369.6080414,Unaffected
ENSDARG00000078966,rbm15b,269.442132,253.7483897,Unaffected
ENSDARG00000078941,zgc:112234,4450.153497,5988.295205,Unaffected
ENSDARG00000078658,supt20,289.4375815,276.0295675,Unaffected
ENSDARG00000078654,tpx2,1066.667911,2276.956201,Upregulated
ENSDARG00000078576,setd5,181.5830067,189.4227474,Unaffected
ENSDARG00000078574,si:dkey-21c19.3,529.0613463,637.5073053,Unaffected
ENSDARG00000078533,poc1a,317.867887,310.8671702,Unaffected
ENSDARG00000078507,wnt8a,1016.513327,0,Strongly Down
ENSDARG00000078476,znf990,333.3444887,164.2650388,Mildly Down
ENSDARG00000078473,nucks1a,4077.549907,3305.232637,Unaffected
ENSDARG00000078355,zc3h4,354.6964545,425.7674281,Unaffected
ENSDARG00000078069,rrm2,3942.614566,7344.652665,Unaffected
ENSDARG00000077860,ankhd1,293.635594,316.0373667,Unaffected
ENSDARG00000077732,alyref,1466.820309,2060.593146,Unaffected
ENSDARG00000077717,rpl29,824.4951424,966.2764681,Unaffected
ENSDARG00000077581,zzz3,266.3357748,237.6217547,Unaffected
ENSDARG00000077540,f2rl1.2,685.3918836,1562.03986,Upregulated
ENSDARG00000077205,zgc:153116,679.8808682,966.9549673,Unaffected
ENSDARG00000077177,map2k4b,285.3280331,341.9932874,Unaffected
ENSDARG00000077038,pbrm1l,1231.558952,1008.016672,Unaffected
ENSDARG00000077029,bub1,486.4045869,406.0762316,Unaffected
ENSDARG00000077013,znf280d,289.1650175,430.7141732,Unaffected
ENSDARG00000076988,znf839,525.9902292,440.8411469,Unaffected
ENSDARG00000076807,CR352258.1,259.4591911,369.3032095,Unaffected
ENSDARG00000076791,cdk13,188.9093371,341.7209215,Unaffected
ENSDARG00000076780,acadsb,47.28697238,81.43127352,Unaffected
ENSDARG00000076568,sec61b,418.4457586,191.0658196,Mildly Down
ENSDARG00000076542,pogzb,509.8142166,519.9088704,Unaffected
ENSDARG00000075916,zgc:66472,1133.261148,519.584181,Mildly Down
ENSDARG00000075904,rfx1b,299.0826963,419.6196875,Unaffected
ENSDARG00000075883,bub3,236.598863,638.8827119,Upregulated
ENSDARG00000075834,si:dkey-182i3.8,7.882072654,14.84595768,Unaffected
ENSDARG00000075798,usp38,276.8730129,55.21689669,Mildly Down
ENSDARG00000075639,si:ch211-89o9.6,289.5573584,349.4693573,Unaffected
ENSDARG00000075545,si:dkey-89b17.4,416.0895843,349.3274899,Unaffected
ENSDARG00000075509,phf12b,366.2830117,346.9198774,Unaffected
ENSDARG00000075482,zgc:173587,2457.314866,2530.99299,Unaffected
ENSDARG00000075113,nanog,10554.51616,358.2484117,Strongly Down
ENSDARG00000074868,AL929017.1,559.8105519,480.4369475,Unaffected
ENSDARG00000074849,rac1a,2862.863214,1530.102781,Unaffected
ENSDARG00000074848,smim7,214.6320962,229.8742304,Unaffected
ENSDARG00000074843,phldb2b,222.5808681,79.46249247,Mildly Down
ENSDARG00000074695,mertka,202.9695968,67.66285607,Mildly Down
ENSDARG00000074688,fbrs,313.552573,352.3898039,Unaffected
ENSDARG00000074636,cep170b,204.0519216,386.2363479,Unaffected
ENSDARG00000074624,si:ch211-198a12.6,1541.082298,1437.858378,Unaffected
ENSDARG00000074572,zgc:56304,466.7402483,415.7522075,Unaffected
ENSDARG00000074270,si:ch211-214e3.5,339.8106567,343.7750928,Unaffected
ENSDARG00000074266,si:ch1073-314i13.4,47.34070897,115.0018252,Upregulated
ENSDARG00000074125,znf1161,96.03693329,264.0526452,Upregulated
ENSDARG00000074030,myt1a,272.3164866,600.4807649,Upregulated
ENSDARG00000073870,gdpd2,245.4573526,4.7908935,Strongly Down
ENSDARG00000073867,rex1bd,623.0076604,513.3803343,Unaffected
ENSDARG00000073747,si:dkey-1j5.4,196.6753126,217.9057609,Unaffected
ENSDARG00000073737,suds3,280.6216425,430.2179587,Unaffected
ENSDARG00000071790,znf1153,416.635407,434.4427183,Unaffected
ENSDARG00000071570,si:dkeyp-87e7.4,341.8649299,904.3620754,Upregulated
ENSDARG00000071567,si:dkey-34l15.1,245.2329173,125.9723173,Unaffected
ENSDARG00000071468,mrpl54,541.6556945,110.2933594,Mildly Down
ENSDARG00000071425,nat9,177.4491472,41.77839137,Mildly Down
ENSDARG00000071272,ncoa6,205.7865232,216.7230526,Unaffected
ENSDARG00000070922,cnbpb,190.1301249,321.3824485,Unaffected
ENSDARG00000070849,rps15,350.0187404,387.8021037,Unaffected
ENSDARG00000070787,jupa,503.7626791,473.8381434,Unaffected
ENSDARG00000070545,top1l,2742.255636,3872.528451,Unaffected
ENSDARG00000070475,khdrbs1b,2779.148284,2460.480581,Unaffected
ENSDARG00000070426,chac1,318.0901722,1017.383466,Upregulated
ENSDARG00000070412,mtmr7b,102.6052531,74.32998284,Unaffected
ENSDARG00000070318,arl8bb,221.052763,190.829352,Unaffected
ENSDARG00000070297,CR354435.1,3690.564176,9594.569627,Upregulated
ENSDARG00000070289,si:ch211-113a14.22,2506.941013,2165.481531,Unaffected
ENSDARG00000070280,hist1h2a3,2410.886482,3145.408775,Unaffected
ENSDARG00000070278,mettl14,376.1217922,371.0818146,Unaffected
ENSDARG00000070239,knl1,184.3262703,238.467247,Unaffected
ENSDARG00000070187,dyrk1b,225.4352441,411.4771446,Unaffected
ENSDARG00000070109,ncapg,448.2566069,440.2768038,Unaffected
ENSDARG00000070084,phf10,303.6334611,452.3957136,Unaffected
ENSDARG00000070046,eny2,893.1459571,648.8673852,Unaffected
ENSDARG00000069966,alox5b.3,620.3281513,121.9531921,Mildly Down
ENSDARG00000069910,gtf2f2a,795.8262973,721.507727,Unaffected
ENSDARG00000069869,zgc:113030,502.0624446,298.5506129,Unaffected
ENSDARG00000069661,si:dkey-121j17.6,188.4716295,93.96743281,Mildly Down
ENSDARG00000069453,zgc:113314,187.9625219,41.65049066,Mildly Down
ENSDARG00000069289,gabpa,490.5113092,540.569633,Unaffected
ENSDARG00000069192,zgc:163030,445.9859923,116.6692769,Mildly Down
ENSDARG00000069150,rit1,214.6320962,47.56018396,Mildly Down
ENSDARG00000068995,h2afx1,574.1231485,530.0815333,Unaffected
ENSDARG00000068993,zgc:153631,186.5048753,234.1891197,Unaffected
ENSDARG00000068992,hspa8,4224.400965,3183.847376,Unaffected
ENSDARG00000068941,zgc:113983,1949.515694,2327.701104,Unaffected
ENSDARG00000068708,ifrd1,129.729438,244.3466117,Unaffected
ENSDARG00000068640,rsf1b.1,619.2617283,922.4135627,Unaffected
ENSDARG00000068572,slc16a1b,385.1840219,279.7099617,Unaffected
ENSDARG00000068400,znf131,148.6292813,279.9446436,Unaffected
ENSDARG00000068289,eif3k,677.0833253,938.4229932,Unaffected
ENSDARG00000068021,ece2a,94.24618358,10.44758769,Strongly Down
ENSDARG00000067984,gas1b,192.0564198,158.6579235,Unaffected
ENSDARG00000067981,zgc:103697,143.3301049,86.71557905,Unaffected
ENSDARG00000067817,CABZ01083448.1,233.7144015,105.4901532,Mildly Down
ENSDARG00000067639,prpf4,914.8619941,468.0163578,Unaffected
ENSDARG00000063731,rbm45,562.6960985,393.1677026,Unaffected
ENSDARG00000063719,usp8,285.7077649,304.2498111,Unaffected
ENSDARG00000063661,nuak2,262.5830544,236.2161875,Unaffected
ENSDARG00000063219,ubap2l,406.9589854,549.7375709,Unaffected
ENSDARG00000063161,ppwd1,273.7195693,307.3491261,Unaffected
ENSDARG00000063062,ubn2a,195.199878,454.8381015,Upregulated
ENSDARG00000063031,rad54l2,285.9125061,247.5449706,Unaffected
ENSDARG00000062991,abi1b,181.4170246,156.997603,Unaffected
ENSDARG00000062506,zc3h18,701.8802739,454.1009632,Unaffected
ENSDARG00000062248,ptpn21,185.1112989,253.5700839,Unaffected
ENSDARG00000061992,dot1l,195.9846531,314.1607914,Unaffected
ENSDARG00000061923,amotl2a,1120.654471,72.62841093,Strongly Down
ENSDARG00000061810,si:dkey-110c1.10,268.3199976,239.0609465,Unaffected
ENSDARG00000061759,kdm6a,448.1137611,390.9559824,Unaffected
ENSDARG00000061725,mast3a,217.7212941,334.4105552,Unaffected
ENSDARG00000061651,marveld2b,178.0449777,194.1496429,Unaffected
ENSDARG00000061631,fbxo11a,1043.472472,752.1863631,Unaffected
ENSDARG00000061547,zgc:165555,1796.200676,3400.247606,Unaffected
ENSDARG00000061527,nxt2,382.5383485,270.192961,Unaffected
ENSDARG00000061424,znf646,862.5705873,1033.144441,Unaffected
ENSDARG00000061397,trip12,257.3246697,200.5121025,Unaffected
ENSDARG00000061187,cbx5,1562.076565,1212.767916,Unaffected
ENSDARG00000061066,c2cd2l,179.7874229,56.4385492,Mildly Down
ENSDARG00000060994,fbxw7,542.8288247,706.9947494,Unaffected
ENSDARG00000060980,atp8b1,968.5554378,313.946418,Mildly Down
ENSDARG00000060849,dlgap4a,203.8846608,218.4933804,Unaffected
ENSDARG00000060661,klf8,338.2777131,184.4379383,Unaffected
ENSDARG00000060600,capn15,207.1320942,189.6490749,Unaffected
ENSDARG00000060521,rbm27,456.1176723,423.325578,Unaffected
ENSDARG00000060113,znf395a,2051.662731,1314.700496,Unaffected
ENSDARG00000060065,ubap2b,854.0476184,924.8258641,Unaffected
ENSDARG00000059906,sdc4,3301.508331,1621.470218,Mildly Down
ENSDARG00000059866,cactin,823.7110748,539.6408783,Unaffected
ENSDARG00000059816,zgc:136864,441.9970251,391.0253279,Unaffected
ENSDARG00000059794,kdm6al,351.8363721,844.3435187,Upregulated
ENSDARG00000059680,fscn1a,871.3097223,125.2763377,Mildly Down
ENSDARG00000059646,nt5dc2,645.4951848,259.205287,Mildly Down
ENSDARG00000059510,coq2,187.0400504,136.3709756,Unaffected
ENSDARG00000059373,dnajc8,1429.515005,1813.341573,Unaffected
ENSDARG00000059360,srsf3b,1865.115274,1306.18083,Unaffected
ENSDARG00000059246,hnrnpd,729.0425118,615.7978391,Unaffected
ENSDARG00000058996,jam2a,249.1908291,121.1234222,Mildly Down
ENSDARG00000058824,mrpl4,245.4541967,111.5933431,Mildly Down
ENSDARG00000058729,akirin2,746.9651953,442.735786,Unaffected
ENSDARG00000058565,socs6a,216.4652097,172.9696819,Unaffected
ENSDARG00000058562,znf991,370.3953719,148.1511916,Mildly Down
ENSDARG00000058471,plk1,1567.377093,1855.228673,Unaffected
ENSDARG00000058451,rpl6,2416.973507,3182.733103,Unaffected
ENSDARG00000058349,polr2l,211.5825358,434.7465688,Upregulated
ENSDARG00000058105,rpl36a,462.6863674,608.0051909,Unaffected
ENSDARG00000058089,rprd2a,177.6712015,248.7229119,Unaffected
ENSDARG00000057854,sap18,1149.432984,843.7823191,Unaffected
ENSDARG00000057691,srsf1a,2802.852048,2258.368604,Unaffected
ENSDARG00000057648,dnttip2,1034.969994,635.5331368,Unaffected
ENSDARG00000057531,pgap3,447.10112,56.98550623,Mildly Down
ENSDARG00000057184,zgc:55781,684.4942091,119.1744857,Mildly Down
ENSDARG00000057010,si:dkey-154b15.1,341.1554399,547.3534367,Unaffected
ENSDARG00000056954,si:dkeyp-38g8.5,282.3459257,48.34556326,Mildly Down
ENSDARG00000056855,si:rp71-1c23.3,254.5497717,23.97234397,Strongly Down
ENSDARG00000056741,senp3b,423.1819962,228.9448495,Unaffected
ENSDARG00000056678,trim47,221.1494466,357.0317608,Unaffected
ENSDARG00000056649,htatsf1,787.6309131,1151.203917,Unaffected
ENSDARG00000056621,ctcf,3636.420869,2683.20459,Unaffected
ENSDARG00000056186,eif5a2,1122.085992,998.1936884,Unaffected
ENSDARG00000056141,coq10b,674.1858172,627.6197469,Unaffected
ENSDARG00000055996,rps8a,1513.105732,1047.609645,Unaffected
ENSDARG00000055900,zswim5,456.7672493,492.0566095,Unaffected
ENSDARG00000055889,zgc:153215,987.5058965,790.6520764,Unaffected
ENSDARG00000055536,otub1a,626.504132,316.5924491,Unaffected
ENSDARG00000055426,rwdd2b,135.4454113,184.9567081,Unaffected
ENSDARG00000054929,zgc:110540,781.679924,1484.469239,Unaffected
ENSDARG00000054823,id3,52.52130448,119.5336125,Upregulated
ENSDARG00000054804,anp32e,4837.295544,1459.658065,Mildly Down
ENSDARG00000054778,pogza,415.6599128,361.0114559,Unaffected
ENSDARG00000054606,mrpl1,235.690614,166.4720547,Unaffected
ENSDARG00000054570,smg1,265.9087131,204.1047077,Unaffected
ENSDARG00000054540,imp4,744.37403,219.5959151,Mildly Down
ENSDARG00000054307,zgc:77151,177.0277958,84.99285589,Mildly Down
ENSDARG00000054155,pcna,2737.03541,3587.988003,Unaffected
ENSDARG00000054087,irs1,211.4848974,293.5091048,Unaffected
ENSDARG00000054010,scaf1,1077.613108,1256.477475,Unaffected
ENSDARG00000053912,fbl,4054.680061,3825.224859,Unaffected
ENSDARG00000053884,med13a,331.2318286,289.428055,Unaffected
ENSDARG00000053558,rtkn2a,110.7381895,521.441043,Upregulated
ENSDARG00000053291,pnrc2,13105.00871,8215.549353,Unaffected
ENSDARG00000053263,zgc:113372,1304.062784,275.6975424,Mildly Down
ENSDARG00000053058,rps11,1810.351386,1403.429458,Unaffected
ENSDARG00000053021,grsf1,559.2881016,65.02619619,Strongly Down
ENSDARG00000052910,wnt8a,622.3518629,45.08482936,Strongly Down
ENSDARG00000052856,khdrbs1a,27236.03304,9127.600091,Mildly Down
ENSDARG00000052674,csnk1a1,1711.726089,1446.237823,Unaffected
ENSDARG00000052511,lin28b,177.8229211,60.89657046,Mildly Down
ENSDARG00000052402,dnmt3ba,522.8292756,654.8105418,Unaffected
ENSDARG00000052348,smarca5,670.0606036,836.183264,Unaffected
ENSDARG00000052344,tbl3,167.1297833,121.623607,Unaffected
ENSDARG00000052073,blcap,1092.938098,403.6390482,Mildly Down
ENSDARG00000052011,rrad,105.4334372,0,Strongly Down
ENSDARG00000051953,ythdc1,1708.223643,1167.45007,Unaffected
ENSDARG00000051923,ccnb1,1957.372481,1688.391563,Unaffected
ENSDARG00000051854,cdt1,2844.342498,1949.566645,Unaffected
ENSDARG00000051798,brd1b,686.6593566,870.9746316,Unaffected
ENSDARG00000051783,rplp0,1151.528481,476.5039829,Mildly Down
ENSDARG00000051737,zgc:173552,1205.190526,2076.434967,Unaffected
ENSDARG00000051736,hist1h2a4,1647.302989,1856.066245,Unaffected
ENSDARG00000046157,zgc:114188,1564.265094,695.6560454,Mildly Down
ENSDARG00000046140,zgc:112038,196.1008868,16.78899351,Strongly Down
ENSDARG00000046024,pym1,274.6003378,152.1212672,Unaffected
ENSDARG00000045900,agbl5,274.7965694,234.1441985,Unaffected
ENSDARG00000045421,stard3nl,537.5632702,101.2505455,Mildly Down
ENSDARG00000045257,decr2,1357.289836,1411.905596,Unaffected
ENSDARG00000045167,dlgap5,372.7319247,489.6609911,Unaffected
ENSDARG00000045019,aamp,363.1645763,608.7485493,Unaffected
ENSDARG00000044847,zgc:171599,520.0415453,132.6410477,Mildly Down
ENSDARG00000044774,pou5f3,5120.583247,15.56846894,Strongly Down
ENSDARG00000044688,dusp4,726.8965893,403.3056459,Unaffected
ENSDARG00000044511,etv5b,1085.910068,987.5581157,Unaffected
ENSDARG00000044437,cdca5,537.9228831,535.7058425,Unaffected
ENSDARG00000044182,stau1,228.0312161,351.9505133,Unaffected
ENSDARG00000044093,rpl13a,1657.032236,954.3016539,Unaffected
ENSDARG00000043972,ppp2r3c,224.4562048,162.6020631,Unaffected
ENSDARG00000043963,si:ch211-241j12.3,827.5460764,854.8032347,Unaffected
ENSDARG00000043873,arid4a,697.3131226,1116.280145,Unaffected
ENSDARG00000043334,ccdc6a,661.7118315,667.6823748,Unaffected
ENSDARG00000043154,ucp2,2435.791254,453.1195696,Mildly Down
ENSDARG00000043055,hiat1b,334.5256545,365.6727075,Unaffected
ENSDARG00000042799,atpaf1,353.5175821,350.922884,Unaffected
ENSDARG00000042642,wtap,508.0726553,463.5273088,Unaffected
ENSDARG00000042566,rps7,1675.822888,726.2577947,Mildly Down
ENSDARG00000042344,trmt6,948.706257,382.103787,Mildly Down
ENSDARG00000042094,eef2a.1,643.4019994,108.3361929,Mildly Down
ENSDARG00000042056,mau2,738.8925412,716.6762089,Unaffected
ENSDARG00000042000,si:ch211-63o20.7,440.4270501,388.2992858,Unaffected
ENSDARG00000041811,rps25,1196.517199,1143.64397,Unaffected
ENSDARG00000041565,tnfaip1,281.2986222,319.8965071,Unaffected
ENSDARG00000041538,mrps28,249.9639896,294.2559474,Unaffected
ENSDARG00000041435,uba52,1072.804119,155.4335851,Mildly Down
ENSDARG00000041232,rps29,354.8982944,557.0452183,Unaffected
ENSDARG00000040730,wdr75,217.9982051,122.5676601,Unaffected
ENSDARG00000040725,zgc:114130,4715.272025,1668.817221,Mildly Down
ENSDARG00000040666,nifk,538.2282665,457.4273819,Unaffected
ENSDARG00000040538,spsb4b,340.2627168,626.7507788,Unaffected
ENSDARG00000040439,rsl24d1,641.0713875,233.6432969,Mildly Down
ENSDARG00000040266,sox19b,327.6446183,240.8279835,Unaffected
ENSDARG00000040184,syncrip,2268.127435,1927.376455,Unaffected
ENSDARG00000040059,gbp,820.7403898,1219.678993,Unaffected
ENSDARG00000039989,snrnp48,167.4231156,138.7509228,Unaffected
ENSDARG00000039880,arpp19b,343.329733,394.3077854,Unaffected
ENSDARG00000039616,cenpk,496.8015793,456.4538674,Unaffected
ENSDARG00000039063,CR847936.1,608.8132483,354.3902173,Unaffected
ENSDARG00000039020,fbxo5,1542.23252,635.3722482,Mildly Down
ENSDARG00000038847,gins3,435.4425882,151.8815174,Mildly Down
ENSDARG00000038785,abcf2a,3882.906857,1269.481592,Mildly Down
ENSDARG00000038695,elavl1a,2947.773135,2937.606444,Unaffected
ENSDARG00000038639,elovl6l,2306.053654,134.3342368,Strongly Down
ENSDARG00000038577,cox6c,394.5214775,325.099643,Unaffected
ENSDARG00000038398,FQ311927.1,571.2949556,284.8339589,Mildly Down
ENSDARG00000038281,natd1,463.4123293,581.8943087,Unaffected
ENSDARG00000038069,mgat3a,297.6122391,915.5738856,Upregulated
ENSDARG00000038028,ndufa6,284.590954,116.5282016,Mildly Down
ENSDARG00000037997,tubb5,542.7541187,432.1844574,Unaffected
ENSDARG00000037965,srrm2,1170.703635,857.2752102,Unaffected
ENSDARG00000037870,actb2,4052.587278,1919.379042,Mildly Down
ENSDARG00000037746,actb1,2503.342866,3754.71607,Unaffected
ENSDARG00000037739,zgc:112980,1066.504282,819.1610814,Unaffected
ENSDARG00000037618,ddit4,4776.67324,2216.089371,Mildly Down
ENSDARG00000037353,frs2b,471.8215692,464.7227493,Unaffected
ENSDARG00000037350,rpl9,370.8351664,202.45551,Unaffected
ENSDARG00000037291,dpf2l,585.8531005,301.612346,Unaffected
ENSDARG00000037060,kmt2d,486.1941347,433.947649,Unaffected
ENSDARG00000037017,ube4b,278.9005599,229.3614975,Unaffected
ENSDARG00000036956,asxl1,1014.593566,780.4573881,Unaffected
ENSDARG00000036888,zgc:153935,135.5498946,176.5418497,Unaffected
ENSDARG00000036698,znf865,712.3899298,1025.91827,Unaffected
ENSDARG00000036687,bcl9,354.3042177,514.5104321,Unaffected
ENSDARG00000036630,plp2,181.1830015,163.2112472,Unaffected
ENSDARG00000036625,polr2f,1001.714689,745.1582359,Unaffected
ENSDARG00000036462,rab11fip1b,0,469.3286823,Upregulated
ENSDARG00000036394,pop7,968.3001947,225.1608008,Mildly Down
ENSDARG00000036298,rps13,1461.842975,949.4465296,Unaffected
ENSDARG00000036292,cdx4,0,23.53329005,Upregulated
ENSDARG00000036180,ccnb2,1382.169068,2078.095467,Unaffected
ENSDARG00000036161,hnrnpa0l,19709.57529,15693.61787,Unaffected
ENSDARG00000036044,FO704736.1,1389.170093,700.1941233,Unaffected
ENSDARG00000035957,gmnn,2260.190835,2171.793581,Unaffected
ENSDARG00000035954,tdp2b,154.0564108,401.7692669,Upregulated
ENSDARG00000035871,rpl30,991.7348815,792.4602165,Unaffected
ENSDARG00000035719,arl5c,670.4763262,245.2132895,Mildly Down
ENSDARG00000035700,zgc:101664,844.7586211,893.9746111,Unaffected
ENSDARG00000035680,zgc:113424,2445.680611,260.8969821,Strongly Down
ENSDARG00000035605,tchp,205.3592431,179.2469537,Unaffected
ENSDARG00000035573,zgc:86811,922.5614357,407.8165453,Mildly Down
ENSDARG00000035427,surf6,681.2850082,397.7940753,Unaffected
ENSDARG00000035333,mis18a,214.176994,104.5863193,Mildly Down
ENSDARG00000035325,srsf7a,1368.934732,1439.107753,Unaffected
ENSDARG00000035324,hnrnpl,3219.724443,3229.766821,Unaffected
ENSDARG00000035285,ncor1,495.1231143,366.582208,Unaffected
ENSDARG00000035149,pex12,116.4483735,13.70822514,Strongly Down
ENSDARG00000035148,orai2,209.7861217,65.85568753,Mildly Down
ENSDARG00000035095,tdgf1,2172.347661,118.4421285,Strongly Down
ENSDARG00000034855,ccnb3,554.7320537,319.0360364,Unaffected
ENSDARG00000034503,per2,190.7572874,206.3267523,Unaffected
ENSDARG00000034293,hif1ab,194.9123966,214.1529395,Unaffected
ENSDARG00000034291,rpl37,595.310268,409.1129268,Unaffected
ENSDARG00000034013,rgmd,418.890677,234.8168196,Unaffected
ENSDARG00000033647,smarcb1a,236.8727042,305.9327707,Unaffected
ENSDARG00000033539,paics,634.2500754,611.4176163,Unaffected
ENSDARG00000033370,ppil3,209.4924578,242.819081,Unaffected
ENSDARG00000033009,h3f3c,340.9567283,229.8826899,Unaffected
ENSDARG00000032619,tob1a,3686.358743,1666.051609,Mildly Down
ENSDARG00000032353,tiprl,569.424923,473.1693425,Unaffected
ENSDARG00000032175,puf60a,266.9651282,326.67348,Unaffected
ENSDARG00000031929,stard14,2448.862686,169.6349772,Strongly Down
ENSDARG00000031907,ptbp1b,3005.11771,1092.478225,Mildly Down
ENSDARG00000031776,zgc:92066,1249.697845,480.2304363,Mildly Down
ENSDARG00000031511,psmb2,96.27729061,199.6686226,Upregulated
ENSDARG00000031495,seta,3085.397409,3141.538715,Unaffected
ENSDARG00000031494,prrc2a,422.0317961,307.6369489,Unaffected
ENSDARG00000031216,ssu72,238.9408314,313.0763785,Unaffected
ENSDARG00000030981,tmem127,455.8232129,597.2502895,Unaffected
ENSDARG00000030949,srprb,335.504945,201.0675885,Unaffected
ENSDARG00000030871,siah1,370.2160247,477.1036608,Unaffected
ENSDARG00000030805,znhit2,257.2516967,107.6746623,Mildly Down
ENSDARG00000030665,CU929230.1,380.5624273,263.4367056,Unaffected
ENSDARG00000030602,rps19,208.7180106,215.4094949,Unaffected
ENSDARG00000030583,foxk2,362.7463155,592.1379386,Unaffected
ENSDARG00000030408,rps26l,325.7532442,333.4561341,Unaffected
ENSDARG00000029856,cnn3b,254.3197222,435.46689,Unaffected
ENSDARG00000029722,hmgb2a,10692.33719,7735.72863,Unaffected
ENSDARG00000029600,wdr32,697.6215572,663.3055647,Unaffected
ENSDARG00000029406,h2afx,5459.726637,2463.100901,Mildly Down
ENSDARG00000029248,fubp1,2272.378499,2366.613774,Unaffected
ENSDARG00000029045,peli2,338.5886302,519.635809,Unaffected
ENSDARG00000029043,nupl2,249.349036,279.984396,Unaffected
ENSDARG00000028119,sumo3a,1829.258054,2274.863731,Unaffected
ENSDARG00000027986,slc35d1b,0,24.49017097,Upregulated
ENSDARG00000027899,sem1,447.5322719,407.258907,Unaffected
ENSDARG00000027141,ube2l3b,679.4145964,722.2754944,Unaffected
ENSDARG00000027112,ephb4b,375.4208897,934.3937217,Upregulated
ENSDARG00000026842,acin1b,4265.232666,1243.165642,Mildly Down
ENSDARG00000026839,med21,285.9741421,234.1891197,Unaffected
ENSDARG00000026629,gmds,576.414159,449.4487797,Unaffected
ENSDARG00000026183,polr2eb,311.619202,364.8531561,Unaffected
ENSDARG00000026090,adprm,43.89448074,248.0269969,Upregulated
ENSDARG00000026086,zgc:162324,7.088951038,0,Strongly Down
ENSDARG00000025854,ddx51,286.1704335,95.62986471,Mildly Down
ENSDARG00000025718,cxxc1b,395.2213905,179.3742629,Mildly Down
ENSDARG00000025581,rpl10,687.530382,505.5704461,Unaffected
ENSDARG00000025340,tusc2b,372.5201637,229.1086425,Unaffected
ENSDARG00000025073,rpl18a,1062.432326,541.6514628,Unaffected
ENSDARG00000024904,stil,177.6482339,215.1013582,Unaffected
ENSDARG00000024693,lysmd3,493.5869809,453.5003424,Unaffected
ENSDARG00000023989,pef1,247.0010543,119.6302627,Mildly Down
ENSDARG00000023916,phactr1,188.4512122,212.9697741,Unaffected
ENSDARG00000023645,kyat1,213.4000603,155.232391,Unaffected
ENSDARG00000023330,anp32b,5271.205775,3040.393757,Unaffected
ENSDARG00000023298,rps27.1,330.6549586,491.6776671,Unaffected
ENSDARG00000023190,kpna4,2523.319953,1667.357771,Unaffected
ENSDARG00000023036,si:dkey-23a23.2,37.43135564,6.266871908,Mildly Down
ENSDARG00000023003,ccdc12,347.3308373,427.7467329,Unaffected
ENSDARG00000022905,znf1163,266.7264904,456.3954731,Unaffected
ENSDARG00000022768,gid8a,177.9634926,171.4955794,Unaffected
ENSDARG00000022614,ddx43,369.8149225,237.2862197,Unaffected
ENSDARG00000021838,rps23,1178.014356,927.2601503,Unaffected
ENSDARG00000021812,cherp,328.2135456,300.4303827,Unaffected
ENSDARG00000021556,ubl3b,351.4981706,278.6690458,Unaffected
ENSDARG00000021509,tab2,556.8925618,388.486058,Unaffected
ENSDARG00000021343,wsb1,671.6981053,711.6466911,Unaffected
ENSDARG00000021257,eif3d,537.874735,475.2777761,Unaffected
ENSDARG00000021059,alas1,1340.202668,1214.693187,Unaffected
ENSDARG00000020850,eef1a1l1,6851.313693,2175.487071,Mildly Down
ENSDARG00000020711,rrm2,4390.156899,4605.862852,Unaffected
ENSDARG00000020504,h3f3b.1,12838.55913,7814.332229,Unaffected
ENSDARG00000020465,ewsr1b,2575.43048,2574.797519,Unaffected
ENSDARG00000020298,btg2,1658.814543,2797.26614,Unaffected
ENSDARG00000020252,btbd10b,503.9458682,650.3687081,Unaffected
ENSDARG00000020178,nova1,223.9691328,46.87199551,Mildly Down
ENSDARG00000019963,sfxn1,360.813266,267.3817048,Unaffected
ENSDARG00000019810,nfe2l3,617.0409093,1621.777272,Upregulated
ENSDARG00000019747,hsd3b2,396.160514,42.23615314,Strongly Down
ENSDARG00000019507,mcm5,680.3686447,957.4281206,Unaffected
ENSDARG00000019501,pcnxl3,231.6058692,150.8978008,Unaffected
ENSDARG00000019404,atp5f1d,232.3363464,114.1585265,Mildly Down
ENSDARG00000019230,rpl7a,581.5721713,469.4556995,Unaffected
ENSDARG00000019103,kdm4ab,297.605967,219.3431582,Unaffected
ENSDARG00000018973,clptm1,228.1932409,353.9563232,Unaffected
ENSDARG00000018968,acvr1ba,137.0137973,148.1494424,Unaffected
ENSDARG00000018907,kat6a,350.4597896,499.3971831,Unaffected
ENSDARG00000018904,cstf3,1525.590879,1235.589826,Unaffected
ENSDARG00000018898,zfand5a,953.8498157,1228.864183,Unaffected
ENSDARG00000018825,tmem248,0,82.77923215,Upregulated
ENSDARG00000018637,sec61g,1329.4025,345.9393637,Mildly Down
ENSDARG00000018574,sf3b4,463.4599222,429.5375278,Unaffected
ENSDARG00000018492,znf503,180.6772216,154.6851088,Unaffected
ENSDARG00000018425,ddx61,1238.087609,964.944666,Unaffected
ENSDARG00000018319,arglu1b,402.1664079,345.0761339,Unaffected
ENSDARG00000018272,wdr33,264.9229264,373.286349,Unaffected
ENSDARG00000018241,mfap1,1190.922269,1148.133796,Unaffected
ENSDARG00000017744,smc2,816.7103943,533.8742294,Unaffected
ENSDARG00000017741,g3bp1,1462.506243,1031.898465,Unaffected
ENSDARG00000017525,ccnt1,358.1341436,412.588232,Unaffected
ENSDARG00000017219,pabpc1a,3063.363987,2736.86095,Unaffected
ENSDARG00000016999,lin28a,700.3108837,199.6844131,Mildly Down
ENSDARG00000016789,zgc:152891,40.6067493,183.5596624,Upregulated
ENSDARG00000016783,srsf6b,1011.595338,1073.824025,Unaffected
ENSDARG00000016775,aqr,203.5396666,172.7266331,Unaffected
ENSDARG00000016532,suco,293.3898213,403.9327748,Unaffected
ENSDARG00000016516,rbm8a,2970.489887,1851.26874,Unaffected
ENSDARG00000016514,gtf2h2,541.5142813,234.7497572,Mildly Down
ENSDARG00000016345,ncoa5,573.4633366,614.3822119,Unaffected
ENSDARG00000016200,trib3,1060.842012,1167.035285,Unaffected
ENSDARG00000016181,trim33,731.2223692,717.510226,Unaffected
ENSDARG00000015978,COX5B,302.371875,539.5455084,Unaffected
ENSDARG00000015922,stk17al,1070.551906,694.6108288,Unaffected
ENSDARG00000015889,zc3h15,1032.322908,1061.312802,Unaffected
ENSDARG00000015835,eif4e2rs1,808.5722418,793.7354588,Unaffected
ENSDARG00000015681,gsk3ab,408.4561253,532.1687691,Unaffected
ENSDARG00000015551,fth1a,4087.548135,3787.805648,Unaffected
ENSDARG00000015546,alpl,60.46714123,17.52160414,Mildly Down
ENSDARG00000015422,ppil1,118.3849698,125.4257997,Unaffected
ENSDARG00000015293,fam110a,211.1021885,230.1969708,Unaffected
ENSDARG00000015164,mknk2b,1136.65309,1286.815595,Unaffected
ENSDARG00000015126,gorasp2,193.1695138,287.2394121,Unaffected
ENSDARG00000015111,ddx39ab,1985.96941,1846.006435,Unaffected
ENSDARG00000014945,znf598,181.1395677,324.398823,Unaffected
ENSDARG00000014775,zgc:113220,597.9163095,315.872507,Unaffected
ENSDARG00000014690,rps4x,300.4266868,196.3175539,Unaffected
ENSDARG00000014634,mbtps1,249.0416827,255.4354338,Unaffected
ENSDARG00000014571,ctnnb1,1615.561652,1881.133122,Unaffected
ENSDARG00000014569,hnrnpr,452.7461241,343.4693806,Unaffected
ENSDARG00000014498,ythdf2,1998.532666,1187.069154,Unaffected
ENSDARG00000014329,npm1a,7227.452064,6412.888882,Unaffected
ENSDARG00000014208,zgc:77118,91.48375645,118.1160769,Unaffected
ENSDARG00000014047,cldn7b,3807.015352,6368.641117,Unaffected
ENSDARG00000014017,rrm1,978.5560896,664.8395559,Unaffected
ENSDARG00000014008,cwc22,488.9532864,549.5159904,Unaffected
ENSDARG00000013966,psma6b,338.2777131,127.4298483,Mildly Down
ENSDARG00000013946,ivns1abpb,1161.434243,1484.07987,Unaffected
ENSDARG00000013853,lmo4a,25.12168778,1056.744865,Upregulated
ENSDARG00000013802,pcid2,467.1793406,372.2809071,Unaffected
ENSDARG00000013784,zgc:77158,156.7593318,49.20961162,Mildly Down
ENSDARG00000013582,csnk2a2b,261.1458789,363.2276005,Unaffected
ENSDARG00000013382,cwc15,1010.430063,1089.98848,Unaffected
ENSDARG00000012899,ddx49,440.0147354,289.1064683,Unaffected
ENSDARG00000012820,nop56,3085.917015,2731.806194,Unaffected
ENSDARG00000012723,rbm14a,782.3948315,691.5804182,Unaffected
ENSDARG00000012688,eif1b,1281.564576,1982.796225,Unaffected
ENSDARG00000012591,pdcd10b,875.2361215,1771.768924,Upregulated
ENSDARG00000012519,hcfc1b,638.6798695,711.9311311,Unaffected
ENSDARG00000012495,mphosph10,1078.824508,1144.594114,Unaffected
ENSDARG00000012458,zgc:77849,1187.32167,1419.037651,Unaffected
ENSDARG00000012140,ccnl1b,2011.747782,1780.76463,Unaffected
ENSDARG00000012025,hs6st2,714.9805502,342.5063168,Mildly Down
ENSDARG00000011665,aldoaa,886.0127917,937.4198686,Unaffected
ENSDARG00000011613,rbm39a,1006.87704,809.712132,Unaffected
ENSDARG00000011609,si:ch211-262e15.1,302.0890756,237.5385141,Unaffected
ENSDARG00000011405,rps9,532.3832249,392.5489453,Unaffected
ENSDARG00000011299,blzf1,433.6544698,462.2157728,Unaffected
ENSDARG00000011246,krr1,775.3421302,730.1820825,Unaffected
ENSDARG00000011146,uqcrb,532.3474416,445.6361746,Unaffected
ENSDARG00000010792,cdc25b,1427.026282,1552.290031,Unaffected
ENSDARG00000010658,insig1,153.2726957,210.4015932,Unaffected
ENSDARG00000010246,prmt1,2292.136261,1562.737666,Unaffected
ENSDARG00000010238,rbm22,677.0969595,298.2599637,Mildly Down
ENSDARG00000010160,rps15a,708.1323003,278.4802483,Mildly Down
ENSDARG00000009950,edf1,963.3278392,1018.306484,Unaffected
ENSDARG00000009942,cdc6,1788.778713,1166.9981,Unaffected
ENSDARG00000009779,mcl1a,159.7755984,506.1244063,Upregulated
ENSDARG00000009653,lhfpl2a,325.7532442,144.4976537,Mildly Down
ENSDARG00000009505,prelid3b,613.3481839,412.588232,Unaffected
ENSDARG00000009136,tp53bp2a,342.5678443,366.1579834,Unaffected
ENSDARG00000008803,marcksb,1737.474269,1521.242318,Unaffected
ENSDARG00000008333,znfl2a,515.6457409,535.8474941,Unaffected
ENSDARG00000008255,cnot6a,1638.601766,1835.596624,Unaffected
ENSDARG00000008049,si:dkey-42i9.4,1644.362098,1069.526819,Unaffected
ENSDARG00000007863,tra2a,1288.057446,1342.592917,Unaffected
ENSDARG00000007836,ctsla,7904.338658,2859.142221,Mildly Down
ENSDARG00000007823,atf3,238.6792861,799.2083043,Upregulated
ENSDARG00000007812,sp3b,292.9307221,255.2816497,Unaffected
ENSDARG00000007671,ghrb,10.13761554,12.11149559,Unaffected
ENSDARG00000007449,slc25a39,464.9226195,164.7330304,Mildly Down
ENSDARG00000007413,arid2,259.1808085,369.1037536,Unaffected
ENSDARG00000007320,rpl7,413.6495039,296.8048439,Unaffected
ENSDARG00000006567,dus4l,249.3732133,48.5893224,Mildly Down
ENSDARG00000006527,brd3a,2169.172637,2059.641894,Unaffected
ENSDARG00000006413,rpl38,946.0606421,800.0430569,Unaffected
ENSDARG00000006345,med17,123.7850906,233.1503776,Unaffected
ENSDARG00000006316,rpl23a,982.7328534,661.0666195,Unaffected
ENSDARG00000006283,waslb,291.8474388,192.3940847,Unaffected
ENSDARG00000006260,tuba8l4,1589.722158,1646.559172,Unaffected
ENSDARG00000006253,mier3a,454.1097737,597.8936009,Unaffected
ENSDARG00000006200,eif4g1a,516.6660916,317.8878731,Unaffected
ENSDARG00000006062,akap1b,377.7295174,324.9174085,Unaffected
ENSDARG00000006003,mycla,2471.146703,1400.761177,Unaffected
ENSDARG00000005867,gon4l,299.8985143,427.9255007,Unaffected
ENSDARG00000005619,nek2,402.6283085,520.5651646,Unaffected
ENSDARG00000005513,naca,563.663581,457.7153494,Unaffected
ENSDARG00000005058,ncapd2,3205.750347,888.5555391,Mildly Down
ENSDARG00000005010,si:dkeyp-2e4.8,202.6316995,23.853669,Strongly Down
ENSDARG00000004937,skp2,776.7404462,830.1280255,Unaffected
ENSDARG00000004735,hnrnpub,6834.206306,7003.913541,Unaffected
ENSDARG00000004706,syf2,367.5787306,620.0567785,Unaffected
ENSDARG00000004174,cnot1,340.4618003,473.0996185,Unaffected
ENSDARG00000004094,acsbg2,225.6140949,20.4301087,Strongly Down
ENSDARG00000003941,rrs1,437.3856153,380.2245708,Unaffected
ENSDARG00000003920,setb,2077.714751,2060.298969,Unaffected
ENSDARG00000003910,med13b,476.8705656,464.7471962,Unaffected
ENSDARG00000003860,cbx3a,1615.721183,1235.232315,Unaffected
ENSDARG00000003681,eif5,591.5776912,709.3318552,Unaffected
ENSDARG00000003641,tfg,1047.013795,578.0364354,Unaffected
ENSDARG00000003599,rpl3,1922.435431,1084.00737,Unaffected
ENSDARG00000003486,ppp1caa,1281.814953,1539.69554,Unaffected
ENSDARG00000003091,oclnb,218.4503734,177.4896694,Unaffected
ENSDARG00000002909,tjp3,494.310619,1019.50842,Upregulated
ENSDARG00000002877,reps1,182.7303718,236.9200294,Unaffected
ENSDARG00000002787,tle3a,273.1069948,407.8122819,Unaffected
ENSDARG00000002710,ncl,6755.604223,5648.927915,Unaffected
ENSDARG00000002487,noc3l,347.6868367,102.7249277,Mildly Down
ENSDARG00000002344,tubb4b,2093.473982,1535.171645,Unaffected
ENSDARG00000002271,zfand5b,4013.289929,4647.151886,Unaffected
ENSDARG00000002267,dcaf13,537.2785602,254.9235392,Mildly Down
ENSDARG00000002031,tox4a,530.7327997,306.9070788,Unaffected
ENSDARG00000001857,aff4,429.2556502,578.9953627,Unaffected
ENSDARG00000001169,hsd17b8,498.586815,894.3742251,Unaffected
ENSDARG00000000830,telo2,219.693275,103.4485853,Mildly Down